loan_id,customer_id,origination_date,original_amount,outstanding_balance,days_past_due,risk_band
LOAN0000001,CUST010298,2024-08-06 01:11:09,7502.05,3539.86,15,Medium
LOAN0000002,CUST001082,2023-09-11 13:04:37,11733.37,9680.47,0,Low
LOAN0000003,CUST005592,2024-04-04 15:02:03,11804.88,8765.57,0,Medium
LOAN0000004,CUST010483,2024-06-06 17:14:24,55397.22,30608.03,0,Low
LOAN0000005,CUST004203,2023-10-02 06:33:34,7616.97,1636.41,0,Low
LOAN0000006,CUST010618,2023-12-08 20:37:56,5252.1,2543.33,0,High
LOAN0000007,CUST007155,2023-04-09 01:51:24,5722.97,1240.45,0,Medium
LOAN0000008,CUST004365,2025-12-08 01:38:13,3000.0,2376.81,5,High
LOAN0000009,CUST008004,2023-02-12 15:14:41,4840.62,1141.04,0,Medium
LOAN0000010,CUST000767,2025-11-17 02:36:03,3000.0,2814.23,0,Low
LOAN0000011,CUST000209,2023-05-19 15:14:36,9888.06,3591.85,45,Medium
LOAN0000012,CUST006126,2024-04-04 19:26:11,6268.83,390.39,0,High
LOAN0000013,CUST005812,2026-01-30 22:43:05,12505.32,7703.83,0,High
LOAN0000014,CUST001250,2023-10-10 11:26:48,20708.35,7711.47,0,Medium
LOAN0000015,CUST003627,2024-06-06 15:29:27,11872.68,8125.47,5,Low
LOAN0000016,CUST011306,2024-07-26 21:07:59,4491.37,3920.78,5,Low
LOAN0000017,CUST002830,2026-03-23 07:47:42,5986.51,342.71,0,Very High
LOAN0000018,CUST011063,2024-07-16 11:57:27,15808.88,1574.67,0,Low
LOAN0000019,CUST003599,2023-06-08 05:24:40,5960.86,2987.3,0,Low
LOAN0000020,CUST003395,2025-05-11 11:14:38,8064.47,3976.44,0,High
LOAN0000021,CUST000293,2024-07-21 16:16:12,9670.17,9279.51,0,Medium
LOAN0000022,CUST005314,2024-01-04 09:44:55,9879.38,7370.3,30,High
LOAN0000023,CUST009017,2025-02-19 04:11:20,14606.93,2202.28,5,Low
LOAN0000024,CUST005522,2023-12-27 05:39:35,10383.38,8321.59,0,Low
LOAN0000025,CUST005433,2024-05-30 03:54:43,3000.0,1175.53,15,Medium
LOAN0000026,CUST005487,2025-08-24 18:14:59,3846.86,358.91,0,Medium
LOAN0000027,CUST003007,2025-10-12 09:46:45,10315.02,6370.18,15,Low
LOAN0000028,CUST000678,2026-02-22 11:44:39,12638.39,5706.26,0,Low
LOAN0000029,CUST004447,2025-01-15 21:54:31,9035.72,2504.56,0,Low
LOAN0000030,CUST004516,2026-07-26 05:10:22,8388.57,4604.65,15,Medium
LOAN0000031,CUST011330,2023-03-02 05:53:49,8545.46,1206.73,0,Medium
LOAN0000032,CUST000106,2025-09-16 10:36:37,7510.42,824.37,15,Low
LOAN0000033,CUST001656,2023-08-12 23:11:37,7029.43,1638.07,0,Medium
LOAN0000034,CUST007826,2025-02-18 10:44:30,13317.97,3235.68,0,Medium
LOAN0000035,CUST000438,2025-04-02 14:21:01,3049.16,2591.25,0,Medium
LOAN0000036,CUST003509,2026-01-10 22:07:17,17760.55,14608.15,0,Low
LOAN0000037,CUST001692,2023-06-21 07:26:31,9410.75,7298.74,0,High
LOAN0000038,CUST006595,2025-05-11 03:17:06,7437.78,3738.15,120,Low
LOAN0000039,CUST006887,2025-01-26 23:54:44,11008.5,6528.58,0,High
LOAN0000040,CUST007247,2023-02-25 09:43:39,10036.21,2290.85,5,Low
LOAN0000041,CUST009563,2026-06-12 15:55:07,20959.18,12108.76,0,Medium
LOAN0000042,CUST002749,2024-04-06 15:09:36,3169.01,2494.82,0,Medium
LOAN0000043,CUST000354,2026-05-26 18:53:49,3666.78,3104.09,0,High
LOAN0000044,CUST002955,2023-09-28 16:12:02,11724.15,3865.4,0,Medium
LOAN0000045,CUST010701,2024-02-08 07:15:53,6406.43,2401.87,0,Low
LOAN0000046,CUST005404,2024-11-22 17:02:27,9581.66,2977.0,60,High
LOAN0000047,CUST007109,2026-01-13 18:50:07,8120.89,6351.46,0,Medium
LOAN0000048,CUST010299,2025-07-14 11:02:43,17224.6,2428.24,0,Very High
LOAN0000049,CUST009442,2026-06-26 11:25:40,4453.0,2751.73,0,Low
LOAN0000050,CUST003985,2023-07-23 13:38:49,10032.83,4622.41,5,Low
LOAN0000051,CUST004794,2026-02-10 03:01:36,9886.34,1243.42,0,Medium
LOAN0000052,CUST008308,2026-01-21 02:14:43,3859.35,1857.15,0,Low
LOAN0000053,CUST002275,2025-08-16 16:36:31,7789.15,4775.15,30,Medium
LOAN0000054,CUST010311,2024-02-09 20:15:54,6072.15,5322.07,0,Low
LOAN0000055,CUST003127,2024-06-01 04:42:07,7701.54,3543.15,0,Low
LOAN0000056,CUST009271,2024-02-11 06:02:59,6979.11,1630.1,0,Low
LOAN0000057,CUST009209,2026-04-21 15:27:03,43581.05,13636.08,0,High
LOAN0000058,CUST005889,2025-06-12 03:29:22,6199.5,2062.41,0,High
LOAN0000059,CUST004177,2025-11-08 00:40:41,6496.58,4652.51,0,High
LOAN0000060,CUST010860,2025-07-30 21:16:22,15599.53,13411.07,0,Low
LOAN0000061,CUST001271,2023-11-15 22:54:05,3682.19,2932.73,0,Low
LOAN0000062,CUST004436,2025-12-22 02:01:22,6533.74,859.76,0,Medium
LOAN0000063,CUST006101,2024-12-20 12:47:31,4818.17,4521.63,30,Low
LOAN0000064,CUST007818,2026-01-10 19:05:38,7441.58,6099.45,0,Medium
LOAN0000065,CUST001097,2026-04-21 14:36:35,22259.46,14199.3,0,Low
LOAN0000066,CUST007593,2023-04-29 03:31:05,12773.6,7385.91,0,Low
LOAN0000067,CUST003518,2024-10-28 16:48:51,9117.99,5058.54,30,High
LOAN0000068,CUST010678,2025-04-17 20:15:32,3000.0,1116.46,0,Low
LOAN0000069,CUST009431,2023-03-29 14:14:03,10876.57,7300.28,15,Low
LOAN0000070,CUST001336,2024-11-12 13:29:15,7238.39,4776.46,0,High
LOAN0000071,CUST010890,2025-07-26 14:01:50,3202.11,1536.11,0,Very High
LOAN0000072,CUST005579,2025-11-06 21:49:56,8185.36,6899.21,0,High
LOAN0000073,CUST000224,2024-09-30 11:49:01,15223.86,9237.72,0,High
LOAN0000074,CUST006724,2024-01-03 08:03:14,7120.34,4190.54,5,Low
LOAN0000075,CUST011164,2023-08-29 14:24:26,11611.67,1452.44,0,Low
LOAN0000076,CUST011571,2024-07-26 19:57:13,5433.55,1443.12,0,Medium
LOAN0000077,CUST000356,2024-10-31 19:59:45,14225.76,3774.13,0,Medium
LOAN0000078,CUST002829,2024-04-07 04:34:43,16788.85,4842.3,0,Medium
LOAN0000079,CUST002216,2026-07-06 19:58:10,5267.91,788.83,0,Low
LOAN0000080,CUST010314,2023-12-18 04:28:45,24821.94,12832.65,0,Low
LOAN0000081,CUST007027,2024-10-12 11:44:58,5612.23,2667.19,120,Low
LOAN0000082,CUST008001,2023-10-08 13:35:34,4617.81,3674.64,0,Very High
LOAN0000083,CUST007157,2024-01-19 16:59:38,7345.92,5116.84,15,Medium
LOAN0000084,CUST007269,2024-08-21 13:44:44,16805.44,7925.89,60,Medium
LOAN0000085,CUST006296,2025-09-16 00:43:08,5306.61,3441.06,0,Very High
LOAN0000086,CUST010404,2023-02-09 07:20:39,3746.16,1840.58,0,Low
LOAN0000087,CUST006846,2024-08-10 00:38:47,6319.43,5232.86,0,Medium
LOAN0000088,CUST010892,2025-12-08 17:23:55,24006.75,7723.09,0,Low
LOAN0000089,CUST008937,2024-01-10 09:01:41,13264.69,9876.57,0,Low
LOAN0000090,CUST003827,2023-01-14 21:30:40,7365.2,2349.08,0,Medium
LOAN0000091,CUST008390,2024-03-01 22:19:01,3000.0,1809.44,0,Low
LOAN0000092,CUST011844,2023-04-09 06:49:14,10002.52,526.27,30,Low
LOAN0000093,CUST000055,2023-11-20 11:13:28,26420.07,14133.86,0,High
LOAN0000094,CUST004267,2023-08-25 07:25:50,11963.59,4903.42,0,Low
LOAN0000095,CUST000460,2026-06-12 19:01:46,15742.93,1861.15,0,Low
LOAN0000096,CUST003668,2024-10-17 14:22:54,29033.67,23082.13,0,Low
LOAN0000097,CUST007893,2025-02-16 23:52:19,7158.82,5984.68,0,Low
LOAN0000098,CUST005492,2025-07-03 09:24:27,12788.42,11392.62,120,High
LOAN0000099,CUST011058,2023-06-30 08:37:33,10565.97,614.91,0,Low
LOAN0000100,CUST003988,2026-04-08 05:21:02,14285.03,997.3,0,Medium
LOAN0000101,CUST007783,2025-05-24 05:33:53,8718.5,8021.96,90,Medium
LOAN0000102,CUST009911,2024-01-11 08:02:28,5685.76,5226.93,0,Low
LOAN0000103,CUST003930,2023-05-30 23:32:55,10215.52,2488.09,0,Low
LOAN0000104,CUST005081,2024-05-21 12:47:08,6699.93,5032.05,0,Low
LOAN0000105,CUST010279,2023-06-28 03:25:34,7938.96,5436.09,0,Low
LOAN0000106,CUST005133,2023-04-12 18:23:16,14861.02,6416.71,0,Low
LOAN0000107,CUST003694,2024-09-08 02:29:10,11483.85,6959.56,5,Very High
LOAN0000108,CUST002974,2026-01-09 08:27:12,8327.0,1922.13,0,Medium
LOAN0000109,CUST009681,2025-03-17 00:27:32,4848.97,3791.6,0,Medium
LOAN0000110,CUST007136,2023-01-20 18:21:50,5217.71,4848.38,15,Low
LOAN0000111,CUST001911,2026-07-28 10:24:47,3000.0,1597.99,0,Medium
LOAN0000112,CUST009715,2024-12-30 15:30:12,8006.8,1368.71,0,Medium
LOAN0000113,CUST002509,2025-01-01 23:10:59,10893.95,2086.55,0,High
LOAN0000114,CUST002173,2024-05-24 17:31:27,12351.75,895.67,0,High
LOAN0000115,CUST000749,2026-03-01 00:49:26,4919.47,650.73,5,Medium
LOAN0000116,CUST001876,2023-01-02 05:54:10,6476.24,3205.67,0,Very High
LOAN0000117,CUST007100,2024-12-15 20:48:35,15910.09,7763.54,0,Medium
LOAN0000118,CUST003809,2026-06-02 18:00:51,12400.27,4360.97,0,High
LOAN0000119,CUST001631,2026-03-16 06:04:27,9142.32,1486.35,0,High
LOAN0000120,CUST002026,2023-01-09 18:46:43,8510.98,2352.8,0,Low
LOAN0000121,CUST005826,2026-05-25 15:46:40,9558.32,8457.96,0,High
LOAN0000122,CUST000936,2026-04-09 04:47:01,18277.39,6408.81,0,Low
LOAN0000123,CUST000028,2024-06-11 17:18:25,24459.93,5747.45,0,High
LOAN0000124,CUST003711,2026-01-18 23:11:37,9617.54,2186.15,0,Low
LOAN0000125,CUST004102,2024-12-28 21:03:05,3000.0,1611.35,0,Low
LOAN0000126,CUST007299,2024-02-10 09:38:35,15775.75,3580.69,0,Medium
LOAN0000127,CUST004666,2023-07-09 05:17:32,4882.24,3074.12,0,Very High
LOAN0000128,CUST000158,2025-06-29 04:21:40,28509.58,18025.71,0,Medium
LOAN0000129,CUST009597,2024-02-12 21:06:45,6076.22,1458.33,0,Medium
LOAN0000130,CUST006941,2023-08-30 06:07:33,22651.14,7966.49,15,Low
LOAN0000131,CUST004694,2023-07-23 08:32:45,5175.02,1095.94,0,High
LOAN0000132,CUST003476,2025-03-05 05:29:23,4121.82,1804.41,0,Medium
LOAN0000133,CUST004124,2023-01-19 20:52:30,7424.54,2103.77,0,Medium
LOAN0000134,CUST009637,2026-05-18 14:42:51,3182.44,2511.96,90,Medium
LOAN0000135,CUST000003,2025-06-15 20:36:11,22924.63,19628.82,0,Medium
LOAN0000136,CUST006858,2025-06-18 10:51:14,4727.31,3982.73,0,Medium
LOAN0000137,CUST011571,2023-10-04 00:03:52,3663.64,758.98,0,Medium
LOAN0000138,CUST004539,2023-08-17 09:26:32,18433.3,7305.39,0,Medium
LOAN0000139,CUST000848,2024-02-27 14:55:32,4437.54,851.54,0,Low
LOAN0000140,CUST011461,2024-02-21 13:02:02,11351.89,10884.27,0,Low
LOAN0000141,CUST002427,2024-09-15 05:04:08,4049.95,1441.54,0,Medium
LOAN0000142,CUST003534,2026-03-31 20:31:37,8122.17,1238.99,5,Medium
LOAN0000143,CUST004644,2025-03-22 07:17:30,5355.46,2652.97,0,Low
LOAN0000144,CUST009471,2025-05-15 12:04:09,11399.86,5218.32,120,Medium
LOAN0000145,CUST010082,2025-04-16 08:10:34,6066.29,3712.7,0,Medium
LOAN0000146,CUST010629,2023-10-21 19:20:03,5036.71,3326.57,15,Low
LOAN0000147,CUST003597,2024-08-30 11:15:25,9486.49,5831.62,0,High
LOAN0000148,CUST008293,2024-08-31 03:45:23,6601.91,3288.83,0,Low
LOAN0000149,CUST005324,2023-11-09 11:49:50,26734.13,5314.09,0,Low
LOAN0000150,CUST001631,2024-04-30 18:55:34,13668.01,2740.98,0,Medium
LOAN0000151,CUST006611,2024-06-01 15:03:07,4836.04,3493.95,0,Medium
LOAN0000152,CUST004482,2024-04-15 07:42:15,15178.73,13807.81,0,High
LOAN0000153,CUST000709,2025-09-15 16:11:42,4878.87,4399.94,5,Low
LOAN0000154,CUST005702,2026-05-08 05:36:43,13750.97,5360.39,0,Low
LOAN0000155,CUST008408,2025-02-05 14:29:28,5659.24,2390.45,0,High
LOAN0000156,CUST006351,2023-09-02 00:30:38,8624.88,6469.7,0,Low
LOAN0000157,CUST002162,2023-11-25 08:46:18,3836.34,1799.54,15,Low
LOAN0000158,CUST000516,2024-01-29 12:41:43,7383.32,5805.1,60,High
LOAN0000159,CUST001705,2026-05-23 16:32:49,14220.23,4867.39,0,Low
LOAN0000160,CUST007531,2024-05-30 01:31:00,22004.59,5440.23,0,Low
LOAN0000161,CUST001603,2024-01-20 23:53:01,6582.0,5311.47,30,Low
LOAN0000162,CUST006241,2025-09-29 02:07:58,11031.8,10449.85,0,Low
LOAN0000163,CUST010314,2023-11-04 22:45:37,4921.28,3461.87,0,High
LOAN0000164,CUST008167,2024-08-11 14:11:13,6233.94,4893.46,120,Low
LOAN0000165,CUST000387,2025-07-02 01:44:22,14312.69,6951.66,0,Low
LOAN0000166,CUST009906,2025-03-01 01:41:17,6943.4,3174.91,15,Low
LOAN0000167,CUST000594,2023-07-06 02:00:02,9398.53,7525.55,5,High
LOAN0000168,CUST002973,2025-06-15 10:00:58,10058.75,5759.14,0,Medium
LOAN0000169,CUST003158,2023-01-11 04:21:13,7373.54,2049.98,0,Medium
LOAN0000170,CUST001633,2023-12-28 12:42:35,3849.15,1168.24,0,Medium
LOAN0000171,CUST007400,2026-06-11 04:04:35,3000.0,2113.28,0,Low
LOAN0000172,CUST011222,2023-05-24 01:08:29,11401.95,6029.94,0,Low
LOAN0000173,CUST001940,2023-03-22 00:54:58,7688.3,1539.19,60,Low
LOAN0000174,CUST001814,2024-05-27 04:08:22,6972.3,1154.96,0,High
LOAN0000175,CUST000931,2023-11-26 17:19:44,3461.56,2667.39,0,Medium
LOAN0000176,CUST010594,2024-04-05 14:02:49,3000.0,321.34,0,Low
LOAN0000177,CUST004771,2024-11-21 14:12:24,11863.28,2197.71,0,Low
LOAN0000178,CUST008454,2023-04-29 07:21:24,8035.46,5158.63,15,Low
LOAN0000179,CUST010792,2026-03-21 10:43:31,15955.98,14862.54,0,Low
LOAN0000180,CUST011790,2023-12-29 14:16:23,16069.25,7952.04,0,Low
LOAN0000181,CUST005049,2023-06-12 07:41:22,13825.5,2417.19,0,Low
LOAN0000182,CUST003257,2026-05-14 13:17:38,3000.0,1359.77,60,High
LOAN0000183,CUST011176,2023-10-25 03:44:18,24463.41,2130.18,0,Low
LOAN0000184,CUST005029,2025-07-26 12:31:53,26296.11,9511.95,0,Medium
LOAN0000185,CUST004973,2024-06-17 19:44:32,6816.74,1421.17,0,Medium
LOAN0000186,CUST008876,2024-07-25 21:11:58,3281.76,2638.67,45,Low
LOAN0000187,CUST002756,2026-04-09 19:30:26,4973.01,474.23,0,Medium
LOAN0000188,CUST011843,2023-06-26 15:42:49,3000.0,1138.24,0,High
LOAN0000189,CUST005204,2023-07-12 12:23:18,11949.17,1566.92,0,Medium
LOAN0000190,CUST009985,2024-11-01 01:35:52,4180.83,3119.84,0,High
LOAN0000191,CUST009026,2026-05-21 01:16:54,3000.0,261.71,15,Medium
LOAN0000192,CUST004635,2023-10-30 11:44:19,3111.15,2249.67,120,Medium
LOAN0000193,CUST003621,2023-06-26 19:13:54,5840.49,2405.09,0,Medium
LOAN0000194,CUST007745,2025-01-28 22:47:46,21992.12,10592.4,0,Medium
LOAN0000195,CUST002143,2024-12-10 22:03:26,3875.17,1843.8,5,Medium
LOAN0000196,CUST010269,2024-03-30 00:57:45,8655.54,6449.25,0,High
LOAN0000197,CUST003378,2023-04-12 09:09:12,13003.92,10761.71,0,Medium
LOAN0000198,CUST008993,2025-04-17 17:51:03,9391.03,2367.74,0,Very High
LOAN0000199,CUST006017,2025-01-24 19:56:25,4325.73,2047.61,0,Low
LOAN0000200,CUST009971,2024-01-27 20:56:29,3772.96,823.14,0,Medium
LOAN0000201,CUST005405,2024-06-08 19:13:17,9654.67,9387.38,0,Low
LOAN0000202,CUST003154,2024-10-20 16:46:49,6849.61,1920.86,0,High
LOAN0000203,CUST003218,2023-02-22 01:21:38,3000.0,2263.06,0,Low
LOAN0000204,CUST002771,2025-09-20 10:26:36,5195.11,758.16,0,Low
LOAN0000205,CUST005151,2025-08-28 10:14:46,6439.32,5477.87,0,Medium
LOAN0000206,CUST006852,2025-10-31 22:28:09,9191.65,4157.13,0,High
LOAN0000207,CUST010478,2026-04-02 07:01:39,13574.49,7783.08,0,Low
LOAN0000208,CUST011003,2023-05-14 02:24:54,3000.0,2855.86,120,Medium
LOAN0000209,CUST007095,2024-02-19 03:56:29,16315.12,3865.57,0,Low
LOAN0000210,CUST006870,2023-12-25 22:04:35,8534.94,7374.6,0,Medium
LOAN0000211,CUST006815,2025-03-11 02:00:49,9511.38,720.11,30,Low
LOAN0000212,CUST000559,2024-08-10 10:36:47,5124.27,4580.17,0,Low
LOAN0000213,CUST009634,2025-07-22 13:14:58,5113.94,1850.65,30,Low
LOAN0000214,CUST000896,2024-01-27 20:08:49,3558.54,187.43,0,Low
LOAN0000215,CUST005903,2024-08-18 00:49:56,13439.71,11285.4,0,Medium
LOAN0000216,CUST003602,2025-09-29 23:59:01,5962.98,5092.98,90,High
LOAN0000217,CUST004768,2025-02-27 04:25:18,5207.17,4308.41,0,Medium
LOAN0000218,CUST008702,2023-08-09 20:27:49,3000.0,2286.63,15,Medium
LOAN0000219,CUST007910,2026-02-22 09:18:26,6575.29,5328.46,0,High
LOAN0000220,CUST006485,2024-05-22 04:51:42,27223.59,9799.79,0,Medium
LOAN0000221,CUST005032,2026-06-10 07:47:49,30586.98,25063.58,0,Medium
LOAN0000222,CUST004082,2025-03-03 11:25:57,5723.93,5298.35,5,Low
LOAN0000223,CUST003745,2024-10-28 08:03:39,11196.32,727.51,0,High
LOAN0000224,CUST008872,2024-12-21 10:18:12,12275.09,3571.79,0,Low
LOAN0000225,CUST011592,2023-09-16 03:48:28,3628.95,1977.81,0,Medium
LOAN0000226,CUST008995,2023-02-10 19:44:30,27581.31,24376.35,0,High
LOAN0000227,CUST005727,2025-11-21 08:53:37,3473.41,1936.62,0,Low
LOAN0000228,CUST006973,2024-09-23 09:26:26,8167.47,4771.58,120,Medium
LOAN0000229,CUST009066,2023-12-19 10:11:38,14923.31,8994.39,0,Medium
LOAN0000230,CUST001731,2024-02-17 10:39:19,8532.12,6903.29,0,Low
LOAN0000231,CUST008902,2026-06-07 19:37:08,3000.0,650.48,0,Low
LOAN0000232,CUST011725,2024-07-25 01:49:32,14631.67,12176.26,0,Low
LOAN0000233,CUST011524,2025-04-26 15:22:49,5459.18,3359.77,15,High
LOAN0000234,CUST004145,2026-07-10 20:27:54,7587.64,5897.84,0,Medium
LOAN0000235,CUST008700,2023-02-24 21:40:10,3038.33,2028.83,0,Low
LOAN0000236,CUST000694,2023-09-15 00:59:14,10166.78,7273.19,0,Medium
LOAN0000237,CUST008713,2025-04-20 19:34:16,9806.14,852.31,0,Medium
LOAN0000238,CUST005615,2024-11-17 00:56:24,21760.56,15245.77,0,Medium
LOAN0000239,CUST004268,2023-05-03 16:16:44,4117.95,3228.64,5,Low
LOAN0000240,CUST001873,2024-01-06 06:02:58,10564.92,6813.33,0,Medium
LOAN0000241,CUST008402,2023-05-07 10:26:34,3806.69,204.85,30,High
LOAN0000242,CUST009785,2026-03-27 12:02:09,5951.59,2731.86,0,Low
LOAN0000243,CUST007905,2023-11-25 20:35:17,11287.72,2283.04,0,Very High
LOAN0000244,CUST001922,2023-05-20 03:05:07,21531.03,18332.04,0,Very High
LOAN0000245,CUST004311,2023-11-10 05:23:01,13168.62,6619.93,0,High
LOAN0000246,CUST002932,2026-06-04 18:23:35,5926.05,4766.13,0,High
LOAN0000247,CUST011710,2026-03-19 04:18:01,4059.82,2169.09,0,Medium
LOAN0000248,CUST001292,2024-11-24 19:41:58,5243.25,2428.69,120,Low
LOAN0000249,CUST011950,2026-07-04 14:05:00,5995.31,2396.88,0,High
LOAN0000250,CUST006306,2023-10-01 01:17:39,8613.67,7664.06,60,Low
LOAN0000251,CUST003666,2023-11-12 17:14:27,12144.94,8487.22,0,Medium
LOAN0000252,CUST011660,2024-10-03 02:30:29,6387.19,4992.69,0,Medium
LOAN0000253,CUST009994,2023-04-26 00:59:50,3000.0,2365.73,0,Medium
LOAN0000254,CUST004160,2025-05-18 00:33:30,11879.49,4729.29,0,Medium
LOAN0000255,CUST000959,2025-03-09 17:34:32,5374.48,4790.02,0,High
LOAN0000256,CUST002051,2023-05-15 04:46:28,8158.04,4704.2,0,Low
LOAN0000257,CUST010441,2024-03-16 12:50:39,3000.0,1169.24,0,Medium
LOAN0000258,CUST007787,2025-12-06 03:01:48,6139.08,2754.48,0,High
LOAN0000259,CUST002699,2023-09-30 02:21:04,4732.44,4526.95,0,High
LOAN0000260,CUST006823,2023-07-28 12:12:41,7639.76,6313.87,0,High
LOAN0000261,CUST005132,2025-06-06 23:49:00,13420.31,5187.92,0,Medium
LOAN0000262,CUST002636,2026-02-02 18:25:29,4467.28,666.4,0,Medium
LOAN0000263,CUST001447,2023-09-09 21:43:58,6570.48,1353.19,0,Medium
LOAN0000264,CUST006606,2025-04-01 10:50:48,8985.38,1221.87,0,Low
LOAN0000265,CUST005961,2023-08-10 22:31:07,7552.06,2595.85,0,Low
LOAN0000266,CUST011413,2023-05-31 04:31:30,11444.2,6562.83,0,Low
LOAN0000267,CUST005094,2025-12-14 15:21:59,35123.75,5301.16,60,Medium
LOAN0000268,CUST004937,2023-08-06 00:45:10,4740.65,4301.1,0,Low
LOAN0000269,CUST006568,2025-07-02 16:09:09,6269.86,5608.86,0,Medium
LOAN0000270,CUST002406,2025-05-18 04:55:56,4162.71,3717.45,0,High
LOAN0000271,CUST009812,2026-03-13 03:43:02,5461.59,3164.63,90,Low
LOAN0000272,CUST002157,2024-02-16 12:41:01,7032.27,2292.11,30,Very High
LOAN0000273,CUST002693,2025-07-01 00:29:40,9842.27,6742.11,0,Low
LOAN0000274,CUST006764,2024-12-01 17:00:42,8289.71,2567.24,0,High
LOAN0000275,CUST005617,2023-03-29 14:02:21,14880.73,3624.04,0,Medium
LOAN0000276,CUST001811,2023-03-26 22:23:40,17088.32,8749.05,0,Medium
LOAN0000277,CUST010950,2026-03-30 22:56:56,11110.74,10092.37,0,Low
LOAN0000278,CUST009990,2026-06-11 22:28:32,3753.14,1161.26,45,Low
LOAN0000279,CUST000680,2024-09-27 00:21:50,6112.34,2626.4,5,Low
LOAN0000280,CUST001080,2024-02-09 06:50:38,9693.63,8124.3,5,Low
LOAN0000281,CUST010757,2025-10-31 21:48:19,9831.4,648.34,0,Low
LOAN0000282,CUST009185,2023-10-15 14:13:37,10674.71,10110.18,0,Medium
LOAN0000283,CUST001641,2023-12-16 04:03:34,15656.9,12209.38,0,High
LOAN0000284,CUST006575,2024-10-22 22:00:03,15665.2,11392.0,0,Medium
LOAN0000285,CUST011540,2025-03-10 19:51:14,5544.3,3202.08,30,Medium
LOAN0000286,CUST001574,2023-11-09 22:03:40,10121.79,8192.93,15,Low
LOAN0000287,CUST008224,2024-09-29 08:57:13,17051.73,14724.61,5,Low
LOAN0000288,CUST008229,2026-02-05 09:22:15,29855.44,9106.01,0,Low
LOAN0000289,CUST005218,2023-02-03 03:47:16,11241.29,1258.83,0,Low
LOAN0000290,CUST000579,2024-08-13 19:45:02,9188.64,8398.39,30,Low
LOAN0000291,CUST004832,2023-03-13 11:41:35,5664.74,3955.88,60,Medium
LOAN0000292,CUST011918,2024-10-06 08:20:19,5177.54,1195.92,0,Medium
LOAN0000293,CUST009925,2026-07-10 19:56:14,16041.79,9434.3,0,Low
LOAN0000294,CUST002585,2025-01-05 06:05:23,7818.62,7035.27,0,Medium
LOAN0000295,CUST008197,2023-03-31 13:13:54,11219.0,735.13,0,Medium
LOAN0000296,CUST010605,2025-11-21 07:56:16,3000.0,1780.16,0,Low
LOAN0000297,CUST009060,2024-11-26 04:34:13,23993.95,23503.56,0,Medium
LOAN0000298,CUST001738,2024-02-16 23:04:48,5326.13,992.36,0,Low
LOAN0000299,CUST007576,2024-10-05 05:35:16,17251.85,6523.93,0,Low
LOAN0000300,CUST000061,2023-06-20 19:09:58,9489.26,5992.63,0,High
LOAN0000301,CUST005277,2023-07-19 09:19:18,3000.0,392.62,0,Low
LOAN0000302,CUST003447,2024-12-30 03:37:06,4202.45,3482.35,0,High
LOAN0000303,CUST006559,2024-10-12 17:34:17,6708.48,5465.75,0,Low
LOAN0000304,CUST010631,2026-02-24 01:13:51,14913.94,8507.09,0,Medium
LOAN0000305,CUST006150,2024-01-30 02:28:33,3975.59,1400.54,0,Low
LOAN0000306,CUST008518,2024-04-21 13:55:20,3000.0,268.6,5,Low
LOAN0000307,CUST001001,2023-03-26 08:17:48,5694.41,2779.07,0,Low
LOAN0000308,CUST006742,2023-04-06 15:27:45,3000.0,1157.11,0,Very High
LOAN0000309,CUST005868,2023-04-03 22:22:59,3528.01,2162.88,30,Medium
LOAN0000310,CUST010532,2023-07-08 03:04:01,3000.0,2552.38,0,High
LOAN0000311,CUST010354,2023-04-18 14:07:47,31756.18,20712.15,45,Medium
LOAN0000312,CUST002015,2024-05-13 22:35:56,3913.9,3486.19,0,Medium
LOAN0000313,CUST005220,2023-05-29 14:30:45,11096.94,9964.84,15,Medium
LOAN0000314,CUST006905,2026-04-14 05:50:38,22488.86,15454.92,0,Medium
LOAN0000315,CUST008671,2025-07-26 01:22:46,11216.51,1040.7,0,Low
LOAN0000316,CUST003462,2024-10-03 06:52:54,9965.34,4735.25,0,Low
LOAN0000317,CUST007200,2026-07-24 06:55:17,6009.94,1078.61,0,Low
LOAN0000318,CUST009829,2024-03-05 07:43:01,5749.15,2663.75,0,Medium
LOAN0000319,CUST003454,2023-10-12 20:01:06,8264.76,7430.26,0,Medium
LOAN0000320,CUST008070,2024-01-25 19:26:46,6255.77,844.68,0,High
LOAN0000321,CUST004727,2024-11-27 23:10:15,15233.31,6043.15,5,Medium
LOAN0000322,CUST004861,2023-01-25 04:04:19,12976.21,3305.62,0,Medium
LOAN0000323,CUST004483,2026-07-28 22:17:27,8841.76,3900.54,30,Medium
LOAN0000324,CUST008113,2023-04-15 14:52:04,7377.32,6659.73,0,Low
LOAN0000325,CUST007624,2025-09-20 00:35:47,6692.29,3254.09,0,Low
LOAN0000326,CUST005483,2023-05-07 13:33:10,17232.92,4905.27,45,Medium
LOAN0000327,CUST002447,2025-08-18 03:37:28,17039.99,6690.47,0,Medium
LOAN0000328,CUST008480,2024-12-16 22:22:48,8113.91,1666.87,0,Low
LOAN0000329,CUST004519,2024-09-03 16:17:28,9999.29,6968.0,0,Low
LOAN0000330,CUST008247,2023-04-07 11:59:32,10000.54,7900.01,30,Low
LOAN0000331,CUST006692,2025-10-04 00:06:38,5701.8,1978.99,0,Low
LOAN0000332,CUST005655,2024-03-22 05:25:20,8889.92,6609.56,0,Medium
LOAN0000333,CUST000344,2025-01-08 16:33:10,12293.54,7875.19,15,Medium
LOAN0000334,CUST005263,2025-08-10 05:27:18,8418.77,6091.99,0,Medium
LOAN0000335,CUST003824,2025-03-02 15:16:43,4416.62,3073.59,0,Medium
LOAN0000336,CUST007101,2026-03-19 19:44:52,45385.37,29189.32,0,Low
LOAN0000337,CUST002464,2024-11-03 22:14:42,21549.37,19224.59,0,Low
LOAN0000338,CUST003447,2026-05-29 11:38:14,5574.06,1111.73,0,Low
LOAN0000339,CUST002291,2023-09-17 02:26:22,20363.5,12668.78,0,Medium
LOAN0000340,CUST001068,2024-01-03 06:20:08,10231.07,3465.6,0,Very High
LOAN0000341,CUST010353,2023-07-04 03:38:08,6086.46,3407.59,0,Medium
LOAN0000342,CUST003082,2026-07-23 22:30:47,12622.34,8425.68,30,High
LOAN0000343,CUST011123,2026-07-04 22:26:23,12702.85,8502.16,0,Medium
LOAN0000344,CUST007476,2025-01-06 11:59:34,8065.49,2637.54,0,Low
LOAN0000345,CUST006126,2025-09-12 03:58:38,5974.7,1776.31,30,Medium
LOAN0000346,CUST005075,2023-09-28 15:15:18,3337.21,572.65,5,Medium
LOAN0000347,CUST010243,2023-07-24 02:21:15,4923.81,2423.07,0,Low
LOAN0000348,CUST005989,2025-07-15 16:41:45,7874.81,3868.3,15,Low
LOAN0000349,CUST005778,2026-06-18 16:56:52,4948.45,4210.23,0,Medium
LOAN0000350,CUST005674,2025-10-14 02:48:43,3000.0,178.09,90,Medium
LOAN0000351,CUST011715,2024-04-22 06:30:46,3059.79,798.63,0,Medium
LOAN0000352,CUST002670,2023-04-13 14:09:15,8389.39,2120.76,0,High
LOAN0000353,CUST002801,2023-12-11 17:43:33,3151.31,776.84,5,Low
LOAN0000354,CUST009772,2025-12-20 07:36:18,5806.79,1863.46,0,Low
LOAN0000355,CUST000854,2024-06-02 17:08:32,6817.72,874.01,0,Medium
LOAN0000356,CUST004480,2023-08-15 22:58:05,6804.07,5669.57,45,Low
LOAN0000357,CUST002983,2026-02-24 05:09:39,14109.85,13351.51,5,Low
LOAN0000358,CUST006607,2024-07-06 18:30:30,3005.7,296.4,0,Low
LOAN0000359,CUST003998,2025-01-07 22:44:45,10028.03,4270.14,0,Medium
LOAN0000360,CUST002088,2023-12-21 12:56:42,12090.45,7602.43,0,Low
LOAN0000361,CUST003850,2025-09-20 10:49:12,3000.0,1188.38,0,Low
LOAN0000362,CUST010443,2023-02-15 20:57:41,4956.23,3801.38,30,High
LOAN0000363,CUST002680,2024-06-16 14:22:30,9911.57,7659.59,5,Low
LOAN0000364,CUST010884,2026-01-16 11:19:56,11393.36,5454.89,0,High
LOAN0000365,CUST009037,2026-07-07 09:04:55,10268.52,4947.2,0,High
LOAN0000366,CUST010870,2024-10-07 17:04:38,12588.89,5192.96,5,Low
LOAN0000367,CUST007134,2025-11-22 20:01:28,13487.41,9645.71,0,Low
LOAN0000368,CUST003357,2026-03-02 23:56:27,10233.88,2996.74,0,Medium
LOAN0000369,CUST000874,2023-01-19 10:33:59,6761.81,5974.69,0,Low
LOAN0000370,CUST004737,2024-02-20 16:53:57,7510.21,5324.79,0,Low
LOAN0000371,CUST007121,2024-04-22 09:04:39,4245.75,3064.87,0,High
LOAN0000372,CUST000062,2025-11-08 08:55:45,22770.33,8450.37,0,High
LOAN0000373,CUST004125,2023-12-11 23:48:50,3000.0,1302.09,0,Low
LOAN0000374,CUST004131,2026-07-27 09:14:36,4601.69,1160.57,0,Medium
LOAN0000375,CUST002578,2023-10-14 22:41:38,6112.29,3194.44,0,Medium
LOAN0000376,CUST004786,2023-11-15 22:51:05,9642.51,7677.28,0,Low
LOAN0000377,CUST009671,2025-06-13 16:59:46,9887.85,9662.18,0,High
LOAN0000378,CUST011822,2025-08-28 02:37:08,6802.29,5812.27,0,Low
LOAN0000379,CUST001059,2025-11-03 20:23:43,67686.67,58881.56,0,High
LOAN0000380,CUST010534,2025-04-01 23:06:10,17563.67,16218.57,0,Low
LOAN0000381,CUST005581,2025-05-18 16:01:42,3119.26,1988.66,0,Low
LOAN0000382,CUST008624,2026-07-23 03:44:53,7243.75,2474.29,0,Medium
LOAN0000383,CUST002645,2023-09-29 08:54:32,7089.87,1410.23,0,Medium
LOAN0000384,CUST000311,2023-06-03 01:43:29,4612.26,4381.03,5,Medium
LOAN0000385,CUST003456,2023-12-29 20:06:49,13465.09,5883.97,0,Medium
LOAN0000386,CUST005405,2026-06-14 19:10:05,3241.2,3112.77,0,Medium
LOAN0000387,CUST001028,2025-06-02 23:02:04,10988.84,8219.71,0,Low
LOAN0000388,CUST009987,2024-06-04 16:51:29,12014.18,4051.17,0,Medium
LOAN0000389,CUST002580,2024-09-07 06:39:49,7179.94,6942.59,45,Medium
LOAN0000390,CUST002844,2023-12-11 23:07:37,15503.0,9716.72,0,High
LOAN0000391,CUST005111,2025-10-06 17:05:51,3000.0,2398.28,120,Low
LOAN0000392,CUST010506,2023-11-03 03:30:20,7548.28,1060.67,0,Medium
LOAN0000393,CUST003324,2026-05-24 07:41:35,5740.12,1755.52,0,Low
LOAN0000394,CUST006449,2025-09-29 20:47:41,3000.0,445.53,0,Low
LOAN0000395,CUST001092,2023-03-16 09:57:03,4264.32,426.39,0,Medium
LOAN0000396,CUST010667,2024-09-18 06:40:04,3000.0,357.87,0,High
LOAN0000397,CUST006415,2023-01-04 00:11:56,3898.81,2504.54,0,Low
LOAN0000398,CUST002738,2026-03-14 17:53:31,5074.41,2357.73,0,Low
LOAN0000399,CUST002329,2024-07-23 07:26:45,3000.0,271.97,0,Medium
LOAN0000400,CUST001267,2024-05-13 08:59:00,8535.79,968.79,0,Low
LOAN0000401,CUST006851,2024-01-27 15:27:29,3000.0,2243.73,0,Low
LOAN0000402,CUST006673,2026-04-26 12:12:13,8832.83,6886.07,0,Low
LOAN0000403,CUST006610,2025-07-17 13:37:38,6734.31,6566.62,0,Medium
LOAN0000404,CUST003476,2024-11-22 07:45:40,8980.6,4410.22,120,Very High
LOAN0000405,CUST004618,2023-02-25 14:11:37,4823.88,976.8,90,High
LOAN0000406,CUST007435,2024-07-02 02:49:13,11627.59,9598.15,0,Low
LOAN0000407,CUST007063,2024-07-14 06:35:18,8729.4,2970.06,0,Medium
LOAN0000408,CUST007848,2024-10-26 18:30:20,19687.93,8485.7,30,Medium
LOAN0000409,CUST001867,2024-03-08 23:40:04,15327.36,1101.75,0,Low
LOAN0000410,CUST010590,2024-11-25 16:50:47,5952.93,5157.74,0,Very High
LOAN0000411,CUST000116,2024-08-11 20:00:54,22597.18,6550.2,0,Low
LOAN0000412,CUST008147,2026-05-21 10:37:35,10974.76,8168.59,120,Low
LOAN0000413,CUST007412,2025-01-05 06:03:26,3131.02,437.11,0,Medium
LOAN0000414,CUST010433,2023-12-29 11:55:54,5677.25,1493.53,30,Medium
LOAN0000415,CUST005044,2025-01-21 01:55:21,8806.12,4741.83,0,Medium
LOAN0000416,CUST010400,2025-02-01 06:41:31,3000.0,2248.1,0,Low
LOAN0000417,CUST001173,2023-03-03 11:40:33,3111.21,185.63,0,Medium
LOAN0000418,CUST007403,2026-07-13 22:05:02,3132.24,1901.83,0,Medium
LOAN0000419,CUST005348,2025-04-06 22:07:15,7260.3,2538.28,0,Medium
LOAN0000420,CUST007455,2023-05-13 22:10:52,4638.45,4518.32,0,Medium
LOAN0000421,CUST005505,2023-06-09 10:36:08,5100.88,1751.92,0,High
LOAN0000422,CUST007710,2026-02-13 10:55:32,6110.88,3448.3,15,Low
LOAN0000423,CUST009578,2025-04-25 20:30:30,14508.82,6277.79,5,Low
LOAN0000424,CUST005240,2025-11-07 00:11:33,6640.83,2723.53,0,Low
LOAN0000425,CUST011890,2023-09-20 21:21:54,3740.09,1347.55,0,Low
LOAN0000426,CUST011818,2024-05-02 09:24:03,3000.0,2341.51,0,Low
LOAN0000427,CUST003463,2024-01-12 11:58:46,10451.66,6339.81,0,Medium
LOAN0000428,CUST010679,2026-02-22 14:02:56,10629.57,752.93,30,Very High
LOAN0000429,CUST000786,2024-11-09 06:09:28,26022.23,11031.33,0,Medium
LOAN0000430,CUST002034,2025-06-24 08:08:27,12240.82,3441.82,0,Low
LOAN0000431,CUST003683,2024-12-08 16:08:59,27020.15,12816.78,0,Low
LOAN0000432,CUST008979,2024-06-03 00:00:05,3000.0,1982.05,0,Medium
LOAN0000433,CUST010049,2023-05-27 07:45:06,8235.58,1806.6,5,Low
LOAN0000434,CUST008365,2025-03-01 08:59:42,15001.83,7850.65,0,Medium
LOAN0000435,CUST001062,2026-05-30 05:31:09,11580.06,9011.51,0,High
LOAN0000436,CUST005667,2025-04-11 02:06:11,11268.86,9593.71,0,Low
LOAN0000437,CUST005614,2025-05-25 00:36:42,3914.61,2360.21,90,Low
LOAN0000438,CUST000759,2025-04-21 09:56:27,16028.2,4087.27,0,Medium
LOAN0000439,CUST011976,2023-07-17 09:10:55,24037.65,6699.79,30,Low
LOAN0000440,CUST010803,2024-08-23 02:11:09,11545.12,10488.33,0,Medium
LOAN0000441,CUST001775,2025-05-20 18:51:07,6545.66,2936.27,30,Medium
LOAN0000442,CUST003657,2024-03-11 06:32:47,7394.7,2217.31,0,Low
LOAN0000443,CUST001124,2024-11-07 13:13:12,5017.26,370.47,0,Low
LOAN0000444,CUST006433,2023-06-24 20:30:03,3757.9,3358.38,60,Low
LOAN0000445,CUST010429,2023-05-22 08:48:15,5938.33,1774.18,0,Medium
LOAN0000446,CUST005729,2023-10-15 02:56:22,11015.38,4966.01,5,Medium
LOAN0000447,CUST005172,2024-07-16 22:53:19,30680.96,21791.74,0,Low
LOAN0000448,CUST000596,2026-05-27 17:05:15,16554.65,8000.37,0,Low
LOAN0000449,CUST002848,2024-04-11 15:54:11,9998.07,1731.68,0,High
LOAN0000450,CUST007786,2023-08-02 14:32:13,4217.74,1934.62,0,High
LOAN0000451,CUST001658,2023-10-02 04:20:08,11302.77,9211.52,0,Medium
LOAN0000452,CUST000445,2025-06-07 06:58:43,10601.02,635.7,0,Low
LOAN0000453,CUST011382,2025-08-13 20:29:37,3000.0,2511.44,0,Medium
LOAN0000454,CUST000430,2023-09-12 18:36:04,11721.27,8445.12,0,Medium
LOAN0000455,CUST001863,2023-08-22 15:37:29,14269.79,6232.26,0,Low
LOAN0000456,CUST007956,2025-06-02 16:00:52,9384.1,8671.78,0,High
LOAN0000457,CUST000288,2023-11-05 23:01:42,3784.92,3509.84,0,Low
LOAN0000458,CUST008104,2024-09-18 16:54:20,4338.4,901.19,0,Medium
LOAN0000459,CUST005670,2023-10-03 01:30:29,9129.51,2181.95,0,Medium
LOAN0000460,CUST000946,2024-02-20 05:32:43,10810.06,1003.97,15,Medium
LOAN0000461,CUST002754,2025-08-19 14:31:48,10541.69,8444.19,0,Medium
LOAN0000462,CUST004252,2024-07-09 01:58:54,13702.53,12349.18,0,Medium
LOAN0000463,CUST011324,2023-07-12 16:43:51,14852.48,5521.01,0,High
LOAN0000464,CUST005008,2024-02-10 21:57:44,13399.52,5205.42,0,Low
LOAN0000465,CUST006569,2023-04-04 21:27:55,8116.91,6814.93,0,Medium
LOAN0000466,CUST005084,2023-01-20 02:53:17,5876.34,4760.06,0,High
LOAN0000467,CUST009079,2023-09-30 23:35:58,8801.34,6282.8,0,Low
LOAN0000468,CUST006805,2024-10-31 20:56:55,9947.88,4865.96,5,Low
LOAN0000469,CUST001574,2024-05-18 22:58:06,4791.08,2748.22,0,Low
LOAN0000470,CUST007509,2024-10-26 05:10:18,7582.89,6445.19,0,Medium
LOAN0000471,CUST000951,2025-02-13 01:24:42,3000.0,1886.33,0,Medium
LOAN0000472,CUST010761,2023-08-17 18:03:13,6788.87,6362.31,0,Low
LOAN0000473,CUST001526,2023-03-18 03:03:47,10621.93,610.88,0,Low
LOAN0000474,CUST001474,2025-09-22 21:16:56,5079.41,1361.5,5,High
LOAN0000475,CUST002028,2024-05-09 22:56:20,6835.68,5362.99,0,Very High
LOAN0000476,CUST002329,2026-04-17 12:31:44,3941.6,2418.89,0,Medium
LOAN0000477,CUST002225,2024-08-28 07:51:33,15950.87,2328.55,0,High
LOAN0000478,CUST007089,2025-07-21 13:24:11,7152.1,5176.48,0,Medium
LOAN0000479,CUST005337,2026-05-24 18:16:49,6416.16,411.0,60,Low
LOAN0000480,CUST007058,2025-09-08 05:38:29,3613.4,1440.95,0,Low
LOAN0000481,CUST011229,2026-02-07 01:14:00,8551.36,3267.88,0,Medium
LOAN0000482,CUST005491,2024-12-23 08:23:34,16709.53,4885.0,0,High
LOAN0000483,CUST006754,2026-01-23 17:14:06,4143.85,3285.89,0,Medium
LOAN0000484,CUST002296,2023-10-15 01:04:55,4764.65,3386.78,0,Medium
LOAN0000485,CUST002218,2025-09-05 06:19:08,3187.5,646.75,0,Low
LOAN0000486,CUST009109,2023-05-22 22:40:01,19389.71,7029.59,30,Medium
LOAN0000487,CUST009485,2026-05-30 20:09:46,11980.23,7763.01,0,Medium
LOAN0000488,CUST010475,2026-06-16 20:40:33,16370.2,2208.69,0,Low
LOAN0000489,CUST004412,2025-03-02 21:34:45,3000.0,1789.06,0,Very High
LOAN0000490,CUST002170,2025-09-22 10:03:44,8078.29,5190.0,0,High
LOAN0000491,CUST011686,2024-12-01 18:06:21,3483.22,272.28,0,Medium
LOAN0000492,CUST000561,2025-06-08 19:42:42,3864.5,3685.45,120,Low
LOAN0000493,CUST003509,2026-03-12 21:45:39,3825.77,854.62,0,Medium
LOAN0000494,CUST004881,2023-08-02 20:24:25,3000.0,558.65,45,Medium
LOAN0000495,CUST008520,2024-12-10 09:08:53,8995.17,7235.0,0,Low
LOAN0000496,CUST010319,2025-05-18 00:04:06,4763.63,1926.44,0,Low
LOAN0000497,CUST009868,2024-10-24 04:08:37,7178.6,3295.3,0,Medium
LOAN0000498,CUST006843,2026-03-29 00:09:55,13454.21,12598.78,0,Medium
LOAN0000499,CUST004842,2025-04-04 08:08:46,14819.94,1068.07,15,High
LOAN0000500,CUST004941,2024-08-16 02:31:13,17618.53,1860.71,0,Medium
LOAN0000501,CUST009102,2025-06-18 10:11:59,5242.07,1458.85,0,High
LOAN0000502,CUST003855,2024-04-19 13:30:23,13066.45,6630.07,0,Low
LOAN0000503,CUST005953,2024-03-28 23:37:35,15564.18,8463.62,0,Low
LOAN0000504,CUST001595,2025-01-15 19:30:50,7338.12,2776.85,0,Low
LOAN0000505,CUST002863,2024-10-10 08:58:58,13488.96,5742.27,0,Very High
LOAN0000506,CUST002863,2026-01-22 22:16:11,4730.91,1369.58,0,Very High
LOAN0000507,CUST002597,2023-03-10 18:07:36,14588.62,1256.74,0,Very High
LOAN0000508,CUST006306,2026-02-08 09:37:41,6500.21,4487.6,0,Low
LOAN0000509,CUST005593,2023-07-17 04:09:18,3571.11,2440.41,0,Medium
LOAN0000510,CUST010571,2025-04-07 17:26:08,7601.9,2707.09,0,High
LOAN0000511,CUST005626,2026-02-25 11:17:22,9742.03,6594.87,15,Low
LOAN0000512,CUST005271,2023-02-21 18:07:23,21177.79,1362.92,0,Medium
LOAN0000513,CUST002136,2026-06-18 08:46:28,3660.62,2925.72,0,Low
LOAN0000514,CUST011910,2024-05-13 01:49:09,8555.12,7936.33,0,High
LOAN0000515,CUST011871,2025-04-28 13:37:52,7067.28,2584.09,0,Medium
LOAN0000516,CUST005549,2024-10-12 09:31:08,9400.19,6288.71,0,High
LOAN0000517,CUST010273,2026-02-21 04:25:10,7584.81,2197.37,0,Low
LOAN0000518,CUST006213,2024-09-05 09:39:31,7564.16,2138.99,0,Low
LOAN0000519,CUST011549,2025-05-29 18:18:54,4488.69,2405.41,0,Low
LOAN0000520,CUST003635,2026-07-16 19:05:56,3000.0,2361.3,30,Medium
LOAN0000521,CUST004292,2023-06-07 04:04:29,10746.02,2904.01,0,Medium
LOAN0000522,CUST006884,2025-11-16 12:14:24,8085.85,7354.66,0,Medium
LOAN0000523,CUST000831,2024-09-12 21:03:42,13096.61,10956.62,0,Low
LOAN0000524,CUST002154,2026-07-14 21:21:04,3806.79,255.75,15,Low
LOAN0000525,CUST003848,2023-07-28 00:47:44,11156.84,3019.8,0,Medium
LOAN0000526,CUST007566,2023-09-13 07:51:50,3000.0,1927.25,0,Low
LOAN0000527,CUST008751,2023-05-09 02:30:21,3000.0,1583.56,0,High
LOAN0000528,CUST005233,2023-12-09 00:20:39,3000.0,2646.98,0,Medium
LOAN0000529,CUST005148,2024-08-28 03:59:07,11747.26,3095.92,0,Low
LOAN0000530,CUST004969,2026-07-27 06:31:18,16130.91,13491.67,0,Low
LOAN0000531,CUST007945,2024-09-23 18:19:44,21690.24,1644.61,0,Medium
LOAN0000532,CUST007407,2023-12-13 20:36:23,11891.33,8955.72,15,Low
LOAN0000533,CUST007753,2026-01-26 21:04:02,11526.31,3181.28,0,Low
LOAN0000534,CUST003362,2024-05-21 13:31:36,6209.14,873.06,0,Very High
LOAN0000535,CUST011950,2026-02-10 15:19:43,10727.88,6361.14,0,High
LOAN0000536,CUST009085,2023-06-11 04:46:47,11158.96,3261.58,0,High
LOAN0000537,CUST001799,2023-06-18 17:10:11,7908.27,3076.67,0,Medium
LOAN0000538,CUST004615,2024-03-16 05:09:07,15329.58,4437.02,15,Medium
LOAN0000539,CUST004571,2025-07-15 15:32:16,5586.12,2185.77,15,High
LOAN0000540,CUST002326,2025-07-06 04:53:29,12250.7,10645.64,0,Low
LOAN0000541,CUST005547,2025-08-12 02:31:43,10857.33,4529.64,5,Low
LOAN0000542,CUST002311,2025-04-22 07:21:04,4940.51,2433.97,0,Medium
LOAN0000543,CUST002098,2025-03-05 14:43:27,9848.5,3646.48,45,Medium
LOAN0000544,CUST004883,2025-07-07 00:02:13,3000.0,260.28,0,Medium
LOAN0000545,CUST009779,2023-06-27 01:34:51,8503.0,5911.78,60,Low
LOAN0000546,CUST006145,2024-01-23 06:06:03,9160.85,3631.79,0,High
LOAN0000547,CUST007196,2025-04-10 07:40:57,3000.0,1570.61,0,Very High
LOAN0000548,CUST007157,2026-07-28 04:00:04,23381.46,7735.35,0,Low
LOAN0000549,CUST000120,2023-08-13 03:38:08,3000.0,2457.91,90,Medium
LOAN0000550,CUST000404,2024-12-19 12:35:44,16614.23,7343.59,0,Very High
LOAN0000551,CUST009886,2023-03-26 08:19:59,3000.0,1037.94,0,Low
LOAN0000552,CUST003767,2023-11-05 03:48:39,6542.92,2932.62,0,Medium
LOAN0000553,CUST009499,2025-03-03 10:32:06,7296.94,1434.34,5,Very High
LOAN0000554,CUST006148,2024-12-14 03:19:30,4895.12,4794.35,15,Medium
LOAN0000555,CUST004848,2026-06-13 16:19:32,6406.01,370.12,15,High
LOAN0000556,CUST004143,2023-04-11 17:58:44,4187.09,1495.03,0,Low
LOAN0000557,CUST005863,2024-11-23 02:42:32,8097.89,7548.6,0,Low
LOAN0000558,CUST010498,2026-05-31 21:37:02,5682.45,2573.14,15,Low
LOAN0000559,CUST000074,2024-05-30 12:27:51,7095.67,6294.49,0,High
LOAN0000560,CUST001536,2024-10-02 18:10:05,11379.05,7032.58,45,Low
LOAN0000561,CUST008172,2023-10-10 19:18:56,4831.04,449.35,0,Low
LOAN0000562,CUST010412,2024-04-21 03:21:11,18924.34,3960.0,0,High
LOAN0000563,CUST007628,2023-12-10 02:59:53,19374.99,10610.96,0,Low
LOAN0000564,CUST010602,2025-10-25 04:07:30,6459.05,3230.33,0,Medium
LOAN0000565,CUST008541,2025-03-26 17:18:04,16625.26,10880.12,0,Low
LOAN0000566,CUST005488,2024-07-23 18:33:56,3274.24,506.94,0,Medium
LOAN0000567,CUST003546,2024-10-05 00:40:22,17456.17,8232.73,0,Medium
LOAN0000568,CUST000149,2024-03-06 20:39:17,3000.0,884.1,0,Low
LOAN0000569,CUST011991,2024-03-11 01:26:03,6657.52,3255.26,0,High
LOAN0000570,CUST000023,2024-04-23 23:25:03,6783.1,2779.84,0,Very High
LOAN0000571,CUST001788,2023-06-10 20:26:46,4604.61,2728.69,0,Low
LOAN0000572,CUST010676,2024-07-08 07:41:22,3066.36,1636.04,0,Medium
LOAN0000573,CUST005866,2023-01-20 11:44:01,9679.29,5493.41,0,High
LOAN0000574,CUST000324,2024-10-23 20:07:38,21298.81,17472.36,5,Low
LOAN0000575,CUST004150,2024-07-23 17:14:48,61070.97,26690.6,0,Medium
LOAN0000576,CUST006660,2023-01-15 12:53:55,24501.05,7173.03,0,Medium
LOAN0000577,CUST007454,2024-02-25 07:52:13,24533.59,11045.67,0,Low
LOAN0000578,CUST001541,2024-07-11 04:30:41,28720.85,11797.84,0,Medium
LOAN0000579,CUST007934,2025-03-28 23:01:56,8095.78,841.45,0,Very High
LOAN0000580,CUST008569,2026-01-10 05:36:58,7362.82,1546.1,0,Medium
LOAN0000581,CUST001375,2024-04-28 15:35:37,3624.98,2226.05,0,Medium
LOAN0000582,CUST007269,2024-08-05 16:13:48,13098.48,3676.21,0,Low
LOAN0000583,CUST009089,2023-12-13 10:36:23,8447.07,6588.07,45,Low
LOAN0000584,CUST007466,2026-01-19 13:46:14,12821.81,10767.29,0,Low
LOAN0000585,CUST008372,2026-06-23 07:13:01,11818.69,9260.18,5,High
LOAN0000586,CUST002258,2024-05-29 06:17:25,5671.58,2241.39,0,Medium
LOAN0000587,CUST001204,2023-03-24 03:54:22,10704.99,910.65,30,Low
LOAN0000588,CUST002532,2024-04-26 13:21:59,16294.34,13460.47,15,High
LOAN0000589,CUST006504,2024-12-30 06:24:24,9132.95,8740.15,15,Low
LOAN0000590,CUST005906,2025-04-06 15:38:25,8599.52,7093.4,0,Low
LOAN0000591,CUST000997,2024-12-17 19:54:04,12048.61,890.86,0,High
LOAN0000592,CUST002228,2024-11-22 15:53:56,24552.45,23469.43,15,Low
LOAN0000593,CUST009024,2024-06-29 22:20:16,20657.07,17415.94,30,High
LOAN0000594,CUST011470,2026-01-31 21:46:59,3542.33,3467.73,0,Medium
LOAN0000595,CUST011524,2023-05-06 20:26:25,7051.16,678.08,0,Low
LOAN0000596,CUST010825,2023-03-29 16:02:59,24997.77,7465.0,0,Low
LOAN0000597,CUST004368,2023-02-15 00:20:38,4688.99,481.35,30,Medium
LOAN0000598,CUST003809,2024-07-15 04:54:49,4034.8,1157.22,5,Low
LOAN0000599,CUST005657,2026-02-01 01:59:11,14656.96,10039.16,0,Very High
LOAN0000600,CUST006698,2026-03-21 08:49:01,20515.93,20065.3,0,Medium
LOAN0000601,CUST005195,2023-06-28 13:18:44,20315.1,17310.51,0,High
LOAN0000602,CUST000886,2025-06-19 06:41:27,17179.12,1532.34,0,Medium
LOAN0000603,CUST007045,2023-07-04 19:38:43,6406.48,2145.82,0,Medium
LOAN0000604,CUST010857,2024-09-13 05:39:35,9269.99,1278.34,0,Low
LOAN0000605,CUST002135,2023-11-07 04:46:24,8875.63,2727.07,0,Medium
LOAN0000606,CUST007677,2024-03-10 10:21:22,3000.0,1081.16,0,Low
LOAN0000607,CUST001163,2024-09-26 21:37:45,3040.32,1548.8,0,Medium
LOAN0000608,CUST011009,2026-06-01 18:16:52,3975.32,3703.61,0,Low
LOAN0000609,CUST010102,2025-05-24 08:49:15,3000.0,1629.14,0,Low
LOAN0000610,CUST000324,2025-08-17 10:37:17,5654.36,756.98,15,Low
LOAN0000611,CUST007209,2024-12-16 20:54:20,6658.63,500.56,45,Low
LOAN0000612,CUST001215,2024-10-06 14:11:30,3000.0,506.53,45,Low
LOAN0000613,CUST000441,2025-08-10 20:52:32,13703.85,5934.24,0,High
LOAN0000614,CUST009508,2025-05-06 18:54:14,3000.0,2586.37,0,Low
LOAN0000615,CUST006290,2023-03-17 21:07:07,3000.0,1901.57,5,Low
LOAN0000616,CUST000957,2024-07-01 06:37:50,13573.09,7302.65,0,Medium
LOAN0000617,CUST004444,2024-10-03 17:49:06,11475.67,7901.59,0,Medium
LOAN0000618,CUST000920,2026-05-31 17:42:03,9234.58,2297.78,0,Low
LOAN0000619,CUST005211,2026-03-05 06:08:11,8000.05,7480.22,0,High
LOAN0000620,CUST000711,2024-07-18 22:27:01,3495.18,3297.13,0,High
LOAN0000621,CUST004433,2023-07-17 14:41:57,3000.0,1356.34,0,Medium
LOAN0000622,CUST004434,2025-07-27 17:33:12,28078.73,4114.63,0,Low
LOAN0000623,CUST010351,2024-08-01 14:39:57,7588.41,5198.6,0,High
LOAN0000624,CUST003877,2023-08-31 15:33:07,13569.24,7206.13,0,Low
LOAN0000625,CUST006673,2024-08-03 07:14:49,16936.86,11869.72,45,Medium
LOAN0000626,CUST003294,2026-04-29 20:56:59,14026.6,13068.55,0,Medium
LOAN0000627,CUST000704,2024-08-05 07:42:34,3000.0,1209.83,0,Medium
LOAN0000628,CUST008554,2023-08-07 19:01:33,14419.09,10965.32,45,Medium
LOAN0000629,CUST006264,2023-10-12 22:26:25,7389.29,1100.66,120,High
LOAN0000630,CUST004801,2023-08-25 15:12:01,9782.78,4589.53,0,Low
LOAN0000631,CUST001999,2024-08-20 20:27:48,3642.22,2640.61,0,Low
LOAN0000632,CUST007290,2023-02-24 19:01:48,6121.78,350.87,0,Medium
LOAN0000633,CUST006387,2024-10-09 10:50:57,3000.0,251.03,0,Medium
LOAN0000634,CUST011835,2025-02-05 08:21:49,3000.0,251.35,0,Medium
LOAN0000635,CUST009918,2026-04-07 12:58:30,13946.31,6032.32,0,Medium
LOAN0000636,CUST009410,2025-09-02 12:23:35,4257.24,3027.93,0,High
LOAN0000637,CUST001912,2026-01-25 12:13:29,8449.45,906.58,45,Low
LOAN0000638,CUST005975,2025-03-16 16:35:56,12857.3,11581.94,0,High
LOAN0000639,CUST001078,2026-06-12 05:51:11,18932.62,11599.63,0,Low
LOAN0000640,CUST000633,2023-11-16 16:17:59,4898.03,1158.02,15,Low
LOAN0000641,CUST010877,2024-12-22 21:02:11,4575.07,473.39,0,Medium
LOAN0000642,CUST011693,2025-06-22 15:58:35,6433.4,1643.84,0,Medium
LOAN0000643,CUST005846,2024-03-22 15:33:33,15682.29,2111.28,0,Very High
LOAN0000644,CUST001860,2025-05-24 18:00:12,3187.11,214.85,0,Low
LOAN0000645,CUST000907,2023-03-07 10:35:03,10682.82,5160.33,15,Medium
LOAN0000646,CUST006537,2025-05-26 18:47:02,5449.59,4062.27,0,Low
LOAN0000647,CUST006413,2023-06-29 19:35:32,26778.5,19995.8,120,Low
LOAN0000648,CUST004649,2025-07-31 02:09:58,13569.29,12369.45,45,Low
LOAN0000649,CUST006776,2024-09-13 13:09:04,5138.7,1501.66,0,Low
LOAN0000650,CUST010223,2025-03-17 17:50:46,4406.37,4106.34,5,Very High
LOAN0000651,CUST004531,2023-01-28 09:45:22,4355.23,3994.44,0,High
LOAN0000652,CUST007231,2026-04-19 05:34:00,8388.22,2057.31,15,Low
LOAN0000653,CUST010277,2025-04-24 21:48:18,4077.65,1709.86,0,Medium
LOAN0000654,CUST005646,2023-11-21 11:04:51,3875.72,471.28,0,High
LOAN0000655,CUST003793,2024-04-13 15:10:35,15780.78,5978.44,5,Medium
LOAN0000656,CUST005498,2024-08-20 01:02:43,10500.23,1941.42,0,Low
LOAN0000657,CUST009699,2026-05-14 06:44:12,4415.59,2940.21,0,High
LOAN0000658,CUST006146,2026-04-24 15:26:00,5944.43,2979.01,0,Low
LOAN0000659,CUST002726,2024-05-03 14:29:50,10936.95,9867.91,0,Low
LOAN0000660,CUST010763,2024-02-04 21:11:14,7277.4,366.2,60,High
LOAN0000661,CUST008149,2025-05-04 00:16:05,10887.86,1880.19,0,Medium
LOAN0000662,CUST001351,2025-06-19 17:07:24,12630.47,4203.66,0,Medium
LOAN0000663,CUST003931,2025-07-31 13:46:42,4160.38,3714.57,5,Medium
LOAN0000664,CUST000634,2026-02-15 03:21:55,14503.83,2706.78,0,Low
LOAN0000665,CUST003551,2023-07-23 01:39:33,17790.77,15923.42,30,Very High
LOAN0000666,CUST000636,2023-01-02 00:18:28,3000.0,2399.31,15,Medium
LOAN0000667,CUST001411,2023-01-31 08:11:38,10084.76,1616.82,0,Low
LOAN0000668,CUST007705,2024-03-30 21:16:14,8236.06,5767.75,0,Medium
LOAN0000669,CUST009130,2023-11-14 01:10:47,7748.93,492.93,90,Medium
LOAN0000670,CUST010922,2025-08-22 13:14:40,6184.23,1320.47,0,Low
LOAN0000671,CUST009455,2026-05-19 07:42:10,5535.7,335.15,0,Medium
LOAN0000672,CUST004926,2025-05-18 07:03:01,12503.47,6082.86,30,High
LOAN0000673,CUST003962,2024-09-20 13:34:24,11971.02,6777.17,0,High
LOAN0000674,CUST005056,2026-07-30 05:54:57,10593.64,7281.69,0,High
LOAN0000675,CUST007061,2024-07-22 23:30:28,6923.7,2779.94,45,Low
LOAN0000676,CUST008926,2026-03-19 07:03:31,3000.0,695.63,0,Low
LOAN0000677,CUST008130,2023-02-18 00:32:25,4465.55,945.85,0,Medium
LOAN0000678,CUST003830,2024-09-20 07:23:02,5500.48,3605.11,0,Medium
LOAN0000679,CUST000577,2024-05-27 15:12:19,24937.63,4127.92,30,Medium
LOAN0000680,CUST010259,2025-02-01 05:38:03,22037.03,14816.15,0,Medium
LOAN0000681,CUST009562,2024-06-26 12:51:05,4986.12,660.42,0,Low
LOAN0000682,CUST001440,2023-07-16 18:28:51,3808.89,1299.93,0,Low
LOAN0000683,CUST007020,2025-08-01 12:34:35,3000.0,2679.5,0,Low
LOAN0000684,CUST008429,2026-06-15 10:30:34,5843.66,864.78,0,Low
LOAN0000685,CUST005606,2024-11-16 22:26:03,7157.64,5608.85,0,Very High
LOAN0000686,CUST009541,2024-01-09 23:27:30,9360.88,7724.03,0,High
LOAN0000687,CUST003258,2026-04-10 09:21:44,8079.74,4773.47,0,Medium
LOAN0000688,CUST007425,2026-02-11 10:49:52,4957.98,2684.53,0,Low
LOAN0000689,CUST002214,2023-03-12 08:51:03,5716.8,4195.62,0,Low
LOAN0000690,CUST000726,2025-10-17 22:34:45,7962.65,1385.99,5,Very High
LOAN0000691,CUST005219,2023-02-20 19:58:10,8620.62,7243.43,0,Low
LOAN0000692,CUST010880,2024-11-05 10:00:07,6329.83,422.55,0,Medium
LOAN0000693,CUST006638,2024-06-01 08:29:14,4782.33,556.83,0,Medium
LOAN0000694,CUST002380,2023-08-08 12:44:07,3085.69,1228.45,0,Low
LOAN0000695,CUST007306,2023-04-23 21:43:27,9856.73,507.09,0,Low
LOAN0000696,CUST010328,2026-05-22 07:38:48,3000.0,672.95,120,Low
LOAN0000697,CUST009785,2025-01-15 00:02:39,6574.15,2303.49,0,Low
LOAN0000698,CUST010303,2025-03-04 04:47:56,18728.06,8774.37,5,Medium
LOAN0000699,CUST009823,2024-06-10 20:33:00,5606.76,3217.14,0,Medium
LOAN0000700,CUST008460,2024-11-07 21:33:42,11400.2,6895.44,0,Low
LOAN0000701,CUST000339,2025-10-25 12:52:05,8903.1,1720.57,0,Medium
LOAN0000702,CUST005016,2023-10-03 00:33:44,5257.4,1718.94,0,Low
LOAN0000703,CUST010928,2023-05-06 22:04:55,7359.12,7209.39,0,Medium
LOAN0000704,CUST005916,2026-04-09 07:37:10,12178.0,10247.76,0,Low
LOAN0000705,CUST002276,2026-07-14 23:01:43,23939.49,7601.36,0,Low
LOAN0000706,CUST000917,2023-04-15 01:31:09,3000.0,280.38,0,Low
LOAN0000707,CUST002308,2023-12-21 18:22:13,3257.0,1966.03,0,Medium
LOAN0000708,CUST000912,2025-08-24 10:04:40,15976.0,11812.74,0,High
LOAN0000709,CUST001051,2026-07-07 16:19:46,20603.1,14367.37,0,Low
LOAN0000710,CUST008471,2026-01-29 17:38:08,16963.32,16249.3,0,High
LOAN0000711,CUST003762,2025-04-10 19:15:38,3000.0,1621.71,0,Medium
LOAN0000712,CUST008193,2023-01-06 07:50:17,20777.77,18241.58,120,Low
LOAN0000713,CUST001287,2023-07-19 22:21:18,15311.17,8917.46,0,Medium
LOAN0000714,CUST010596,2023-11-13 21:50:26,3000.0,555.41,0,Low
LOAN0000715,CUST004347,2023-08-30 03:14:20,13063.11,11779.65,0,High
LOAN0000716,CUST004367,2023-10-23 13:04:12,6964.5,5764.06,15,Low
LOAN0000717,CUST001808,2023-11-06 10:43:46,7999.53,3673.57,0,Medium
LOAN0000718,CUST009146,2025-11-14 19:58:09,6623.56,3797.29,0,Low
LOAN0000719,CUST003244,2026-04-12 05:24:27,21990.73,3957.99,0,Medium
LOAN0000720,CUST009630,2025-12-19 04:47:25,4546.58,4222.83,5,Low
LOAN0000721,CUST007679,2025-11-14 11:49:20,4996.32,2617.96,5,Medium
LOAN0000722,CUST011763,2023-06-28 07:28:33,3000.0,1005.86,0,Low
LOAN0000723,CUST003549,2025-10-08 22:09:44,3000.0,785.79,30,Medium
LOAN0000724,CUST007167,2023-10-30 03:13:58,4095.54,235.1,15,Medium
LOAN0000725,CUST011877,2023-12-11 03:50:51,5680.5,1926.08,0,Medium
LOAN0000726,CUST005286,2025-09-10 20:56:46,8926.18,5429.42,15,Low
LOAN0000727,CUST006955,2023-12-29 10:04:28,6824.72,5744.72,0,Very High
LOAN0000728,CUST004269,2025-02-28 12:08:02,16783.25,10805.3,0,Medium
LOAN0000729,CUST011753,2024-09-19 19:38:59,7207.09,5482.36,0,High
LOAN0000730,CUST006722,2023-09-05 16:37:44,21487.91,12370.45,45,Medium
LOAN0000731,CUST001341,2023-02-10 01:37:43,20037.91,15807.79,15,Medium
LOAN0000732,CUST000779,2024-07-08 20:46:47,3000.0,1346.84,0,Medium
LOAN0000733,CUST001418,2026-04-19 08:13:05,4404.43,1638.48,5,Low
LOAN0000734,CUST011512,2024-09-02 16:11:17,11403.71,9861.21,0,Medium
LOAN0000735,CUST009549,2026-07-01 01:20:42,7250.37,1600.59,0,Low
LOAN0000736,CUST004278,2023-08-14 07:51:06,3159.34,375.57,0,Low
LOAN0000737,CUST001248,2025-01-21 23:08:17,5959.22,5769.06,45,Low
LOAN0000738,CUST008381,2024-04-01 15:36:47,9083.12,1364.41,0,Low
LOAN0000739,CUST009463,2026-01-31 19:12:53,3000.0,2293.4,0,Low
LOAN0000740,CUST004134,2025-03-02 19:58:44,8911.72,6250.5,30,High
LOAN0000741,CUST007361,2024-11-16 15:21:58,9742.12,7866.46,0,Medium
LOAN0000742,CUST001756,2026-05-07 10:36:14,9323.66,7742.98,0,Medium
LOAN0000743,CUST000959,2024-05-26 00:33:38,5229.15,1374.13,0,High
LOAN0000744,CUST011803,2026-04-16 14:17:11,25312.81,10921.68,0,High
LOAN0000745,CUST000499,2024-10-28 07:30:31,3000.0,451.9,0,Low
LOAN0000746,CUST003738,2023-12-08 11:56:54,13766.61,5430.47,0,Very High
LOAN0000747,CUST006602,2024-10-26 19:12:15,3000.0,2150.29,0,Medium
LOAN0000748,CUST008916,2023-07-23 05:58:43,12888.06,1344.49,0,Low
LOAN0000749,CUST002192,2023-07-06 20:31:29,3000.0,1671.42,0,Very High
LOAN0000750,CUST010223,2026-04-23 23:38:00,4831.37,330.44,45,Low
LOAN0000751,CUST002432,2026-02-26 04:15:58,8452.84,3860.39,0,High
LOAN0000752,CUST009715,2025-11-24 00:59:34,15332.94,11918.0,0,High
LOAN0000753,CUST005990,2026-04-12 13:48:21,10970.57,3286.11,0,Medium
LOAN0000754,CUST010971,2023-08-20 07:44:07,3000.0,1977.95,0,Medium
LOAN0000755,CUST000233,2026-05-02 17:42:14,12782.73,2342.22,0,Low
LOAN0000756,CUST000214,2025-03-17 08:01:07,17500.4,7172.52,5,Low
LOAN0000757,CUST001289,2024-09-23 02:29:16,9378.65,7304.16,0,Medium
LOAN0000758,CUST008647,2024-12-25 07:56:46,5694.67,4009.62,0,Medium
LOAN0000759,CUST005706,2026-06-14 17:06:07,20844.69,18694.37,15,Low
LOAN0000760,CUST007892,2024-10-28 21:51:44,10388.15,8769.55,0,Low
LOAN0000761,CUST007455,2024-05-12 21:19:25,3000.0,1185.84,0,High
LOAN0000762,CUST002336,2023-09-22 21:53:41,10128.75,8079.16,0,Low
LOAN0000763,CUST011157,2025-01-08 06:48:28,7228.9,1393.01,15,Medium
LOAN0000764,CUST007982,2024-05-27 09:18:51,8969.43,5555.13,0,Medium
LOAN0000765,CUST008856,2023-08-07 10:52:36,6885.45,5659.86,0,Low
LOAN0000766,CUST006984,2023-10-31 21:16:05,17965.18,13830.03,0,High
LOAN0000767,CUST006738,2023-11-12 05:04:24,5325.63,2219.47,0,Medium
LOAN0000768,CUST006769,2023-02-22 08:24:17,18591.64,16278.61,0,Low
LOAN0000769,CUST003149,2025-01-12 07:10:49,9408.66,8060.66,0,Low
LOAN0000770,CUST010248,2025-06-09 02:32:31,14514.82,6665.82,0,Low
LOAN0000771,CUST008270,2026-04-22 10:35:08,6857.69,4535.26,120,Medium
LOAN0000772,CUST002398,2026-05-07 01:49:36,13807.28,1715.72,0,Medium
LOAN0000773,CUST003524,2025-11-15 07:44:06,30048.81,26101.29,0,Medium
LOAN0000774,CUST009813,2025-04-07 20:02:14,10322.2,5394.32,0,Medium
LOAN0000775,CUST009193,2025-03-09 15:58:03,8414.56,2529.27,15,Low
LOAN0000776,CUST006865,2026-06-23 06:10:54,5067.06,4575.05,60,High
LOAN0000777,CUST000944,2025-12-23 00:24:39,12104.27,1033.19,0,Low
LOAN0000778,CUST008593,2023-01-09 02:57:44,9874.13,5854.21,0,High
LOAN0000779,CUST002665,2023-01-19 22:17:28,7338.16,6689.5,0,Low
LOAN0000780,CUST007138,2026-02-20 01:35:30,4158.96,3725.35,30,Medium
LOAN0000781,CUST010411,2024-05-08 12:42:32,7519.17,4308.34,0,Medium
LOAN0000782,CUST008206,2024-05-01 07:49:20,3000.0,2031.6,0,Medium
LOAN0000783,CUST000665,2023-03-23 14:30:23,8531.93,2724.11,0,Medium
LOAN0000784,CUST003317,2023-06-13 10:29:56,7813.98,3695.19,0,Low
LOAN0000785,CUST011984,2025-01-06 09:28:37,3000.0,756.96,30,Medium
LOAN0000786,CUST000696,2024-07-30 12:55:53,3000.0,2024.83,0,Low
LOAN0000787,CUST001774,2026-06-30 13:54:02,9145.31,476.77,0,Low
LOAN0000788,CUST001871,2024-11-18 10:50:55,9490.58,2019.79,0,High
LOAN0000789,CUST002289,2024-10-15 21:02:47,4393.45,1681.28,5,Low
LOAN0000790,CUST005919,2025-03-27 18:45:43,10337.53,2129.61,0,Low
LOAN0000791,CUST003189,2025-12-13 10:22:44,5192.67,690.07,0,Low
LOAN0000792,CUST001168,2025-08-22 02:19:59,10090.68,6250.12,0,Low
LOAN0000793,CUST005081,2025-03-23 13:55:43,3000.0,263.37,5,High
LOAN0000794,CUST001640,2023-08-04 03:40:20,14602.57,4386.48,0,Low
LOAN0000795,CUST009579,2025-06-24 14:31:53,3272.22,979.68,0,Medium
LOAN0000796,CUST001191,2024-01-12 08:47:36,12585.01,6523.83,5,Low
LOAN0000797,CUST005166,2024-07-27 17:52:56,4486.5,1408.07,0,Low
LOAN0000798,CUST011668,2025-02-11 13:01:30,3873.65,1296.35,15,Medium
LOAN0000799,CUST011323,2025-11-03 09:07:48,18534.73,5722.83,0,Medium
LOAN0000800,CUST003477,2026-07-07 17:17:25,6703.56,5850.97,0,High
LOAN0000801,CUST001887,2024-08-18 17:50:53,5430.45,1890.26,0,Low
LOAN0000802,CUST002823,2023-02-01 07:17:47,4769.57,2958.57,0,Low
LOAN0000803,CUST007329,2024-04-29 11:22:23,7546.54,4603.45,15,Low
LOAN0000804,CUST006967,2024-06-30 18:21:50,3000.0,2281.54,15,Low
LOAN0000805,CUST008478,2025-12-30 07:07:32,6032.05,5182.5,5,Medium
LOAN0000806,CUST000812,2026-07-27 22:14:34,11653.31,6937.0,0,Medium
LOAN0000807,CUST009163,2026-04-02 22:49:53,5412.1,3875.1,0,Medium
LOAN0000808,CUST006152,2023-05-15 03:10:50,21736.49,4822.13,0,Low
LOAN0000809,CUST009724,2025-09-09 10:09:32,9983.32,3618.84,0,Medium
LOAN0000810,CUST009199,2024-04-27 20:43:35,14039.27,6789.99,0,Medium
LOAN0000811,CUST003010,2024-02-22 03:57:25,4201.98,1978.61,0,High
LOAN0000812,CUST006307,2024-12-12 14:21:05,11926.84,1169.25,5,Low
LOAN0000813,CUST007600,2026-06-18 00:39:11,4458.74,2838.44,0,Low
LOAN0000814,CUST003128,2025-01-24 02:01:22,4410.8,1147.67,0,High
LOAN0000815,CUST010813,2023-04-18 07:53:55,17373.44,4831.17,0,Medium
LOAN0000816,CUST008419,2025-02-06 15:03:54,36405.41,9291.02,5,Medium
LOAN0000817,CUST008891,2024-03-14 11:41:26,18688.2,2540.26,0,Low
LOAN0000818,CUST008359,2024-05-12 22:08:22,5691.7,4967.36,0,Medium
LOAN0000819,CUST001397,2024-01-12 04:03:59,5084.88,3187.3,0,Low
LOAN0000820,CUST010881,2024-01-08 04:16:31,3075.12,1466.56,0,High
LOAN0000821,CUST008963,2025-12-29 17:41:54,17625.15,7447.41,15,Low
LOAN0000822,CUST003251,2024-07-28 05:34:28,21085.4,15891.02,0,High
LOAN0000823,CUST005671,2025-04-04 02:07:03,16928.85,14082.37,0,Low
LOAN0000824,CUST001084,2025-05-21 01:09:35,15250.61,11608.02,0,High
LOAN0000825,CUST002067,2025-05-05 22:45:27,7410.63,3552.36,0,Low
LOAN0000826,CUST009725,2023-06-03 04:12:34,5449.93,2589.47,0,Low
LOAN0000827,CUST009401,2023-10-03 09:23:54,8391.46,3968.65,0,Medium
LOAN0000828,CUST001236,2025-07-25 15:40:04,11546.35,9516.72,0,Medium
LOAN0000829,CUST010396,2023-09-21 00:05:37,3000.0,214.77,0,Medium
LOAN0000830,CUST007036,2026-01-09 21:58:34,11571.57,6257.43,0,Medium
LOAN0000831,CUST010473,2023-01-11 21:22:29,3000.0,2009.04,0,Medium
LOAN0000832,CUST008378,2023-12-04 19:32:35,28513.85,21522.08,15,High
LOAN0000833,CUST009966,2025-08-25 02:42:22,10408.93,2910.13,0,Medium
LOAN0000834,CUST009829,2026-04-20 00:14:55,13446.54,8078.06,0,Medium
LOAN0000835,CUST006406,2023-03-25 08:36:31,11121.45,9778.58,30,Very High
LOAN0000836,CUST008945,2023-10-19 05:32:27,12304.06,1648.41,0,High
LOAN0000837,CUST003764,2024-04-28 03:55:56,9056.16,2858.73,0,Medium
LOAN0000838,CUST002040,2023-01-22 00:04:10,8686.08,1333.48,0,Low
LOAN0000839,CUST004831,2024-03-21 18:22:19,19152.66,4431.34,60,Very High
LOAN0000840,CUST001453,2025-11-26 09:57:55,6522.11,2247.7,0,High
LOAN0000841,CUST010301,2024-08-17 21:13:12,12686.13,5381.47,0,Low
LOAN0000842,CUST006953,2024-01-29 15:29:06,3553.32,1157.1,0,High
LOAN0000843,CUST006873,2024-01-23 11:21:52,17622.88,6761.13,0,Low
LOAN0000844,CUST007693,2025-06-07 01:38:07,3966.49,3702.07,0,Medium
LOAN0000845,CUST007393,2026-02-14 22:20:52,4612.15,867.6,0,Low
LOAN0000846,CUST000196,2024-09-12 00:30:41,16088.89,10471.76,90,Low
LOAN0000847,CUST003801,2023-09-10 11:25:44,5477.81,4513.63,0,Very High
LOAN0000848,CUST008087,2023-12-10 01:43:48,3000.0,301.62,0,Low
LOAN0000849,CUST007315,2026-05-27 17:54:58,4360.88,3817.24,0,Low
LOAN0000850,CUST009594,2024-03-28 11:04:45,11085.4,5078.21,0,Low
LOAN0000851,CUST011181,2025-10-18 15:36:52,5788.03,3437.36,15,High
LOAN0000852,CUST003064,2024-12-10 10:12:57,29339.07,13393.28,0,High
LOAN0000853,CUST007252,2025-05-10 09:12:35,3000.0,1417.56,15,Medium
LOAN0000854,CUST000490,2025-01-21 16:50:58,11795.54,10556.12,15,Low
LOAN0000855,CUST006961,2023-08-24 01:54:40,9954.32,9229.71,0,Low
LOAN0000856,CUST001531,2023-11-07 07:14:39,12829.38,2825.09,0,High
LOAN0000857,CUST009388,2023-01-31 22:42:25,5628.64,2435.98,0,Low
LOAN0000858,CUST001457,2023-08-20 02:38:11,3000.0,1658.96,0,Low
LOAN0000859,CUST001663,2024-03-24 06:00:36,8015.82,484.99,5,Low
LOAN0000860,CUST002928,2025-08-12 07:53:06,3466.66,1886.23,0,High
LOAN0000861,CUST010936,2023-07-16 14:16:34,3000.0,896.13,60,Medium
LOAN0000862,CUST009449,2025-09-02 21:48:59,5509.87,5150.11,0,Medium
LOAN0000863,CUST001534,2026-06-07 02:01:31,6080.26,803.89,0,Medium
LOAN0000864,CUST002424,2024-10-23 04:37:57,9877.44,1357.59,0,Low
LOAN0000865,CUST002885,2025-05-25 01:29:41,7010.74,4911.89,0,High
LOAN0000866,CUST008498,2023-08-02 14:20:01,4049.4,1761.36,0,Very High
LOAN0000867,CUST005944,2023-06-25 05:43:27,4784.57,1281.26,0,Medium
LOAN0000868,CUST007003,2023-05-27 13:01:47,6287.86,3157.4,0,Low
LOAN0000869,CUST000886,2023-08-16 03:05:38,7158.28,1606.25,0,Medium
LOAN0000870,CUST007564,2023-02-21 05:26:55,4175.01,2299.8,0,Low
LOAN0000871,CUST011733,2023-07-20 11:27:20,6843.1,2737.68,0,High
LOAN0000872,CUST002845,2023-02-23 10:43:29,5945.77,1945.71,0,Low
LOAN0000873,CUST007996,2023-02-10 01:21:08,9940.49,5426.01,0,High
LOAN0000874,CUST002204,2025-04-16 14:51:07,22846.83,4012.11,0,Medium
LOAN0000875,CUST007882,2023-07-23 18:00:30,7194.19,6571.69,0,Medium
LOAN0000876,CUST000312,2025-11-03 15:13:12,6277.98,2370.14,30,Medium
LOAN0000877,CUST008787,2023-07-20 07:34:32,5357.77,3993.26,0,Medium
LOAN0000878,CUST009612,2023-03-25 00:57:55,8837.88,3565.1,0,High
LOAN0000879,CUST009018,2025-05-27 01:57:50,4179.48,3155.82,0,High
LOAN0000880,CUST001231,2023-06-05 17:26:17,12410.88,856.07,0,Low
LOAN0000881,CUST004076,2023-09-13 20:20:31,3000.0,2469.92,0,Medium
LOAN0000882,CUST007556,2026-05-04 19:36:58,20149.79,1391.16,15,High
LOAN0000883,CUST001420,2023-01-06 05:35:43,12339.88,3529.58,90,Medium
LOAN0000884,CUST006102,2023-04-23 01:25:28,13180.88,4562.38,0,Low
LOAN0000885,CUST001627,2026-07-30 11:15:17,5825.43,1474.42,0,High
LOAN0000886,CUST004656,2023-12-13 01:52:02,20698.67,18634.6,0,High
LOAN0000887,CUST002429,2024-04-06 18:15:54,7877.16,6551.21,0,Low
LOAN0000888,CUST002443,2024-10-23 17:25:21,17282.52,2448.81,15,Medium
LOAN0000889,CUST008109,2026-05-28 16:29:31,20239.01,9921.83,45,Medium
LOAN0000890,CUST004206,2025-08-19 16:29:46,35061.72,33767.81,0,Low
LOAN0000891,CUST004760,2025-05-27 22:19:44,25646.14,19020.09,0,Low
LOAN0000892,CUST008843,2025-02-26 07:46:12,4988.79,2850.82,15,Low
LOAN0000893,CUST008986,2024-12-16 06:17:19,13224.87,3221.26,0,Medium
LOAN0000894,CUST010126,2025-10-13 04:58:42,15211.88,12245.6,0,Medium
LOAN0000895,CUST005369,2025-01-22 01:38:13,8001.2,4771.84,15,Low
LOAN0000896,CUST009446,2025-05-12 16:48:10,5432.6,308.05,0,Low
LOAN0000897,CUST004462,2024-05-14 10:08:18,8901.28,1944.01,0,High
LOAN0000898,CUST011964,2023-08-07 04:36:07,3000.0,1949.09,0,Medium
LOAN0000899,CUST005729,2024-08-11 14:21:34,6546.69,3426.66,0,Low
LOAN0000900,CUST011009,2023-01-30 08:20:13,9765.76,7553.86,15,Medium
LOAN0000901,CUST002357,2025-05-05 04:38:28,11725.44,4967.42,0,Very High
LOAN0000902,CUST001083,2024-07-01 00:21:06,18308.42,6805.16,15,Low
LOAN0000903,CUST007215,2025-08-07 15:07:09,3000.0,1183.53,0,Very High
LOAN0000904,CUST009941,2025-05-01 20:53:29,9653.11,5735.84,5,Low
LOAN0000905,CUST004034,2025-01-06 14:06:45,5799.41,1182.07,0,Medium
LOAN0000906,CUST002079,2023-03-25 15:21:17,9617.2,5204.07,45,Low
LOAN0000907,CUST000569,2023-09-11 21:08:12,13221.0,9733.03,0,Low
LOAN0000908,CUST005900,2024-11-26 04:33:05,3000.0,1528.67,0,Low
LOAN0000909,CUST000498,2024-10-09 03:52:02,9262.68,3214.43,30,Low
LOAN0000910,CUST001817,2025-10-10 13:16:32,36690.73,23122.66,0,Medium
LOAN0000911,CUST008723,2024-05-01 21:30:24,6792.79,2261.79,0,Low
LOAN0000912,CUST004416,2025-10-22 22:44:30,3229.86,2194.56,0,High
LOAN0000913,CUST011186,2024-12-01 13:56:53,35016.59,28652.96,0,Low
LOAN0000914,CUST004472,2023-06-02 21:51:00,6129.97,1995.43,0,Low
LOAN0000915,CUST010994,2024-01-28 12:52:00,3000.0,672.52,0,Low
LOAN0000916,CUST010901,2023-04-25 15:10:26,6439.57,5323.3,0,Medium
LOAN0000917,CUST009166,2024-02-10 15:30:41,9070.99,7909.31,0,Low
LOAN0000918,CUST000502,2025-03-22 10:30:27,16638.71,13034.05,0,Low
LOAN0000919,CUST011316,2023-08-07 03:37:44,8136.73,1806.41,0,Low
LOAN0000920,CUST002580,2023-05-13 03:55:13,6267.2,2098.64,0,Low
LOAN0000921,CUST002967,2024-03-26 05:56:54,14309.23,4723.97,60,Low
LOAN0000922,CUST006821,2023-01-29 02:21:45,13035.45,11721.06,0,Low
LOAN0000923,CUST001910,2026-07-10 11:01:17,3000.0,2791.39,0,Low
LOAN0000924,CUST008667,2025-08-29 13:08:23,5961.45,790.73,15,High
LOAN0000925,CUST001014,2025-06-04 19:01:39,19244.13,11011.75,0,Low
LOAN0000926,CUST002852,2024-12-20 23:48:30,13402.77,1688.98,0,High
LOAN0000927,CUST009614,2024-03-09 14:55:35,3465.65,2485.08,0,Medium
LOAN0000928,CUST002976,2024-10-11 18:35:03,12657.04,7057.84,0,Medium
LOAN0000929,CUST004303,2024-06-23 17:41:05,12796.29,5337.61,0,Medium
LOAN0000930,CUST002225,2025-10-08 21:08:53,8607.75,1255.92,0,Low
LOAN0000931,CUST004543,2023-06-05 00:46:40,14011.68,13541.48,45,Medium
LOAN0000932,CUST004547,2025-10-08 19:13:46,10729.41,1004.11,0,High
LOAN0000933,CUST004092,2023-11-30 01:45:08,10676.42,5961.47,90,Medium
LOAN0000934,CUST003487,2023-01-12 13:12:42,14256.74,6530.89,0,High
LOAN0000935,CUST011977,2026-03-23 01:59:00,4028.59,3275.13,0,Low
LOAN0000936,CUST009218,2023-09-17 14:13:16,3000.0,1558.06,0,Low
LOAN0000937,CUST007795,2026-05-18 20:45:56,11531.82,7901.78,0,High
LOAN0000938,CUST005742,2023-02-14 05:22:56,10289.89,8010.45,5,Medium
LOAN0000939,CUST000783,2024-10-25 08:28:59,9469.24,7587.77,0,High
LOAN0000940,CUST003887,2026-06-05 16:49:40,7193.62,1884.07,0,Medium
LOAN0000941,CUST009242,2023-03-05 01:35:35,5610.23,3524.74,90,Low
LOAN0000942,CUST007578,2023-08-31 03:27:02,3837.3,3169.3,0,High
LOAN0000943,CUST011888,2023-11-19 13:28:52,8288.03,6742.41,0,Medium
LOAN0000944,CUST009031,2025-02-13 03:56:35,8288.79,3168.42,0,Medium
LOAN0000945,CUST000379,2024-12-08 08:19:54,13180.62,4272.02,0,Low
LOAN0000946,CUST008132,2024-06-17 15:34:33,3503.17,1470.04,0,Low
LOAN0000947,CUST008648,2024-01-13 09:51:11,19381.42,15155.85,0,Low
LOAN0000948,CUST002474,2025-04-21 19:26:19,3961.77,1187.81,0,Low
LOAN0000949,CUST009614,2024-08-19 07:39:18,6071.13,1120.85,0,Low
LOAN0000950,CUST007754,2025-03-28 02:49:14,7263.83,4097.12,0,High
LOAN0000951,CUST004789,2025-10-04 03:18:53,4218.67,1517.96,0,Medium
LOAN0000952,CUST009918,2024-04-13 11:58:10,6694.81,6090.26,0,Low
LOAN0000953,CUST006653,2025-03-30 12:13:37,3000.0,2503.11,0,Low
LOAN0000954,CUST011567,2023-04-29 16:51:50,7423.24,7165.38,0,Low
LOAN0000955,CUST009308,2025-10-01 09:12:49,20889.01,8247.77,0,Low
LOAN0000956,CUST006853,2024-11-28 11:06:55,13980.45,4144.79,5,Low
LOAN0000957,CUST000201,2025-01-10 10:38:32,3598.76,2841.86,0,Medium
LOAN0000958,CUST004107,2024-06-25 11:17:11,13018.96,8802.9,0,Low
LOAN0000959,CUST010599,2023-09-09 12:56:49,15891.05,8990.85,15,Low
LOAN0000960,CUST002000,2023-08-30 11:37:30,16032.99,6259.77,0,Very High
LOAN0000961,CUST011807,2024-02-19 18:00:11,11958.25,9031.55,0,Medium
LOAN0000962,CUST007676,2023-01-12 12:18:25,8707.35,7292.76,0,Medium
LOAN0000963,CUST000456,2023-10-23 18:51:36,3000.0,1655.71,0,Medium
LOAN0000964,CUST009953,2024-11-15 18:59:14,15819.52,15106.48,5,Low
LOAN0000965,CUST005179,2026-06-05 22:25:00,9627.26,8132.39,0,Low
LOAN0000966,CUST010227,2024-04-01 14:55:18,11699.91,8109.67,0,Low
LOAN0000967,CUST007533,2024-05-30 01:33:29,3000.0,2738.41,0,Low
LOAN0000968,CUST003830,2023-01-22 12:04:24,14753.39,6748.11,0,Medium
LOAN0000969,CUST008184,2025-11-05 13:50:39,16574.55,7477.8,0,Medium
LOAN0000970,CUST009370,2023-12-12 22:36:16,11313.06,2491.46,0,Low
LOAN0000971,CUST003749,2024-02-02 13:33:29,4681.5,655.14,0,Medium
LOAN0000972,CUST003052,2023-02-18 21:14:06,3188.55,3006.88,0,Low
LOAN0000973,CUST009079,2026-07-01 00:13:33,3747.46,3236.86,0,Very High
LOAN0000974,CUST000597,2025-03-09 14:09:51,4329.51,1265.39,30,Low
LOAN0000975,CUST011091,2026-07-26 00:04:27,3815.37,3299.55,60,Low
LOAN0000976,CUST000707,2025-09-29 14:05:24,22534.42,11182.37,0,Low
LOAN0000977,CUST010122,2023-07-08 17:27:16,6598.81,6211.86,0,Low
LOAN0000978,CUST010374,2024-10-05 18:43:14,13935.12,3110.89,0,Low
LOAN0000979,CUST005290,2024-10-15 10:11:36,10327.24,5308.36,0,Low
LOAN0000980,CUST000794,2024-06-16 07:12:01,18127.87,15523.28,0,Low
LOAN0000981,CUST011145,2024-05-12 12:03:00,3889.21,1671.44,0,Medium
LOAN0000982,CUST001233,2025-11-11 20:22:00,7803.69,3268.08,0,High
LOAN0000983,CUST008956,2024-10-28 22:28:33,8004.84,7230.11,0,High
LOAN0000984,CUST003961,2024-11-07 18:02:16,22683.02,10050.74,0,Low
LOAN0000985,CUST004748,2025-05-11 13:14:16,26137.47,10250.26,0,Low
LOAN0000986,CUST000610,2023-04-23 21:37:21,5953.95,1723.72,0,Low
LOAN0000987,CUST004397,2023-01-26 17:02:40,7016.92,1274.35,0,Low
LOAN0000988,CUST003126,2026-04-05 05:37:06,8316.69,3352.94,0,Medium
LOAN0000989,CUST000531,2025-09-27 16:40:20,6079.59,2752.6,0,Low
LOAN0000990,CUST010698,2025-04-02 12:53:56,14507.8,1609.6,0,High
LOAN0000991,CUST006722,2023-10-08 04:40:03,6217.21,3725.64,0,Medium
LOAN0000992,CUST003119,2025-04-11 22:52:25,3574.66,2036.34,0,Low
LOAN0000993,CUST010551,2025-11-09 14:30:58,9080.29,8159.22,0,High
LOAN0000994,CUST009567,2023-08-02 22:07:54,22438.36,19985.89,30,Low
LOAN0000995,CUST011998,2023-08-09 09:33:29,16473.41,13098.89,0,Low
LOAN0000996,CUST011215,2023-02-14 02:44:31,5446.14,2444.41,0,Medium
LOAN0000997,CUST008637,2026-05-10 02:47:57,3000.0,492.36,15,Low
LOAN0000998,CUST004651,2023-03-02 16:41:13,9103.85,919.78,0,Low
LOAN0000999,CUST008075,2026-06-24 15:24:16,21065.52,4664.96,30,Medium
LOAN0001000,CUST008277,2024-03-05 21:25:09,25932.58,19714.96,0,Low
LOAN0001001,CUST009556,2023-11-19 17:56:10,4719.7,2919.92,0,Medium
LOAN0001002,CUST009023,2024-04-29 07:48:22,3624.66,2895.91,0,High
LOAN0001003,CUST009355,2025-02-04 01:02:56,3960.78,1840.72,0,High
LOAN0001004,CUST000012,2023-11-14 02:36:40,5091.98,1534.55,0,Low
LOAN0001005,CUST003347,2024-01-28 09:16:30,17212.89,12717.79,0,Low
LOAN0001006,CUST007998,2026-03-25 15:11:27,5627.97,4953.14,0,Medium
LOAN0001007,CUST009505,2026-07-06 06:02:19,8525.07,4615.79,0,Medium
LOAN0001008,CUST011269,2026-06-16 10:38:50,3531.6,808.29,30,Low
LOAN0001009,CUST000826,2026-05-20 19:08:34,3000.0,2446.0,0,Low
LOAN0001010,CUST010351,2023-04-15 01:36:55,7661.28,6154.97,0,Low
LOAN0001011,CUST007317,2024-05-27 10:07:18,4924.8,4232.79,5,High
LOAN0001012,CUST004788,2025-05-02 23:46:42,18766.15,17647.72,0,Low
LOAN0001013,CUST008611,2023-10-05 16:05:56,23658.03,2903.91,0,High
LOAN0001014,CUST011575,2023-02-04 21:10:17,3068.3,1183.97,0,Medium
LOAN0001015,CUST000935,2024-12-05 20:50:45,7757.26,1224.31,60,Medium
LOAN0001016,CUST005126,2023-01-04 15:27:51,12173.8,4921.56,0,Low
LOAN0001017,CUST010165,2023-09-04 03:23:47,4611.63,1330.92,0,Medium
LOAN0001018,CUST005441,2025-02-14 22:57:43,8151.62,7574.06,5,Low
LOAN0001019,CUST009091,2025-04-22 13:47:00,3600.17,491.87,0,Low
LOAN0001020,CUST006411,2026-06-12 14:36:43,9609.61,6275.16,15,Low
LOAN0001021,CUST002543,2023-02-07 05:11:52,9840.64,8060.46,0,Medium
LOAN0001022,CUST003629,2025-11-23 17:49:06,11970.87,8761.16,0,Medium
LOAN0001023,CUST002820,2025-01-06 20:04:56,6167.08,1687.87,0,Low
LOAN0001024,CUST005593,2024-05-14 05:01:31,11617.44,1130.07,0,Low
LOAN0001025,CUST006749,2023-05-10 21:49:02,7748.87,2576.19,30,Low
LOAN0001026,CUST004046,2024-05-17 17:45:26,3000.0,2271.85,0,Low
LOAN0001027,CUST009742,2025-09-02 19:28:32,7762.44,4596.48,0,Medium
LOAN0001028,CUST004788,2026-07-28 14:43:33,9355.44,5036.71,0,Medium
LOAN0001029,CUST003305,2024-12-19 23:05:19,4381.09,3477.13,0,Medium
LOAN0001030,CUST004558,2025-04-03 04:29:12,7181.35,2477.42,0,Low
LOAN0001031,CUST003460,2025-06-26 19:20:46,3000.0,885.27,0,Very High
LOAN0001032,CUST005730,2025-04-10 11:04:58,5900.07,4863.02,90,Low
LOAN0001033,CUST006791,2024-06-12 03:41:42,3000.0,2000.96,0,Medium
LOAN0001034,CUST008925,2023-04-21 07:29:27,18357.78,9558.95,0,Medium
LOAN0001035,CUST007986,2026-03-23 15:45:23,5327.43,4940.83,0,High
LOAN0001036,CUST011363,2023-06-08 18:13:12,10288.85,6798.23,0,Low
LOAN0001037,CUST007796,2025-08-27 09:21:55,31931.34,11264.57,0,Low
LOAN0001038,CUST011461,2024-06-02 13:22:59,3000.0,1454.35,45,Low
LOAN0001039,CUST009124,2023-02-11 05:02:21,13649.28,11279.16,0,High
LOAN0001040,CUST006699,2023-09-05 15:11:08,8196.21,1997.71,0,High
LOAN0001041,CUST009666,2025-04-11 19:03:28,9514.08,1629.61,0,High
LOAN0001042,CUST002853,2025-09-22 06:39:27,5981.17,1699.32,0,Low
LOAN0001043,CUST005664,2026-05-10 21:16:24,12142.96,2192.27,0,Medium
LOAN0001044,CUST010156,2026-04-10 11:14:37,8732.71,4425.15,0,High
LOAN0001045,CUST008537,2023-06-15 10:49:45,16127.72,7168.56,15,Low
LOAN0001046,CUST009410,2024-12-16 18:16:14,12233.7,5854.03,30,Medium
LOAN0001047,CUST010173,2026-03-11 13:17:26,8817.81,5198.84,0,High
LOAN0001048,CUST001634,2024-02-11 15:46:48,3000.0,2312.38,0,Low
LOAN0001049,CUST005871,2024-11-24 01:27:01,6654.15,4831.92,0,Medium
LOAN0001050,CUST010708,2024-05-01 22:49:18,4277.94,2992.37,0,Low
LOAN0001051,CUST002418,2023-12-02 17:34:53,11479.36,4627.83,0,Low
LOAN0001052,CUST002296,2023-02-21 01:05:58,11156.78,3441.56,0,Low
LOAN0001053,CUST009574,2025-12-24 15:50:51,3000.0,2867.42,0,Medium
LOAN0001054,CUST000220,2025-06-06 11:31:49,19728.66,12767.09,0,Low
LOAN0001055,CUST010225,2026-05-19 23:47:03,6810.6,2155.98,5,Low
LOAN0001056,CUST005579,2024-10-21 03:51:39,6796.54,5669.53,0,Medium
LOAN0001057,CUST003002,2024-05-30 18:56:46,14073.8,4962.06,0,Low
LOAN0001058,CUST004373,2024-12-09 22:02:08,12153.09,776.47,0,High
LOAN0001059,CUST008279,2026-07-12 16:11:24,29066.75,15041.66,30,Low
LOAN0001060,CUST004513,2024-08-14 20:27:36,4254.48,1797.85,0,High
LOAN0001061,CUST003735,2025-12-03 00:00:54,10246.4,6332.67,0,Low
LOAN0001062,CUST008654,2025-12-25 12:46:46,3320.94,235.3,0,Low
LOAN0001063,CUST005657,2023-06-28 02:38:50,16623.0,3825.85,0,Low
LOAN0001064,CUST006307,2023-08-22 07:20:03,13832.13,1019.03,120,High
LOAN0001065,CUST003616,2024-05-26 03:48:09,7578.83,2219.19,0,Low
LOAN0001066,CUST009300,2025-08-09 20:18:05,7557.5,585.91,30,High
LOAN0001067,CUST005704,2023-12-11 23:28:11,3000.0,1159.23,0,Low
LOAN0001068,CUST011971,2024-08-30 23:28:18,18996.79,10354.16,0,Medium
LOAN0001069,CUST009126,2023-06-08 16:56:05,4551.68,3179.93,0,Medium
LOAN0001070,CUST004074,2025-04-17 10:02:27,6110.92,4955.28,0,Low
LOAN0001071,CUST006909,2026-05-29 04:50:00,44758.35,41757.74,0,Medium
LOAN0001072,CUST010937,2023-06-11 13:17:49,12665.28,9374.36,0,Medium
LOAN0001073,CUST010187,2025-08-19 00:37:02,8232.79,3079.14,5,Medium
LOAN0001074,CUST005003,2024-09-09 05:04:40,18294.69,17060.82,0,High
LOAN0001075,CUST002267,2024-08-24 15:46:43,23035.85,11518.96,0,Low
LOAN0001076,CUST002532,2023-09-23 22:46:38,15194.99,7823.57,0,Medium
LOAN0001077,CUST004733,2024-06-30 23:24:11,3000.0,2428.86,0,Very High
LOAN0001078,CUST005499,2025-12-27 00:09:25,6766.23,4594.03,0,Low
LOAN0001079,CUST002570,2025-05-12 16:45:08,9648.24,1637.8,0,Low
LOAN0001080,CUST000888,2024-05-13 18:44:14,18790.02,3805.22,0,Medium
LOAN0001081,CUST007300,2023-02-21 09:48:25,17016.37,15915.02,0,Low
LOAN0001082,CUST002688,2026-04-25 22:20:00,4576.12,891.98,0,Low
LOAN0001083,CUST005178,2023-04-29 22:54:11,6465.15,2013.2,0,Medium
LOAN0001084,CUST001002,2024-10-24 10:51:05,15900.43,13891.42,0,High
LOAN0001085,CUST002726,2023-03-31 19:28:40,3330.91,1455.54,0,Low
LOAN0001086,CUST006311,2026-01-01 23:56:51,4477.49,1504.49,0,High
LOAN0001087,CUST009205,2023-08-02 19:35:22,7824.08,2412.85,0,High
LOAN0001088,CUST005072,2023-05-08 06:02:55,8703.26,1557.86,0,Low
LOAN0001089,CUST007448,2025-03-22 03:09:39,29241.03,1879.52,5,High
LOAN0001090,CUST007059,2025-09-30 15:18:30,20933.97,17864.4,0,High
LOAN0001091,CUST002186,2023-04-26 22:30:35,15676.65,7073.21,0,Low
LOAN0001092,CUST004019,2026-06-26 16:26:41,10754.31,1919.69,15,Low
LOAN0001093,CUST003692,2024-12-24 20:24:04,8970.84,5319.31,0,Medium
LOAN0001094,CUST000099,2024-09-15 23:00:50,19054.66,5857.12,0,Medium
LOAN0001095,CUST004660,2024-07-08 20:19:55,9426.11,1251.27,0,High
LOAN0001096,CUST011289,2025-05-26 07:42:59,8273.03,2736.67,0,Low
LOAN0001097,CUST011512,2026-03-10 06:36:01,6934.04,6085.37,0,Medium
LOAN0001098,CUST003898,2024-03-15 06:59:27,5033.66,3642.39,0,High
LOAN0001099,CUST003289,2024-05-16 14:55:17,4362.09,1779.45,0,Medium
LOAN0001100,CUST006597,2026-04-09 18:08:53,4105.21,3721.67,0,High
LOAN0001101,CUST001987,2023-04-22 23:01:12,10038.26,8506.11,0,Medium
LOAN0001102,CUST006939,2025-03-07 02:01:59,6979.57,1599.77,0,High
LOAN0001103,CUST008356,2023-05-08 16:40:17,15272.25,3502.68,0,Low
LOAN0001104,CUST004591,2024-04-01 17:15:10,11128.6,9392.58,90,Low
LOAN0001105,CUST011442,2024-09-19 19:51:41,7610.08,3107.57,0,Low
LOAN0001106,CUST000123,2024-12-12 06:55:54,5950.98,1679.51,0,Low
LOAN0001107,CUST001452,2024-06-09 20:57:22,7311.05,6110.52,0,Medium
LOAN0001108,CUST000670,2025-08-18 09:13:58,10789.65,3757.47,15,Low
LOAN0001109,CUST004612,2023-08-06 12:22:30,5792.42,3425.79,0,Medium
LOAN0001110,CUST003101,2023-04-26 20:19:25,3769.91,858.15,0,Medium
LOAN0001111,CUST007661,2025-09-17 04:50:19,4402.77,4218.58,0,Low
LOAN0001112,CUST007438,2025-01-15 07:50:16,4253.94,2697.52,0,Low
LOAN0001113,CUST000052,2025-12-30 12:32:44,33306.05,20341.25,5,Medium
LOAN0001114,CUST001558,2024-08-01 07:44:48,3000.0,212.53,0,Low
LOAN0001115,CUST004441,2026-04-06 14:21:35,3432.43,911.77,0,Low
LOAN0001116,CUST010923,2024-12-18 14:28:29,11093.46,7269.71,60,Low
LOAN0001117,CUST005380,2024-06-16 07:15:24,12356.67,10396.5,5,High
LOAN0001118,CUST003858,2025-02-12 03:10:50,6535.22,6240.9,0,Low
LOAN0001119,CUST001592,2023-10-05 06:22:03,10995.38,7064.3,30,Medium
LOAN0001120,CUST007990,2025-02-24 17:02:45,3000.0,488.8,0,Medium
LOAN0001121,CUST005440,2023-04-02 20:56:08,3000.0,1857.15,0,Low
LOAN0001122,CUST002278,2023-11-10 21:37:47,3796.71,3015.05,15,Low
LOAN0001123,CUST008598,2023-01-07 08:08:03,21364.45,8129.09,5,Medium
LOAN0001124,CUST005028,2026-01-23 01:54:55,9381.37,4910.53,0,Low
LOAN0001125,CUST005216,2025-09-20 12:40:49,12237.94,4715.78,0,Medium
LOAN0001126,CUST009637,2024-07-26 09:04:51,8830.31,7897.3,5,Low
LOAN0001127,CUST002879,2024-02-05 12:17:57,4156.32,2681.73,0,Low
LOAN0001128,CUST003124,2023-08-17 14:36:03,9654.14,6262.37,5,Medium
LOAN0001129,CUST009502,2024-03-24 10:55:32,4235.09,2557.8,0,Low
LOAN0001130,CUST007484,2023-10-30 07:11:28,18912.83,14587.86,0,Low
LOAN0001131,CUST008829,2024-07-15 20:14:10,3000.0,979.4,45,Low
LOAN0001132,CUST005988,2025-12-24 00:13:00,9151.67,3556.46,0,Low
LOAN0001133,CUST011744,2024-08-16 17:38:33,8837.18,518.46,30,Low
LOAN0001134,CUST009456,2023-12-15 13:49:18,5449.86,3939.11,30,Medium
LOAN0001135,CUST001182,2024-12-25 19:52:48,10455.93,8301.1,30,Low
LOAN0001136,CUST003665,2026-05-07 22:59:07,17870.22,12708.2,0,Medium
LOAN0001137,CUST004416,2023-10-22 10:15:46,7723.17,5401.01,0,Low
LOAN0001138,CUST006611,2023-12-23 13:46:42,8091.94,5356.12,15,Medium
LOAN0001139,CUST008729,2024-06-21 22:59:33,4314.91,3711.55,45,High
LOAN0001140,CUST003728,2023-06-07 16:27:08,3716.68,2276.0,0,Low
LOAN0001141,CUST000498,2024-02-19 23:15:02,27923.57,13999.25,0,Low
LOAN0001142,CUST011109,2025-07-26 08:02:16,5558.58,1957.83,0,High
LOAN0001143,CUST003580,2023-05-03 03:01:20,3000.0,2572.27,15,Low
LOAN0001144,CUST009422,2025-03-29 10:53:25,8185.33,782.01,0,Medium
LOAN0001145,CUST011727,2023-02-03 07:03:02,5421.18,2148.77,0,Very High
LOAN0001146,CUST000531,2025-10-08 00:13:31,3000.0,584.67,0,Low
LOAN0001147,CUST008984,2025-08-13 02:27:41,6725.61,4081.95,0,Low
LOAN0001148,CUST005008,2023-02-14 23:38:39,5005.22,2832.81,15,Low
LOAN0001149,CUST007626,2023-12-04 14:40:25,12274.19,5874.45,0,Low
LOAN0001150,CUST004925,2023-12-29 19:46:38,15363.17,6790.66,0,Low
LOAN0001151,CUST005205,2023-06-25 10:28:03,10379.56,5364.43,30,Low
LOAN0001152,CUST007279,2023-08-25 23:10:11,11109.67,9999.51,30,Low
LOAN0001153,CUST001210,2024-06-16 13:37:04,30080.75,25317.64,0,Very High
LOAN0001154,CUST002669,2025-05-30 15:50:52,18268.3,1509.85,0,Low
LOAN0001155,CUST002975,2025-06-03 23:01:20,11976.94,11497.73,0,Medium
LOAN0001156,CUST011737,2024-12-01 11:20:24,6832.3,5989.37,0,Medium
LOAN0001157,CUST000161,2024-01-26 09:21:09,8946.19,6018.21,0,High
LOAN0001158,CUST002776,2023-06-06 03:50:38,21778.98,6459.7,15,Medium
LOAN0001159,CUST008343,2025-02-04 03:49:10,6683.93,5650.1,30,Low
LOAN0001160,CUST002563,2025-09-28 11:38:14,17444.76,3343.26,5,High
LOAN0001161,CUST005287,2024-04-18 21:43:29,15328.89,4046.53,0,Medium
LOAN0001162,CUST005073,2024-06-12 23:23:31,16812.85,3300.86,30,Low
LOAN0001163,CUST007680,2026-06-06 01:25:43,9423.06,858.79,5,Medium
LOAN0001164,CUST000468,2023-10-09 03:10:44,7347.16,2854.51,0,Very High
LOAN0001165,CUST001084,2024-09-14 14:44:26,8709.09,3603.48,30,Low
LOAN0001166,CUST007162,2025-09-14 23:50:32,3444.88,178.41,5,Low
LOAN0001167,CUST009405,2024-01-16 06:28:18,10590.74,4614.42,0,High
LOAN0001168,CUST006370,2023-12-05 10:37:51,8187.79,1308.77,5,High
LOAN0001169,CUST006704,2024-04-21 03:32:33,20442.75,10690.29,0,Medium
LOAN0001170,CUST002199,2025-02-18 13:12:23,10855.75,8807.31,0,Low
LOAN0001171,CUST001638,2026-06-04 15:05:55,8919.61,3223.73,0,Medium
LOAN0001172,CUST003747,2024-03-05 16:42:15,15907.11,8712.14,0,High
LOAN0001173,CUST003336,2025-09-26 08:52:38,13452.85,4602.73,0,Medium
LOAN0001174,CUST003007,2024-01-11 19:39:28,15961.11,1728.25,0,Medium
LOAN0001175,CUST003248,2026-05-28 04:27:25,3648.8,3571.52,0,Low
LOAN0001176,CUST004781,2023-08-29 14:21:52,12487.62,5875.56,0,Medium
LOAN0001177,CUST004630,2023-08-23 10:04:14,3447.45,336.11,5,High
LOAN0001178,CUST009665,2024-06-09 19:16:23,16195.81,4385.83,0,Low
LOAN0001179,CUST004376,2024-08-11 14:56:23,8160.17,7656.22,0,Low
LOAN0001180,CUST011738,2024-02-17 07:54:17,14716.67,13668.08,15,Low
LOAN0001181,CUST003568,2025-06-10 14:04:47,6058.11,1727.3,0,Medium
LOAN0001182,CUST008981,2024-01-05 02:41:22,7665.34,4583.76,5,Low
LOAN0001183,CUST010204,2024-02-10 14:30:07,20056.74,4379.99,0,Low
LOAN0001184,CUST001172,2026-02-16 15:27:22,3000.0,1352.82,0,Medium
LOAN0001185,CUST003325,2023-11-12 14:43:32,5090.97,1299.41,60,Low
LOAN0001186,CUST001333,2024-06-06 17:19:53,3463.04,1051.99,0,Low
LOAN0001187,CUST003282,2025-11-29 04:09:50,3000.0,240.21,0,Low
LOAN0001188,CUST004131,2024-12-14 15:46:25,4270.41,2616.68,0,Low
LOAN0001189,CUST004461,2025-11-14 12:06:07,7654.32,7250.61,0,Low
LOAN0001190,CUST002833,2026-05-24 06:20:53,3808.54,726.52,0,Medium
LOAN0001191,CUST005434,2023-07-07 06:51:57,8626.13,4306.53,5,Medium
LOAN0001192,CUST008054,2025-02-19 22:30:58,3433.16,3154.81,5,High
LOAN0001193,CUST007954,2026-06-06 14:03:05,15391.3,10179.62,0,Medium
LOAN0001194,CUST007250,2026-01-17 07:31:55,12345.87,1037.5,0,High
LOAN0001195,CUST003014,2025-11-17 04:13:40,8735.57,2816.92,0,Medium
LOAN0001196,CUST006078,2024-11-21 04:51:35,4537.41,2562.12,30,High
LOAN0001197,CUST001199,2026-05-23 08:39:31,11932.18,3423.2,0,Medium
LOAN0001198,CUST003453,2024-07-17 20:11:08,4387.74,786.57,0,Medium
LOAN0001199,CUST004310,2024-04-05 03:39:47,15226.53,10827.55,0,Low
LOAN0001200,CUST000911,2024-07-14 21:15:56,9707.96,3378.25,0,Low
LOAN0001201,CUST008955,2023-04-26 04:06:38,21371.98,2344.81,60,Low
LOAN0001202,CUST005280,2024-02-05 22:13:46,30336.56,3595.69,15,Medium
LOAN0001203,CUST000217,2024-03-19 04:17:07,13681.27,9953.24,0,Low
LOAN0001204,CUST002330,2024-05-17 13:13:40,26013.48,21134.71,0,Medium
LOAN0001205,CUST009233,2023-01-30 06:31:07,4900.33,2958.15,0,Low
LOAN0001206,CUST009272,2026-07-27 17:37:53,5189.36,3132.97,30,Low
LOAN0001207,CUST003910,2024-11-15 22:20:26,3116.15,1872.32,5,Low
LOAN0001208,CUST011052,2023-08-25 13:11:40,6873.44,4283.5,0,Medium
LOAN0001209,CUST001580,2026-05-29 20:16:52,4619.62,4284.65,15,Low
LOAN0001210,CUST009699,2025-07-01 22:13:10,9343.06,3540.52,0,Medium
LOAN0001211,CUST001736,2025-10-07 08:25:34,10130.2,9834.02,0,High
LOAN0001212,CUST005477,2024-05-25 23:43:06,18119.16,3039.4,0,Medium
LOAN0001213,CUST004583,2024-07-13 05:19:18,8436.13,7967.87,45,Low
LOAN0001214,CUST008739,2026-01-27 04:14:19,3000.0,2009.88,0,Low
LOAN0001215,CUST004841,2025-11-25 21:34:33,9489.36,3066.56,120,Low
LOAN0001216,CUST010392,2023-02-16 00:58:16,14369.55,3057.63,0,Low
LOAN0001217,CUST004175,2023-02-08 02:39:47,8180.7,1869.89,0,Medium
LOAN0001218,CUST005527,2025-09-23 03:18:14,4947.75,2194.39,0,Medium
LOAN0001219,CUST005469,2026-05-13 14:16:39,4305.72,3001.63,45,High
LOAN0001220,CUST006879,2024-10-02 02:23:46,17494.24,6941.06,0,Low
LOAN0001221,CUST009849,2023-09-14 14:18:01,15226.04,3225.45,0,High
LOAN0001222,CUST010647,2024-01-24 18:34:14,3109.46,284.43,0,Low
LOAN0001223,CUST004722,2023-06-27 18:25:35,5333.04,577.32,15,Medium
LOAN0001224,CUST008762,2024-05-07 09:43:16,4344.53,1149.65,0,Medium
LOAN0001225,CUST008091,2024-07-14 13:13:20,4174.96,2128.1,120,Low
LOAN0001226,CUST006661,2024-08-25 01:21:20,9143.0,4951.38,0,High
LOAN0001227,CUST003056,2026-07-26 13:24:51,13825.58,13441.14,5,Low
LOAN0001228,CUST006696,2025-01-26 03:45:24,5864.28,3003.14,0,Low
LOAN0001229,CUST009492,2023-09-20 01:19:13,4673.18,3501.65,0,Medium
LOAN0001230,CUST008487,2023-01-19 01:21:33,9761.31,5557.89,0,High
LOAN0001231,CUST011188,2025-12-10 00:16:46,11099.3,7353.46,0,Very High
LOAN0001232,CUST006763,2023-08-27 18:14:20,4689.7,3779.39,0,Low
LOAN0001233,CUST006773,2023-01-01 14:17:24,12255.91,8664.22,0,Low
LOAN0001234,CUST006343,2026-03-13 00:16:22,5305.96,2536.15,0,Medium
LOAN0001235,CUST004901,2026-02-05 04:18:00,6608.79,5789.18,30,Medium
LOAN0001236,CUST003752,2024-10-12 01:48:04,11084.25,8277.02,0,High
LOAN0001237,CUST002374,2026-03-28 20:30:52,4515.37,1787.7,0,Low
LOAN0001238,CUST005846,2025-09-23 17:24:43,4533.76,3560.41,0,Low
LOAN0001239,CUST011138,2023-07-29 22:19:49,4909.54,812.12,0,Low
LOAN0001240,CUST000056,2026-04-26 08:51:33,8113.3,2779.1,0,High
LOAN0001241,CUST005912,2026-05-05 15:42:19,12093.25,5446.28,0,Low
LOAN0001242,CUST008810,2024-02-08 04:27:23,6440.79,2263.79,30,Medium
LOAN0001243,CUST004977,2024-11-11 03:44:14,11780.28,2184.26,30,Medium
LOAN0001244,CUST008150,2024-05-06 12:23:08,4067.31,359.39,0,Low
LOAN0001245,CUST002946,2024-10-01 13:14:02,13317.37,11424.6,0,Low
LOAN0001246,CUST001736,2025-08-04 22:14:26,3390.69,773.3,0,Low
LOAN0001247,CUST002718,2025-09-10 10:44:21,7181.37,2470.43,0,Low
LOAN0001248,CUST005714,2025-01-31 04:45:24,45831.77,35929.03,0,Medium
LOAN0001249,CUST007160,2023-04-28 03:46:35,6204.38,5662.27,30,Medium
LOAN0001250,CUST005576,2025-03-12 11:14:49,11818.56,10603.08,0,Low
LOAN0001251,CUST004877,2025-10-06 00:26:45,15560.03,14341.69,0,Medium
LOAN0001252,CUST004300,2023-01-20 21:35:43,3000.0,2241.38,60,Medium
LOAN0001253,CUST011974,2025-12-12 23:39:37,3000.0,1120.27,60,Very High
LOAN0001254,CUST002147,2023-12-12 12:00:07,7370.83,7080.13,0,Low
LOAN0001255,CUST006032,2026-05-23 14:33:14,4768.84,582.29,0,Medium
LOAN0001256,CUST004389,2023-12-10 21:32:28,22711.13,19557.7,0,High
LOAN0001257,CUST009400,2024-12-29 07:48:38,6387.58,4141.74,0,High
LOAN0001258,CUST006730,2023-05-25 23:17:22,21601.35,9231.21,30,Low
LOAN0001259,CUST008067,2026-04-24 22:27:36,12939.02,2327.39,15,High
LOAN0001260,CUST006927,2024-09-29 21:41:16,9231.5,2984.76,15,Low
LOAN0001261,CUST010187,2024-09-21 07:44:21,16021.86,2944.33,0,Low
LOAN0001262,CUST007298,2025-05-21 11:16:35,4673.96,778.06,0,High
LOAN0001263,CUST003221,2023-09-30 05:52:05,20655.01,15041.95,30,Medium
LOAN0001264,CUST004889,2023-03-27 20:36:30,6105.67,3898.75,0,High
LOAN0001265,CUST007269,2023-04-05 13:23:31,8864.02,611.81,0,Low
LOAN0001266,CUST001846,2023-08-06 17:42:18,34207.86,17674.68,0,Medium
LOAN0001267,CUST007280,2026-05-14 04:04:32,5433.8,4356.49,0,Low
LOAN0001268,CUST000477,2025-03-23 20:43:55,15316.38,11182.15,0,Medium
LOAN0001269,CUST000475,2026-07-23 03:46:04,5960.83,5778.44,0,Low
LOAN0001270,CUST006764,2024-02-25 13:51:52,5460.71,2601.36,0,Medium
LOAN0001271,CUST011243,2025-11-13 06:01:44,3406.06,585.75,0,Low
LOAN0001272,CUST001358,2025-04-28 13:48:40,8538.35,2718.86,0,Low
LOAN0001273,CUST005355,2026-06-07 18:30:33,8439.47,5765.29,0,Low
LOAN0001274,CUST011078,2024-07-28 19:30:44,20578.37,3982.03,15,Low
LOAN0001275,CUST006461,2024-01-21 02:06:17,5555.94,1398.44,15,Medium
LOAN0001276,CUST010312,2024-01-25 00:32:54,23066.62,15611.24,0,Medium
LOAN0001277,CUST003443,2023-11-14 01:15:19,18980.77,2462.38,0,Medium
LOAN0001278,CUST002503,2023-08-21 02:43:10,11418.53,7340.46,0,Low
LOAN0001279,CUST005086,2024-04-20 11:50:46,4113.03,308.86,0,Medium
LOAN0001280,CUST011728,2023-09-02 07:09:17,17028.63,2268.22,0,Medium
LOAN0001281,CUST010190,2025-12-14 12:21:59,9019.52,8094.97,0,Low
LOAN0001282,CUST009805,2023-05-07 20:16:53,8219.1,1853.12,0,Low
LOAN0001283,CUST010824,2026-03-29 20:18:47,10190.37,7615.86,15,Low
LOAN0001284,CUST008734,2025-06-04 19:58:43,26012.05,19585.57,0,Medium
LOAN0001285,CUST010220,2024-05-11 19:58:22,6096.88,4543.8,120,Low
LOAN0001286,CUST010607,2025-09-16 05:19:25,10185.45,1065.71,0,Low
LOAN0001287,CUST006485,2026-01-12 10:58:51,5086.8,940.77,30,High
LOAN0001288,CUST010034,2025-10-02 16:15:24,4251.34,2156.23,0,High
LOAN0001289,CUST008571,2023-12-17 05:15:42,6751.11,4525.83,0,Medium
LOAN0001290,CUST001598,2025-08-25 09:22:00,16915.38,12810.66,0,High
LOAN0001291,CUST007148,2023-04-13 04:28:14,10682.52,6912.12,15,Medium
LOAN0001292,CUST009581,2024-05-27 00:04:44,8634.03,2987.95,0,High
LOAN0001293,CUST000430,2024-12-01 14:40:17,10204.44,2406.95,0,Medium
LOAN0001294,CUST003154,2025-01-14 20:24:39,7823.69,6457.84,0,High
LOAN0001295,CUST005210,2023-09-16 17:03:08,3394.86,1058.78,0,High
LOAN0001296,CUST000600,2026-02-21 01:29:58,11151.1,5617.0,0,Low
LOAN0001297,CUST006239,2024-01-21 13:24:34,8504.07,1128.54,0,Very High
LOAN0001298,CUST002958,2025-08-05 03:49:49,5440.31,1751.76,0,Low
LOAN0001299,CUST009431,2025-01-22 05:54:48,12071.74,5179.33,30,Low
LOAN0001300,CUST007413,2023-03-06 04:28:56,59738.83,13680.08,0,Low
LOAN0001301,CUST011769,2023-10-17 16:10:07,17065.74,2388.14,0,Medium
LOAN0001302,CUST004831,2024-04-18 20:50:17,8897.61,3882.86,0,Medium
LOAN0001303,CUST010324,2023-11-11 19:43:14,8552.23,4313.03,30,High
LOAN0001304,CUST010791,2024-06-13 17:11:40,11207.35,8204.22,0,Very High
LOAN0001305,CUST011242,2026-07-10 02:05:53,3000.0,2038.22,120,Medium
LOAN0001306,CUST006919,2023-03-21 06:58:41,10657.06,6786.64,0,High
LOAN0001307,CUST002909,2023-04-01 08:51:15,5265.4,2807.4,0,Low
LOAN0001308,CUST002293,2025-02-02 11:26:28,8757.63,5270.44,0,Low
LOAN0001309,CUST007956,2026-02-25 16:49:52,9698.93,1689.03,15,Low
LOAN0001310,CUST005880,2025-02-24 02:33:14,5250.1,582.45,5,Low
LOAN0001311,CUST010031,2025-11-03 18:18:09,10151.48,5602.44,0,Low
LOAN0001312,CUST007245,2023-05-29 10:23:04,38123.86,15533.73,0,Low
LOAN0001313,CUST011412,2023-03-16 00:52:47,11222.05,7910.18,0,Medium
LOAN0001314,CUST001843,2025-08-21 03:52:12,6261.3,4655.56,0,Medium
LOAN0001315,CUST005486,2023-11-17 09:24:49,3686.36,210.81,60,Medium
LOAN0001316,CUST006716,2024-08-24 14:04:28,9618.24,1582.65,0,Medium
LOAN0001317,CUST006565,2023-11-18 03:42:16,16885.42,8472.7,0,Low
LOAN0001318,CUST001789,2023-10-06 13:16:22,3166.08,2801.13,0,Medium
LOAN0001319,CUST009826,2026-01-27 07:52:24,9582.18,1180.4,0,Low
LOAN0001320,CUST004604,2025-08-28 06:53:04,8872.77,5490.19,0,Medium
LOAN0001321,CUST008501,2026-07-16 11:35:21,13040.09,7306.38,0,Medium
LOAN0001322,CUST004367,2024-04-16 14:39:51,5412.46,4903.78,45,Medium
LOAN0001323,CUST009076,2025-10-21 14:07:34,8484.69,5329.9,0,Medium
LOAN0001324,CUST005296,2025-01-13 04:31:45,3000.0,903.54,0,Low
LOAN0001325,CUST006055,2024-08-31 19:10:44,23840.44,2223.64,60,Low
LOAN0001326,CUST008210,2025-11-04 10:29:51,4148.94,1886.19,0,Medium
LOAN0001327,CUST009329,2025-01-01 07:52:36,11092.06,2829.3,0,Low
LOAN0001328,CUST009774,2025-07-22 15:13:54,7706.59,1087.06,0,Medium
LOAN0001329,CUST011489,2024-08-02 21:37:15,4401.46,1420.38,0,Medium
LOAN0001330,CUST002807,2026-04-19 14:53:56,4779.66,4615.75,5,Medium
LOAN0001331,CUST008467,2023-07-31 16:32:31,25147.62,9159.6,0,Medium
LOAN0001332,CUST001093,2026-03-27 10:46:18,10552.87,9061.02,90,Medium
LOAN0001333,CUST006444,2024-12-18 14:06:40,11023.01,7105.05,0,Low
LOAN0001334,CUST005824,2023-04-16 08:55:44,5671.81,1014.04,60,Medium
LOAN0001335,CUST000515,2023-10-26 03:54:09,14488.19,9991.01,0,High
LOAN0001336,CUST001335,2024-02-04 13:16:20,15464.56,10859.05,0,Low
LOAN0001337,CUST002677,2024-06-11 22:06:38,4625.92,1879.07,0,Medium
LOAN0001338,CUST009864,2026-07-16 22:09:18,13105.4,3728.47,0,Medium
LOAN0001339,CUST000207,2024-01-06 20:27:56,6196.14,5098.67,0,Medium
LOAN0001340,CUST001459,2023-06-21 02:44:23,8463.4,6699.3,0,Low
LOAN0001341,CUST005316,2026-01-16 05:20:05,4973.7,3254.07,0,Low
LOAN0001342,CUST005336,2026-04-24 01:42:41,5176.28,2222.12,45,Medium
LOAN0001343,CUST010678,2025-02-14 18:38:20,3000.0,725.6,5,Medium
LOAN0001344,CUST007706,2024-11-18 05:15:12,8188.37,6868.81,0,Low
LOAN0001345,CUST011612,2023-01-28 11:50:40,7342.1,3909.51,0,Very High
LOAN0001346,CUST001344,2023-10-31 22:12:13,8211.47,3386.04,30,Very High
LOAN0001347,CUST008969,2024-03-02 17:30:17,9082.82,3183.65,0,Low
LOAN0001348,CUST005142,2025-09-15 05:05:20,11615.08,8998.82,0,Medium
LOAN0001349,CUST005530,2025-04-26 09:26:46,7162.09,5760.86,15,Low
LOAN0001350,CUST000659,2025-10-12 11:50:50,6066.74,3938.44,45,Medium
LOAN0001351,CUST009128,2024-02-01 12:02:27,19628.27,4309.16,0,Medium
LOAN0001352,CUST005873,2023-01-12 03:16:28,14543.15,3681.77,0,High
LOAN0001353,CUST006955,2024-06-16 05:52:43,3000.0,2255.23,0,Medium
LOAN0001354,CUST005773,2023-09-01 13:07:04,7908.83,1523.29,0,Medium
LOAN0001355,CUST002058,2023-01-15 16:32:40,7736.51,943.21,0,Low
LOAN0001356,CUST000280,2024-10-10 02:02:39,5909.23,3188.04,0,High
LOAN0001357,CUST006790,2025-01-05 13:42:17,6867.35,3426.87,0,Medium
LOAN0001358,CUST006109,2024-03-23 10:44:24,10754.74,3567.96,0,Low
LOAN0001359,CUST005117,2025-11-28 02:43:03,10142.86,923.39,0,Very High
LOAN0001360,CUST008927,2023-01-10 11:13:52,3503.92,2124.48,0,Low
LOAN0001361,CUST002871,2025-12-03 05:46:34,15755.22,5646.12,0,Medium
LOAN0001362,CUST006672,2025-10-24 01:42:22,33844.03,12564.34,45,High
LOAN0001363,CUST002197,2024-04-07 06:56:46,3000.0,891.2,0,Medium
LOAN0001364,CUST001777,2026-01-12 14:43:54,14244.11,4563.16,0,Medium
LOAN0001365,CUST007604,2025-06-14 10:54:54,5452.71,4430.76,0,Medium
LOAN0001366,CUST004734,2023-01-10 07:04:21,6224.06,3234.12,0,Very High
LOAN0001367,CUST006887,2025-07-07 10:16:31,4190.56,2201.31,0,High
LOAN0001368,CUST006059,2026-05-24 19:28:42,20457.78,2092.13,15,Low
LOAN0001369,CUST009249,2023-10-18 09:00:09,8064.81,1910.14,15,Low
LOAN0001370,CUST007002,2023-03-20 06:59:00,6931.46,4814.23,0,Medium
LOAN0001371,CUST010593,2023-07-27 08:05:28,6623.84,4417.23,15,Medium
LOAN0001372,CUST006556,2024-01-02 14:12:08,6164.72,5988.51,15,Medium
LOAN0001373,CUST004114,2023-04-12 02:36:49,15132.23,10965.83,0,Low
LOAN0001374,CUST000952,2025-06-28 12:14:57,17427.53,13915.81,0,Low
LOAN0001375,CUST007534,2026-05-04 17:30:39,3517.39,1735.31,0,Low
LOAN0001376,CUST000954,2026-01-24 17:09:11,3687.29,1826.07,5,Low
LOAN0001377,CUST004439,2023-11-27 15:09:26,5114.67,721.1,0,Low
LOAN0001378,CUST002390,2026-03-30 06:18:42,8915.17,3920.28,5,High
LOAN0001379,CUST008859,2024-04-14 16:17:21,7275.56,1308.34,0,Low
LOAN0001380,CUST001989,2024-01-17 16:20:19,12068.52,8514.01,0,Medium
LOAN0001381,CUST010352,2025-09-30 21:10:41,9940.93,1165.41,0,Medium
LOAN0001382,CUST004376,2026-05-04 21:33:17,10638.51,5596.86,0,Low
LOAN0001383,CUST008026,2023-04-19 15:59:19,3000.0,1759.33,0,Very High
LOAN0001384,CUST008993,2026-07-16 20:43:03,28448.17,21696.46,15,High
LOAN0001385,CUST005870,2025-02-08 15:14:35,18696.74,12667.5,0,Low
LOAN0001386,CUST002455,2024-04-29 02:28:25,12543.39,2135.72,0,Low
LOAN0001387,CUST005321,2025-08-11 23:04:34,4447.04,2833.58,0,Medium
LOAN0001388,CUST004484,2025-08-16 09:31:38,21537.31,11500.35,0,High
LOAN0001389,CUST010461,2023-10-07 23:03:18,16406.07,13153.73,0,Low
LOAN0001390,CUST006344,2023-01-24 04:13:22,16331.04,14972.51,0,Low
LOAN0001391,CUST004762,2026-04-18 17:37:12,31747.84,3899.88,0,Low
LOAN0001392,CUST001691,2026-02-06 11:27:52,9976.22,4500.58,5,Medium
LOAN0001393,CUST004366,2025-05-19 14:16:07,8447.42,1384.5,0,Low
LOAN0001394,CUST001997,2025-09-06 00:13:20,21855.75,19081.82,0,Medium
LOAN0001395,CUST001587,2023-02-21 05:00:45,8975.76,3865.65,0,Low
LOAN0001396,CUST009964,2026-03-01 18:36:05,5651.99,2942.81,0,Medium
LOAN0001397,CUST009616,2024-02-03 23:12:42,14280.7,13557.75,0,Medium
LOAN0001398,CUST006126,2023-08-23 03:30:43,11861.54,6796.54,0,Medium
LOAN0001399,CUST007008,2025-08-14 21:35:50,4647.99,658.9,0,Medium
LOAN0001400,CUST006228,2023-12-15 11:58:41,10671.86,7353.76,0,Very High
LOAN0001401,CUST004478,2026-07-02 03:30:39,5485.6,5247.85,0,Low
LOAN0001402,CUST006372,2025-06-03 03:43:43,7492.26,3106.05,0,Low
LOAN0001403,CUST001775,2023-06-17 04:42:57,7012.56,5623.52,0,Low
LOAN0001404,CUST000775,2025-02-17 23:31:41,5090.53,1382.7,30,Medium
LOAN0001405,CUST009305,2026-06-09 19:45:52,4297.21,3930.66,0,Low
LOAN0001406,CUST005822,2023-02-07 14:15:41,36658.15,23237.77,0,Low
LOAN0001407,CUST007175,2023-09-29 04:24:09,16209.39,14257.36,0,Medium
LOAN0001408,CUST003021,2025-09-15 01:21:43,25283.77,23077.64,0,Medium
LOAN0001409,CUST007159,2024-02-12 21:17:40,4635.88,2913.37,0,Low
LOAN0001410,CUST007986,2024-12-28 20:59:54,13012.94,5910.83,120,Medium
LOAN0001411,CUST009298,2025-06-25 06:00:52,3000.0,705.95,5,High
LOAN0001412,CUST000157,2024-11-04 04:38:54,7713.63,4168.1,15,Low
LOAN0001413,CUST003140,2023-04-06 11:12:54,4221.57,344.07,0,Medium
LOAN0001414,CUST006982,2023-06-12 20:05:19,5492.85,3503.16,0,Low
LOAN0001415,CUST007131,2023-01-16 15:36:11,8801.19,8122.0,0,Medium
LOAN0001416,CUST007291,2024-11-01 22:19:50,8984.63,5690.5,15,Low
LOAN0001417,CUST006396,2023-04-13 17:44:54,4710.89,4293.27,0,High
LOAN0001418,CUST008469,2026-02-27 09:33:57,36970.17,14446.35,0,Low
LOAN0001419,CUST008630,2026-05-10 12:25:04,5898.8,388.46,0,Low
LOAN0001420,CUST005607,2024-11-01 21:40:08,13546.66,7746.6,0,Medium
LOAN0001421,CUST009299,2023-07-03 08:17:48,3798.22,3266.62,0,Low
LOAN0001422,CUST006464,2024-04-05 19:41:11,10222.01,1809.18,0,Low
LOAN0001423,CUST008521,2026-06-21 18:37:16,9943.4,7485.83,30,Medium
LOAN0001424,CUST006092,2024-09-18 03:57:52,3000.0,1283.85,15,Medium
LOAN0001425,CUST000736,2023-08-21 13:08:34,20726.14,6943.15,0,High
LOAN0001426,CUST006078,2026-02-13 09:21:16,7137.91,4275.41,5,Low
LOAN0001427,CUST011933,2025-04-15 16:49:43,8188.77,4167.28,0,High
LOAN0001428,CUST001732,2024-03-31 20:41:05,4326.91,2548.26,0,Low
LOAN0001429,CUST006472,2023-07-22 10:17:20,6716.52,2400.92,0,Medium
LOAN0001430,CUST005449,2024-01-09 12:05:58,12100.0,7350.16,0,Very High
LOAN0001431,CUST008721,2024-02-18 09:29:23,6736.38,1095.72,0,Low
LOAN0001432,CUST007644,2023-10-08 21:29:11,13069.88,4728.33,0,Medium
LOAN0001433,CUST006065,2023-10-31 17:47:57,7504.86,2344.12,5,Very High
LOAN0001434,CUST011870,2023-08-07 23:29:49,5921.76,815.63,0,Medium
LOAN0001435,CUST010353,2024-01-30 04:06:29,12941.09,2279.13,60,Low
LOAN0001436,CUST002148,2025-12-07 07:51:40,5453.31,4373.02,0,Medium
LOAN0001437,CUST009752,2024-03-25 12:03:41,10065.66,5802.34,0,Medium
LOAN0001438,CUST007551,2024-04-21 14:56:51,3835.02,2297.79,0,Low
LOAN0001439,CUST002272,2025-07-27 10:19:53,8230.61,4596.98,5,Low
LOAN0001440,CUST000365,2025-07-01 01:06:42,7063.21,3574.85,0,Low
LOAN0001441,CUST010703,2023-06-28 15:36:40,14513.54,8452.11,0,Low
LOAN0001442,CUST007804,2025-09-27 06:43:27,4345.8,2026.62,0,Medium
LOAN0001443,CUST010702,2026-03-10 15:44:53,15910.8,14400.34,0,High
LOAN0001444,CUST008093,2025-02-07 15:10:22,3000.0,1073.53,15,Medium
LOAN0001445,CUST004587,2025-06-14 03:03:23,4112.64,1600.51,0,Low
LOAN0001446,CUST002720,2025-12-29 02:17:31,8677.65,7673.13,60,Low
LOAN0001447,CUST003114,2023-08-15 03:35:33,5697.0,926.06,0,Medium
LOAN0001448,CUST006248,2024-01-06 17:46:34,13650.71,12313.71,0,Low
LOAN0001449,CUST011946,2025-12-01 13:23:42,7512.22,2694.75,0,Low
LOAN0001450,CUST009301,2023-05-25 11:11:18,9409.4,3224.19,0,High
LOAN0001451,CUST003867,2024-02-03 19:01:39,10265.12,5124.94,0,Low
LOAN0001452,CUST010314,2024-12-12 05:47:01,4255.15,2131.2,60,Low
LOAN0001453,CUST008815,2026-03-14 14:30:47,13759.08,8237.45,0,Very High
LOAN0001454,CUST009257,2024-07-17 11:18:10,3000.0,471.51,0,Medium
LOAN0001455,CUST006709,2023-12-26 22:55:11,4393.71,666.24,0,Low
LOAN0001456,CUST009043,2025-03-28 07:41:22,4480.57,821.76,0,Medium
LOAN0001457,CUST006225,2024-10-17 01:47:04,30049.67,5376.37,30,Low
LOAN0001458,CUST005244,2025-07-09 04:20:18,3000.0,234.85,0,Low
LOAN0001459,CUST008209,2023-06-13 23:15:39,5665.39,4341.67,0,High
LOAN0001460,CUST000853,2024-10-10 18:54:03,23547.97,22220.35,0,Low
LOAN0001461,CUST010208,2026-05-14 19:21:54,12358.84,858.39,0,Low
LOAN0001462,CUST011705,2025-06-15 18:09:36,4241.98,222.37,5,Low
LOAN0001463,CUST006170,2023-02-26 12:39:30,16591.27,15163.55,0,Medium
LOAN0001464,CUST007371,2025-04-27 15:50:38,3000.0,1277.69,0,Medium
LOAN0001465,CUST009055,2023-03-28 04:23:46,17162.68,8666.2,15,Very High
LOAN0001466,CUST000109,2023-11-23 05:34:02,4890.39,1993.41,0,High
LOAN0001467,CUST004762,2024-08-15 07:24:41,24082.12,22078.1,0,Low
LOAN0001468,CUST002626,2024-11-10 10:55:08,32571.08,24624.55,0,Low
LOAN0001469,CUST005648,2023-02-19 22:20:04,18717.36,16751.52,0,Low
LOAN0001470,CUST002950,2024-09-07 03:02:26,9011.42,2352.15,0,Very High
LOAN0001471,CUST010587,2025-12-15 19:30:12,4599.61,723.02,0,Low
LOAN0001472,CUST005448,2023-02-08 05:23:08,5822.06,5088.02,0,Medium
LOAN0001473,CUST003990,2024-11-06 08:33:38,8767.15,6893.1,0,Low
LOAN0001474,CUST009674,2025-04-18 04:37:36,10318.12,3821.65,0,Low
LOAN0001475,CUST009357,2024-07-18 09:02:54,9835.14,4914.66,0,Low
LOAN0001476,CUST000593,2024-09-24 09:15:43,10271.14,3845.57,0,Medium
LOAN0001477,CUST005188,2024-10-17 05:59:29,16866.77,9692.52,0,Low
LOAN0001478,CUST006233,2025-12-14 10:38:54,15466.47,2605.48,5,High
LOAN0001479,CUST011570,2024-02-01 12:47:36,9985.01,8765.05,0,High
LOAN0001480,CUST003295,2023-01-03 16:12:06,3808.38,3306.67,0,Low
LOAN0001481,CUST004270,2025-08-08 16:56:22,6377.24,2890.35,0,Low
LOAN0001482,CUST009663,2023-08-18 12:32:38,25596.45,22664.2,0,Medium
LOAN0001483,CUST010844,2023-03-31 19:44:19,5413.9,2184.9,0,Medium
LOAN0001484,CUST007075,2024-10-21 10:20:29,8012.63,7696.49,0,Medium
LOAN0001485,CUST000061,2023-02-05 04:25:58,5491.54,1993.59,45,High
LOAN0001486,CUST008695,2024-09-02 07:25:46,12129.8,8712.0,0,Medium
LOAN0001487,CUST006313,2025-03-14 00:41:45,16056.59,2735.85,0,Low
LOAN0001488,CUST011776,2026-02-14 15:15:49,7791.21,3775.73,0,Low
LOAN0001489,CUST005628,2026-02-22 17:50:17,14106.39,10898.53,120,Medium
LOAN0001490,CUST011024,2023-06-09 15:33:19,5369.07,1436.52,0,Low
LOAN0001491,CUST010161,2024-08-18 04:42:30,10841.77,1725.76,0,High
LOAN0001492,CUST001197,2023-09-09 17:07:03,9334.65,7912.59,15,Low
LOAN0001493,CUST000036,2023-05-28 18:14:47,10405.99,2964.43,90,Medium
LOAN0001494,CUST007372,2023-06-08 10:41:29,7993.91,6758.74,0,Medium
LOAN0001495,CUST002726,2026-02-23 12:53:54,11858.48,1391.18,0,High
LOAN0001496,CUST010472,2024-05-03 18:08:53,7528.87,5115.56,0,Medium
LOAN0001497,CUST002980,2023-12-25 10:51:56,8588.73,4108.31,0,Low
LOAN0001498,CUST006092,2024-09-07 20:20:38,9474.45,6772.33,0,Medium
LOAN0001499,CUST004544,2024-06-06 03:25:49,3443.01,602.03,0,High
LOAN0001500,CUST006009,2026-03-23 05:17:45,22029.01,19052.71,0,Low
LOAN0001501,CUST004955,2026-07-13 04:49:24,7614.31,3760.14,0,Medium
LOAN0001502,CUST002052,2025-08-09 19:51:34,9879.24,9248.82,0,Medium
LOAN0001503,CUST004668,2023-04-29 12:09:21,7532.1,6809.74,0,High
LOAN0001504,CUST005356,2024-01-08 06:01:00,13437.76,5091.71,0,Low
LOAN0001505,CUST002458,2023-06-15 12:40:52,3664.01,1283.1,0,Low
LOAN0001506,CUST002236,2026-07-27 02:39:00,4438.3,1820.32,0,Low
LOAN0001507,CUST001387,2024-05-12 08:25:50,15726.78,4225.38,0,Low
LOAN0001508,CUST001215,2024-06-07 09:26:58,12761.85,11704.53,0,Low
LOAN0001509,CUST005813,2025-12-15 15:27:06,5143.7,1198.77,90,Medium
LOAN0001510,CUST004698,2024-07-18 14:31:19,7917.32,443.6,0,Low
LOAN0001511,CUST002528,2024-06-01 08:43:27,13909.4,5599.94,0,High
LOAN0001512,CUST005835,2025-09-20 04:07:35,5491.38,4810.55,0,Low
LOAN0001513,CUST002238,2025-09-15 04:32:55,8837.52,901.58,0,Low
LOAN0001514,CUST005521,2024-09-17 03:28:11,8505.37,3762.53,0,High
LOAN0001515,CUST004036,2023-12-13 23:01:27,5618.62,661.49,0,Medium
LOAN0001516,CUST001882,2023-01-25 21:19:26,10460.57,10044.59,0,Low
LOAN0001517,CUST008704,2024-08-15 10:09:42,25647.14,17907.93,30,Medium
LOAN0001518,CUST008491,2025-10-18 13:47:26,7634.31,3152.11,0,Low
LOAN0001519,CUST002501,2025-01-15 13:21:36,8225.51,5200.91,0,High
LOAN0001520,CUST010173,2024-02-17 14:09:59,8404.42,7832.12,0,Low
LOAN0001521,CUST007675,2025-11-28 12:29:52,12560.41,7471.78,0,Medium
LOAN0001522,CUST011476,2024-03-18 06:39:10,9049.74,6117.28,0,High
LOAN0001523,CUST011479,2025-09-24 02:30:22,26167.77,9381.25,15,Very High
LOAN0001524,CUST005228,2024-06-15 08:47:41,11405.16,5647.46,0,Medium
LOAN0001525,CUST008457,2024-08-21 06:59:16,14504.3,10578.33,45,Low
LOAN0001526,CUST004384,2024-09-03 03:48:35,10328.7,5932.93,5,High
LOAN0001527,CUST010774,2025-01-15 19:27:01,4092.6,3877.39,0,Medium
LOAN0001528,CUST000165,2026-07-22 00:17:05,3000.0,2778.63,0,Medium
LOAN0001529,CUST006528,2024-11-26 02:51:25,18907.77,3609.79,15,Medium
LOAN0001530,CUST006588,2025-04-03 00:50:12,9129.72,6102.68,0,Low
LOAN0001531,CUST006852,2026-03-21 09:17:09,3000.0,2939.58,0,Low
LOAN0001532,CUST006805,2025-12-14 12:41:22,9965.28,7065.48,0,Medium
LOAN0001533,CUST004293,2026-05-20 19:53:26,12048.86,4196.57,0,Medium
LOAN0001534,CUST010509,2023-08-21 06:01:23,3546.6,2541.45,0,Low
LOAN0001535,CUST009318,2025-11-18 06:13:38,8498.16,7209.02,0,Medium
LOAN0001536,CUST005451,2024-07-31 09:14:47,11922.98,4640.8,0,Low
LOAN0001537,CUST004671,2024-06-26 23:35:47,8224.08,6158.55,0,Low
LOAN0001538,CUST001620,2025-10-25 13:27:43,6412.77,2475.51,0,Low
LOAN0001539,CUST008252,2023-05-21 18:47:41,4838.72,2194.57,0,Medium
LOAN0001540,CUST006294,2024-06-03 06:25:44,5114.9,1661.93,0,Medium
LOAN0001541,CUST007822,2025-12-26 05:00:37,7600.63,6846.68,0,Medium
LOAN0001542,CUST006055,2025-03-09 02:03:28,14314.2,5073.28,0,Low
LOAN0001543,CUST010079,2025-09-09 20:26:42,4279.69,1479.53,30,Low
LOAN0001544,CUST008766,2026-03-22 04:48:42,9596.57,4501.85,0,Medium
LOAN0001545,CUST002191,2023-08-11 06:40:03,31065.63,10891.5,60,Medium
LOAN0001546,CUST009289,2023-01-28 04:44:07,4429.67,4102.92,0,Medium
LOAN0001547,CUST004858,2025-06-30 13:52:34,3931.44,3010.62,0,Low
LOAN0001548,CUST011220,2024-02-10 12:31:59,8068.7,3791.83,0,Low
LOAN0001549,CUST008748,2025-09-20 19:40:41,6359.18,3577.32,0,Medium
LOAN0001550,CUST002384,2026-01-13 15:32:10,5375.86,1469.44,0,Medium
LOAN0001551,CUST004464,2023-06-16 23:33:04,4177.91,2440.25,0,Very High
LOAN0001552,CUST003030,2023-05-05 02:34:33,20477.08,6834.07,0,Medium
LOAN0001553,CUST007224,2025-07-25 10:38:50,3000.0,1235.76,0,Medium
LOAN0001554,CUST000656,2026-03-05 20:36:56,15398.08,7049.84,0,Low
LOAN0001555,CUST002683,2024-07-28 08:07:32,17925.9,14854.94,0,Medium
LOAN0001556,CUST007475,2025-05-30 04:28:41,19627.15,13928.48,45,High
LOAN0001557,CUST003097,2024-09-15 23:11:12,6598.56,397.76,0,Low
LOAN0001558,CUST011658,2025-11-04 09:19:41,5914.02,2790.92,0,Very High
LOAN0001559,CUST003087,2023-10-09 07:25:20,5906.61,583.0,0,Low
LOAN0001560,CUST008857,2026-03-01 11:13:40,5995.34,1237.76,0,Low
LOAN0001561,CUST006357,2024-11-13 04:10:12,3000.0,1720.18,0,Low
LOAN0001562,CUST005332,2026-06-22 23:55:10,6737.41,5350.86,15,Low
LOAN0001563,CUST000063,2026-01-14 11:30:34,11866.66,7199.36,120,Low
LOAN0001564,CUST002229,2025-10-08 09:53:47,3000.0,844.07,0,Low
LOAN0001565,CUST003358,2023-07-18 03:16:23,3000.0,1895.83,45,Low
LOAN0001566,CUST000206,2026-02-04 19:22:11,31238.43,10736.02,0,High
LOAN0001567,CUST008403,2026-06-17 13:35:32,5854.88,3799.87,0,Low
LOAN0001568,CUST010768,2025-07-26 20:23:18,5288.64,2014.44,0,Very High
LOAN0001569,CUST004783,2024-03-11 06:36:10,3000.0,602.68,0,Medium
LOAN0001570,CUST010096,2025-08-03 09:42:33,4782.24,4508.94,30,Low
LOAN0001571,CUST003445,2025-12-03 15:49:35,5985.51,2849.69,0,High
LOAN0001572,CUST003118,2024-01-12 03:18:28,13607.89,6704.3,0,High
LOAN0001573,CUST009677,2023-09-26 07:36:27,7500.05,4089.81,0,High
LOAN0001574,CUST009074,2025-12-15 19:44:25,6817.83,4711.66,45,Low
LOAN0001575,CUST005437,2024-08-08 20:33:09,8471.35,465.51,0,Low
LOAN0001576,CUST001230,2026-05-12 16:34:15,6353.7,526.58,0,Medium
LOAN0001577,CUST011281,2025-06-03 05:02:59,6317.9,6153.21,30,Medium
LOAN0001578,CUST005119,2024-07-23 05:56:35,21404.37,9024.95,0,Low
LOAN0001579,CUST009993,2024-10-09 01:47:19,20942.25,17814.56,0,Low
LOAN0001580,CUST002933,2024-11-24 08:02:33,3000.0,991.13,0,Low
LOAN0001581,CUST002114,2023-02-26 22:28:39,12656.78,3922.72,0,Medium
LOAN0001582,CUST002173,2023-10-12 06:14:59,4374.13,3408.46,0,Very High
LOAN0001583,CUST000955,2026-03-24 07:16:42,17698.49,4684.43,15,Low
LOAN0001584,CUST011174,2025-07-13 11:35:51,4879.87,2742.77,0,Medium
LOAN0001585,CUST005536,2024-07-30 00:29:28,7741.25,5055.8,0,Low
LOAN0001586,CUST009148,2025-12-09 00:25:43,3021.46,1471.38,0,Low
LOAN0001587,CUST010056,2024-03-02 17:27:27,4002.14,1916.94,0,Very High
LOAN0001588,CUST002671,2023-09-02 11:23:43,12596.81,2715.75,30,Low
LOAN0001589,CUST007272,2025-03-02 03:13:17,10835.98,8078.49,0,Medium
LOAN0001590,CUST007171,2023-05-21 07:14:56,7428.6,2942.39,0,Low
LOAN0001591,CUST002884,2026-07-25 22:47:10,4449.57,2468.45,0,Low
LOAN0001592,CUST010003,2025-09-19 13:11:40,8736.52,1263.01,0,Low
LOAN0001593,CUST001741,2026-01-27 00:52:04,7573.07,5845.98,0,Medium
LOAN0001594,CUST011055,2026-02-12 10:35:39,21561.22,1406.82,0,High
LOAN0001595,CUST009337,2025-06-06 12:36:23,22268.56,4502.62,15,High
LOAN0001596,CUST001450,2023-05-11 21:18:15,3968.18,2182.98,0,Low
LOAN0001597,CUST002314,2023-02-25 17:30:25,9916.62,7193.07,5,Medium
LOAN0001598,CUST007169,2023-04-13 12:00:37,19386.61,18358.83,0,Low
LOAN0001599,CUST007393,2023-04-09 06:03:44,9892.59,4920.0,0,Low
LOAN0001600,CUST005704,2023-12-29 06:17:48,3728.87,1836.87,0,Medium
LOAN0001601,CUST010653,2025-02-20 21:42:00,3000.0,1124.48,0,Medium
LOAN0001602,CUST006378,2023-08-13 08:51:19,11356.89,8507.99,0,Low
LOAN0001603,CUST006634,2025-07-21 03:36:24,5250.49,4286.16,0,Low
LOAN0001604,CUST006800,2023-12-05 23:38:09,3513.56,832.23,0,High
LOAN0001605,CUST009900,2024-02-12 11:04:53,21397.96,1306.54,0,Low
LOAN0001606,CUST009178,2023-06-23 01:15:09,4995.8,570.68,0,Low
LOAN0001607,CUST005537,2023-09-28 15:59:23,12700.07,10118.62,0,Low
LOAN0001608,CUST005703,2025-04-10 13:24:56,5854.68,3738.82,30,Low
LOAN0001609,CUST006820,2025-08-19 16:45:08,8335.92,8080.67,0,Low
LOAN0001610,CUST002041,2024-10-29 16:37:54,27292.84,26579.2,0,Medium
LOAN0001611,CUST002273,2024-09-12 16:35:40,3313.52,819.79,0,Low
LOAN0001612,CUST011406,2024-09-06 18:53:03,14007.64,8703.03,0,Low
LOAN0001613,CUST004291,2025-10-22 17:27:22,10240.28,1447.07,0,High
LOAN0001614,CUST005691,2026-06-15 14:27:02,9905.76,4856.61,30,Very High
LOAN0001615,CUST005658,2025-04-28 20:39:40,3697.84,2502.79,0,Low
LOAN0001616,CUST009862,2026-02-06 07:44:45,27149.55,3725.0,5,Low
LOAN0001617,CUST011892,2026-07-06 07:17:47,5074.25,3935.04,60,Low
LOAN0001618,CUST005104,2025-04-15 03:44:36,6788.02,3169.75,15,Low
LOAN0001619,CUST009902,2024-10-29 16:13:06,3494.8,637.44,0,High
LOAN0001620,CUST006708,2026-06-20 20:28:53,7436.58,1210.29,0,Medium
LOAN0001621,CUST010982,2025-04-19 06:37:22,3575.49,294.87,0,Medium
LOAN0001622,CUST002423,2023-10-01 13:21:15,7707.14,4335.02,0,Very High
LOAN0001623,CUST005652,2025-01-08 02:18:00,11093.42,9859.85,0,Low
LOAN0001624,CUST005334,2024-04-08 14:00:20,3654.32,2886.64,0,Very High
LOAN0001625,CUST004394,2024-12-04 15:30:09,11232.46,1194.46,15,Medium
LOAN0001626,CUST009717,2025-03-04 19:55:39,4099.21,1097.2,0,Low
LOAN0001627,CUST004957,2024-08-01 05:21:44,6122.94,2766.98,0,Medium
LOAN0001628,CUST006070,2026-05-28 00:06:13,6070.66,4915.52,0,Low
LOAN0001629,CUST009926,2025-05-01 10:36:55,8709.84,5457.38,0,Low
LOAN0001630,CUST010473,2023-07-28 20:58:40,23254.0,15769.15,0,Low
LOAN0001631,CUST005505,2025-05-12 06:45:55,10785.7,9603.9,0,Medium
LOAN0001632,CUST006117,2025-02-28 20:56:44,17843.87,3905.6,0,Low
LOAN0001633,CUST011341,2026-06-24 11:43:37,9790.73,5172.13,0,Low
LOAN0001634,CUST005770,2026-02-07 03:53:52,4998.0,3486.67,0,Medium
LOAN0001635,CUST009278,2026-03-30 04:22:04,13012.35,8731.34,0,Medium
LOAN0001636,CUST003775,2026-02-18 23:45:38,7183.47,3636.34,0,Low
LOAN0001637,CUST011487,2025-05-30 08:56:23,6646.68,3766.81,0,Medium
LOAN0001638,CUST004795,2023-04-05 06:32:06,16775.86,14751.42,15,Medium
LOAN0001639,CUST002641,2024-12-31 08:54:26,5528.95,438.53,0,Very High
LOAN0001640,CUST002687,2024-05-29 05:42:49,12365.65,5308.31,0,Low
LOAN0001641,CUST001861,2024-12-10 14:21:53,6565.66,4406.84,15,Low
LOAN0001642,CUST004835,2023-02-23 12:35:45,8339.51,501.19,60,High
LOAN0001643,CUST005736,2025-01-31 07:50:09,5171.75,375.53,0,Low
LOAN0001644,CUST004050,2026-02-15 18:55:18,13182.8,12072.29,90,Low
LOAN0001645,CUST011890,2026-01-16 21:14:34,3000.0,1059.42,0,Medium
LOAN0001646,CUST010118,2025-01-11 14:18:18,11447.14,4980.29,0,Low
LOAN0001647,CUST006779,2025-08-26 19:49:34,3000.0,184.87,0,Medium
LOAN0001648,CUST007933,2023-06-02 08:10:16,5117.73,2953.03,45,High
LOAN0001649,CUST000715,2026-01-17 02:08:58,21977.12,3305.83,5,Low
LOAN0001650,CUST009380,2023-04-28 16:22:15,17045.44,14601.79,0,Medium
LOAN0001651,CUST008982,2024-03-03 04:52:24,12869.5,1089.62,0,Medium
LOAN0001652,CUST001643,2025-11-14 12:12:09,11503.05,5040.2,15,Medium
LOAN0001653,CUST000567,2024-02-02 11:08:13,12598.39,4515.8,0,Low
LOAN0001654,CUST001836,2023-10-25 21:03:40,9171.19,4035.86,0,Low
LOAN0001655,CUST000657,2024-09-04 15:25:42,13907.59,12505.26,0,Low
LOAN0001656,CUST008750,2024-08-25 04:22:23,7710.7,962.78,0,High
LOAN0001657,CUST001417,2024-10-04 02:10:14,3000.0,803.37,0,Medium
LOAN0001658,CUST001483,2023-12-20 12:22:13,16052.62,2937.57,0,Low
LOAN0001659,CUST007708,2026-01-19 02:48:14,6119.21,3057.87,45,Very High
LOAN0001660,CUST005223,2024-01-13 03:33:46,6957.02,5911.5,60,Medium
LOAN0001661,CUST001782,2025-09-27 15:40:11,7755.72,2297.56,0,Low
LOAN0001662,CUST011527,2024-09-18 05:10:42,5603.24,3618.12,0,Very High
LOAN0001663,CUST008466,2026-07-28 18:52:22,4642.49,4403.49,0,High
LOAN0001664,CUST001065,2024-12-18 20:08:06,16104.12,5209.4,0,Low
LOAN0001665,CUST005015,2023-08-01 06:08:51,18056.16,7896.53,0,High
LOAN0001666,CUST000516,2025-10-24 12:24:49,5028.46,859.0,5,Medium
LOAN0001667,CUST009332,2024-01-28 06:33:13,3929.98,3393.0,0,High
LOAN0001668,CUST011165,2023-07-08 20:17:25,19709.62,8132.57,0,Low
LOAN0001669,CUST003261,2024-11-13 06:29:31,5851.54,5050.87,0,Low
LOAN0001670,CUST008331,2023-05-02 02:34:16,10669.23,5114.0,5,Low
LOAN0001671,CUST010129,2024-12-04 16:07:27,8789.48,2438.32,0,High
LOAN0001672,CUST004098,2026-04-27 14:23:43,17595.85,8992.07,0,Low
LOAN0001673,CUST002825,2025-02-02 11:22:45,4104.0,1719.69,0,Medium
LOAN0001674,CUST001140,2025-06-07 16:42:28,13558.35,10845.67,30,Medium
LOAN0001675,CUST008710,2025-01-11 19:30:30,10356.86,4814.6,45,Medium
LOAN0001676,CUST001897,2025-02-04 20:09:52,4786.07,1252.7,0,Medium
LOAN0001677,CUST005340,2023-12-10 08:47:39,8589.86,1646.47,15,Very High
LOAN0001678,CUST011412,2025-06-19 11:45:45,14877.16,12294.79,0,Low
LOAN0001679,CUST009858,2025-01-21 23:32:03,17958.72,14629.17,0,Low
LOAN0001680,CUST007869,2026-02-21 01:09:33,10852.25,8074.43,0,Low
LOAN0001681,CUST010077,2026-02-28 03:46:38,10942.17,5976.94,30,Low
LOAN0001682,CUST009721,2026-03-15 23:30:33,25478.41,12958.93,0,High
LOAN0001683,CUST010490,2026-06-08 17:31:04,9471.59,8485.87,0,Low
LOAN0001684,CUST002471,2024-11-20 00:09:16,15186.64,5541.03,0,Medium
LOAN0001685,CUST000631,2024-07-22 08:58:57,18634.49,2269.95,0,High
LOAN0001686,CUST000698,2024-03-09 04:13:19,7818.13,1223.91,0,High
LOAN0001687,CUST006811,2023-06-07 04:50:02,3000.0,631.08,0,Low
LOAN0001688,CUST011797,2023-07-07 05:13:22,5831.09,1697.43,0,Medium
LOAN0001689,CUST008082,2023-10-06 05:55:26,7122.48,2224.03,0,Low
LOAN0001690,CUST004592,2025-05-09 15:46:59,13863.02,6006.65,0,Low
LOAN0001691,CUST000573,2024-08-14 20:46:42,9362.36,2834.14,0,Low
LOAN0001692,CUST011593,2025-06-12 13:55:17,10272.04,1588.71,45,Medium
LOAN0001693,CUST009430,2023-12-20 21:42:12,14369.57,7774.57,0,Low
LOAN0001694,CUST008127,2023-11-03 00:44:38,10011.11,2347.58,5,Low
LOAN0001695,CUST000854,2024-10-17 22:37:48,6468.18,4754.59,90,High
LOAN0001696,CUST001163,2024-11-14 08:08:48,5577.87,3700.96,0,Medium
LOAN0001697,CUST010483,2024-06-23 17:47:02,15438.86,11921.15,5,Low
LOAN0001698,CUST000221,2025-01-27 10:19:52,3289.5,2034.76,0,Low
LOAN0001699,CUST002413,2024-01-29 00:07:17,3329.0,2983.7,15,Low
LOAN0001700,CUST001570,2025-02-22 19:30:15,9638.61,2729.07,0,High
LOAN0001701,CUST003499,2025-12-23 07:58:14,4520.13,2357.95,15,Very High
LOAN0001702,CUST003137,2024-10-29 11:23:23,11409.78,3064.94,0,Low
LOAN0001703,CUST000664,2025-10-16 21:07:49,6472.05,3041.87,0,High
LOAN0001704,CUST002711,2025-06-30 02:06:50,9058.62,6454.26,0,Medium
LOAN0001705,CUST009828,2024-01-13 17:11:39,7259.94,608.72,0,Medium
LOAN0001706,CUST005785,2024-05-01 10:02:46,3000.0,373.85,15,High
LOAN0001707,CUST000613,2025-01-13 19:28:51,18634.98,3122.62,0,Medium
LOAN0001708,CUST004938,2024-08-27 15:51:46,5194.07,1699.77,0,High
LOAN0001709,CUST003359,2023-07-14 07:46:40,11286.87,9168.87,15,Medium
LOAN0001710,CUST001575,2026-07-25 23:43:31,7126.42,2139.48,0,Very High
LOAN0001711,CUST005664,2023-04-01 21:58:17,11713.14,9284.96,0,Low
LOAN0001712,CUST003971,2024-07-02 07:58:21,24936.76,23885.41,0,Low
LOAN0001713,CUST008818,2026-05-16 18:06:46,8801.67,3657.26,0,Medium
LOAN0001714,CUST005588,2026-05-29 05:38:07,11608.25,6389.76,0,Low
LOAN0001715,CUST002991,2026-06-15 10:23:12,8474.85,3959.44,0,Low
LOAN0001716,CUST002804,2024-11-30 22:07:23,9064.04,4369.58,0,Low
LOAN0001717,CUST009885,2023-09-24 21:02:18,16315.59,2814.18,0,Low
LOAN0001718,CUST003452,2025-09-19 05:27:42,3006.56,1900.39,0,Medium
LOAN0001719,CUST005927,2025-12-03 08:11:26,9079.63,704.43,0,Low
LOAN0001720,CUST009987,2024-09-13 10:29:43,9174.16,2368.92,0,Low
LOAN0001721,CUST009215,2025-11-03 03:02:05,10279.49,7334.44,0,Low
LOAN0001722,CUST010231,2025-04-30 22:54:45,8696.19,4984.31,0,Medium
LOAN0001723,CUST005524,2023-08-29 14:14:56,7296.15,6218.68,0,Low
LOAN0001724,CUST007533,2026-03-31 12:00:28,19070.65,13627.98,5,Low
LOAN0001725,CUST001696,2025-01-08 10:43:26,3646.76,1050.08,5,Medium
LOAN0001726,CUST000762,2024-10-31 00:48:26,9884.04,2826.33,60,Low
LOAN0001727,CUST005025,2026-04-19 14:29:55,6261.08,5717.13,0,High
LOAN0001728,CUST006805,2023-07-25 12:44:13,13436.11,3436.47,15,High
LOAN0001729,CUST011161,2023-08-05 10:33:09,11158.61,8488.94,0,Very High
LOAN0001730,CUST003655,2026-05-26 05:12:30,3000.0,1866.64,0,Medium
LOAN0001731,CUST002735,2024-05-02 13:02:35,5777.25,1884.25,5,Medium
LOAN0001732,CUST007162,2024-03-16 04:25:16,7152.66,5317.2,0,Medium
LOAN0001733,CUST003062,2025-11-26 09:58:51,11062.09,2307.67,0,Low
LOAN0001734,CUST005524,2026-01-20 13:07:17,3000.0,770.29,30,Low
LOAN0001735,CUST001194,2024-12-31 07:39:15,16374.41,3313.79,15,Low
LOAN0001736,CUST006313,2024-09-02 11:05:16,47960.71,42423.92,0,Low
LOAN0001737,CUST010280,2024-01-30 06:40:22,3000.0,874.67,0,Low
LOAN0001738,CUST007100,2024-08-02 09:10:18,9072.77,3205.67,60,Medium
LOAN0001739,CUST000871,2025-10-16 17:03:08,14073.51,11951.25,0,Medium
LOAN0001740,CUST008735,2025-12-10 16:48:12,3413.0,810.25,0,Medium
LOAN0001741,CUST004709,2024-05-27 12:12:32,8995.35,4663.34,15,Low
LOAN0001742,CUST002068,2023-04-07 20:12:32,18338.44,5739.3,45,Low
LOAN0001743,CUST002602,2026-06-28 03:01:13,5947.49,4787.87,0,Low
LOAN0001744,CUST006267,2026-06-03 21:33:39,4433.05,2324.26,30,Low
LOAN0001745,CUST002688,2024-09-02 13:04:54,17224.23,2529.76,0,Low
LOAN0001746,CUST007752,2025-12-15 10:56:56,11115.53,5821.88,5,Low
LOAN0001747,CUST008146,2026-04-07 22:22:23,6366.0,1582.71,0,Low
LOAN0001748,CUST005867,2025-02-06 04:45:00,6598.98,4116.09,0,Medium
LOAN0001749,CUST006514,2024-06-12 19:16:21,10005.2,6256.52,0,Low
LOAN0001750,CUST002534,2026-03-15 14:31:45,5208.16,664.4,0,Low
LOAN0001751,CUST009579,2023-11-15 01:17:55,3432.03,2679.0,30,Low
LOAN0001752,CUST006114,2025-07-13 05:22:17,8076.95,6531.38,45,Low
LOAN0001753,CUST002590,2024-08-15 11:43:15,3859.68,389.57,30,Low
LOAN0001754,CUST006694,2025-02-23 08:04:59,3000.0,2369.36,0,Low
LOAN0001755,CUST005833,2025-08-12 00:11:28,3816.1,3560.08,0,Low
LOAN0001756,CUST010097,2026-07-24 14:52:02,9549.17,928.16,0,High
LOAN0001757,CUST003256,2025-09-15 18:37:21,16884.74,11766.56,0,High
LOAN0001758,CUST010000,2025-04-01 00:19:41,7731.89,3642.63,0,Medium
LOAN0001759,CUST001413,2026-02-21 08:03:44,5876.84,2579.77,0,High
LOAN0001760,CUST000144,2025-06-19 16:57:59,4011.97,1370.83,45,Medium
LOAN0001761,CUST007474,2025-03-21 19:45:08,10137.08,8914.92,30,Medium
LOAN0001762,CUST003838,2025-10-14 15:08:10,7512.88,3516.64,0,Low
LOAN0001763,CUST000354,2024-06-17 17:54:50,18191.74,15871.83,0,Low
LOAN0001764,CUST007376,2024-09-29 11:36:28,7321.66,1680.77,15,Medium
LOAN0001765,CUST006321,2025-10-11 16:39:40,10999.91,1385.14,0,Medium
LOAN0001766,CUST008430,2024-12-28 18:17:01,3155.8,1140.78,0,Low
LOAN0001767,CUST007181,2025-06-06 17:03:00,6914.25,5517.21,0,High
LOAN0001768,CUST000732,2025-10-02 03:58:53,4497.43,1876.49,45,High
LOAN0001769,CUST009948,2026-04-23 19:45:45,4460.1,3559.16,0,Low
LOAN0001770,CUST010969,2025-10-12 07:44:46,7720.63,5531.15,0,Low
LOAN0001771,CUST002699,2026-07-05 01:55:43,11881.87,8003.17,0,Medium
LOAN0001772,CUST010434,2026-01-28 21:38:59,13147.64,8222.09,5,Low
LOAN0001773,CUST002030,2024-08-31 04:12:30,8303.55,1752.51,0,Low
LOAN0001774,CUST007327,2025-05-02 03:56:19,19051.61,5540.25,0,Medium
LOAN0001775,CUST007987,2023-04-21 05:47:47,10937.73,8082.2,0,Low
LOAN0001776,CUST009654,2026-03-05 09:09:19,9162.06,6170.96,60,Medium
LOAN0001777,CUST000484,2025-07-03 10:59:31,8092.95,5320.21,0,Very High
LOAN0001778,CUST003467,2023-07-26 22:55:24,9938.01,9310.16,45,Medium
LOAN0001779,CUST009568,2024-07-02 01:14:36,7358.74,1220.07,120,High
LOAN0001780,CUST010449,2023-03-27 03:43:17,5117.65,3310.05,5,High
LOAN0001781,CUST011771,2024-11-24 18:11:56,21611.81,13111.71,0,Low
LOAN0001782,CUST000388,2026-02-23 12:19:50,13187.73,8724.58,15,Medium
LOAN0001783,CUST005171,2024-08-29 04:51:02,9082.87,6209.82,0,Low
LOAN0001784,CUST009447,2023-04-02 21:44:48,14081.04,3433.78,0,Very High
LOAN0001785,CUST006838,2026-07-06 13:18:01,14453.65,9050.01,15,Low
LOAN0001786,CUST003565,2024-08-26 15:48:06,8501.04,7480.83,0,Very High
LOAN0001787,CUST000992,2023-09-14 10:46:01,19771.06,11191.22,0,Low
LOAN0001788,CUST000903,2026-02-04 08:58:22,32602.18,21249.5,0,Low
LOAN0001789,CUST003763,2023-02-02 22:20:52,3696.59,643.03,5,Medium
LOAN0001790,CUST010881,2023-01-27 16:09:25,13496.56,3231.06,15,Medium
LOAN0001791,CUST011782,2024-04-04 07:33:43,3255.44,1685.99,0,Low
LOAN0001792,CUST008701,2026-02-24 10:47:38,19377.45,16374.62,0,Low
LOAN0001793,CUST006116,2026-04-12 08:06:38,5938.67,2989.02,0,Very High
LOAN0001794,CUST011072,2023-12-11 08:34:49,13895.39,1629.09,0,Low
LOAN0001795,CUST003150,2023-06-24 00:31:44,5316.41,4560.19,15,Medium
LOAN0001796,CUST008587,2024-06-28 00:20:48,13413.51,2957.59,5,High
LOAN0001797,CUST011409,2023-12-26 21:55:26,8651.47,1917.44,30,High
LOAN0001798,CUST000580,2025-01-10 00:19:07,3388.58,2292.33,0,High
LOAN0001799,CUST010919,2023-05-16 06:28:22,11077.89,7157.86,0,Low
LOAN0001800,CUST008426,2023-04-13 13:46:27,8588.15,6942.73,0,High
LOAN0001801,CUST007583,2023-10-30 23:36:43,4308.99,3086.47,5,Medium
LOAN0001802,CUST005990,2026-04-12 19:00:08,5632.74,4481.72,15,High
LOAN0001803,CUST006970,2024-03-17 23:09:26,4248.74,3595.15,60,Low
LOAN0001804,CUST006242,2026-02-12 11:46:03,4564.27,3982.25,0,High
LOAN0001805,CUST000985,2023-12-23 00:09:08,4683.18,2200.33,0,High
LOAN0001806,CUST007586,2025-05-19 12:57:16,22399.94,14046.14,0,Low
LOAN0001807,CUST002176,2023-08-20 06:39:19,4964.53,551.91,0,Medium
LOAN0001808,CUST006936,2023-04-03 08:22:24,22843.37,10678.72,0,High
LOAN0001809,CUST007804,2025-09-20 10:33:00,6048.4,2661.48,0,High
LOAN0001810,CUST004090,2024-07-12 12:48:30,25980.46,19061.28,0,Low
LOAN0001811,CUST009387,2024-05-11 06:04:48,3037.36,2296.81,0,Medium
LOAN0001812,CUST010961,2025-09-05 22:12:25,5357.9,659.06,0,Medium
LOAN0001813,CUST002530,2024-08-30 11:57:11,29515.59,20904.92,0,Low
LOAN0001814,CUST004149,2026-06-20 19:35:14,7538.95,5873.96,0,Medium
LOAN0001815,CUST009650,2025-08-30 05:04:33,8038.79,5517.0,0,Medium
LOAN0001816,CUST005774,2023-10-21 03:07:11,3000.0,2753.17,0,Low
LOAN0001817,CUST002511,2024-05-05 19:49:22,4635.71,293.73,0,Low
LOAN0001818,CUST000316,2024-05-24 04:49:47,8366.92,5170.8,0,Medium
LOAN0001819,CUST011189,2024-01-06 11:02:59,6586.54,540.6,15,Very High
LOAN0001820,CUST011662,2023-01-02 04:56:19,11456.85,4753.42,0,Low
LOAN0001821,CUST004283,2024-08-17 12:20:08,10867.42,10087.72,45,Low
LOAN0001822,CUST003527,2024-02-02 15:56:38,19298.88,11593.79,0,Low
LOAN0001823,CUST004620,2023-04-19 02:43:06,8197.75,6040.41,0,Medium
LOAN0001824,CUST006607,2025-09-16 02:49:47,4148.4,3240.38,30,Low
LOAN0001825,CUST010724,2026-07-11 02:04:47,3532.27,718.06,0,Medium
LOAN0001826,CUST010585,2024-08-28 22:24:07,18783.12,3223.04,0,Medium
LOAN0001827,CUST004605,2026-07-06 03:14:55,5675.23,4072.7,0,Low
LOAN0001828,CUST008276,2025-12-15 19:47:59,32912.52,10688.08,0,Low
LOAN0001829,CUST008628,2024-09-01 10:34:29,8609.77,2015.63,0,Low
LOAN0001830,CUST011962,2026-01-28 19:24:40,12923.56,1741.51,0,Medium
LOAN0001831,CUST001738,2023-02-08 02:17:36,3000.0,1962.92,5,Low
LOAN0001832,CUST010349,2025-03-22 22:43:21,7601.91,6575.67,0,Low
LOAN0001833,CUST002163,2024-02-04 19:21:49,13340.11,9967.8,0,Low
LOAN0001834,CUST000215,2023-12-02 18:44:43,10286.66,5472.09,30,Low
LOAN0001835,CUST003245,2024-02-09 09:47:12,5140.26,1637.91,0,Low
LOAN0001836,CUST000860,2024-09-03 10:52:36,3228.31,1205.3,0,Medium
LOAN0001837,CUST004022,2023-12-03 05:43:35,17717.57,6076.74,0,High
LOAN0001838,CUST006837,2024-10-10 10:50:19,10573.65,2613.35,0,Medium
LOAN0001839,CUST006902,2024-07-24 02:03:36,5655.59,442.22,0,Low
LOAN0001840,CUST005826,2024-04-16 06:15:11,12928.05,7450.07,0,Low
LOAN0001841,CUST006748,2025-02-05 03:33:09,6862.46,2979.27,0,Medium
LOAN0001842,CUST001905,2025-12-02 08:20:38,17788.65,2840.13,15,Medium
LOAN0001843,CUST008356,2023-05-30 01:19:27,8032.83,2798.34,0,Low
LOAN0001844,CUST006462,2023-04-13 10:39:29,17735.66,5470.34,0,Low
LOAN0001845,CUST011308,2026-06-11 04:16:22,3000.0,2414.75,0,Medium
LOAN0001846,CUST008994,2024-06-29 03:12:35,9029.27,4137.61,0,Medium
LOAN0001847,CUST011599,2024-12-06 00:38:29,3000.0,718.0,15,Medium
LOAN0001848,CUST010228,2025-06-02 22:26:58,14917.29,4053.36,0,Medium
LOAN0001849,CUST007917,2024-06-01 12:36:52,5183.06,1404.65,15,Very High
LOAN0001850,CUST010916,2024-07-16 00:14:18,6767.87,4998.06,0,High
LOAN0001851,CUST001506,2024-01-29 08:36:28,3000.0,447.48,0,Very High
LOAN0001852,CUST000231,2024-02-03 17:10:57,8570.31,4501.13,0,Medium
LOAN0001853,CUST009453,2024-12-21 04:36:48,9396.37,7581.39,0,High
LOAN0001854,CUST001130,2024-09-19 23:17:15,11648.11,9463.43,0,Medium
LOAN0001855,CUST011984,2023-10-27 09:08:55,10204.83,1520.84,15,Medium
LOAN0001856,CUST000644,2024-07-20 17:15:37,3000.0,192.78,5,Medium
LOAN0001857,CUST005523,2026-04-05 15:32:29,9933.38,8722.73,0,Low
LOAN0001858,CUST010056,2024-12-28 15:39:04,6738.36,5716.8,0,Low
LOAN0001859,CUST006070,2026-05-23 20:31:40,4024.26,363.08,0,Low
LOAN0001860,CUST002721,2023-02-06 23:00:03,25555.56,6769.55,0,Low
LOAN0001861,CUST004336,2025-03-03 22:20:35,12875.96,7799.34,0,High
LOAN0001862,CUST006095,2023-01-21 13:09:27,3000.0,247.66,0,Low
LOAN0001863,CUST010957,2025-03-04 17:33:29,16651.79,15313.75,5,Low
LOAN0001864,CUST011983,2023-12-29 18:34:53,29151.12,20082.88,5,Low
LOAN0001865,CUST011059,2025-11-17 19:14:14,5403.52,3841.96,15,Medium
LOAN0001866,CUST002283,2025-10-31 08:38:35,5279.67,3989.0,0,Low
LOAN0001867,CUST002956,2025-08-01 04:40:21,14538.93,3361.5,15,High
LOAN0001868,CUST004704,2025-11-15 01:11:44,6171.58,3948.25,0,Medium
LOAN0001869,CUST002624,2024-02-02 09:29:23,8440.6,4387.92,0,Medium
LOAN0001870,CUST009541,2025-05-28 22:19:40,11773.97,2413.5,0,High
LOAN0001871,CUST008440,2025-06-16 10:54:04,6467.14,5834.44,15,Low
LOAN0001872,CUST007701,2024-04-06 12:02:44,9125.7,6106.7,0,Low
LOAN0001873,CUST006709,2023-02-21 19:02:12,26710.5,17484.35,0,Low
LOAN0001874,CUST011205,2025-05-15 10:03:22,15393.97,14790.87,0,High
LOAN0001875,CUST011359,2026-04-01 05:07:03,11354.43,9309.01,0,High
LOAN0001876,CUST010139,2026-07-12 00:55:37,3454.52,665.09,0,Low
LOAN0001877,CUST011666,2023-01-15 10:11:22,5672.47,894.84,5,High
LOAN0001878,CUST003046,2025-07-18 07:24:10,5790.48,951.83,0,Low
LOAN0001879,CUST006288,2023-09-06 12:59:59,6772.8,6222.8,0,Low
LOAN0001880,CUST006753,2024-10-14 18:07:28,30729.07,26474.81,30,Low
LOAN0001881,CUST009262,2024-03-06 08:50:40,17005.67,11663.03,5,Low
LOAN0001882,CUST011541,2024-05-14 12:47:27,3000.0,531.39,0,Low
LOAN0001883,CUST007447,2024-09-22 08:43:07,9926.82,3748.01,0,Medium
LOAN0001884,CUST001021,2024-08-14 10:12:53,3166.0,1395.48,0,Low
LOAN0001885,CUST004228,2023-02-05 11:55:34,14908.96,10474.28,0,Low
LOAN0001886,CUST001914,2024-07-12 07:36:29,3482.12,309.0,0,Low
LOAN0001887,CUST007684,2023-08-21 09:54:58,14858.06,2066.46,0,Low
LOAN0001888,CUST010444,2024-07-18 00:28:24,14585.43,6503.4,0,Medium
LOAN0001889,CUST010569,2025-04-30 12:51:39,6767.35,4129.3,0,Medium
LOAN0001890,CUST004846,2023-08-15 07:51:22,11411.68,7573.02,0,Low
LOAN0001891,CUST003804,2025-11-17 13:31:34,21623.03,11460.36,0,Medium
LOAN0001892,CUST005999,2023-08-26 05:49:36,10390.33,3883.66,15,Low
LOAN0001893,CUST001135,2025-06-01 04:09:48,9491.91,1547.58,0,Low
LOAN0001894,CUST001079,2024-05-19 13:58:42,7830.65,6435.35,30,Low
LOAN0001895,CUST007355,2024-04-08 21:26:21,4640.11,4060.46,0,Medium
LOAN0001896,CUST000443,2023-08-26 03:57:16,3000.0,197.21,0,Medium
LOAN0001897,CUST003733,2024-01-04 19:40:16,3825.82,1861.28,0,Low
LOAN0001898,CUST004606,2025-04-13 06:43:04,39805.38,30284.45,0,Low
LOAN0001899,CUST004533,2025-02-03 22:44:03,3000.0,1933.16,0,Medium
LOAN0001900,CUST000825,2023-08-16 12:25:03,10594.61,9017.41,0,Medium
LOAN0001901,CUST005432,2026-02-03 13:25:22,7216.08,2141.87,0,High
LOAN0001902,CUST010734,2026-01-07 01:10:01,3989.19,1368.06,30,Medium
LOAN0001903,CUST009835,2024-04-11 20:32:44,3000.0,1552.01,0,Low
LOAN0001904,CUST007411,2025-10-01 13:15:51,5268.43,466.27,120,Low
LOAN0001905,CUST001766,2025-11-19 10:22:12,12219.92,5712.96,0,Low
LOAN0001906,CUST010689,2025-04-14 08:09:08,10183.76,5131.52,0,High
LOAN0001907,CUST003297,2023-10-18 20:22:08,8301.26,4855.27,0,Low
LOAN0001908,CUST003648,2026-05-28 08:18:52,6748.35,2087.75,0,Low
LOAN0001909,CUST000153,2024-09-29 04:04:35,12488.57,6106.97,0,Low
LOAN0001910,CUST005682,2024-03-26 22:58:38,4034.04,544.87,30,High
LOAN0001911,CUST009022,2023-08-29 19:02:31,16405.97,13871.68,0,Low
LOAN0001912,CUST006030,2024-08-05 15:12:39,9514.97,3596.68,0,Low
LOAN0001913,CUST008632,2026-03-09 05:00:43,7417.7,6042.33,30,Medium
LOAN0001914,CUST011399,2025-03-27 17:39:38,9209.57,2629.27,0,Low
LOAN0001915,CUST001761,2025-01-12 08:18:57,7442.36,949.53,0,High
LOAN0001916,CUST010674,2024-12-11 05:44:25,3000.0,862.28,0,Low
LOAN0001917,CUST000698,2025-06-26 09:47:56,6442.93,607.54,0,Low
LOAN0001918,CUST003701,2025-11-29 01:56:22,7811.09,1214.19,30,Low
LOAN0001919,CUST004985,2025-08-12 13:35:33,6702.52,465.97,45,Low
LOAN0001920,CUST006167,2025-07-01 19:23:18,4202.93,3832.39,0,Low
LOAN0001921,CUST004151,2025-10-23 00:18:38,17488.49,16186.89,0,Medium
LOAN0001922,CUST000071,2023-04-18 02:45:48,10803.61,3442.86,0,Very High
LOAN0001923,CUST008084,2023-06-13 05:02:56,29846.15,4189.5,0,Low
LOAN0001924,CUST003506,2024-02-21 04:08:45,6732.04,1519.33,0,Low
LOAN0001925,CUST008169,2025-08-30 10:20:47,16144.89,9380.64,0,Low
LOAN0001926,CUST009074,2023-09-07 17:42:37,5719.25,2064.75,0,Low
LOAN0001927,CUST008237,2023-11-15 19:56:59,9927.21,6748.05,45,Medium
LOAN0001928,CUST004163,2025-02-20 15:30:18,5134.29,366.23,0,Medium
LOAN0001929,CUST000747,2023-11-16 01:40:45,7198.46,4375.5,0,Medium
LOAN0001930,CUST004102,2023-05-07 21:41:35,6337.37,1059.79,0,Medium
LOAN0001931,CUST011877,2024-02-26 07:06:58,5851.02,1811.68,30,High
LOAN0001932,CUST006471,2023-08-06 21:01:52,3000.0,2933.38,0,Medium
LOAN0001933,CUST007426,2025-10-04 22:05:47,31824.0,26546.5,120,Low
LOAN0001934,CUST005589,2025-12-21 15:27:10,7314.26,3245.37,0,Low
LOAN0001935,CUST003099,2026-07-28 22:23:40,7773.47,4169.71,0,Low
LOAN0001936,CUST004445,2024-10-22 14:14:38,15821.48,12837.65,5,Low
LOAN0001937,CUST008757,2025-03-29 11:21:41,7749.05,3503.55,90,High
LOAN0001938,CUST002744,2023-05-27 16:36:53,15735.42,8434.47,0,Low
LOAN0001939,CUST007860,2024-06-09 15:42:51,10227.68,2242.97,0,Low
LOAN0001940,CUST003542,2023-10-02 17:25:49,22017.97,16755.73,0,Medium
LOAN0001941,CUST007640,2023-12-03 21:31:26,6330.77,2678.15,30,Medium
LOAN0001942,CUST003318,2025-10-05 15:32:57,31721.04,2282.83,15,Very High
LOAN0001943,CUST010581,2026-03-13 15:18:55,3000.0,222.48,0,Low
LOAN0001944,CUST006901,2024-11-02 21:38:18,6149.84,3503.55,90,Low
LOAN0001945,CUST010789,2023-03-21 14:10:12,5964.55,5287.05,30,Low
LOAN0001946,CUST010617,2026-05-11 05:03:01,13118.53,11341.66,5,Medium
LOAN0001947,CUST003005,2025-01-13 02:30:30,14589.49,7991.75,0,Low
LOAN0001948,CUST008890,2026-01-01 05:31:58,6120.52,3879.64,15,Low
LOAN0001949,CUST010709,2023-05-11 02:36:06,5559.36,3455.95,0,Low
LOAN0001950,CUST005810,2025-08-04 15:42:49,21044.44,16070.25,0,Very High
LOAN0001951,CUST007946,2025-04-06 20:18:01,6477.64,4973.49,0,Low
LOAN0001952,CUST011179,2025-09-13 03:42:14,16304.5,11760.95,0,High
LOAN0001953,CUST006218,2024-07-04 20:53:10,11893.09,2651.14,45,Low
LOAN0001954,CUST006711,2024-07-31 12:59:49,14428.79,3807.0,0,Medium
LOAN0001955,CUST001500,2025-07-15 09:14:34,3000.0,584.59,0,Medium
LOAN0001956,CUST004110,2026-02-09 04:59:20,9083.42,1941.82,0,Medium
LOAN0001957,CUST001424,2023-06-28 19:31:26,11980.86,3409.77,0,Low
LOAN0001958,CUST011530,2023-11-16 00:33:51,10465.87,3941.85,0,High
LOAN0001959,CUST007333,2024-11-12 12:35:15,8414.41,4756.75,0,Medium
LOAN0001960,CUST000883,2024-05-12 21:41:41,15201.28,12929.67,60,Very High
LOAN0001961,CUST003590,2025-09-20 00:00:36,3000.0,1236.58,5,Medium
LOAN0001962,CUST001099,2023-10-26 08:59:00,23283.48,20232.15,0,Low
LOAN0001963,CUST008694,2026-06-17 23:36:54,9336.45,7794.96,0,Medium
LOAN0001964,CUST004337,2024-08-16 00:06:07,4145.33,551.47,0,Medium
LOAN0001965,CUST010980,2026-02-21 17:22:32,10969.62,5303.06,0,Low
LOAN0001966,CUST001912,2023-06-12 22:33:52,21170.77,2976.14,0,High
LOAN0001967,CUST010436,2026-03-07 22:59:35,9100.26,3417.63,0,Low
LOAN0001968,CUST008815,2025-01-09 08:57:20,3000.0,536.68,0,Low
LOAN0001969,CUST000752,2023-04-21 14:12:16,8031.19,4206.24,0,Medium
LOAN0001970,CUST006934,2023-12-03 01:42:27,6115.48,525.08,0,High
LOAN0001971,CUST005768,2026-02-17 17:29:46,4412.26,1693.95,0,Medium
LOAN0001972,CUST003952,2025-01-10 13:46:25,6284.47,3057.82,0,Medium
LOAN0001973,CUST004603,2026-07-02 16:44:55,5062.24,3796.3,0,Low
LOAN0001974,CUST007545,2024-01-26 06:02:10,6032.44,1390.66,0,Low
LOAN0001975,CUST005374,2025-01-24 17:43:43,18939.22,14712.87,0,High
LOAN0001976,CUST004385,2026-03-19 06:36:11,4407.18,2749.88,0,Medium
LOAN0001977,CUST011754,2025-07-01 13:02:51,9928.35,5497.41,0,High
LOAN0001978,CUST001678,2025-02-26 05:43:47,22203.2,12189.74,0,High
LOAN0001979,CUST010787,2026-02-21 06:06:21,6559.22,5251.69,0,Low
LOAN0001980,CUST006956,2025-04-24 17:47:44,3000.0,158.28,15,Low
LOAN0001981,CUST010853,2025-06-21 09:00:39,8448.53,2594.8,0,Medium
LOAN0001982,CUST011373,2024-01-22 03:09:44,12534.27,641.72,0,Medium
LOAN0001983,CUST009972,2024-10-28 06:49:02,18277.09,5193.13,0,Low
LOAN0001984,CUST001013,2023-10-09 12:15:22,3020.8,355.92,0,Medium
LOAN0001985,CUST005727,2024-06-04 02:02:33,7720.04,5370.14,0,Medium
LOAN0001986,CUST001910,2023-03-27 10:09:34,5166.63,4866.16,0,Very High
LOAN0001987,CUST002943,2024-10-09 21:24:48,11749.16,5910.98,0,Low
LOAN0001988,CUST007798,2024-05-15 20:47:19,3191.54,507.45,0,Medium
LOAN0001989,CUST004229,2023-04-04 11:27:06,8847.72,2922.99,30,High
LOAN0001990,CUST009480,2024-09-08 09:05:56,58907.35,10373.41,0,Medium
LOAN0001991,CUST004280,2026-04-22 16:02:58,9179.66,1756.28,0,Low
LOAN0001992,CUST008511,2026-02-01 12:37:00,4190.33,839.15,0,Low
LOAN0001993,CUST006214,2024-09-11 11:53:20,3000.0,1559.36,90,High
LOAN0001994,CUST011017,2026-06-16 20:52:34,3313.77,2635.39,15,Low
LOAN0001995,CUST000542,2023-12-02 10:36:38,38792.91,31378.5,30,Medium
LOAN0001996,CUST004785,2025-12-10 14:48:27,3000.0,605.38,0,Medium
LOAN0001997,CUST006356,2024-11-09 10:08:46,15544.22,10122.71,0,Medium
LOAN0001998,CUST005428,2024-01-24 01:02:26,12945.87,10171.36,0,Low
LOAN0001999,CUST011384,2024-05-02 15:21:17,11404.63,4098.88,0,Medium
LOAN0002000,CUST003590,2023-03-15 17:10:06,7585.55,420.72,0,Medium
LOAN0002001,CUST004052,2025-09-25 02:57:21,12602.19,7807.38,0,Medium
LOAN0002002,CUST011086,2025-01-06 08:12:40,19307.95,6442.54,5,Low
LOAN0002003,CUST005091,2025-03-05 05:56:20,6517.48,6281.02,0,Low
LOAN0002004,CUST008992,2024-10-20 12:01:27,13062.51,5213.63,0,Low
LOAN0002005,CUST004678,2024-08-13 17:47:13,11865.87,6625.99,0,Medium
LOAN0002006,CUST006592,2025-01-11 17:59:52,3832.16,2461.26,45,Medium
LOAN0002007,CUST010343,2023-07-03 05:53:55,32369.18,5410.32,15,Medium
LOAN0002008,CUST002651,2024-03-09 20:19:10,5387.7,4590.44,0,Medium
LOAN0002009,CUST008633,2025-06-09 18:32:21,6242.15,1974.87,0,Medium
LOAN0002010,CUST001270,2023-11-08 12:52:15,17479.76,6436.1,0,Very High
LOAN0002011,CUST010878,2025-09-27 05:30:06,8925.82,527.73,0,Low
LOAN0002012,CUST000489,2023-10-29 12:03:23,4751.62,4110.74,30,Low
LOAN0002013,CUST000460,2024-12-01 01:21:42,12852.22,4937.33,0,High
LOAN0002014,CUST010738,2025-04-08 08:14:39,5641.69,5110.46,0,Low
LOAN0002015,CUST003450,2024-10-20 12:41:33,11574.95,2297.3,15,Medium
LOAN0002016,CUST011345,2025-09-25 02:54:04,3925.87,2690.25,90,High
LOAN0002017,CUST008301,2024-11-14 23:30:17,14137.96,3104.41,0,Medium
LOAN0002018,CUST000616,2023-09-26 00:38:25,5028.78,4763.14,15,High
LOAN0002019,CUST008885,2024-03-20 01:32:51,5137.4,1895.08,0,Very High
LOAN0002020,CUST005010,2026-05-31 13:53:25,9001.43,7653.23,0,High
LOAN0002021,CUST007633,2023-02-01 13:28:09,6866.66,4212.68,0,High
LOAN0002022,CUST003204,2025-07-15 02:20:16,6714.79,1505.01,0,Low
LOAN0002023,CUST009401,2024-07-03 22:46:03,5944.66,2050.96,0,Medium
LOAN0002024,CUST006800,2023-10-16 20:31:12,12283.05,10190.69,0,Medium
LOAN0002025,CUST003795,2024-05-13 00:35:14,3905.15,2241.84,0,Medium
LOAN0002026,CUST008678,2023-04-09 03:42:39,4434.29,1113.51,15,Medium
LOAN0002027,CUST011446,2026-05-06 09:00:19,12909.19,6986.35,30,Low
LOAN0002028,CUST008001,2023-12-21 01:54:31,4568.8,572.89,0,Low
LOAN0002029,CUST006272,2025-04-18 21:52:16,5359.75,4734.64,0,Low
LOAN0002030,CUST006046,2025-08-17 01:36:09,7168.39,4094.48,15,Medium
LOAN0002031,CUST010741,2025-12-18 15:15:03,12584.18,10009.64,0,Low
LOAN0002032,CUST000108,2026-05-26 20:49:26,17097.35,7344.3,0,Low
LOAN0002033,CUST006723,2026-07-24 09:03:13,3830.41,2086.75,0,Low
LOAN0002034,CUST007288,2025-03-26 22:58:54,4769.21,3405.89,0,Medium
LOAN0002035,CUST000630,2024-02-22 12:59:29,5279.67,693.79,0,Medium
LOAN0002036,CUST006880,2024-09-19 06:12:54,4520.89,2527.04,0,Very High
LOAN0002037,CUST006312,2023-01-26 00:38:26,5797.17,900.97,45,High
LOAN0002038,CUST010125,2025-04-20 20:06:43,13811.43,10727.31,45,Medium
LOAN0002039,CUST003961,2024-11-07 21:28:47,4980.56,2907.07,0,High
LOAN0002040,CUST004981,2025-02-20 00:34:01,3413.86,247.35,0,Medium
LOAN0002041,CUST001018,2025-12-25 20:01:48,8962.88,8642.06,0,High
LOAN0002042,CUST006986,2025-03-03 03:21:10,12988.91,679.46,0,Low
LOAN0002043,CUST008312,2025-06-15 20:27:16,3163.72,1310.33,0,Low
LOAN0002044,CUST003019,2023-11-23 22:15:45,8664.85,3121.41,30,Low
LOAN0002045,CUST003498,2025-12-30 18:18:52,5542.35,4956.62,0,High
LOAN0002046,CUST006007,2026-07-12 16:53:31,7512.59,4198.15,0,Very High
LOAN0002047,CUST003812,2025-07-14 01:58:36,4729.87,2590.67,0,Low
LOAN0002048,CUST006940,2024-08-01 13:34:11,7330.14,1919.35,0,High
LOAN0002049,CUST010327,2024-09-19 13:34:32,3000.0,1161.7,0,Medium
LOAN0002050,CUST009173,2023-10-25 23:46:35,5956.36,2092.96,0,Low
LOAN0002051,CUST000137,2025-02-04 20:33:46,3000.0,956.71,0,Low
LOAN0002052,CUST000087,2026-05-10 19:56:07,7054.39,1569.01,30,Low
LOAN0002053,CUST001118,2023-06-04 18:20:14,6379.05,4596.43,0,Medium
LOAN0002054,CUST006808,2024-05-27 21:02:09,13367.88,1633.35,0,Medium
LOAN0002055,CUST004756,2023-01-30 13:27:12,7262.49,6113.21,0,Low
LOAN0002056,CUST009667,2023-07-12 15:03:45,6608.53,4546.7,5,Low
LOAN0002057,CUST001082,2024-01-01 20:00:10,10155.6,6634.91,0,Low
LOAN0002058,CUST001378,2023-09-04 14:07:52,16795.32,14595.2,0,Very High
LOAN0002059,CUST008940,2026-04-04 21:45:15,14444.05,7464.37,0,Low
LOAN0002060,CUST010382,2024-01-23 07:47:19,13574.62,8665.93,0,Low
LOAN0002061,CUST009809,2023-05-03 00:18:03,16619.22,3986.91,0,Medium
LOAN0002062,CUST003324,2024-07-23 07:03:05,42951.84,28235.68,15,Low
LOAN0002063,CUST005836,2025-01-14 00:19:03,19677.66,5389.6,0,Medium
LOAN0002064,CUST009169,2024-02-19 08:56:43,4864.49,3707.77,90,Low
LOAN0002065,CUST011659,2025-12-24 12:20:55,6074.69,2831.18,30,Medium
LOAN0002066,CUST006126,2026-05-25 01:55:40,15762.82,8155.84,0,Medium
LOAN0002067,CUST006489,2023-09-03 17:09:29,12358.56,11539.04,0,Medium
LOAN0002068,CUST003078,2025-05-13 07:58:50,55624.09,28970.16,0,Medium
LOAN0002069,CUST006820,2023-09-03 10:52:40,10270.63,6620.03,0,Low
LOAN0002070,CUST011133,2023-01-07 05:12:20,15278.57,7382.99,0,Medium
LOAN0002071,CUST011191,2023-06-28 11:45:39,3000.0,2501.92,0,Low
LOAN0002072,CUST006655,2023-04-11 19:55:23,5526.43,4616.16,0,High
LOAN0002073,CUST001873,2024-07-04 00:06:44,25410.68,3777.14,0,Low
LOAN0002074,CUST009040,2026-07-16 21:23:09,8306.38,3872.26,0,Medium
LOAN0002075,CUST006738,2024-06-11 00:08:18,7071.42,4446.75,0,Low
LOAN0002076,CUST007157,2023-06-24 20:06:34,16940.22,10371.5,0,Low
LOAN0002077,CUST000290,2023-04-04 23:33:35,9290.92,4234.96,0,Medium
LOAN0002078,CUST005163,2026-06-20 07:52:00,12430.56,3893.0,0,Low
LOAN0002079,CUST007314,2026-06-13 07:41:00,10475.52,5162.76,0,Medium
LOAN0002080,CUST008304,2023-03-01 04:00:13,7582.0,7248.28,0,High
LOAN0002081,CUST000994,2023-06-16 12:38:02,9663.42,7944.07,0,Low
LOAN0002082,CUST011511,2024-09-12 13:55:35,9565.93,7106.35,0,Low
LOAN0002083,CUST005812,2026-04-06 19:31:51,8254.02,2751.18,0,Medium
LOAN0002084,CUST003232,2023-09-10 12:18:31,13174.83,12114.45,0,High
LOAN0002085,CUST007593,2025-12-06 17:30:03,10350.03,9596.1,0,Low
LOAN0002086,CUST001417,2026-05-26 00:07:32,13631.2,13057.03,0,Medium
LOAN0002087,CUST010002,2024-01-05 20:44:18,4376.88,2017.83,15,Low
LOAN0002088,CUST009666,2023-09-21 16:51:24,19506.89,8269.22,15,Low
LOAN0002089,CUST000446,2024-11-05 02:57:32,6132.9,1715.95,0,Low
LOAN0002090,CUST005852,2024-02-25 00:47:05,17962.44,1620.28,0,Medium
LOAN0002091,CUST007837,2024-09-05 13:15:59,4618.5,301.44,0,Medium
LOAN0002092,CUST008817,2025-09-02 09:10:58,8839.24,4931.66,0,Low
LOAN0002093,CUST004911,2025-06-28 02:07:26,9272.83,1325.28,0,Medium
LOAN0002094,CUST004995,2025-03-03 21:59:36,23291.51,21011.4,0,Low
LOAN0002095,CUST002945,2025-06-04 11:53:25,8064.35,3599.11,0,Low
LOAN0002096,CUST002221,2025-03-09 00:34:16,25991.92,21934.09,120,Medium
LOAN0002097,CUST004876,2026-07-25 18:33:51,4560.89,1965.37,0,Low
LOAN0002098,CUST000559,2026-04-16 08:26:07,3000.0,1177.5,0,Medium
LOAN0002099,CUST002496,2024-10-09 19:52:14,15742.34,3988.53,0,Very High
LOAN0002100,CUST003338,2026-06-30 15:05:08,23195.89,12138.81,0,Low
LOAN0002101,CUST006253,2024-03-11 09:11:29,12423.42,6224.64,5,Low
LOAN0002102,CUST002687,2023-10-02 12:06:58,4976.48,4519.37,120,Medium
LOAN0002103,CUST005786,2026-05-31 18:15:44,8663.15,8215.3,0,Low
LOAN0002104,CUST009279,2023-06-12 21:18:06,3000.0,2442.56,5,Low
LOAN0002105,CUST008469,2023-03-16 18:55:40,3314.92,3065.86,0,High
LOAN0002106,CUST004995,2023-04-19 21:58:26,9459.87,2641.98,0,Medium
LOAN0002107,CUST009298,2023-08-12 10:05:47,6753.38,5234.59,15,Low
LOAN0002108,CUST003978,2026-03-22 23:35:42,3496.95,2842.52,45,Low
LOAN0002109,CUST001674,2023-08-15 11:12:50,3000.0,2117.45,60,Low
LOAN0002110,CUST005767,2025-12-10 09:46:51,7395.89,2512.04,0,Low
LOAN0002111,CUST008645,2023-05-05 14:14:49,3000.0,1145.04,0,Medium
LOAN0002112,CUST001143,2025-06-21 05:19:07,7024.18,5552.81,0,Medium
LOAN0002113,CUST009778,2025-08-28 17:21:14,14476.34,2463.69,5,Low
LOAN0002114,CUST005246,2023-02-20 07:09:39,3710.02,1079.62,0,Low
LOAN0002115,CUST006028,2023-12-13 02:15:02,4803.48,4514.95,0,High
LOAN0002116,CUST007011,2025-10-24 04:15:15,10512.09,5801.75,15,Low
LOAN0002117,CUST009361,2023-11-07 04:33:25,4519.84,4000.13,45,Medium
LOAN0002118,CUST000670,2023-08-23 17:16:43,3361.95,848.05,0,Low
LOAN0002119,CUST009424,2024-01-20 23:39:57,9414.47,1546.54,45,Medium
LOAN0002120,CUST003442,2023-04-15 14:15:56,3591.33,2402.06,0,Low
LOAN0002121,CUST000043,2023-02-05 03:12:24,8683.58,7108.78,0,Low
LOAN0002122,CUST007137,2025-01-08 07:02:13,15685.12,6637.63,0,Medium
LOAN0002123,CUST003765,2024-01-04 18:46:58,9433.58,5703.41,0,High
LOAN0002124,CUST001654,2024-05-26 12:15:22,8026.35,7190.33,0,Low
LOAN0002125,CUST009952,2025-04-24 23:43:46,7374.74,5113.33,0,Low
LOAN0002126,CUST010934,2024-10-06 01:40:00,18012.63,16409.57,0,Medium
LOAN0002127,CUST004646,2025-11-05 03:39:31,4633.81,3857.64,0,Low
LOAN0002128,CUST009045,2026-04-27 01:32:58,8847.79,3646.84,0,Low
LOAN0002129,CUST002000,2026-05-28 00:18:11,3493.54,3314.42,5,Medium
LOAN0002130,CUST007214,2024-03-28 18:11:33,14923.17,11182.51,0,Medium
LOAN0002131,CUST009461,2024-08-26 01:24:29,11501.61,4782.68,0,Medium
LOAN0002132,CUST003640,2025-06-24 08:12:06,3000.0,2069.71,45,Medium
LOAN0002133,CUST004775,2025-09-29 14:21:34,6728.23,4619.38,0,High
LOAN0002134,CUST006066,2023-02-11 10:00:49,7163.33,5047.74,15,Low
LOAN0002135,CUST011917,2026-06-17 20:22:36,5985.41,1390.88,0,Low
LOAN0002136,CUST010306,2023-06-13 05:43:48,6007.33,4300.78,0,Low
LOAN0002137,CUST008398,2023-10-01 20:39:28,5621.04,3019.29,0,Low
LOAN0002138,CUST007264,2023-07-16 14:46:42,10401.09,7268.04,0,Medium
LOAN0002139,CUST002821,2025-12-10 03:35:04,19810.37,12672.93,0,Medium
LOAN0002140,CUST006186,2025-06-24 00:38:13,5270.14,375.21,0,Low
LOAN0002141,CUST006034,2023-01-16 17:59:10,10963.8,10439.02,30,Low
LOAN0002142,CUST009248,2023-08-09 18:45:20,4021.13,3252.92,0,Low
LOAN0002143,CUST004299,2025-06-26 04:51:07,5346.48,5033.36,45,Low
LOAN0002144,CUST003864,2023-04-03 03:22:09,43314.31,28342.65,0,High
LOAN0002145,CUST011132,2023-10-17 12:03:13,10796.91,9837.3,0,Medium
LOAN0002146,CUST010237,2023-10-26 11:58:06,16131.39,7453.22,0,Very High
LOAN0002147,CUST002441,2026-07-09 06:42:07,7167.74,1462.59,0,Low
LOAN0002148,CUST011276,2025-10-16 12:40:40,27807.27,14451.55,30,Low
LOAN0002149,CUST006615,2026-04-01 00:04:02,11785.65,4407.62,15,Low
LOAN0002150,CUST011724,2025-07-27 04:09:05,10932.91,8773.41,30,High
LOAN0002151,CUST003596,2026-03-27 10:44:01,14734.69,11249.3,0,Low
LOAN0002152,CUST004671,2026-01-02 05:07:59,12601.06,11710.21,0,Low
LOAN0002153,CUST006520,2023-11-18 07:09:20,3000.0,2898.7,0,Low
LOAN0002154,CUST003309,2024-02-08 07:50:11,11592.51,9696.41,0,Medium
LOAN0002155,CUST006721,2026-06-09 04:04:10,17757.78,13270.4,5,Medium
LOAN0002156,CUST003071,2025-11-10 09:42:47,18514.71,2026.29,0,Low
LOAN0002157,CUST006319,2026-04-15 08:07:54,4020.77,1271.53,45,Very High
LOAN0002158,CUST004014,2023-01-25 18:53:22,18512.07,17645.41,0,Low
LOAN0002159,CUST009437,2023-05-26 03:13:14,11950.61,8053.46,0,Medium
LOAN0002160,CUST008542,2023-08-29 03:03:02,14372.88,11110.55,0,Medium
LOAN0002161,CUST007948,2026-02-04 04:14:10,7848.9,7489.15,0,Low
LOAN0002162,CUST006827,2025-12-14 13:31:11,11809.71,1757.92,0,Low
LOAN0002163,CUST008880,2024-09-19 10:37:44,20981.29,8678.3,0,Very High
LOAN0002164,CUST001945,2023-09-12 16:54:19,6734.87,5146.66,0,High
LOAN0002165,CUST008957,2024-08-21 02:46:22,12322.67,4994.63,15,High
LOAN0002166,CUST009496,2025-03-03 12:35:48,4486.07,2684.97,60,Medium
LOAN0002167,CUST001846,2025-11-07 14:44:36,17005.13,13486.22,0,High
LOAN0002168,CUST006160,2025-10-16 15:25:52,4766.92,4400.32,0,Low
LOAN0002169,CUST001057,2023-10-29 19:13:41,5500.09,2698.79,30,High
LOAN0002170,CUST009831,2024-04-25 15:55:44,4640.55,3089.63,0,Low
LOAN0002171,CUST006942,2025-01-14 09:22:47,9845.55,5827.97,0,Medium
LOAN0002172,CUST006855,2025-01-05 13:11:54,7858.83,4675.66,0,Medium
LOAN0002173,CUST008764,2025-01-22 05:10:24,5172.51,4139.49,0,Low
LOAN0002174,CUST011957,2026-07-06 21:07:19,10296.65,3737.68,0,Medium
LOAN0002175,CUST000758,2023-07-29 13:00:27,8549.18,3838.53,0,High
LOAN0002176,CUST010473,2024-01-11 13:00:51,8519.75,3693.09,30,Medium
LOAN0002177,CUST006686,2026-03-18 02:44:05,10421.16,7715.04,0,Low
LOAN0002178,CUST006051,2023-06-11 10:39:26,11494.84,10155.81,0,High
LOAN0002179,CUST005844,2026-07-24 04:38:40,8765.51,6066.04,30,Medium
LOAN0002180,CUST004263,2025-06-16 06:39:44,17130.8,14248.51,0,Medium
LOAN0002181,CUST002983,2024-06-19 15:24:29,7637.17,5770.93,60,Low
LOAN0002182,CUST007259,2023-06-01 03:41:19,3760.9,1147.17,0,High
LOAN0002183,CUST000042,2024-12-09 04:08:45,13349.61,6014.79,0,High
LOAN0002184,CUST005379,2024-12-29 00:07:31,5904.68,3691.5,5,High
LOAN0002185,CUST002554,2023-01-24 00:08:03,7969.51,4524.35,0,Medium
LOAN0002186,CUST006633,2024-09-24 04:08:14,6525.67,2647.44,5,Low
LOAN0002187,CUST010232,2024-11-29 06:41:32,16564.38,988.4,0,Medium
LOAN0002188,CUST002096,2024-04-26 01:36:15,3000.0,1919.45,0,Low
LOAN0002189,CUST003550,2023-06-05 09:59:53,25032.59,14971.89,0,Low
LOAN0002190,CUST011065,2025-05-11 23:35:29,9206.16,4869.6,0,High
LOAN0002191,CUST008624,2023-10-26 09:42:34,9654.3,6567.59,0,Low
LOAN0002192,CUST005998,2025-02-10 23:22:11,7050.9,3633.71,0,Low
LOAN0002193,CUST003235,2024-09-20 00:19:01,8245.58,6576.18,30,Low
LOAN0002194,CUST009773,2024-10-02 05:40:37,3000.0,2172.69,0,Low
LOAN0002195,CUST005690,2025-09-26 08:40:00,7218.18,5812.05,0,Medium
LOAN0002196,CUST004231,2023-06-28 11:29:43,38246.95,18914.7,0,Low
LOAN0002197,CUST004325,2024-07-29 11:51:43,3000.0,384.0,0,Medium
LOAN0002198,CUST002253,2023-10-19 21:59:23,3408.48,2199.34,60,Medium
LOAN0002199,CUST000654,2026-01-04 15:35:26,10577.01,10228.76,0,Low
LOAN0002200,CUST003384,2026-05-08 05:17:41,16196.17,12484.34,0,Low
LOAN0002201,CUST007613,2023-08-08 06:36:52,4419.93,4192.63,0,Low
LOAN0002202,CUST010243,2024-03-29 10:18:10,11297.74,10886.17,0,Medium
LOAN0002203,CUST010996,2023-02-14 02:40:36,6029.33,3607.96,15,Low
LOAN0002204,CUST002591,2025-10-17 17:57:49,3429.1,3149.39,30,Low
LOAN0002205,CUST000090,2023-02-20 18:30:51,10228.1,1101.49,0,Low
LOAN0002206,CUST001577,2025-08-26 01:10:09,7407.39,4612.52,0,Low
LOAN0002207,CUST000058,2026-02-21 21:36:31,4756.08,3726.44,0,Medium
LOAN0002208,CUST007885,2025-09-08 18:41:39,3413.92,2110.31,0,Medium
LOAN0002209,CUST008629,2023-05-21 05:56:12,4572.62,639.88,0,Medium
LOAN0002210,CUST000113,2024-09-17 16:38:38,3097.64,1351.2,15,Low
LOAN0002211,CUST003589,2024-11-20 16:39:21,13383.11,1468.91,0,Medium
LOAN0002212,CUST003128,2025-04-29 02:42:06,7034.81,5770.87,15,Medium
LOAN0002213,CUST011988,2023-01-06 07:48:51,8424.62,3505.18,0,High
LOAN0002214,CUST009248,2025-11-30 20:14:22,4360.41,1858.26,0,Low
LOAN0002215,CUST002951,2024-05-19 05:00:26,23362.94,13117.07,0,Medium
LOAN0002216,CUST000958,2025-12-24 04:24:05,3000.0,971.61,0,Medium
LOAN0002217,CUST007419,2023-03-08 16:57:59,3000.0,2553.48,5,Medium
LOAN0002218,CUST011481,2025-06-27 07:34:09,15597.91,4665.03,5,Medium
LOAN0002219,CUST000679,2023-06-15 02:05:23,21023.58,17938.67,0,Medium
LOAN0002220,CUST005951,2024-07-06 10:23:33,10376.85,3666.28,15,Low
LOAN0002221,CUST006841,2025-01-07 22:00:50,10615.61,5297.63,0,Medium
LOAN0002222,CUST001249,2026-03-15 21:51:48,11389.46,7879.04,0,Low
LOAN0002223,CUST000060,2026-01-22 21:24:22,15444.25,14512.58,0,Low
LOAN0002224,CUST009248,2025-05-25 03:29:40,13954.08,11178.67,0,High
LOAN0002225,CUST005904,2024-08-30 14:55:08,9340.63,8783.2,0,High
LOAN0002226,CUST011632,2025-12-18 23:54:51,8996.63,6203.83,0,Low
LOAN0002227,CUST000260,2025-01-30 20:13:35,6429.99,1431.64,15,Medium
LOAN0002228,CUST002172,2025-07-13 15:54:02,9747.71,6980.4,0,Low
LOAN0002229,CUST008983,2025-10-02 17:56:08,4299.58,2244.55,0,Low
LOAN0002230,CUST005299,2023-06-30 06:00:20,5998.14,3833.78,0,High
LOAN0002231,CUST002749,2023-05-12 01:24:25,3000.0,2807.66,0,High
LOAN0002232,CUST009668,2023-09-22 22:37:54,8157.71,491.94,0,Medium
LOAN0002233,CUST001673,2025-01-12 23:27:53,5305.33,4627.32,0,Low
LOAN0002234,CUST001013,2024-03-27 07:12:11,7469.37,385.57,0,Low
LOAN0002235,CUST006665,2025-02-26 08:34:16,15444.77,12315.82,0,High
LOAN0002236,CUST011621,2024-09-25 16:25:55,38667.34,14735.05,0,Low
LOAN0002237,CUST001601,2025-09-05 05:06:28,8766.5,6964.82,0,Medium
LOAN0002238,CUST003814,2025-06-16 08:54:46,17725.15,5654.95,0,Very High
LOAN0002239,CUST007516,2023-09-12 04:49:47,4814.3,2734.14,30,Medium
LOAN0002240,CUST011539,2024-12-28 01:11:56,5023.33,2314.73,0,Low
LOAN0002241,CUST006601,2023-05-05 17:14:52,4997.38,4265.44,0,Medium
LOAN0002242,CUST011502,2024-02-02 05:09:43,14895.95,4150.76,30,Low
LOAN0002243,CUST008073,2024-01-05 09:07:07,7319.49,4618.61,0,Low
LOAN0002244,CUST007355,2024-12-12 18:19:01,9410.47,5803.01,0,High
LOAN0002245,CUST000805,2024-06-28 17:17:56,4188.3,1390.98,15,Low
LOAN0002246,CUST004810,2024-07-23 02:22:43,10746.76,7905.32,0,Low
LOAN0002247,CUST004503,2024-03-03 03:58:26,7769.85,3162.52,0,Medium
LOAN0002248,CUST007597,2026-02-27 18:47:44,5140.08,3871.96,0,Very High
LOAN0002249,CUST007163,2023-09-11 01:41:31,14331.64,1126.24,0,Low
LOAN0002250,CUST006289,2023-08-07 05:43:22,3672.77,2368.72,0,Very High
LOAN0002251,CUST005987,2025-07-10 10:58:22,5442.05,2414.76,0,Medium
LOAN0002252,CUST005915,2024-12-04 03:40:52,5994.38,5618.76,0,Low
LOAN0002253,CUST005019,2023-07-01 18:45:20,7660.9,910.74,45,Medium
LOAN0002254,CUST002648,2024-12-18 12:24:20,7031.35,546.53,0,Medium
LOAN0002255,CUST007727,2023-02-07 21:59:27,22980.26,15948.88,30,Medium
LOAN0002256,CUST002246,2023-02-02 00:16:42,7812.07,7537.46,0,Low
LOAN0002257,CUST010795,2023-04-17 06:50:50,3994.74,937.62,0,Low
LOAN0002258,CUST003703,2025-06-04 21:01:01,13918.48,3782.05,0,High
LOAN0002259,CUST004485,2025-02-11 03:30:13,27528.26,2217.58,0,Medium
LOAN0002260,CUST005087,2025-02-16 21:31:46,5092.86,1156.8,0,Low
LOAN0002261,CUST003742,2023-09-10 21:53:39,15662.88,9368.55,0,Very High
LOAN0002262,CUST007371,2023-04-05 23:19:32,15093.79,13195.41,45,Medium
LOAN0002263,CUST007134,2025-03-25 11:18:46,4614.31,677.37,0,High
LOAN0002264,CUST004322,2024-04-12 17:05:05,11974.6,4211.51,0,Medium
LOAN0002265,CUST010739,2025-03-06 20:33:28,4227.15,4041.73,0,High
LOAN0002266,CUST000591,2023-11-13 12:23:10,19460.72,5383.99,0,Low
LOAN0002267,CUST009063,2023-08-09 21:40:22,3000.0,1911.4,0,Low
LOAN0002268,CUST011787,2025-12-14 20:28:40,4186.85,1113.95,0,Low
LOAN0002269,CUST001402,2025-11-16 12:27:25,6445.86,420.53,0,Low
LOAN0002270,CUST002016,2023-03-16 14:41:49,5902.06,443.56,0,Medium
LOAN0002271,CUST006608,2024-01-21 15:58:58,4369.1,2072.9,60,Low
LOAN0002272,CUST002114,2025-10-07 12:38:27,7647.56,6575.17,0,Medium
LOAN0002273,CUST010671,2024-07-27 06:11:48,10196.85,666.67,0,Medium
LOAN0002274,CUST001304,2023-05-08 09:32:53,7513.53,3004.45,0,High
LOAN0002275,CUST007592,2025-01-21 13:28:29,15780.86,1731.43,0,Low
LOAN0002276,CUST011374,2024-06-13 17:36:34,3812.66,1174.4,120,High
LOAN0002277,CUST002020,2025-03-01 10:58:30,13021.96,6499.45,45,Medium
LOAN0002278,CUST011640,2025-05-12 22:29:27,43972.87,18784.09,0,Low
LOAN0002279,CUST004376,2025-02-07 21:07:03,14146.11,2929.5,0,Low
LOAN0002280,CUST008548,2024-09-28 12:45:56,4206.82,4117.68,0,Low
LOAN0002281,CUST009864,2024-06-21 16:04:40,5332.42,3530.88,0,High
LOAN0002282,CUST002729,2023-03-18 20:35:22,10303.85,2429.77,0,Low
LOAN0002283,CUST001823,2026-03-24 14:15:34,8237.35,4244.16,5,Low
LOAN0002284,CUST003293,2023-11-14 15:14:58,13453.17,9605.17,90,Low
LOAN0002285,CUST006941,2024-10-07 03:00:48,7700.51,3115.32,120,High
LOAN0002286,CUST000806,2025-02-19 18:27:34,6652.83,6101.06,30,Low
LOAN0002287,CUST009272,2024-02-08 23:46:15,4275.1,1271.19,0,Low
LOAN0002288,CUST006069,2025-08-16 07:38:31,6329.03,4524.24,60,Medium
LOAN0002289,CUST002728,2026-02-12 16:12:05,4934.04,2304.37,0,High
LOAN0002290,CUST006488,2023-01-03 14:37:19,7365.86,4026.11,0,Low
LOAN0002291,CUST009131,2023-09-22 13:02:05,9516.69,5790.63,0,High
LOAN0002292,CUST008088,2023-09-30 22:00:03,12328.4,8900.59,0,Medium
LOAN0002293,CUST009926,2025-08-23 07:27:11,14306.98,7767.42,5,Medium
LOAN0002294,CUST005528,2026-05-31 23:02:46,10467.56,8158.86,0,Low
LOAN0002295,CUST000867,2024-01-09 23:21:08,6013.13,1881.64,0,Medium
LOAN0002296,CUST011506,2023-03-18 17:30:44,11176.7,8921.2,5,Very High
LOAN0002297,CUST003940,2025-02-20 01:42:57,5224.63,4332.26,0,Medium
LOAN0002298,CUST008365,2023-02-07 00:23:23,6780.07,1373.89,0,Medium
LOAN0002299,CUST001669,2024-01-28 17:59:16,3000.0,1228.97,15,Low
LOAN0002300,CUST003351,2025-05-06 18:01:39,9679.9,9206.49,0,Low
LOAN0002301,CUST009988,2024-04-08 11:10:34,3604.5,1112.11,0,Low
LOAN0002302,CUST000104,2024-01-13 16:58:06,7229.94,4031.94,0,Medium
LOAN0002303,CUST007666,2023-07-11 07:31:33,7074.1,3144.86,120,Low
LOAN0002304,CUST007665,2024-09-10 06:17:42,3000.0,1123.38,5,Medium
LOAN0002305,CUST005604,2024-04-09 18:28:47,5389.01,4580.86,0,Low
LOAN0002306,CUST009848,2023-04-03 02:21:45,3000.0,298.08,0,Low
LOAN0002307,CUST006763,2024-07-30 16:11:36,3000.0,2607.19,60,Medium
LOAN0002308,CUST007379,2024-09-14 09:13:59,3093.84,422.56,0,Medium
LOAN0002309,CUST009571,2025-11-10 10:19:47,7626.76,2826.26,0,Medium
LOAN0002310,CUST007735,2023-12-17 20:01:30,9543.61,8402.34,5,Low
LOAN0002311,CUST005180,2024-06-22 04:06:35,5397.93,1004.28,0,Low
LOAN0002312,CUST007509,2024-10-22 19:00:50,7913.19,4881.77,0,Medium
LOAN0002313,CUST005372,2025-07-19 20:15:55,11233.09,1704.07,0,Very High
LOAN0002314,CUST005666,2025-11-27 03:31:09,4085.01,801.36,0,Medium
LOAN0002315,CUST005920,2025-03-29 07:39:39,9822.32,1759.16,60,High
LOAN0002316,CUST008682,2023-02-09 06:57:48,5768.03,5530.12,0,Medium
LOAN0002317,CUST007660,2025-12-05 01:34:45,5136.59,954.05,0,Very High
LOAN0002318,CUST008667,2023-07-07 12:01:11,5692.97,3018.83,0,High
LOAN0002319,CUST011722,2025-03-06 16:47:32,19672.08,4620.09,0,Medium
LOAN0002320,CUST011620,2026-06-26 16:46:23,6982.04,1393.98,5,Medium
LOAN0002321,CUST008264,2026-02-02 13:05:27,9371.85,813.86,0,Low
LOAN0002322,CUST010981,2023-07-16 11:29:25,6860.57,5926.19,0,Low
LOAN0002323,CUST011576,2024-08-13 08:47:07,11553.88,10944.8,0,Medium
LOAN0002324,CUST002048,2025-05-26 09:41:39,3000.0,1147.19,0,Low
LOAN0002325,CUST010493,2025-12-18 10:36:04,3000.0,2528.41,15,Low
LOAN0002326,CUST004404,2024-03-28 13:24:26,10431.82,9445.8,30,Low
LOAN0002327,CUST011891,2026-05-18 13:03:25,6271.07,3711.28,0,Medium
LOAN0002328,CUST008171,2025-12-20 07:59:18,3898.46,3115.04,0,Low
LOAN0002329,CUST009375,2024-01-30 11:31:07,15540.58,10790.5,0,Medium
LOAN0002330,CUST002516,2025-01-10 04:03:01,9717.55,8510.11,0,High
LOAN0002331,CUST002343,2025-08-17 17:17:55,3000.0,361.94,15,Medium
LOAN0002332,CUST006435,2026-05-04 05:55:27,29530.41,19001.29,0,Medium
LOAN0002333,CUST007813,2026-01-22 13:07:10,13710.3,11775.41,30,Low
LOAN0002334,CUST009529,2025-10-31 18:10:07,3000.0,600.8,0,Medium
LOAN0002335,CUST001891,2024-11-24 18:30:57,23048.15,18532.3,15,Low
LOAN0002336,CUST006251,2025-11-01 02:09:27,8018.25,2842.86,0,Medium
LOAN0002337,CUST004636,2023-06-08 22:30:21,8659.17,2814.36,0,Very High
LOAN0002338,CUST010214,2025-06-14 00:39:20,4526.52,392.42,0,Low
LOAN0002339,CUST002550,2026-02-16 12:56:15,11649.75,4991.07,0,Medium
LOAN0002340,CUST005981,2024-12-26 13:48:39,13000.22,10360.39,0,Low
LOAN0002341,CUST009506,2025-09-23 10:18:54,15315.78,9397.84,0,High
LOAN0002342,CUST003192,2024-06-12 12:41:50,11140.67,2768.95,0,Low
LOAN0002343,CUST001538,2023-07-19 07:08:21,27939.66,11019.4,5,High
LOAN0002344,CUST009038,2023-07-25 15:19:44,6273.91,5211.25,45,Low
LOAN0002345,CUST000697,2024-04-11 15:16:32,9633.27,1385.4,0,Medium
LOAN0002346,CUST003203,2024-10-12 11:19:20,12899.52,6426.3,0,Medium
LOAN0002347,CUST004877,2023-11-23 23:07:01,7252.68,6049.8,5,Medium
LOAN0002348,CUST003782,2025-06-20 14:46:00,5340.32,4680.87,0,Medium
LOAN0002349,CUST006942,2023-08-31 05:07:42,10018.68,8193.46,0,Medium
LOAN0002350,CUST005561,2025-09-05 09:48:11,3000.0,2332.5,30,Medium
LOAN0002351,CUST010096,2024-06-08 22:24:16,8010.87,5720.62,15,Medium
LOAN0002352,CUST005034,2023-01-23 18:18:19,24710.73,2028.91,0,Low
LOAN0002353,CUST010406,2026-03-24 13:10:00,24292.7,6339.43,0,Low
LOAN0002354,CUST005213,2023-03-02 15:32:22,22026.99,11314.8,0,Low
LOAN0002355,CUST003839,2024-07-17 08:27:23,4078.81,1990.03,0,Low
LOAN0002356,CUST003886,2026-05-25 10:54:26,14792.61,12775.76,0,Low
LOAN0002357,CUST007603,2024-05-07 06:20:42,7482.06,4812.13,0,Medium
LOAN0002358,CUST006626,2023-05-05 08:25:50,30683.94,20133.7,0,Medium
LOAN0002359,CUST001423,2024-01-06 01:35:25,11437.76,4292.0,0,Low
LOAN0002360,CUST003409,2024-05-07 01:17:41,20134.03,2185.81,0,Medium
LOAN0002361,CUST004748,2025-03-18 16:30:24,10974.73,6478.54,5,Low
LOAN0002362,CUST006202,2023-02-15 05:13:30,6711.64,5678.4,0,Low
LOAN0002363,CUST008513,2023-10-19 18:34:40,8305.91,2623.37,0,Medium
LOAN0002364,CUST009015,2025-09-10 23:29:20,3426.72,972.46,60,Very High
LOAN0002365,CUST004714,2024-05-31 13:32:16,6292.39,4591.8,0,Low
LOAN0002366,CUST010594,2025-02-08 07:05:05,3000.0,2290.7,5,Low
LOAN0002367,CUST006989,2025-03-23 16:47:06,10538.12,6601.57,0,Very High
LOAN0002368,CUST009907,2026-05-27 15:49:24,6389.01,3563.25,15,Medium
LOAN0002369,CUST001469,2023-01-17 07:57:10,6284.11,5934.22,0,Medium
LOAN0002370,CUST010132,2025-07-03 22:43:06,13317.38,6261.64,0,Medium
LOAN0002371,CUST007702,2025-08-15 18:24:04,9032.11,3533.63,0,Low
LOAN0002372,CUST009440,2026-01-20 14:24:12,3000.0,1329.67,45,Medium
LOAN0002373,CUST005908,2023-06-07 22:54:05,44480.63,30399.98,0,Medium
LOAN0002374,CUST004527,2023-11-24 04:37:03,5135.27,2217.67,0,Medium
LOAN0002375,CUST004407,2025-07-01 04:02:22,8245.25,989.78,0,Low
LOAN0002376,CUST002901,2024-12-14 03:19:31,8799.54,2339.12,0,Medium
LOAN0002377,CUST003236,2025-09-04 10:48:35,11869.99,5781.43,0,Medium
LOAN0002378,CUST004150,2026-02-27 20:25:10,7638.7,4771.34,0,Medium
LOAN0002379,CUST006296,2023-05-23 21:20:53,3631.0,931.08,60,Medium
LOAN0002380,CUST001005,2025-02-12 04:43:04,10144.75,3042.83,5,Low
LOAN0002381,CUST009926,2025-03-14 13:29:14,10949.33,5633.79,30,Low
LOAN0002382,CUST000120,2023-08-31 13:13:44,9230.58,4907.33,0,Medium
LOAN0002383,CUST000993,2024-04-10 00:42:03,9229.93,4151.45,30,Medium
LOAN0002384,CUST010296,2023-03-02 09:23:10,8221.75,843.67,0,High
LOAN0002385,CUST010268,2023-12-26 12:06:51,3855.48,596.95,0,High
LOAN0002386,CUST010644,2024-06-17 07:54:33,8266.4,1472.02,0,Medium
LOAN0002387,CUST011157,2024-11-27 15:34:23,5097.83,574.92,0,Medium
LOAN0002388,CUST004200,2024-08-05 01:21:19,4642.67,4088.86,0,Low
LOAN0002389,CUST010141,2025-12-19 10:59:21,14775.58,13116.08,0,High
LOAN0002390,CUST011167,2024-08-21 22:38:57,5584.01,2280.46,0,Medium
LOAN0002391,CUST009289,2025-05-26 02:16:59,4158.57,4045.92,0,Low
LOAN0002392,CUST005449,2026-05-06 04:57:48,3492.79,1404.83,0,Very High
LOAN0002393,CUST006904,2025-01-28 22:48:35,9060.73,3291.52,45,Medium
LOAN0002394,CUST009202,2023-10-02 11:48:18,9671.14,744.81,0,Low
LOAN0002395,CUST007500,2024-04-21 16:27:05,5825.29,1225.54,0,Low
LOAN0002396,CUST004291,2023-11-04 17:41:48,8798.03,2634.7,0,Low
LOAN0002397,CUST007713,2025-01-26 12:16:21,14109.96,5852.83,0,Low
LOAN0002398,CUST011515,2026-04-07 00:54:31,6577.46,5895.3,0,Very High
LOAN0002399,CUST005139,2025-08-20 17:15:51,8590.3,7749.01,30,Low
LOAN0002400,CUST002157,2024-06-27 23:51:36,7993.53,4234.82,0,Medium
LOAN0002401,CUST004617,2023-12-21 13:40:41,17659.63,9388.01,0,Low
LOAN0002402,CUST008071,2023-01-20 22:03:49,15132.1,10748.76,0,Low
LOAN0002403,CUST011387,2023-08-02 18:55:33,11958.05,5224.77,0,Low
LOAN0002404,CUST007117,2024-06-12 23:03:57,5590.03,3396.31,0,Low
LOAN0002405,CUST000860,2023-02-02 11:35:31,5951.12,2300.4,0,Low
LOAN0002406,CUST005906,2026-06-25 21:30:01,8415.12,2525.6,0,Medium
LOAN0002407,CUST004810,2025-09-30 23:26:45,3085.96,2082.18,0,Medium
LOAN0002408,CUST002635,2025-02-24 10:49:38,3000.0,1253.98,0,High
LOAN0002409,CUST003575,2023-06-16 18:56:32,11287.08,10939.96,0,Medium
LOAN0002410,CUST010350,2024-06-30 01:50:36,9305.51,7581.55,0,Low
LOAN0002411,CUST011091,2025-04-23 06:15:07,9368.2,1502.25,0,Medium
LOAN0002412,CUST009521,2024-01-04 23:24:55,7478.64,6154.84,60,Low
LOAN0002413,CUST009485,2025-04-13 19:57:59,3000.0,438.62,30,Medium
LOAN0002414,CUST010892,2024-06-15 23:44:39,7112.45,2548.6,0,High
LOAN0002415,CUST010159,2023-03-02 07:12:06,19798.73,9040.73,0,Low
LOAN0002416,CUST003882,2024-05-01 18:48:24,11231.32,10014.4,0,Medium
LOAN0002417,CUST009796,2025-09-01 16:33:34,5018.13,2632.16,5,Medium
LOAN0002418,CUST005901,2025-10-20 13:16:52,11485.3,1990.83,15,Medium
LOAN0002419,CUST008382,2023-04-05 08:18:19,4742.57,1788.82,0,High
LOAN0002420,CUST002306,2024-12-10 22:36:51,10878.91,6946.48,0,Medium
LOAN0002421,CUST008326,2026-05-21 09:12:28,4289.22,2341.9,0,Low
LOAN0002422,CUST004267,2024-08-11 10:49:17,12666.9,11211.68,0,Medium
LOAN0002423,CUST005120,2025-10-13 15:13:45,3000.0,1882.39,0,Low
LOAN0002424,CUST008733,2025-06-22 10:21:08,10506.17,3478.77,0,Medium
LOAN0002425,CUST003735,2024-06-23 08:57:59,3644.44,1287.36,0,Low
LOAN0002426,CUST007348,2024-04-09 16:44:14,4995.81,4071.31,0,Low
LOAN0002427,CUST010109,2026-07-01 17:51:40,9839.23,4675.59,15,Medium
LOAN0002428,CUST005709,2024-05-05 05:18:31,3000.0,2856.63,5,Medium
LOAN0002429,CUST004280,2023-01-30 10:32:47,9429.39,8691.04,0,Low
LOAN0002430,CUST005413,2023-09-10 07:58:30,7211.91,3782.38,0,Low
LOAN0002431,CUST011471,2025-11-17 05:39:59,3000.0,1544.37,90,Low
LOAN0002432,CUST007629,2026-04-05 04:33:19,18615.17,6821.83,15,Very High
LOAN0002433,CUST005630,2023-04-23 04:28:20,18906.84,15676.24,0,High
LOAN0002434,CUST007714,2026-04-28 18:34:41,5604.93,2915.8,15,Medium
LOAN0002435,CUST000287,2023-03-08 13:07:02,12449.99,8890.56,0,High
LOAN0002436,CUST000014,2026-06-18 15:02:55,3299.75,2861.29,0,High
LOAN0002437,CUST001975,2025-10-05 11:39:16,11421.11,3665.42,60,Low
LOAN0002438,CUST010740,2023-10-23 19:35:16,8504.02,786.06,0,High
LOAN0002439,CUST005935,2024-11-25 10:23:31,3000.0,463.58,0,Medium
LOAN0002440,CUST007754,2025-09-03 12:59:06,11538.62,3254.3,0,Medium
LOAN0002441,CUST010469,2024-07-07 05:43:46,12351.81,10129.44,15,Medium
LOAN0002442,CUST011301,2024-08-21 00:27:33,15377.14,5680.04,0,Low
LOAN0002443,CUST004647,2025-01-14 09:36:37,7986.57,7367.06,15,Medium
LOAN0002444,CUST005575,2026-07-25 21:36:54,5583.57,3348.91,0,Low
LOAN0002445,CUST007171,2024-10-15 09:11:55,5522.81,2721.05,0,Low
LOAN0002446,CUST004681,2024-01-01 11:13:07,5483.48,1220.87,0,Low
LOAN0002447,CUST001369,2024-12-04 18:46:46,6321.4,4298.03,60,Low
LOAN0002448,CUST010007,2026-02-20 15:35:24,9566.3,2473.35,0,Low
LOAN0002449,CUST003017,2024-01-08 06:10:27,15904.13,4680.6,0,High
LOAN0002450,CUST007215,2023-01-01 14:33:53,8445.39,6877.0,0,High
LOAN0002451,CUST011240,2026-07-25 08:33:36,8350.91,5872.85,30,Low
LOAN0002452,CUST002921,2023-12-29 01:35:33,13334.15,6451.7,0,Low
LOAN0002453,CUST001684,2024-11-23 23:05:37,8107.5,7679.66,90,Low
LOAN0002454,CUST009750,2025-03-12 13:59:20,9195.56,7346.03,0,Medium
LOAN0002455,CUST011770,2025-04-20 00:14:46,21228.37,3378.06,0,Very High
LOAN0002456,CUST004832,2025-07-22 11:16:10,5395.91,3629.62,15,Medium
LOAN0002457,CUST009481,2026-06-06 05:27:25,4108.04,2555.58,0,Low
LOAN0002458,CUST001436,2023-05-13 13:24:37,20975.82,1999.62,15,Low
LOAN0002459,CUST006276,2024-11-15 03:50:27,8068.4,4793.82,90,Medium
LOAN0002460,CUST005021,2023-11-29 21:56:15,3000.0,2446.85,0,Low
LOAN0002461,CUST000916,2026-07-09 16:24:01,7878.01,4992.75,0,Medium
LOAN0002462,CUST001894,2026-01-25 07:10:53,4831.68,2845.82,0,High
LOAN0002463,CUST000787,2023-07-02 05:36:51,3000.0,1738.4,0,Low
LOAN0002464,CUST011943,2025-10-05 03:26:17,23664.12,2777.08,0,High
LOAN0002465,CUST005462,2025-11-17 00:30:31,6176.71,3684.24,0,Low
LOAN0002466,CUST005569,2024-02-24 12:51:16,10746.24,824.64,0,Medium
LOAN0002467,CUST003336,2023-11-26 08:14:18,5445.64,1928.37,5,Medium
LOAN0002468,CUST007551,2026-04-03 05:27:16,11676.09,5360.76,0,Low
LOAN0002469,CUST005086,2024-11-23 04:41:44,30211.55,11527.39,0,Medium
LOAN0002470,CUST002093,2023-07-12 13:29:17,9893.34,4471.07,0,Low
LOAN0002471,CUST011720,2023-03-31 23:21:35,3000.0,2629.4,0,Medium
LOAN0002472,CUST005291,2023-03-07 18:07:33,8361.24,3435.42,0,Medium
LOAN0002473,CUST008076,2024-06-08 21:03:32,4796.54,2690.22,0,Medium
LOAN0002474,CUST003767,2024-08-13 23:42:19,6218.05,5138.41,0,Medium
LOAN0002475,CUST004986,2026-05-19 08:44:14,3601.36,2205.98,30,Low
LOAN0002476,CUST010733,2023-05-25 02:09:38,3000.0,2314.13,0,Very High
LOAN0002477,CUST005492,2024-02-10 15:21:12,11246.27,7201.5,15,Medium
LOAN0002478,CUST008549,2025-03-30 00:33:14,6560.85,2153.09,15,Medium
LOAN0002479,CUST003444,2023-11-25 07:27:52,11589.56,7677.16,0,Medium
LOAN0002480,CUST000808,2026-04-21 11:07:56,33079.73,8448.98,0,Medium
LOAN0002481,CUST001504,2026-06-10 00:21:08,18976.18,6384.42,15,Medium
LOAN0002482,CUST002785,2023-09-27 18:11:37,6724.81,4773.9,0,Medium
LOAN0002483,CUST008488,2025-09-24 09:32:00,8942.39,8108.87,0,Low
LOAN0002484,CUST003492,2024-08-11 17:55:22,12477.52,4689.87,0,Low
LOAN0002485,CUST006460,2026-07-13 07:29:28,11073.86,5040.16,30,High
LOAN0002486,CUST005162,2023-07-02 20:41:38,10581.31,6304.15,0,High
LOAN0002487,CUST001930,2023-11-05 11:25:52,15808.49,6004.1,0,Medium
LOAN0002488,CUST004270,2024-02-11 04:50:01,9810.06,2947.98,30,High
LOAN0002489,CUST007701,2023-04-27 13:13:37,22780.25,6126.61,0,Very High
LOAN0002490,CUST006084,2024-06-05 20:45:38,12020.9,9721.81,0,Low
LOAN0002491,CUST004915,2023-06-17 22:52:14,3714.75,3003.18,0,Medium
LOAN0002492,CUST010557,2024-05-19 11:50:21,6449.39,2223.46,0,Medium
LOAN0002493,CUST002165,2024-02-20 12:54:35,12219.41,2911.98,0,Low
LOAN0002494,CUST006487,2025-06-08 01:13:27,3000.0,2489.98,0,Medium
LOAN0002495,CUST010063,2023-12-20 01:28:28,13168.85,10925.26,30,Low
LOAN0002496,CUST010185,2024-09-05 03:37:52,40110.42,6508.44,0,Medium
LOAN0002497,CUST003892,2023-02-13 09:38:25,6792.21,5893.35,0,Low
LOAN0002498,CUST006047,2026-01-30 21:33:09,14749.96,9540.9,5,Low
LOAN0002499,CUST011437,2025-02-05 13:13:39,4844.61,3689.19,0,Low
LOAN0002500,CUST010857,2026-05-19 07:43:01,8399.32,6146.32,30,Low
LOAN0002501,CUST008139,2025-01-16 09:45:09,29541.08,10247.06,15,Medium
LOAN0002502,CUST000205,2023-03-10 06:13:01,10454.08,5693.1,15,Low
LOAN0002503,CUST007626,2025-05-18 15:14:14,14027.71,2513.4,0,High
LOAN0002504,CUST011833,2024-11-19 15:57:24,5910.12,5093.7,0,Low
LOAN0002505,CUST007459,2024-04-19 13:29:39,5506.74,1189.38,0,Medium
LOAN0002506,CUST009236,2024-07-19 00:08:30,5883.93,4812.15,0,Low
LOAN0002507,CUST008395,2024-01-19 09:56:29,13788.31,2257.59,0,Low
LOAN0002508,CUST005535,2023-09-01 13:08:34,29931.71,12613.91,0,Low
LOAN0002509,CUST007559,2025-11-14 04:20:49,3000.0,1345.01,0,High
LOAN0002510,CUST008706,2024-06-20 18:01:17,16904.09,8427.11,0,Low
LOAN0002511,CUST003186,2025-11-08 14:20:26,11934.46,9879.07,5,High
LOAN0002512,CUST002914,2026-06-09 06:31:25,7440.48,5787.17,0,Medium
LOAN0002513,CUST007961,2023-08-01 09:36:38,7533.24,1087.7,5,Medium
LOAN0002514,CUST004177,2024-06-10 06:43:00,17856.29,5088.75,0,High
LOAN0002515,CUST000187,2026-01-26 19:25:56,21249.61,7118.58,0,Medium
LOAN0002516,CUST008574,2023-08-19 01:23:09,8819.61,2969.67,0,Low
LOAN0002517,CUST004227,2025-10-30 06:55:33,9451.09,482.32,0,High
LOAN0002518,CUST003527,2025-08-16 04:02:31,10745.77,2673.07,0,Medium
LOAN0002519,CUST008115,2025-06-07 15:20:11,34046.47,6795.56,0,Medium
LOAN0002520,CUST009926,2026-06-06 07:19:47,12461.2,5339.56,0,Low
LOAN0002521,CUST009165,2026-05-26 06:14:50,4668.08,1262.5,0,Low
LOAN0002522,CUST002024,2024-10-19 10:34:44,3584.6,3218.14,0,Low
LOAN0002523,CUST003086,2026-06-09 08:04:05,3037.9,2887.85,0,Medium
LOAN0002524,CUST003268,2023-01-07 20:17:17,28061.22,13834.01,0,Low
LOAN0002525,CUST011166,2023-03-01 18:43:28,19340.0,7445.7,0,Low
LOAN0002526,CUST003906,2023-05-18 07:12:01,22137.51,7304.82,0,Low
LOAN0002527,CUST011937,2025-03-13 02:59:02,4366.58,2671.67,0,Very High
LOAN0002528,CUST002190,2024-06-13 09:52:08,16420.98,13288.83,0,Medium
LOAN0002529,CUST003076,2025-06-29 23:04:05,15990.38,8341.65,5,Low
LOAN0002530,CUST005936,2023-12-02 12:31:18,7955.3,5328.27,0,High
LOAN0002531,CUST011774,2026-06-14 16:10:32,12926.31,3684.88,5,Medium
LOAN0002532,CUST006210,2026-03-30 23:10:25,8246.97,4392.64,0,Medium
LOAN0002533,CUST004904,2024-12-12 15:34:01,3000.0,1154.03,0,Low
LOAN0002534,CUST008657,2026-04-01 13:32:57,7398.45,6821.86,0,Low
LOAN0002535,CUST011548,2025-11-06 02:01:11,5589.69,5190.71,0,Low
LOAN0002536,CUST010701,2026-03-11 20:21:31,32786.84,11285.33,0,Medium
LOAN0002537,CUST010232,2024-02-04 14:07:05,5404.34,476.59,0,Low
LOAN0002538,CUST004552,2023-09-13 02:47:19,10830.5,1885.03,30,High
LOAN0002539,CUST003057,2023-01-22 14:22:46,9667.44,3737.04,0,Low
LOAN0002540,CUST003629,2024-11-16 14:17:33,14032.71,6440.84,0,High
LOAN0002541,CUST009273,2026-02-15 01:36:19,3000.0,1355.21,0,Medium
LOAN0002542,CUST011476,2026-01-11 21:33:52,3000.0,2659.64,0,Medium
LOAN0002543,CUST011837,2024-04-09 03:53:27,5042.7,2455.4,0,Medium
LOAN0002544,CUST004300,2025-04-05 16:31:09,24636.9,16156.61,0,Low
LOAN0002545,CUST002121,2025-06-01 13:34:37,7814.08,6359.94,0,Low
LOAN0002546,CUST004855,2024-09-26 22:59:18,12670.52,4604.01,0,Low
LOAN0002547,CUST011346,2025-04-12 21:19:53,17850.66,7610.85,0,Medium
LOAN0002548,CUST010205,2026-04-29 04:34:56,4522.95,3252.41,0,Medium
LOAN0002549,CUST009614,2023-05-04 10:46:36,11963.07,6265.08,0,Medium
LOAN0002550,CUST002949,2025-04-04 11:08:42,7205.79,7050.07,0,High
LOAN0002551,CUST003859,2024-05-16 20:00:54,4569.74,3939.02,5,Medium
LOAN0002552,CUST006681,2025-08-31 19:23:57,10447.4,8953.66,0,High
LOAN0002553,CUST011928,2023-12-31 04:40:41,8324.49,3606.37,60,High
LOAN0002554,CUST006355,2023-01-14 18:28:23,32255.77,19799.69,0,Low
LOAN0002555,CUST006177,2024-08-22 08:17:00,3000.0,2508.74,0,Low
LOAN0002556,CUST004695,2025-05-25 02:54:40,9022.81,2103.31,30,Low
LOAN0002557,CUST008573,2023-08-28 23:17:03,8830.55,8428.55,0,Low
LOAN0002558,CUST010072,2025-09-08 09:47:18,5055.53,3856.35,0,Low
LOAN0002559,CUST001293,2024-02-13 09:32:33,8694.56,7797.06,0,Low
LOAN0002560,CUST003631,2023-02-16 19:42:33,7685.37,5574.65,0,Low
LOAN0002561,CUST005640,2026-04-18 21:08:10,5931.14,4208.49,0,Medium
LOAN0002562,CUST005434,2024-03-04 07:12:15,3000.0,2379.89,30,High
LOAN0002563,CUST009988,2025-06-01 17:49:51,7356.63,555.38,0,Low
LOAN0002564,CUST007741,2024-04-30 13:37:54,3624.17,1552.57,60,Low
LOAN0002565,CUST010229,2025-05-22 18:58:17,4833.82,3015.27,0,Low
LOAN0002566,CUST004428,2025-05-16 23:16:03,5444.14,945.04,45,Low
LOAN0002567,CUST011751,2026-04-17 12:59:46,6956.65,2596.22,0,High
LOAN0002568,CUST004081,2024-12-05 15:58:41,7034.55,1941.54,0,Medium
LOAN0002569,CUST006402,2026-05-16 07:02:54,5322.67,3553.57,0,Medium
LOAN0002570,CUST009591,2025-09-19 21:21:31,3000.0,1337.12,0,Medium
LOAN0002571,CUST009421,2025-07-10 15:18:59,8571.43,8086.53,0,Low
LOAN0002572,CUST003753,2023-06-02 00:37:21,22180.7,1993.63,0,Low
LOAN0002573,CUST007146,2024-02-19 12:16:14,3335.02,1106.96,0,High
LOAN0002574,CUST003628,2024-03-08 14:12:32,5785.83,3712.89,0,Medium
LOAN0002575,CUST003208,2025-06-29 17:25:54,3000.0,2227.32,15,Medium
LOAN0002576,CUST008625,2023-06-01 12:12:05,13301.86,5553.01,0,Very High
LOAN0002577,CUST006625,2024-10-24 13:00:42,16028.68,3246.4,0,Low
LOAN0002578,CUST002715,2023-07-01 18:53:21,13343.8,10193.77,0,High
LOAN0002579,CUST001726,2026-02-27 21:17:35,4610.96,683.18,60,Medium
LOAN0002580,CUST007458,2023-01-15 10:56:30,6185.48,4689.56,0,Low
LOAN0002581,CUST003907,2026-06-06 09:45:05,10734.35,3094.0,0,Very High
LOAN0002582,CUST006225,2026-01-20 04:44:39,19170.2,10681.26,5,Medium
LOAN0002583,CUST000017,2026-05-16 13:29:23,6005.31,1750.5,0,Medium
LOAN0002584,CUST011850,2026-04-07 23:19:12,3000.0,1618.5,30,Medium
LOAN0002585,CUST007106,2025-03-12 07:42:48,4344.93,926.42,30,Low
LOAN0002586,CUST005377,2024-09-16 19:55:14,4909.57,1339.52,0,Medium
LOAN0002587,CUST004613,2023-05-22 22:05:30,6156.83,3937.93,15,Low
LOAN0002588,CUST009520,2026-02-15 16:18:15,8925.2,4404.6,0,Medium
LOAN0002589,CUST007481,2023-04-13 19:13:33,24931.96,16037.81,0,Medium
LOAN0002590,CUST009356,2025-11-12 19:33:29,11691.06,795.85,0,Very High
LOAN0002591,CUST003018,2026-05-17 14:37:15,8643.88,3058.8,5,Low
LOAN0002592,CUST000169,2026-07-09 13:35:14,9539.6,7839.57,0,Medium
LOAN0002593,CUST003214,2024-01-26 10:09:34,8498.32,4367.3,0,Low
LOAN0002594,CUST010637,2026-04-11 00:51:13,17662.73,6223.93,0,Low
LOAN0002595,CUST005533,2024-08-11 02:03:39,7058.9,609.53,0,Medium
LOAN0002596,CUST006047,2025-11-13 07:46:40,3000.0,483.49,0,Medium
LOAN0002597,CUST005016,2025-08-07 02:11:42,12638.46,7424.87,0,Low
LOAN0002598,CUST005802,2024-11-18 19:14:53,3128.38,2725.19,0,Medium
LOAN0002599,CUST000278,2024-10-08 00:43:55,16920.54,2490.05,45,Low
LOAN0002600,CUST004119,2024-03-09 01:45:23,8682.6,6823.11,30,Low
LOAN0002601,CUST010363,2025-03-07 16:18:49,5880.29,5160.6,0,Medium
LOAN0002602,CUST010572,2026-01-15 09:09:14,4747.81,3451.98,0,Low
LOAN0002603,CUST005932,2026-01-16 07:33:38,8718.68,1869.91,0,Low
LOAN0002604,CUST001715,2026-03-28 10:22:08,24311.55,20350.67,60,Very High
LOAN0002605,CUST002939,2026-04-28 22:22:10,10021.51,7079.38,0,Medium
LOAN0002606,CUST001249,2024-02-23 06:19:04,15602.92,3961.58,5,Low
LOAN0002607,CUST007468,2023-03-09 12:10:12,3632.6,892.24,0,Very High
LOAN0002608,CUST009113,2024-12-02 10:00:24,14598.17,7182.18,0,Low
LOAN0002609,CUST011391,2023-01-08 06:04:37,21776.26,11329.85,0,Medium
LOAN0002610,CUST004505,2023-04-06 20:41:19,8537.04,7576.31,0,Medium
LOAN0002611,CUST009964,2024-02-11 02:57:19,3000.0,247.39,0,Medium
LOAN0002612,CUST005329,2026-03-08 16:42:45,8164.75,3906.4,0,High
LOAN0002613,CUST010009,2023-08-09 19:55:03,7306.48,6894.47,0,Medium
LOAN0002614,CUST008816,2026-06-26 13:54:19,13911.23,1480.47,0,Low
LOAN0002615,CUST011385,2024-02-01 17:04:06,6909.59,4465.67,0,Low
LOAN0002616,CUST007069,2023-07-11 02:49:06,9389.59,1865.92,0,Low
LOAN0002617,CUST002916,2026-06-27 11:29:30,7774.9,3353.88,30,Medium
LOAN0002618,CUST005703,2023-11-12 14:46:39,17496.53,15371.39,15,Low
LOAN0002619,CUST004284,2026-07-20 20:57:31,7014.31,2315.31,0,Very High
LOAN0002620,CUST008473,2024-11-28 10:41:36,34129.74,31704.67,0,High
LOAN0002621,CUST010565,2025-07-07 02:02:09,4636.84,3924.12,90,Low
LOAN0002622,CUST002039,2025-11-19 18:10:12,3860.95,2590.13,0,Medium
LOAN0002623,CUST010302,2023-06-03 04:25:24,6915.32,2598.93,0,Medium
LOAN0002624,CUST002749,2024-08-22 00:16:49,4254.6,3158.87,0,Medium
LOAN0002625,CUST004334,2024-12-02 00:42:57,10203.88,6358.15,90,Low
LOAN0002626,CUST004376,2025-02-02 17:06:23,10110.57,8046.65,0,High
LOAN0002627,CUST011188,2024-01-12 23:49:10,35552.75,4523.37,0,High
LOAN0002628,CUST003523,2024-11-23 21:03:11,12327.1,3968.66,0,Low
LOAN0002629,CUST003970,2025-09-03 01:04:02,13482.62,7270.1,0,Medium
LOAN0002630,CUST005494,2023-10-10 18:46:45,11622.71,5776.08,5,Medium
LOAN0002631,CUST001962,2024-10-12 03:04:03,3898.05,881.4,0,Low
LOAN0002632,CUST001864,2023-10-08 09:18:57,4192.28,2989.96,0,Low
LOAN0002633,CUST004087,2024-11-13 09:33:13,12985.09,10105.62,0,Medium
LOAN0002634,CUST007859,2024-08-25 12:43:23,4129.33,2192.38,0,Medium
LOAN0002635,CUST009152,2025-04-21 01:01:10,5757.56,3066.36,90,High
LOAN0002636,CUST004055,2023-05-18 19:43:53,10600.04,5637.69,0,Low
LOAN0002637,CUST008862,2024-03-31 00:01:15,6211.58,2250.78,5,Very High
LOAN0002638,CUST009948,2023-12-02 07:23:11,23714.31,19240.89,15,Low
LOAN0002639,CUST006229,2023-11-25 00:03:09,9206.75,5920.78,0,Low
LOAN0002640,CUST003343,2025-11-15 04:53:32,12870.43,6288.98,0,Low
LOAN0002641,CUST011498,2024-04-13 15:56:50,13531.08,11542.7,0,Low
LOAN0002642,CUST007502,2023-02-05 19:43:47,3359.17,1415.89,0,Low
LOAN0002643,CUST003067,2023-01-27 17:10:21,9554.77,7707.87,0,Medium
LOAN0002644,CUST011582,2026-01-21 18:59:16,10907.08,6404.09,0,Medium
LOAN0002645,CUST002838,2024-11-27 14:00:35,3000.0,2690.61,0,High
LOAN0002646,CUST011927,2025-01-11 11:59:07,10183.64,5740.56,0,Low
LOAN0002647,CUST006583,2023-02-04 00:11:45,8009.01,3811.61,0,Medium
LOAN0002648,CUST005850,2023-07-11 07:36:52,3715.2,282.88,0,Medium
LOAN0002649,CUST001013,2024-02-24 00:50:58,7067.37,3646.54,0,Medium
LOAN0002650,CUST000747,2025-11-24 18:15:07,5942.33,4950.63,0,Low
LOAN0002651,CUST003227,2026-01-17 10:53:44,3488.9,2552.86,0,Very High
LOAN0002652,CUST010780,2023-05-01 06:02:05,9739.16,8654.54,0,Medium
LOAN0002653,CUST006032,2024-12-15 01:48:35,4213.2,428.53,0,Medium
LOAN0002654,CUST003843,2025-03-26 12:41:54,9665.05,6755.45,0,Medium
LOAN0002655,CUST007883,2024-12-05 18:21:25,10826.68,5224.06,0,Low
LOAN0002656,CUST005310,2026-04-05 06:42:50,10583.3,3083.89,60,High
LOAN0002657,CUST008424,2024-10-29 21:11:17,14551.29,12812.06,0,Low
LOAN0002658,CUST007783,2024-04-01 15:56:52,14716.9,7495.09,0,Low
LOAN0002659,CUST001321,2025-12-28 12:35:43,3269.47,1936.14,0,Low
LOAN0002660,CUST009380,2025-03-25 16:23:21,13661.34,8535.79,0,Medium
LOAN0002661,CUST002340,2026-06-01 19:39:39,25873.48,8528.4,0,Medium
LOAN0002662,CUST004101,2026-07-16 20:38:39,6554.68,1674.67,0,Medium
LOAN0002663,CUST005028,2025-08-10 16:40:27,3000.0,2084.28,0,Low
LOAN0002664,CUST008601,2025-12-01 09:15:31,5769.64,2905.85,0,Medium
LOAN0002665,CUST008451,2023-07-13 05:29:33,12408.58,6081.11,0,Medium
LOAN0002666,CUST009016,2024-05-14 19:58:05,13870.58,4532.56,0,Medium
LOAN0002667,CUST009931,2023-06-28 09:55:03,7191.67,5695.61,0,High
LOAN0002668,CUST004567,2025-03-05 12:22:11,8038.65,3580.27,15,Medium
LOAN0002669,CUST007904,2023-12-23 22:14:38,16249.34,1508.47,60,Medium
LOAN0002670,CUST004580,2023-05-10 00:40:53,16638.86,15150.48,15,Medium
LOAN0002671,CUST006576,2024-04-03 18:51:40,4741.57,4485.94,30,Low
LOAN0002672,CUST006788,2023-02-07 11:34:03,9889.91,6771.2,45,Low
LOAN0002673,CUST004898,2025-03-12 00:27:39,3000.0,2302.37,0,Low
LOAN0002674,CUST002119,2023-12-24 02:34:46,5987.31,5419.22,0,Medium
LOAN0002675,CUST004983,2025-05-11 08:01:21,3198.11,1681.7,0,Very High
LOAN0002676,CUST008273,2025-12-13 22:52:31,7224.32,2649.03,0,High
LOAN0002677,CUST002178,2023-02-16 10:45:25,20184.63,7843.35,0,Low
LOAN0002678,CUST002994,2026-06-24 12:24:50,4912.8,1510.52,0,Medium
LOAN0002679,CUST008628,2023-09-24 18:38:34,19065.88,15157.6,0,Low
LOAN0002680,CUST009980,2024-11-23 22:38:11,6158.02,2913.13,0,Low
LOAN0002681,CUST000789,2023-12-07 03:08:33,6976.7,4750.85,0,Medium
LOAN0002682,CUST011134,2026-01-25 01:03:07,18631.81,12407.68,0,Low
LOAN0002683,CUST000917,2025-12-11 06:37:32,7948.39,6937.89,0,Medium
LOAN0002684,CUST000345,2023-07-22 04:53:50,6890.73,830.87,0,Low
LOAN0002685,CUST010791,2025-11-08 23:53:09,6999.2,2455.34,0,Medium
LOAN0002686,CUST000479,2025-02-28 23:17:59,14502.5,3281.96,5,Low
LOAN0002687,CUST005174,2023-11-28 12:16:17,16085.55,10649.34,0,High
LOAN0002688,CUST010305,2023-09-03 07:13:26,4949.34,3878.93,0,Medium
LOAN0002689,CUST001759,2024-03-09 05:26:42,11821.17,7076.07,0,Low
LOAN0002690,CUST011632,2023-02-08 00:40:54,3996.13,1352.19,0,Medium
LOAN0002691,CUST005049,2024-03-27 12:37:58,8913.69,3509.38,0,Low
LOAN0002692,CUST010936,2024-08-06 04:28:01,7979.1,3295.96,30,Medium
LOAN0002693,CUST004266,2025-07-15 16:58:29,14040.23,3753.37,0,Low
LOAN0002694,CUST000266,2023-07-11 19:55:38,9499.99,8262.38,0,Low
LOAN0002695,CUST006611,2023-06-27 18:34:47,4099.15,2914.02,0,Very High
LOAN0002696,CUST010125,2024-02-07 01:09:11,6988.09,6008.49,0,High
LOAN0002697,CUST011431,2023-09-11 21:55:24,3330.91,877.67,0,Medium
LOAN0002698,CUST002562,2026-06-08 09:45:08,13499.26,6317.01,60,Low
LOAN0002699,CUST010997,2023-11-16 02:53:27,8194.9,966.91,0,Medium
LOAN0002700,CUST007103,2023-05-19 04:43:59,10107.57,7985.04,30,Low
LOAN0002701,CUST008606,2023-03-05 11:16:05,4606.48,3024.6,0,Low
LOAN0002702,CUST003429,2023-11-19 00:30:49,9751.06,7412.34,15,Low
LOAN0002703,CUST010519,2025-05-07 07:52:02,11612.93,1321.66,0,Medium
LOAN0002704,CUST000063,2023-04-13 14:20:07,10944.81,3859.07,0,High
LOAN0002705,CUST002410,2023-02-14 19:43:40,3200.32,911.95,0,Low
LOAN0002706,CUST006513,2023-05-15 08:25:55,8816.07,4115.15,0,Very High
LOAN0002707,CUST000517,2024-11-28 04:45:01,3000.0,2756.22,0,High
LOAN0002708,CUST010798,2023-02-07 09:14:25,6522.7,4555.94,0,Medium
LOAN0002709,CUST010421,2025-10-07 15:19:39,4290.45,275.75,5,Low
LOAN0002710,CUST000896,2023-12-17 12:20:02,15400.26,6985.61,15,Medium
LOAN0002711,CUST007365,2023-06-16 16:51:35,12248.09,1921.98,0,Medium
LOAN0002712,CUST000434,2024-04-24 06:52:31,13833.4,3524.92,60,Low
LOAN0002713,CUST002761,2025-03-31 14:15:35,9313.22,1256.16,0,Medium
LOAN0002714,CUST010258,2023-04-30 11:36:38,22969.47,14559.71,0,Low
LOAN0002715,CUST005181,2025-09-11 16:11:11,20259.51,15948.46,0,High
LOAN0002716,CUST002449,2025-08-06 02:05:45,5540.46,4763.23,0,Medium
LOAN0002717,CUST010418,2024-01-19 17:08:42,17582.26,4695.53,0,Low
LOAN0002718,CUST004049,2024-06-28 05:03:25,6865.41,1524.67,5,Low
LOAN0002719,CUST003293,2023-04-18 12:18:15,13022.09,8265.63,0,Low
LOAN0002720,CUST004706,2023-08-14 08:41:18,18774.05,13682.17,0,Medium
LOAN0002721,CUST000397,2024-10-21 15:53:47,6735.5,1916.75,5,Low
LOAN0002722,CUST003294,2024-08-18 21:28:25,21741.0,10262.04,0,Low
LOAN0002723,CUST002523,2024-10-08 14:18:23,4026.58,3813.81,0,Low
LOAN0002724,CUST008461,2025-10-23 10:38:20,9556.05,6369.48,0,Medium
LOAN0002725,CUST011219,2026-07-11 02:31:09,12822.7,4870.7,0,Medium
LOAN0002726,CUST001103,2023-03-09 03:08:56,9837.38,8045.99,0,High
LOAN0002727,CUST009366,2026-05-06 02:41:12,17044.3,2439.16,0,Low
LOAN0002728,CUST008123,2023-10-15 06:50:18,3000.0,2307.97,0,High
LOAN0002729,CUST006789,2024-06-26 16:56:15,10949.65,7612.41,90,Low
LOAN0002730,CUST006624,2026-04-28 04:01:40,9880.65,2950.26,0,Medium
LOAN0002731,CUST008011,2023-11-06 09:50:01,3095.02,962.03,0,Low
LOAN0002732,CUST007339,2024-03-25 05:48:27,54560.88,44257.82,0,High
LOAN0002733,CUST000599,2025-08-07 08:53:11,6091.61,3910.38,0,High
LOAN0002734,CUST006082,2024-03-31 01:42:12,30164.12,15876.05,0,Medium
LOAN0002735,CUST010149,2024-12-11 20:15:02,11921.69,646.72,0,Low
LOAN0002736,CUST011000,2025-08-31 08:05:06,8135.02,3507.75,30,Medium
LOAN0002737,CUST006997,2026-01-02 12:38:43,11708.97,8830.79,0,Very High
LOAN0002738,CUST002153,2026-03-12 15:50:40,14603.29,2269.35,0,Medium
LOAN0002739,CUST002704,2024-07-20 10:56:40,8478.84,8175.8,5,Medium
LOAN0002740,CUST007963,2024-09-04 23:45:13,8464.69,2479.63,0,High
LOAN0002741,CUST001535,2026-07-10 15:06:58,5756.16,5473.89,0,Medium
LOAN0002742,CUST005736,2025-04-23 21:47:38,5225.07,1808.33,0,Low
LOAN0002743,CUST002297,2025-12-05 16:12:08,18045.92,13218.41,0,Very High
LOAN0002744,CUST000933,2026-04-09 19:37:15,5355.87,4773.3,45,Low
LOAN0002745,CUST005825,2026-07-31 11:22:30,3000.0,333.06,5,High
LOAN0002746,CUST000376,2025-11-17 00:56:08,7939.54,3789.19,0,Medium
LOAN0002747,CUST001554,2026-04-19 02:03:30,4790.05,2978.49,0,Medium
LOAN0002748,CUST004948,2024-10-28 00:28:18,19777.98,3042.63,0,Low
LOAN0002749,CUST004750,2023-07-12 08:39:56,6131.42,1309.38,0,Medium
LOAN0002750,CUST008669,2024-02-03 11:39:58,11345.78,5036.66,0,Low
LOAN0002751,CUST003077,2025-05-03 10:39:58,10520.68,3815.15,0,Medium
LOAN0002752,CUST003766,2024-04-11 00:01:36,8381.03,4482.99,0,Low
LOAN0002753,CUST001427,2023-12-31 21:01:59,11542.96,6798.73,5,Low
LOAN0002754,CUST011003,2023-07-06 14:22:47,3000.0,2051.85,0,Low
LOAN0002755,CUST000167,2023-11-01 17:29:33,11932.56,3430.27,0,High
LOAN0002756,CUST008144,2025-02-16 06:51:53,6710.5,1690.68,60,Medium
LOAN0002757,CUST005499,2026-06-05 18:59:29,7480.46,3445.58,0,Low
LOAN0002758,CUST009154,2025-04-13 08:02:33,20882.02,6649.57,0,High
LOAN0002759,CUST005724,2024-09-14 16:01:51,11933.75,7811.17,0,Low
LOAN0002760,CUST009115,2023-01-13 23:41:26,7107.26,3001.32,0,Low
LOAN0002761,CUST008011,2023-01-26 11:12:40,5336.74,3023.06,30,Medium
LOAN0002762,CUST003626,2026-07-23 14:18:01,24968.39,12382.04,0,Low
LOAN0002763,CUST011536,2026-05-07 00:01:27,7060.6,1448.34,0,Low
LOAN0002764,CUST003751,2026-05-02 21:45:28,16312.95,11362.11,0,Medium
LOAN0002765,CUST005529,2024-09-22 03:31:14,8138.8,2994.16,0,Medium
LOAN0002766,CUST005380,2023-04-24 03:22:08,8810.44,4649.85,0,Medium
LOAN0002767,CUST011871,2026-02-10 05:40:27,6257.49,5108.29,60,High
LOAN0002768,CUST009647,2023-09-07 20:20:39,13111.11,1736.09,0,Medium
LOAN0002769,CUST007021,2024-10-30 12:10:30,6586.74,5108.3,0,Low
LOAN0002770,CUST009764,2025-06-29 15:22:54,6894.35,1885.68,0,Low
LOAN0002771,CUST000021,2023-03-10 11:18:30,9571.13,8908.8,0,Medium
LOAN0002772,CUST002180,2024-03-24 12:37:43,7470.8,1199.8,0,Medium
LOAN0002773,CUST005869,2023-03-23 23:12:05,25276.86,1324.43,0,Low
LOAN0002774,CUST000230,2024-06-22 03:18:55,4985.35,563.98,0,Medium
LOAN0002775,CUST009287,2025-10-21 05:53:00,9075.42,8224.26,0,Medium
LOAN0002776,CUST009974,2024-07-20 00:00:54,4908.62,4456.15,0,Medium
LOAN0002777,CUST000477,2023-08-24 10:46:35,5439.22,3330.82,5,Low
LOAN0002778,CUST002234,2025-11-17 04:32:39,6007.49,3533.26,0,Low
LOAN0002779,CUST003511,2024-06-28 23:11:18,11751.64,10645.07,0,Low
LOAN0002780,CUST004247,2025-08-29 00:15:41,21225.23,2875.28,0,Very High
LOAN0002781,CUST008795,2024-10-04 14:04:05,4412.13,4236.23,0,Low
LOAN0002782,CUST005057,2024-04-06 12:24:38,4362.71,1201.58,45,Low
LOAN0002783,CUST005776,2023-04-23 07:18:10,7920.35,3183.46,0,Low
LOAN0002784,CUST002076,2025-07-06 08:38:09,8288.36,7041.11,0,High
LOAN0002785,CUST006045,2023-01-31 15:56:54,7086.64,2738.84,60,Low
LOAN0002786,CUST008982,2024-10-22 01:34:29,7286.79,6019.92,0,High
LOAN0002787,CUST001252,2025-06-30 05:52:06,6794.84,5519.23,5,Medium
LOAN0002788,CUST009726,2024-12-05 07:28:20,18196.01,10030.06,0,Medium
LOAN0002789,CUST008165,2024-05-10 20:46:25,4165.05,3643.26,0,Medium
LOAN0002790,CUST005295,2024-10-02 23:55:26,13682.26,7685.11,5,Medium
LOAN0002791,CUST000650,2023-09-28 16:14:39,15656.23,3999.18,90,Medium
LOAN0002792,CUST004586,2025-07-09 03:44:57,20980.67,2675.47,0,Medium
LOAN0002793,CUST010677,2026-02-26 08:36:42,3784.18,967.88,0,Low
LOAN0002794,CUST004369,2026-03-15 16:01:39,3147.11,2212.11,0,Medium
LOAN0002795,CUST005009,2023-10-31 17:56:50,16290.91,11888.63,0,Medium
LOAN0002796,CUST004343,2024-09-10 01:41:38,6434.37,6137.66,0,Medium
LOAN0002797,CUST005158,2024-04-02 15:16:56,3000.0,1715.41,0,High
LOAN0002798,CUST002534,2024-01-30 06:00:15,13163.36,4225.57,0,Low
LOAN0002799,CUST010493,2024-01-18 06:06:03,5784.13,4725.37,0,Medium
LOAN0002800,CUST009307,2025-10-22 19:47:07,8569.47,3249.66,0,Low
LOAN0002801,CUST009408,2024-11-29 20:29:27,12673.88,7412.9,0,Medium
LOAN0002802,CUST001260,2026-04-30 11:19:42,4702.99,4032.87,0,Low
LOAN0002803,CUST011046,2025-08-06 08:38:39,13899.65,2503.47,30,Medium
LOAN0002804,CUST003652,2025-01-01 01:14:45,10114.64,7770.24,0,Low
LOAN0002805,CUST005187,2024-11-25 04:35:11,3000.0,1734.77,0,Very High
LOAN0002806,CUST008736,2024-08-29 14:48:44,13138.16,1626.11,0,High
LOAN0002807,CUST007280,2024-12-08 14:17:00,7813.29,2055.67,0,High
LOAN0002808,CUST007222,2024-05-15 13:31:34,3000.0,1881.31,0,Low
LOAN0002809,CUST009861,2024-09-08 08:00:30,22408.72,18085.33,0,Medium
LOAN0002810,CUST004868,2025-03-03 02:00:45,10789.07,3289.43,15,Low
LOAN0002811,CUST006855,2025-02-24 20:16:44,7251.9,4053.41,0,High
LOAN0002812,CUST008968,2023-05-10 05:53:15,8814.19,8083.13,5,Medium
LOAN0002813,CUST008562,2025-11-08 16:05:06,4667.74,3959.87,5,High
LOAN0002814,CUST008290,2025-09-22 10:34:54,16784.18,11160.98,0,Low
LOAN0002815,CUST002495,2023-08-03 05:47:34,4034.77,1706.97,0,High
LOAN0002816,CUST004292,2025-07-17 20:34:41,16998.11,9943.52,0,Low
LOAN0002817,CUST011858,2024-02-03 04:08:15,6042.96,2492.28,0,Low
LOAN0002818,CUST003589,2024-07-27 02:21:14,16831.68,4392.33,0,Low
LOAN0002819,CUST001732,2025-12-24 01:50:48,14695.36,6592.21,0,Low
LOAN0002820,CUST009912,2024-01-08 05:33:46,5153.16,2219.61,0,High
LOAN0002821,CUST004376,2025-02-06 04:56:41,8063.66,7838.51,0,High
LOAN0002822,CUST009719,2026-06-30 05:22:19,8232.35,445.94,5,Medium
LOAN0002823,CUST011667,2026-03-02 03:54:51,4778.89,452.88,30,Low
LOAN0002824,CUST006044,2025-03-31 05:56:03,3798.59,2307.92,0,Low
LOAN0002825,CUST000396,2024-12-15 00:32:02,7655.91,4911.35,30,Low
LOAN0002826,CUST010288,2023-12-28 18:57:32,13010.02,1585.45,0,Low
LOAN0002827,CUST000836,2025-06-30 17:25:02,7380.73,3625.8,45,High
LOAN0002828,CUST001928,2025-07-29 22:56:59,4882.32,3559.77,0,Low
LOAN0002829,CUST009317,2025-11-07 23:52:39,4872.72,2455.04,0,Low
LOAN0002830,CUST011089,2023-08-04 15:47:12,8044.12,1244.51,0,Low
LOAN0002831,CUST001360,2026-03-13 13:31:11,9406.65,3209.86,0,Medium
LOAN0002832,CUST001941,2024-04-13 03:42:11,7482.97,3199.74,0,Low
LOAN0002833,CUST011477,2023-10-04 14:54:39,17095.75,11930.45,0,High
LOAN0002834,CUST003277,2023-01-25 08:50:14,7457.08,2720.0,0,Medium
LOAN0002835,CUST010179,2023-01-30 10:17:26,6621.8,2146.55,0,Low
LOAN0002836,CUST009580,2024-02-27 20:12:35,4748.56,2605.4,0,Low
LOAN0002837,CUST008100,2023-01-02 02:23:04,8393.97,2048.83,90,Very High
LOAN0002838,CUST011479,2023-12-02 00:35:45,23773.02,3621.09,0,Medium
LOAN0002839,CUST007742,2024-09-14 14:53:28,6985.01,4540.45,0,Low
LOAN0002840,CUST009012,2025-10-03 05:02:02,5123.81,2066.7,0,Low
LOAN0002841,CUST005560,2025-07-22 01:54:53,10691.37,6368.99,0,Low
LOAN0002842,CUST008762,2023-12-05 03:54:03,13544.19,8194.5,0,Low
LOAN0002843,CUST009810,2024-11-06 02:32:58,4556.58,1239.67,0,Low
LOAN0002844,CUST008076,2023-02-05 01:59:06,3583.2,2936.61,0,Low
LOAN0002845,CUST000165,2023-12-31 01:49:18,19560.38,9287.47,30,Low
LOAN0002846,CUST005799,2023-02-06 00:45:11,10600.07,5501.14,0,Low
LOAN0002847,CUST000883,2026-06-07 09:09:57,12367.03,9497.37,30,Medium
LOAN0002848,CUST009717,2024-11-07 12:43:25,17036.53,15033.4,0,Low
LOAN0002849,CUST010576,2024-08-04 19:08:16,12329.82,7713.62,0,Medium
LOAN0002850,CUST003660,2025-01-15 05:37:59,13457.15,5560.51,0,Very High
LOAN0002851,CUST008398,2024-08-23 04:49:37,7038.62,2105.23,0,Low
LOAN0002852,CUST007519,2024-07-29 09:27:53,22049.28,21059.87,5,Low
LOAN0002853,CUST004786,2024-04-24 04:20:40,3000.0,441.63,0,Low
LOAN0002854,CUST007024,2026-03-17 02:41:17,15470.57,12218.05,0,Medium
LOAN0002855,CUST006972,2023-03-20 12:43:35,9775.11,1478.49,0,Medium
LOAN0002856,CUST005424,2023-10-18 19:40:50,4296.06,473.55,0,Low
LOAN0002857,CUST009181,2023-12-26 01:44:01,16969.97,13240.75,0,High
LOAN0002858,CUST009567,2026-02-06 23:49:26,4140.31,346.28,0,Low
LOAN0002859,CUST005270,2024-04-23 21:51:42,7367.91,978.95,0,Low
LOAN0002860,CUST007472,2023-09-07 22:19:30,12181.6,11203.08,0,Low
LOAN0002861,CUST010236,2026-01-28 20:27:38,14282.69,11370.34,0,Medium
LOAN0002862,CUST004989,2024-12-11 15:56:59,4412.67,1919.73,0,Low
LOAN0002863,CUST010311,2026-06-17 09:24:30,3000.0,571.09,0,Low
LOAN0002864,CUST003797,2023-01-17 04:28:58,9656.84,5575.99,15,Very High
LOAN0002865,CUST011051,2023-06-28 11:52:01,6344.06,1030.54,0,Low
LOAN0002866,CUST005077,2024-10-11 11:58:30,6530.5,5179.89,0,High
LOAN0002867,CUST001996,2026-07-31 08:41:34,47576.38,26395.03,0,Low
LOAN0002868,CUST005887,2025-11-17 00:40:38,3000.0,2088.63,0,Medium
LOAN0002869,CUST003483,2023-10-12 11:21:46,3488.14,1684.67,30,Low
LOAN0002870,CUST007458,2025-01-06 04:48:07,4267.52,3500.16,15,Low
LOAN0002871,CUST005069,2024-08-05 02:11:29,10917.7,6305.22,90,Medium
LOAN0002872,CUST001546,2023-12-03 22:09:45,6998.54,2228.84,45,Medium
LOAN0002873,CUST011941,2023-06-24 06:58:13,9495.89,2762.49,30,High
LOAN0002874,CUST008512,2024-02-04 20:01:13,18754.56,2677.49,0,Low
LOAN0002875,CUST011776,2023-04-06 11:14:13,5115.03,3634.59,0,Low
LOAN0002876,CUST005464,2025-01-08 17:07:58,6476.05,2399.47,0,High
LOAN0002877,CUST010792,2024-05-12 18:55:56,7031.44,5026.46,5,Low
LOAN0002878,CUST007814,2024-06-30 01:56:18,14423.87,7598.65,0,Low
LOAN0002879,CUST004372,2026-03-26 23:58:10,3834.01,2339.71,0,Low
LOAN0002880,CUST006786,2026-01-05 12:46:55,9880.29,1809.05,0,Medium
LOAN0002881,CUST003642,2025-04-29 21:08:18,5956.64,5440.28,0,Low
LOAN0002882,CUST007018,2025-11-01 09:41:50,3377.72,2704.64,0,Medium
LOAN0002883,CUST011557,2023-08-29 21:17:48,5986.25,1210.07,0,Low
LOAN0002884,CUST002635,2026-03-27 13:44:28,12465.11,8648.15,0,Medium
LOAN0002885,CUST011776,2023-06-19 02:16:53,4765.47,986.77,0,Medium
LOAN0002886,CUST011066,2025-06-30 03:13:54,8380.18,5455.13,0,Low
LOAN0002887,CUST002714,2024-05-08 02:47:00,5572.64,4234.91,0,Very High
LOAN0002888,CUST003973,2026-04-04 18:58:15,26284.36,6305.95,0,Low
LOAN0002889,CUST004275,2026-03-10 15:51:50,6102.55,4857.82,0,Low
LOAN0002890,CUST005650,2024-07-09 21:03:42,9313.06,8997.59,0,Low
LOAN0002891,CUST011400,2023-10-17 04:30:57,6311.42,3579.79,0,Very High
LOAN0002892,CUST005224,2025-10-24 06:17:17,5567.54,5146.13,0,Medium
LOAN0002893,CUST009479,2026-07-22 04:19:51,9424.16,8383.84,0,Low
LOAN0002894,CUST002364,2024-01-28 06:20:50,16825.47,11015.7,45,Low
LOAN0002895,CUST007176,2023-12-19 01:45:52,5591.8,4092.24,0,Low
LOAN0002896,CUST001382,2023-05-25 21:27:40,7508.01,5063.47,0,Very High
LOAN0002897,CUST011753,2023-02-10 08:41:16,3868.88,2194.03,45,Low
LOAN0002898,CUST004738,2025-11-21 19:46:36,17411.76,11824.09,0,Medium
LOAN0002899,CUST007815,2023-05-11 23:28:38,7289.56,5004.1,0,Low
LOAN0002900,CUST011685,2025-07-13 19:05:17,10734.19,10403.71,0,Low
LOAN0002901,CUST001175,2026-04-16 09:51:36,21690.99,17439.72,0,Medium
LOAN0002902,CUST001016,2026-06-24 14:04:04,5962.4,2906.49,0,High
LOAN0002903,CUST000182,2023-08-02 16:46:25,11574.85,8473.08,0,High
LOAN0002904,CUST008677,2024-12-07 06:10:51,9705.7,7716.0,0,Low
LOAN0002905,CUST000774,2026-03-02 17:08:27,10638.81,8112.19,0,Medium
LOAN0002906,CUST007052,2025-11-25 21:02:19,9850.38,4230.57,0,Low
LOAN0002907,CUST004041,2026-03-15 17:01:24,6103.12,4899.69,15,Medium
LOAN0002908,CUST007618,2025-07-19 06:20:07,12547.96,8746.96,0,Low
LOAN0002909,CUST005135,2025-06-21 11:42:18,6833.72,596.93,30,Medium
LOAN0002910,CUST008700,2024-01-05 14:56:09,12536.07,8174.07,0,High
LOAN0002911,CUST006491,2024-07-09 18:44:21,3229.13,2939.57,0,Low
LOAN0002912,CUST005264,2023-11-26 14:13:26,5414.83,2085.39,0,Low
LOAN0002913,CUST000177,2025-08-05 13:41:17,7557.67,4718.71,5,Medium
LOAN0002914,CUST001399,2024-03-11 04:26:36,23596.38,21846.18,5,Medium
LOAN0002915,CUST000271,2023-11-11 05:12:42,18024.04,8536.65,45,Medium
LOAN0002916,CUST008392,2023-04-04 13:13:08,3961.28,3652.84,0,High
LOAN0002917,CUST010863,2025-11-01 22:50:57,9180.06,1891.31,30,Low
LOAN0002918,CUST011238,2023-08-07 01:43:34,16284.52,4468.42,0,High
LOAN0002919,CUST006816,2023-08-22 05:43:57,4350.22,4223.4,5,Medium
LOAN0002920,CUST006792,2024-06-17 10:34:45,5942.12,4767.71,0,Medium
LOAN0002921,CUST005691,2024-04-07 15:06:35,10964.51,9589.44,5,Low
LOAN0002922,CUST000636,2024-05-08 18:15:37,42642.83,12244.08,15,Low
LOAN0002923,CUST011653,2025-08-29 09:23:55,7931.43,2571.87,15,Low
LOAN0002924,CUST010878,2024-09-21 15:58:25,8112.81,5498.41,0,Low
LOAN0002925,CUST001864,2023-08-04 18:31:08,15972.28,6473.14,0,Low
LOAN0002926,CUST003328,2026-04-17 11:54:02,9836.1,8011.26,0,Medium
LOAN0002927,CUST006635,2025-05-09 13:37:09,7881.14,1061.09,45,Medium
LOAN0002928,CUST007273,2025-01-05 15:14:51,3849.86,2169.19,15,Medium
LOAN0002929,CUST010183,2024-11-21 05:27:33,9598.77,8738.3,0,Low
LOAN0002930,CUST004357,2025-02-21 14:21:04,11692.38,9665.69,0,Low
LOAN0002931,CUST007488,2025-02-28 13:39:21,4956.91,317.4,0,Low
LOAN0002932,CUST010093,2024-01-29 11:12:09,3981.39,309.28,0,Medium
LOAN0002933,CUST008491,2024-05-05 07:18:21,8968.06,1240.16,0,Medium
LOAN0002934,CUST002700,2024-11-30 16:51:17,4317.71,303.77,0,Medium
LOAN0002935,CUST011319,2025-12-09 09:08:44,3942.82,3083.48,0,Very High
LOAN0002936,CUST000386,2025-05-06 15:29:10,5147.41,3482.87,0,Low
LOAN0002937,CUST003174,2024-05-17 14:56:03,10051.88,2847.76,0,Low
LOAN0002938,CUST001745,2024-04-09 05:18:50,17821.01,15476.77,30,Medium
LOAN0002939,CUST006912,2023-03-14 02:35:36,8877.32,615.0,0,Very High
LOAN0002940,CUST006733,2024-09-03 20:34:56,14777.94,8572.15,15,High
LOAN0002941,CUST008011,2024-08-24 19:58:26,10229.19,6745.78,0,Medium
LOAN0002942,CUST004577,2023-05-12 05:49:26,6275.2,5641.54,0,Low
LOAN0002943,CUST007933,2024-03-05 21:08:52,3849.01,3116.73,15,Medium
LOAN0002944,CUST008251,2025-10-19 14:56:37,4036.41,1384.26,0,Low
LOAN0002945,CUST010992,2026-06-24 22:27:37,8367.83,7309.42,0,High
LOAN0002946,CUST010820,2024-01-15 00:53:04,7464.2,764.49,15,Low
LOAN0002947,CUST010284,2026-03-26 17:15:24,6298.78,4772.69,0,Medium
LOAN0002948,CUST005202,2023-01-25 22:51:16,13694.43,9831.92,0,High
LOAN0002949,CUST006130,2024-11-05 19:59:54,13076.39,5493.15,0,Low
LOAN0002950,CUST005062,2025-09-22 12:13:24,7081.33,5223.59,0,Low
LOAN0002951,CUST004867,2025-08-30 10:55:01,14709.78,9136.85,0,Low
LOAN0002952,CUST000942,2025-08-02 05:24:36,3000.0,2352.47,0,Low
LOAN0002953,CUST009409,2026-02-11 01:21:45,3166.19,1135.72,0,Medium
LOAN0002954,CUST004232,2026-05-06 14:43:08,8330.25,2677.95,5,High
LOAN0002955,CUST003953,2025-11-28 11:10:23,20789.05,8418.12,0,High
LOAN0002956,CUST007939,2024-07-06 22:20:26,3359.9,1420.41,60,Very High
LOAN0002957,CUST007990,2023-12-21 10:46:17,3000.0,2063.95,0,Low
LOAN0002958,CUST002864,2025-01-12 15:24:59,4840.11,3203.84,0,Low
LOAN0002959,CUST005560,2025-12-23 09:48:44,14084.4,3587.54,0,Low
LOAN0002960,CUST001196,2024-08-10 07:49:12,4857.8,556.39,0,High
LOAN0002961,CUST001924,2024-07-14 23:07:00,11814.45,11519.48,60,Low
LOAN0002962,CUST006151,2025-02-04 08:36:35,5958.96,3367.92,0,Low
LOAN0002963,CUST009833,2024-03-16 18:52:27,7641.82,6945.96,0,Low
LOAN0002964,CUST011159,2023-05-03 08:23:54,15644.61,8931.39,5,Medium
LOAN0002965,CUST004601,2025-02-22 14:10:49,10256.15,8190.54,0,Medium
LOAN0002966,CUST011278,2024-09-24 22:03:46,3531.13,935.8,0,Low
LOAN0002967,CUST001534,2023-10-16 23:58:36,6538.76,4310.67,0,Medium
LOAN0002968,CUST000930,2025-07-30 20:11:13,15367.88,11705.36,0,Low
LOAN0002969,CUST009485,2024-08-18 11:36:39,8610.03,5068.28,0,Low
LOAN0002970,CUST002354,2023-06-16 13:01:35,12419.85,8023.9,0,Low
LOAN0002971,CUST008728,2025-12-01 06:47:28,3857.44,3342.08,0,High
LOAN0002972,CUST004037,2023-03-06 03:45:57,6387.52,5419.51,0,Medium
LOAN0002973,CUST003590,2024-02-07 20:28:01,7229.32,2588.82,0,High
LOAN0002974,CUST008940,2024-11-05 09:11:49,17093.23,6317.23,0,High
LOAN0002975,CUST010669,2025-01-22 11:28:20,14912.7,14372.77,0,Low
LOAN0002976,CUST007933,2023-03-23 17:54:54,27665.14,2889.43,0,Low
LOAN0002977,CUST003869,2023-01-04 13:48:38,12418.63,3526.75,5,Medium
LOAN0002978,CUST011792,2023-02-17 02:59:04,15580.44,8330.29,0,Medium
LOAN0002979,CUST008043,2023-04-16 12:45:17,9909.03,5620.31,45,Low
LOAN0002980,CUST009952,2025-01-18 15:52:36,10335.88,4923.54,0,High
LOAN0002981,CUST002389,2025-02-02 23:33:15,3712.55,2468.3,0,High
LOAN0002982,CUST011531,2023-07-04 02:33:13,7674.23,1989.7,0,Medium
LOAN0002983,CUST008683,2026-04-11 08:34:22,6467.94,977.54,0,Medium
LOAN0002984,CUST004506,2026-07-02 07:50:53,10283.43,919.14,0,Very High
LOAN0002985,CUST010475,2025-05-31 10:04:34,8413.18,5192.76,5,Low
LOAN0002986,CUST008969,2024-05-27 22:06:20,5053.5,1825.17,0,Low
LOAN0002987,CUST008294,2026-03-17 15:39:49,11627.35,2573.67,0,Low
LOAN0002988,CUST005578,2023-10-11 17:51:33,15364.2,7015.67,0,High
LOAN0002989,CUST003679,2024-04-29 07:24:43,14106.67,7187.98,0,Low
LOAN0002990,CUST004994,2025-12-25 22:39:11,5429.0,2373.45,0,Medium
LOAN0002991,CUST009818,2025-01-25 21:08:15,18845.63,3256.68,30,Medium
LOAN0002992,CUST011563,2024-01-17 17:28:27,5583.05,728.8,0,Low
LOAN0002993,CUST010847,2025-07-10 11:40:59,21848.78,12651.77,0,Low
LOAN0002994,CUST004629,2023-12-23 15:48:35,19412.69,8323.74,0,Medium
LOAN0002995,CUST005329,2023-06-21 10:30:00,10008.67,2795.52,5,Medium
LOAN0002996,CUST008083,2025-04-05 18:11:14,5234.26,522.07,0,Medium
LOAN0002997,CUST009135,2023-12-23 17:53:04,3000.0,962.91,0,Low
LOAN0002998,CUST006625,2025-04-12 20:42:29,4488.57,1124.08,0,Low
LOAN0002999,CUST004058,2025-09-28 18:24:58,4186.06,1409.61,0,High
LOAN0003000,CUST010966,2023-12-10 12:15:43,3136.87,732.73,0,Medium
LOAN0003001,CUST001556,2024-08-16 21:07:09,6839.77,771.05,0,Medium
LOAN0003002,CUST007310,2023-07-11 16:27:11,8959.06,5588.65,0,Low
LOAN0003003,CUST002426,2024-05-14 13:23:51,4223.51,1915.73,0,Medium
LOAN0003004,CUST010042,2023-08-08 21:08:08,8919.5,731.95,0,Low
LOAN0003005,CUST010166,2026-02-24 06:35:22,10942.54,3973.36,5,Low
LOAN0003006,CUST004206,2025-07-11 09:37:21,5123.94,3658.46,0,Low
LOAN0003007,CUST008189,2024-07-27 12:37:28,12007.11,9752.67,0,High
LOAN0003008,CUST002229,2025-05-26 00:24:10,9634.97,1294.92,0,Low
LOAN0003009,CUST003236,2024-01-30 18:07:46,16109.89,6192.75,0,Low
LOAN0003010,CUST005284,2025-01-23 20:14:27,14642.7,10103.87,0,High
LOAN0003011,CUST001662,2024-08-08 20:54:33,11823.39,1191.3,45,Medium
LOAN0003012,CUST002748,2024-03-13 06:39:40,11577.75,8481.99,15,Low
LOAN0003013,CUST007085,2023-11-23 06:56:41,13495.6,5951.56,0,Medium
LOAN0003014,CUST002379,2024-02-18 17:39:32,21505.71,1388.16,0,Low
LOAN0003015,CUST005944,2026-01-08 18:28:39,5443.2,3411.22,0,Medium
LOAN0003016,CUST011087,2026-05-06 13:55:50,11920.95,10294.47,0,Medium
LOAN0003017,CUST007905,2024-05-28 00:17:24,3000.0,2207.15,0,Medium
LOAN0003018,CUST001808,2023-08-08 11:36:25,12886.07,11211.74,0,Low
LOAN0003019,CUST008502,2026-02-13 17:34:12,9113.41,7127.85,0,Low
LOAN0003020,CUST006058,2025-06-16 14:20:24,3000.0,461.06,0,Medium
LOAN0003021,CUST003024,2024-10-15 21:30:51,8530.4,5782.43,0,Very High
LOAN0003022,CUST002283,2026-03-23 22:03:14,7586.83,3797.23,0,High
LOAN0003023,CUST006275,2023-12-05 02:46:17,6494.14,3955.49,60,Low
LOAN0003024,CUST011776,2023-10-02 17:17:41,10904.85,6036.69,0,Low
LOAN0003025,CUST011262,2023-05-14 14:27:08,4694.62,3391.45,0,Medium
LOAN0003026,CUST006621,2026-01-02 20:23:08,14190.74,12166.05,0,Low
LOAN0003027,CUST000622,2025-05-30 21:21:45,17080.96,1314.35,0,Very High
LOAN0003028,CUST003608,2025-05-29 12:51:02,7139.4,4097.72,0,Medium
LOAN0003029,CUST008920,2024-02-24 14:27:07,7583.06,6067.91,0,Medium
LOAN0003030,CUST008689,2023-10-03 21:48:01,6218.83,5654.2,15,Low
LOAN0003031,CUST009564,2026-05-02 13:03:25,22029.88,9317.72,45,Low
LOAN0003032,CUST007740,2023-04-10 10:22:58,3150.28,875.94,0,High
LOAN0003033,CUST001967,2024-10-30 16:04:26,9460.42,4188.01,0,Low
LOAN0003034,CUST002069,2023-09-05 06:43:50,3897.21,3100.23,5,Medium
LOAN0003035,CUST006724,2025-08-29 08:00:44,3970.6,2299.52,0,High
LOAN0003036,CUST000948,2026-05-13 02:05:18,12472.91,1244.9,0,Low
LOAN0003037,CUST010831,2023-07-05 01:28:26,9542.31,5642.03,0,Low
LOAN0003038,CUST001254,2026-04-03 22:48:28,3000.0,170.51,0,Low
LOAN0003039,CUST008075,2025-08-14 05:04:04,55454.98,18009.94,0,Low
LOAN0003040,CUST011816,2025-09-22 14:22:34,8967.33,8034.26,90,Low
LOAN0003041,CUST005078,2025-12-18 07:28:23,3284.17,1076.02,0,High
LOAN0003042,CUST005031,2025-10-11 00:58:56,3000.0,1054.4,0,Low
LOAN0003043,CUST010457,2025-08-31 23:32:08,32390.48,16380.55,0,Medium
LOAN0003044,CUST007705,2024-08-18 20:39:47,7789.94,3489.83,0,High
LOAN0003045,CUST004465,2024-08-19 03:52:29,12156.52,890.16,0,Low
LOAN0003046,CUST003121,2026-05-18 14:08:39,5558.48,3661.26,0,Medium
LOAN0003047,CUST008365,2026-01-16 22:22:16,24706.97,21782.61,0,Medium
LOAN0003048,CUST007454,2026-04-08 13:13:17,17673.83,10093.78,30,Medium
LOAN0003049,CUST003313,2025-02-27 17:23:21,10413.69,4191.02,0,Low
LOAN0003050,CUST007152,2023-09-19 10:41:30,9834.91,8308.21,0,Medium
LOAN0003051,CUST007943,2025-06-08 14:59:21,27720.67,10301.32,90,Low
LOAN0003052,CUST010881,2023-06-02 23:16:01,24434.84,3222.4,5,Low
LOAN0003053,CUST000845,2023-10-01 16:11:07,9074.7,7604.84,0,Medium
LOAN0003054,CUST011424,2025-09-10 20:41:37,7863.77,6971.86,0,Low
LOAN0003055,CUST004570,2023-05-04 13:08:38,3305.23,3092.75,0,Medium
LOAN0003056,CUST001486,2024-01-22 15:34:09,6921.83,5597.85,0,Very High
LOAN0003057,CUST004917,2025-12-14 20:25:07,5509.43,1700.99,0,Low
LOAN0003058,CUST001056,2025-02-22 09:31:03,20300.26,10951.15,0,Low
LOAN0003059,CUST005328,2026-01-15 07:38:10,14988.11,7686.92,0,Low
LOAN0003060,CUST002527,2025-08-15 20:33:01,3539.3,2246.35,0,Low
LOAN0003061,CUST003348,2025-06-27 06:36:54,4939.74,1828.0,0,Medium
LOAN0003062,CUST006287,2024-09-29 06:42:45,5480.17,1613.24,0,Low
LOAN0003063,CUST002319,2026-04-10 17:03:13,31182.81,27369.26,0,High
LOAN0003064,CUST005492,2025-08-28 06:42:29,11912.04,8719.13,120,Low
LOAN0003065,CUST011936,2023-06-03 10:32:10,6747.55,2006.29,45,Low
LOAN0003066,CUST005461,2025-06-30 02:27:10,15015.17,6243.82,15,Medium
LOAN0003067,CUST001175,2026-01-22 07:05:03,7362.2,6819.35,5,Low
LOAN0003068,CUST003420,2026-07-09 19:04:08,6603.15,2884.31,0,High
LOAN0003069,CUST002523,2025-09-12 05:48:08,12322.79,7914.42,0,Low
LOAN0003070,CUST007110,2024-09-10 07:15:17,12694.41,5126.52,0,High
LOAN0003071,CUST000411,2023-11-26 06:33:55,7602.63,2493.61,0,Medium
LOAN0003072,CUST003274,2023-08-12 13:25:33,12255.69,7755.22,0,Low
LOAN0003073,CUST008084,2024-02-13 09:33:40,17899.19,7948.57,0,Medium
LOAN0003074,CUST003379,2025-08-13 15:26:13,11899.75,9541.78,0,Low
LOAN0003075,CUST008828,2026-01-09 23:14:56,7405.69,5641.76,5,Low
LOAN0003076,CUST005162,2026-01-26 00:40:55,7801.57,503.2,0,Medium
LOAN0003077,CUST011138,2024-05-11 02:56:17,13031.68,3448.64,0,Very High
LOAN0003078,CUST004173,2024-10-03 16:13:02,8654.56,2450.34,90,High
LOAN0003079,CUST000746,2025-05-21 03:12:19,4337.57,1393.32,0,Low
LOAN0003080,CUST004271,2026-02-27 07:57:46,11841.73,10577.05,0,Low
LOAN0003081,CUST005596,2024-10-22 06:43:12,9189.46,3300.9,0,Medium
LOAN0003082,CUST005779,2023-12-31 19:02:18,9305.86,1937.27,0,Low
LOAN0003083,CUST006356,2025-08-24 22:49:52,6289.9,5056.7,30,Low
LOAN0003084,CUST005716,2024-09-12 12:23:32,6496.81,2227.41,15,Medium
LOAN0003085,CUST000059,2023-02-01 15:49:46,7161.96,5104.51,0,Low
LOAN0003086,CUST006539,2023-08-14 01:20:15,3881.73,3194.05,0,High
LOAN0003087,CUST004184,2026-07-31 23:59:31,7649.29,3111.4,120,High
LOAN0003088,CUST001468,2025-10-25 18:40:53,7498.2,6765.68,0,Medium
LOAN0003089,CUST002345,2023-03-03 16:26:11,45775.54,22597.64,45,Low
LOAN0003090,CUST005633,2026-07-16 23:48:39,10825.34,4644.37,30,Low
LOAN0003091,CUST007317,2023-07-29 13:42:09,7894.78,4440.49,0,Low
LOAN0003092,CUST005730,2023-04-24 03:34:55,6088.85,5805.46,0,Medium
LOAN0003093,CUST000095,2023-10-13 18:52:33,12632.67,11184.48,0,Low
LOAN0003094,CUST001545,2024-08-27 10:31:32,4530.09,1266.6,0,Medium
LOAN0003095,CUST007327,2023-10-02 13:06:49,10745.03,6216.24,0,Medium
LOAN0003096,CUST008363,2023-07-23 15:47:53,12530.0,5377.49,0,Medium
LOAN0003097,CUST009403,2026-04-11 21:45:56,10540.31,5428.14,0,Medium
LOAN0003098,CUST005781,2024-09-30 20:13:13,6283.54,2991.73,0,Low
LOAN0003099,CUST010068,2025-09-04 15:31:35,4843.46,878.09,15,Low
LOAN0003100,CUST003070,2024-06-25 22:20:46,14095.28,4708.31,0,Medium
LOAN0003101,CUST003342,2023-01-24 06:51:14,9806.51,797.33,30,Medium
LOAN0003102,CUST004703,2024-10-19 05:00:50,8454.47,5620.35,0,Low
LOAN0003103,CUST010221,2025-11-08 12:07:13,24234.72,19112.24,0,Low
LOAN0003104,CUST000420,2026-01-26 14:49:53,18963.97,13540.17,0,Low
LOAN0003105,CUST003961,2025-02-11 02:27:18,4413.76,951.46,60,Medium
LOAN0003106,CUST004098,2025-06-29 16:07:09,5616.11,463.3,0,Medium
LOAN0003107,CUST004484,2025-06-03 16:33:17,19204.74,1555.56,5,Medium
LOAN0003108,CUST001887,2023-07-14 11:44:31,6445.11,2186.37,0,Medium
LOAN0003109,CUST001332,2023-09-01 09:28:07,14875.34,11141.22,0,Medium
LOAN0003110,CUST006185,2024-12-11 13:47:13,19501.22,3735.65,0,Medium
LOAN0003111,CUST006599,2023-08-30 08:05:01,5144.61,2932.6,0,Low
LOAN0003112,CUST004194,2023-10-18 16:16:02,34711.03,13514.3,0,Low
LOAN0003113,CUST011916,2024-04-06 16:55:30,12502.11,10251.19,0,Medium
LOAN0003114,CUST008109,2023-04-03 15:51:54,27334.23,8467.17,90,Very High
LOAN0003115,CUST001247,2024-07-04 00:45:22,12003.22,5930.37,0,Low
LOAN0003116,CUST001136,2023-05-18 10:39:00,8101.23,2674.91,0,Medium
LOAN0003117,CUST009002,2025-01-31 06:44:35,5996.02,2739.16,0,Medium
LOAN0003118,CUST000135,2025-08-11 10:19:07,5101.58,2907.45,0,Medium
LOAN0003119,CUST011998,2023-06-18 02:35:47,11159.22,5616.11,0,High
LOAN0003120,CUST000938,2026-02-14 23:17:24,10808.3,2883.2,0,Low
LOAN0003121,CUST002831,2025-03-15 00:22:37,36535.1,13357.01,0,Medium
LOAN0003122,CUST000672,2026-03-09 11:32:33,9739.72,7073.0,15,Medium
LOAN0003123,CUST000113,2024-02-29 19:11:39,10088.61,2865.31,0,Low
LOAN0003124,CUST003948,2026-01-02 15:14:07,8983.79,6034.43,0,Very High
LOAN0003125,CUST009323,2026-06-22 18:32:17,19458.3,2761.09,0,Medium
LOAN0003126,CUST009800,2025-03-30 19:58:02,12864.65,10586.99,15,Low
LOAN0003127,CUST002767,2023-04-27 16:03:03,23354.94,7637.54,30,Medium
LOAN0003128,CUST006953,2023-06-29 08:03:16,26748.69,8278.56,0,Low
LOAN0003129,CUST011422,2025-04-12 00:53:48,3439.58,1875.89,0,Medium
LOAN0003130,CUST002488,2023-08-10 15:37:55,10827.1,4357.19,0,Low
LOAN0003131,CUST011717,2025-03-01 03:32:32,7293.65,5201.14,0,High
LOAN0003132,CUST008983,2026-01-26 03:31:47,55577.77,28721.51,0,Low
LOAN0003133,CUST007289,2025-03-07 21:59:21,8380.03,6492.93,0,Low
LOAN0003134,CUST003887,2025-06-11 03:03:05,18254.09,1165.32,15,Medium
LOAN0003135,CUST010523,2023-08-29 02:20:07,3361.38,905.37,0,Medium
LOAN0003136,CUST010815,2026-02-03 21:44:30,4308.72,2003.79,0,Medium
LOAN0003137,CUST003794,2025-04-30 14:46:52,3014.06,2098.35,0,High
LOAN0003138,CUST010337,2025-11-26 15:21:18,17297.31,3425.34,0,Medium
LOAN0003139,CUST001221,2023-10-21 03:40:43,8036.99,3614.85,0,High
LOAN0003140,CUST006234,2024-02-03 00:53:04,8330.37,1761.81,0,High
LOAN0003141,CUST005865,2025-07-26 23:29:02,20271.95,2418.18,0,Medium
LOAN0003142,CUST006491,2024-09-16 11:24:43,4689.38,3338.53,0,High
LOAN0003143,CUST006788,2023-06-22 11:23:32,5125.21,2606.82,0,Medium
LOAN0003144,CUST001590,2025-06-07 09:02:24,6078.89,5916.76,30,High
LOAN0003145,CUST005507,2023-09-08 14:55:20,4424.99,2690.81,5,Medium
LOAN0003146,CUST005046,2023-09-27 15:02:57,22583.06,16721.43,0,Low
LOAN0003147,CUST007264,2024-09-12 08:44:03,3167.28,218.02,0,Low
LOAN0003148,CUST005334,2023-06-07 17:57:59,12772.55,11219.99,0,Medium
LOAN0003149,CUST004903,2024-08-14 05:03:38,5154.51,3093.07,0,Medium
LOAN0003150,CUST007896,2025-03-11 02:09:37,10492.85,4440.5,0,Medium
LOAN0003151,CUST005032,2026-03-22 20:22:42,11537.81,7578.26,0,Low
LOAN0003152,CUST006951,2024-01-02 03:22:56,3893.25,3551.86,0,Medium
LOAN0003153,CUST007370,2023-05-20 15:04:01,4881.0,1499.41,0,Medium
LOAN0003154,CUST007507,2026-04-22 21:34:40,11040.33,4778.67,60,Low
LOAN0003155,CUST002518,2026-07-08 05:39:56,7887.45,653.17,0,Very High
LOAN0003156,CUST005564,2025-06-10 00:57:56,15922.71,1094.57,5,Medium
LOAN0003157,CUST006118,2026-02-05 00:53:31,12522.32,5799.39,0,Very High
LOAN0003158,CUST005719,2023-08-26 22:25:14,10836.7,9165.03,0,Low
LOAN0003159,CUST008585,2023-02-04 22:09:33,5392.77,4859.7,5,Medium
LOAN0003160,CUST010438,2024-07-30 11:06:27,3000.0,505.84,0,Low
LOAN0003161,CUST001474,2026-01-01 22:14:09,8841.74,7684.4,0,Low
LOAN0003162,CUST005166,2024-05-18 11:06:08,17057.29,1178.45,0,Low
LOAN0003163,CUST009346,2023-06-12 04:58:05,11145.13,3070.29,5,High
LOAN0003164,CUST006557,2023-02-22 21:13:26,4931.36,4224.68,5,Low
LOAN0003165,CUST000043,2024-08-09 07:37:38,17642.81,5308.95,0,Low
LOAN0003166,CUST003677,2025-03-03 04:33:38,10257.94,6715.16,0,Low
LOAN0003167,CUST011449,2023-05-19 21:23:05,13182.08,8303.9,0,Medium
LOAN0003168,CUST010023,2025-04-11 19:18:02,9378.8,8966.91,0,Very High
LOAN0003169,CUST009743,2025-08-02 14:09:45,15569.81,8371.14,90,Medium
LOAN0003170,CUST000667,2023-05-21 08:30:12,3000.0,2348.84,0,Medium
LOAN0003171,CUST006735,2026-07-12 18:30:44,6231.96,4843.11,0,Low
LOAN0003172,CUST011977,2025-02-01 09:59:00,18077.93,4817.27,0,Low
LOAN0003173,CUST010323,2025-04-28 17:00:51,3369.03,2693.83,0,Low
LOAN0003174,CUST011743,2023-03-01 14:27:11,9769.32,4652.61,0,Medium
LOAN0003175,CUST005266,2023-10-15 03:30:28,3000.0,1320.0,0,Low
LOAN0003176,CUST004157,2023-11-29 08:32:58,23982.28,12179.22,0,High
LOAN0003177,CUST007794,2023-10-22 00:15:36,10060.83,8066.08,5,Medium
LOAN0003178,CUST004911,2026-07-29 05:54:08,6480.39,2552.93,0,High
LOAN0003179,CUST000526,2026-02-24 17:21:52,3176.2,2230.28,0,High
LOAN0003180,CUST009306,2024-07-24 02:39:44,12426.26,2291.8,0,Low
LOAN0003181,CUST007273,2024-03-24 09:11:30,13495.6,10387.44,0,Medium
LOAN0003182,CUST001308,2025-08-11 09:28:15,13232.72,11113.12,0,Very High
LOAN0003183,CUST006167,2024-08-17 12:59:42,4573.92,1049.24,0,Low
LOAN0003184,CUST008827,2025-09-22 17:26:17,12247.73,1355.06,0,Low
LOAN0003185,CUST000671,2025-10-25 18:26:04,3040.89,1515.16,45,Medium
LOAN0003186,CUST011694,2026-04-24 23:28:49,10728.74,6878.7,60,High
LOAN0003187,CUST000383,2025-07-21 12:28:47,20465.74,2252.57,0,High
LOAN0003188,CUST005240,2023-04-11 18:06:12,3270.74,2602.22,0,Low
LOAN0003189,CUST010047,2025-02-27 23:07:27,3000.0,2602.21,0,Very High
LOAN0003190,CUST006472,2023-09-17 02:52:39,18557.64,6533.54,0,Medium
LOAN0003191,CUST010001,2025-02-16 06:40:30,4451.92,3477.33,5,Low
LOAN0003192,CUST003131,2025-08-06 17:58:55,7523.28,7293.62,0,Low
LOAN0003193,CUST009622,2024-07-18 10:05:59,4089.47,2829.48,0,Medium
LOAN0003194,CUST003796,2023-03-21 11:44:10,15671.69,11581.9,0,Low
LOAN0003195,CUST001577,2023-12-09 08:38:19,7673.24,1636.47,0,Low
LOAN0003196,CUST010532,2026-01-12 09:57:08,11837.81,712.38,0,Low
LOAN0003197,CUST010814,2026-01-04 15:37:49,5763.31,4118.54,30,Low
LOAN0003198,CUST000437,2026-04-11 06:08:39,6993.7,1218.86,60,Medium
LOAN0003199,CUST008914,2023-01-02 17:27:44,3000.0,1614.51,0,High
LOAN0003200,CUST007885,2026-05-27 02:11:08,3000.0,2292.01,0,High
LOAN0003201,CUST007341,2023-05-15 07:14:44,14631.09,5594.88,0,High
LOAN0003202,CUST000977,2024-02-22 14:55:50,6631.91,2584.92,0,Medium
LOAN0003203,CUST003344,2024-06-21 05:49:59,19951.0,18840.46,0,Low
LOAN0003204,CUST002569,2026-01-01 00:29:10,3277.44,3055.57,0,Low
LOAN0003205,CUST006633,2024-03-24 08:59:37,3986.35,1502.4,0,Low
LOAN0003206,CUST011924,2026-03-08 21:19:26,9034.04,4517.57,30,Medium
LOAN0003207,CUST010442,2026-01-23 21:15:24,35286.2,17655.96,0,Low
LOAN0003208,CUST004028,2025-10-17 05:21:13,7892.72,555.87,0,Low
LOAN0003209,CUST001824,2025-04-23 15:03:48,4486.84,1277.15,0,Low
LOAN0003210,CUST004167,2026-05-07 04:53:27,5818.72,1228.65,0,Medium
LOAN0003211,CUST003342,2023-03-26 02:52:20,38466.65,29608.48,45,Medium
LOAN0003212,CUST005898,2023-04-19 04:15:22,3306.05,2334.75,0,Low
LOAN0003213,CUST005278,2023-07-22 05:24:02,12153.1,8915.68,0,Medium
LOAN0003214,CUST001181,2026-01-02 23:44:21,4463.07,2625.19,0,Low
LOAN0003215,CUST005315,2024-02-28 05:58:27,16304.61,9206.35,0,Very High
LOAN0003216,CUST007103,2025-12-18 21:52:12,13516.43,11387.94,0,High
LOAN0003217,CUST008334,2025-06-20 02:51:07,16792.15,5940.84,0,Medium
LOAN0003218,CUST011537,2023-05-06 23:25:52,9758.6,7137.94,15,Low
LOAN0003219,CUST009928,2026-01-11 05:45:44,5961.8,5007.71,0,Medium
LOAN0003220,CUST011900,2025-02-25 09:57:19,8689.87,2210.16,0,Medium
LOAN0003221,CUST010671,2025-12-17 02:56:25,7666.28,2368.38,0,Medium
LOAN0003222,CUST003387,2025-04-09 09:26:29,5375.16,4296.46,0,Low
LOAN0003223,CUST011560,2023-08-09 13:49:07,4891.92,2126.53,30,Medium
LOAN0003224,CUST003385,2024-10-26 09:05:17,13832.32,11523.05,0,Low
LOAN0003225,CUST006599,2024-03-14 21:03:30,3339.42,2420.33,0,Medium
LOAN0003226,CUST007979,2023-10-25 07:23:40,13679.47,3840.45,0,Low
LOAN0003227,CUST010068,2023-06-14 15:42:19,11820.99,1132.2,15,Low
LOAN0003228,CUST011926,2025-07-12 18:55:00,5356.67,1290.59,0,Low
LOAN0003229,CUST005077,2024-10-18 02:40:10,10805.44,9291.44,0,Low
LOAN0003230,CUST000673,2024-11-01 06:45:28,12984.47,4155.49,30,High
LOAN0003231,CUST010082,2026-07-21 00:18:27,5233.2,584.41,0,Low
LOAN0003232,CUST004869,2024-09-21 16:53:20,22204.46,17230.48,0,Low
LOAN0003233,CUST010701,2023-07-26 18:54:47,5568.12,4002.79,0,High
LOAN0003234,CUST004565,2025-03-28 09:00:01,4605.77,3393.88,5,Low
LOAN0003235,CUST004264,2024-07-29 22:05:34,10190.12,9355.31,0,High
LOAN0003236,CUST011865,2023-03-23 06:41:46,18683.35,10836.01,0,Medium
LOAN0003237,CUST009576,2024-06-26 16:28:18,13999.24,1596.34,0,Medium
LOAN0003238,CUST009444,2023-10-15 02:12:17,25064.44,12089.82,45,High
LOAN0003239,CUST003038,2023-05-04 02:40:31,4858.56,4083.72,120,Very High
LOAN0003240,CUST009914,2024-01-10 14:43:30,7383.5,3161.21,0,Medium
LOAN0003241,CUST001098,2023-09-28 18:51:03,6414.72,2034.68,15,Low
LOAN0003242,CUST005142,2024-04-14 23:35:47,6812.53,1305.62,0,Very High
LOAN0003243,CUST010060,2026-05-20 06:35:04,8565.26,2528.34,0,High
LOAN0003244,CUST010088,2025-01-19 19:42:22,3853.39,595.27,30,Low
LOAN0003245,CUST004245,2023-01-11 20:39:47,11209.2,8835.43,0,Very High
LOAN0003246,CUST005870,2025-05-10 13:58:04,5436.54,4198.75,0,High
LOAN0003247,CUST003163,2023-09-23 17:57:49,18677.27,17879.08,0,Low
LOAN0003248,CUST009980,2023-03-13 08:53:26,14233.28,13833.54,0,High
LOAN0003249,CUST004416,2024-10-27 11:09:02,11174.88,3191.53,0,Low
LOAN0003250,CUST006425,2023-10-23 07:36:31,22441.78,12459.91,0,Low
LOAN0003251,CUST000340,2024-07-17 23:48:45,3000.0,1507.06,0,Low
LOAN0003252,CUST011539,2025-06-20 05:00:08,9369.16,3843.05,0,Medium
LOAN0003253,CUST002651,2023-11-08 13:40:20,4846.26,3620.3,5,Medium
LOAN0003254,CUST011132,2023-02-26 06:53:15,8086.88,580.73,0,High
LOAN0003255,CUST001697,2024-04-29 11:10:45,16949.11,1137.93,0,Medium
LOAN0003256,CUST010203,2025-07-23 12:03:44,3128.5,1594.37,60,Low
LOAN0003257,CUST006374,2023-03-16 15:39:59,5755.64,479.66,30,Medium
LOAN0003258,CUST007346,2026-04-28 16:47:23,6090.19,3470.54,5,Low
LOAN0003259,CUST004769,2025-02-12 15:56:10,3678.78,2535.14,0,Medium
LOAN0003260,CUST000404,2023-03-03 19:45:12,3745.61,3418.07,0,Medium
LOAN0003261,CUST008980,2024-08-07 01:45:09,13856.01,6654.44,0,High
LOAN0003262,CUST009942,2023-05-27 00:00:40,3792.83,1399.2,0,Medium
LOAN0003263,CUST000537,2023-03-12 23:04:30,15440.04,13200.29,30,Medium
LOAN0003264,CUST011414,2025-06-12 00:53:00,6909.15,4446.33,30,High
LOAN0003265,CUST009921,2025-01-30 01:26:32,7163.48,6829.05,0,Medium
LOAN0003266,CUST007381,2025-03-23 04:53:58,10277.52,5974.04,0,Low
LOAN0003267,CUST005080,2025-08-25 01:44:07,11727.26,5284.31,0,Low
LOAN0003268,CUST004900,2023-11-26 13:31:31,33801.58,14927.96,30,Low
LOAN0003269,CUST006602,2024-07-26 00:21:28,5732.6,3188.51,0,Medium
LOAN0003270,CUST011535,2023-03-07 21:47:38,4106.9,2517.21,0,High
LOAN0003271,CUST008843,2026-01-16 16:39:28,12699.13,4322.12,15,Low
LOAN0003272,CUST002119,2024-12-30 13:28:01,8606.68,1699.05,0,Medium
LOAN0003273,CUST003712,2026-02-26 02:45:10,13558.54,8813.6,0,Medium
LOAN0003274,CUST008569,2025-11-23 01:51:37,8563.28,3333.3,0,Medium
LOAN0003275,CUST006266,2023-04-05 15:34:29,13899.47,4154.08,0,Medium
LOAN0003276,CUST001494,2025-06-30 14:28:00,7581.38,2679.42,15,Low
LOAN0003277,CUST004964,2024-11-27 07:58:20,3000.0,716.05,0,Low
LOAN0003278,CUST006093,2023-07-05 16:45:51,3000.0,2473.87,0,High
LOAN0003279,CUST005156,2026-07-19 16:51:39,9310.56,3548.9,0,Medium
LOAN0003280,CUST005879,2024-11-29 03:42:22,5601.12,3969.28,0,Low
LOAN0003281,CUST000160,2025-11-15 08:54:53,9694.55,5986.86,60,Low
LOAN0003282,CUST005838,2024-09-07 22:00:47,6807.61,3524.17,60,Low
LOAN0003283,CUST005331,2024-12-02 12:13:26,13081.19,11704.34,0,Medium
LOAN0003284,CUST003062,2024-08-14 16:12:05,18634.01,13862.75,0,Low
LOAN0003285,CUST000115,2023-03-28 00:49:51,6102.27,1040.09,15,High
LOAN0003286,CUST007842,2024-01-31 12:23:59,7199.5,2630.28,0,Low
LOAN0003287,CUST011517,2023-11-02 09:40:12,3000.0,201.28,0,Very High
LOAN0003288,CUST009990,2026-03-25 10:16:58,17536.69,15586.42,0,High
LOAN0003289,CUST009356,2023-10-31 22:27:05,9860.49,4465.74,5,Low
LOAN0003290,CUST000971,2023-08-12 21:55:29,7137.54,1740.08,30,Low
LOAN0003291,CUST006713,2025-12-20 15:51:13,13133.29,1387.11,0,Very High
LOAN0003292,CUST000966,2024-04-24 18:08:23,16229.67,5970.06,0,Very High
LOAN0003293,CUST001568,2025-01-10 16:47:18,4309.34,2735.38,0,High
LOAN0003294,CUST008484,2025-02-16 23:11:35,11374.8,7015.36,30,Low
LOAN0003295,CUST005082,2024-05-16 20:47:04,11789.29,6795.07,0,Medium
LOAN0003296,CUST009179,2025-02-02 06:14:11,8670.86,5570.29,0,High
LOAN0003297,CUST007228,2024-01-20 17:27:41,11997.09,6139.93,0,Medium
LOAN0003298,CUST009811,2024-02-28 22:56:35,10494.84,2091.33,0,Low
LOAN0003299,CUST007463,2025-02-04 22:40:38,6096.32,4644.47,0,Low
LOAN0003300,CUST002583,2023-02-12 13:19:28,13191.98,7403.7,5,High
LOAN0003301,CUST003749,2025-03-08 00:25:53,7822.1,4912.76,0,High
LOAN0003302,CUST001516,2023-11-14 03:35:24,9185.76,3403.95,0,Low
LOAN0003303,CUST010392,2023-10-29 22:14:15,10859.13,8672.14,0,Medium
LOAN0003304,CUST009040,2025-12-19 13:01:14,3217.57,2699.16,0,Medium
LOAN0003305,CUST000530,2025-01-26 18:01:17,9214.61,8159.16,0,Low
LOAN0003306,CUST004387,2026-03-08 21:58:31,6932.69,3839.29,0,Low
LOAN0003307,CUST004489,2026-05-18 16:22:12,3143.82,2445.01,0,Medium
LOAN0003308,CUST001114,2023-07-16 10:56:19,7147.26,6393.83,0,High
LOAN0003309,CUST002541,2025-01-15 03:16:33,3000.0,2308.65,0,Low
LOAN0003310,CUST007416,2025-09-19 12:45:15,5445.34,4434.64,0,Low
LOAN0003311,CUST007147,2024-10-12 16:23:36,9931.61,3135.33,5,Low
LOAN0003312,CUST003840,2023-09-20 20:46:06,4294.95,3003.18,0,Low
LOAN0003313,CUST003657,2024-03-05 04:20:10,10864.56,6165.89,0,Low
LOAN0003314,CUST000824,2025-03-12 17:35:15,8697.97,7185.55,45,Low
LOAN0003315,CUST005608,2026-06-28 10:21:32,25384.88,21278.55,0,Medium
LOAN0003316,CUST000465,2026-06-09 10:59:47,3225.37,2112.49,30,Very High
LOAN0003317,CUST011919,2026-07-07 06:38:24,7140.13,980.27,0,Low
LOAN0003318,CUST003609,2026-03-06 05:13:51,5130.35,4232.65,0,Very High
LOAN0003319,CUST004130,2024-05-18 06:57:01,17539.51,12256.99,0,Low
LOAN0003320,CUST001062,2026-05-12 06:03:05,4846.04,963.55,0,Medium
LOAN0003321,CUST006855,2023-04-23 09:50:02,4813.54,1742.17,0,Low
LOAN0003322,CUST003548,2023-12-09 21:15:46,6975.39,528.57,5,Low
LOAN0003323,CUST011630,2024-05-02 01:22:12,20395.21,10386.81,0,Low
LOAN0003324,CUST007889,2025-09-18 13:39:36,3941.73,843.17,0,Medium
LOAN0003325,CUST011415,2023-08-06 06:45:34,16983.38,15895.82,0,Low
LOAN0003326,CUST004341,2026-05-01 21:21:05,9449.04,4797.17,0,Medium
LOAN0003327,CUST007043,2023-11-15 19:27:43,3000.0,263.91,0,Low
LOAN0003328,CUST009897,2023-06-30 19:17:17,23678.54,10517.45,0,High
LOAN0003329,CUST006707,2026-06-30 03:29:50,6171.25,4720.89,0,High
LOAN0003330,CUST010012,2023-12-06 06:06:00,3769.84,2542.55,0,High
LOAN0003331,CUST003156,2024-11-26 21:25:38,7037.42,5361.69,15,Very High
LOAN0003332,CUST002458,2023-07-21 21:16:00,8227.51,2523.82,30,Medium
LOAN0003333,CUST009393,2024-09-24 16:22:50,11404.66,2646.7,0,Medium
LOAN0003334,CUST004551,2026-03-22 04:14:58,5646.8,3214.06,0,Low
LOAN0003335,CUST001868,2024-03-30 18:55:26,5832.32,615.38,0,Medium
LOAN0003336,CUST007809,2025-03-17 08:37:00,7056.39,6185.55,0,High
LOAN0003337,CUST001862,2023-03-09 19:17:24,8153.14,4786.8,0,Low
LOAN0003338,CUST010557,2023-03-19 01:59:27,6412.14,1577.96,0,Medium
LOAN0003339,CUST007498,2023-10-01 04:32:15,3031.61,1031.62,0,High
LOAN0003340,CUST000028,2025-12-04 10:12:34,5608.31,459.52,0,Medium
LOAN0003341,CUST002085,2026-07-23 12:07:19,8189.61,6685.35,0,Low
LOAN0003342,CUST005530,2025-02-22 22:11:35,6237.2,1125.41,0,Low
LOAN0003343,CUST011890,2025-03-13 08:33:40,9272.61,4662.31,0,Low
LOAN0003344,CUST002992,2026-03-22 15:13:42,11932.72,1978.58,0,Very High
LOAN0003345,CUST002686,2026-05-16 01:48:14,9368.44,8039.03,30,Medium
LOAN0003346,CUST001167,2025-09-23 01:39:44,17711.46,4825.17,0,High
LOAN0003347,CUST011427,2024-10-16 07:49:54,23054.59,2215.99,0,High
LOAN0003348,CUST005029,2025-11-11 22:03:25,14011.02,8574.27,0,High
LOAN0003349,CUST010467,2026-06-02 03:12:38,3391.63,2860.43,0,Low
LOAN0003350,CUST000153,2024-04-26 17:49:34,8475.68,8057.48,0,Medium
LOAN0003351,CUST010857,2023-07-13 23:17:48,4136.91,2119.4,0,High
LOAN0003352,CUST007848,2024-06-10 03:59:36,20446.04,18025.45,0,Medium
LOAN0003353,CUST010200,2025-10-29 10:23:24,5451.75,3751.42,0,Medium
LOAN0003354,CUST011577,2026-02-14 04:41:21,9803.28,1675.67,30,Medium
LOAN0003355,CUST011821,2023-06-28 11:23:36,9074.13,6741.34,0,Low
LOAN0003356,CUST011131,2024-12-19 21:03:03,8921.25,2019.67,30,Medium
LOAN0003357,CUST009545,2025-02-17 12:10:06,9579.5,622.04,30,Low
LOAN0003358,CUST010709,2026-07-08 09:18:28,8192.29,4869.75,45,Medium
LOAN0003359,CUST001693,2023-12-20 17:44:13,31482.38,4278.7,120,Medium
LOAN0003360,CUST002649,2023-07-22 20:15:36,3951.85,3156.77,120,Medium
LOAN0003361,CUST009014,2023-08-20 03:53:08,4850.94,1500.36,0,Low
LOAN0003362,CUST001654,2026-03-01 08:14:10,3000.0,2473.71,45,Medium
LOAN0003363,CUST007401,2024-04-09 12:49:06,12128.16,8920.21,0,Low
LOAN0003364,CUST003435,2023-03-05 19:01:51,9286.33,6448.72,0,Very High
LOAN0003365,CUST008379,2024-11-23 17:36:38,10748.35,5451.74,0,Low
LOAN0003366,CUST006928,2023-02-06 14:32:21,3984.14,444.57,0,Low
LOAN0003367,CUST008006,2025-09-29 19:12:05,19965.43,14248.44,45,Low
LOAN0003368,CUST009717,2025-04-01 11:45:40,4283.01,2399.56,0,Medium
LOAN0003369,CUST005059,2023-09-23 09:34:16,8753.12,6617.06,5,Low
LOAN0003370,CUST004966,2023-03-02 00:03:49,17838.59,17416.41,0,Low
LOAN0003371,CUST008758,2023-01-22 04:54:50,6079.41,4804.25,0,Low
LOAN0003372,CUST007182,2023-02-22 11:34:58,3999.94,2364.3,0,Low
LOAN0003373,CUST000129,2025-10-26 17:48:14,6078.79,351.04,0,High
LOAN0003374,CUST010643,2025-08-02 22:36:30,6054.06,2177.06,0,High
LOAN0003375,CUST010940,2023-08-16 10:18:15,11107.8,7514.78,0,Low
LOAN0003376,CUST006669,2023-07-01 05:25:53,12544.49,11995.63,0,Low
LOAN0003377,CUST009427,2026-04-01 07:56:56,9040.04,723.8,0,Low
LOAN0003378,CUST010198,2025-05-14 00:09:17,7498.93,3247.75,0,High
LOAN0003379,CUST004212,2024-07-31 11:23:30,8003.5,6199.56,0,Medium
LOAN0003380,CUST006866,2026-05-30 04:36:58,21554.8,9265.38,0,High
LOAN0003381,CUST004653,2025-08-25 01:04:45,13563.87,6122.28,0,Low
LOAN0003382,CUST007020,2023-06-10 07:17:53,7538.3,5181.32,0,Medium
LOAN0003383,CUST008261,2025-12-15 13:54:43,12517.7,4768.44,0,Low
LOAN0003384,CUST006146,2024-08-24 22:48:11,10599.63,1770.3,0,Low
LOAN0003385,CUST004903,2023-02-01 22:44:43,3000.0,1023.48,0,Medium
LOAN0003386,CUST007991,2024-05-17 21:16:47,3000.0,2282.86,0,Medium
LOAN0003387,CUST001010,2023-10-16 17:36:07,20302.54,1391.51,0,High
LOAN0003388,CUST000058,2024-05-19 19:31:58,6782.51,836.38,0,High
LOAN0003389,CUST002068,2024-06-20 05:59:55,8391.52,4788.08,5,Low
LOAN0003390,CUST003735,2023-10-13 13:47:08,5975.99,5394.65,0,Medium
LOAN0003391,CUST011825,2025-01-01 04:48:58,11362.2,8184.3,5,Low
LOAN0003392,CUST002914,2023-08-22 02:05:57,12625.48,4365.17,0,Low
LOAN0003393,CUST008700,2026-05-06 19:28:53,3066.62,548.23,0,Medium
LOAN0003394,CUST010950,2023-05-01 04:07:11,7596.98,5305.25,0,Low
LOAN0003395,CUST002129,2023-08-16 22:42:49,4931.32,2753.19,0,Low
LOAN0003396,CUST000093,2025-09-20 13:34:09,8282.41,6774.78,0,Low
LOAN0003397,CUST005690,2026-05-19 06:11:25,12853.05,9990.61,0,Low
LOAN0003398,CUST001778,2023-11-24 06:31:10,5454.05,752.77,45,Medium
LOAN0003399,CUST010309,2024-05-20 04:34:02,9324.24,8792.32,30,Low
LOAN0003400,CUST007004,2026-07-29 17:30:51,6353.68,3443.99,0,Medium
LOAN0003401,CUST009252,2023-03-22 10:44:47,6127.01,4144.55,0,Low
LOAN0003402,CUST010968,2024-11-25 17:22:03,31708.23,3780.2,15,Low
LOAN0003403,CUST000192,2025-04-21 22:03:22,12929.87,10046.86,0,High
LOAN0003404,CUST006973,2024-02-25 04:42:08,30573.24,2879.79,0,High
LOAN0003405,CUST000873,2024-12-03 00:22:19,7965.57,3303.48,0,Medium
LOAN0003406,CUST009027,2023-05-03 20:33:59,9165.33,7048.35,0,High
LOAN0003407,CUST003847,2025-01-10 12:31:18,5217.02,872.11,0,Low
LOAN0003408,CUST000320,2024-02-27 14:18:16,6853.0,3128.86,0,Low
LOAN0003409,CUST005333,2023-07-27 02:06:19,5003.2,4781.9,0,High
LOAN0003410,CUST005168,2026-06-29 07:33:42,6696.58,2814.45,0,Low
LOAN0003411,CUST010509,2024-08-19 18:47:56,3886.08,669.54,0,Low
LOAN0003412,CUST003849,2025-11-06 14:56:49,13730.63,9327.32,0,Medium
LOAN0003413,CUST008353,2026-04-03 07:33:13,6704.76,5749.45,15,Low
LOAN0003414,CUST008855,2024-08-11 00:01:40,6028.81,1466.32,0,Low
LOAN0003415,CUST006163,2023-03-02 11:07:52,13593.39,4372.7,5,Low
LOAN0003416,CUST007654,2026-06-13 14:25:42,3893.16,928.4,0,High
LOAN0003417,CUST002248,2024-04-08 07:31:01,6861.54,5702.3,0,Medium
LOAN0003418,CUST003933,2023-03-30 09:16:45,3487.84,1036.97,0,Medium
LOAN0003419,CUST010874,2024-06-13 04:06:02,5214.92,3886.07,0,Medium
LOAN0003420,CUST011085,2025-11-25 10:48:35,5933.56,434.34,0,Medium
LOAN0003421,CUST007898,2024-10-26 19:01:39,4676.71,2322.62,0,High
LOAN0003422,CUST005221,2025-07-11 16:09:43,11684.57,11121.27,0,Low
LOAN0003423,CUST010490,2025-04-16 22:06:24,7029.64,5555.66,0,Medium
LOAN0003424,CUST007810,2025-02-20 19:02:43,3947.4,2478.39,0,Medium
LOAN0003425,CUST010026,2024-02-26 00:55:11,3000.0,353.8,15,Medium
LOAN0003426,CUST001535,2026-04-04 04:22:39,6322.67,2724.07,15,Medium
LOAN0003427,CUST007461,2023-03-05 01:47:56,9167.81,6843.21,0,Low
LOAN0003428,CUST010522,2023-03-15 12:12:45,7539.49,4161.57,0,Low
LOAN0003429,CUST008227,2026-07-28 00:43:59,11883.14,8629.15,30,Low
LOAN0003430,CUST000504,2024-12-23 12:48:51,8789.24,773.29,45,Medium
LOAN0003431,CUST007090,2024-03-15 14:48:21,16615.11,2541.03,0,Medium
LOAN0003432,CUST003675,2023-01-31 14:02:20,3841.23,1867.58,0,Medium
LOAN0003433,CUST011157,2025-04-18 11:13:22,3938.9,1900.18,0,Very High
LOAN0003434,CUST011375,2024-09-17 08:18:02,5245.89,4669.75,0,Medium
LOAN0003435,CUST000628,2023-08-10 12:35:53,7943.33,3511.33,15,Medium
LOAN0003436,CUST001539,2025-12-11 10:22:28,7371.83,1973.5,5,Medium
LOAN0003437,CUST003331,2023-11-21 05:44:56,8620.21,7260.13,0,Medium
LOAN0003438,CUST010606,2025-10-07 04:48:59,6236.96,3251.14,0,Medium
LOAN0003439,CUST006310,2023-11-03 13:24:50,6174.94,3814.49,0,Medium
LOAN0003440,CUST009916,2023-10-27 13:38:33,6304.46,1237.71,0,High
LOAN0003441,CUST001477,2023-11-10 21:58:24,3630.2,2996.55,0,High
LOAN0003442,CUST008241,2025-02-07 22:28:51,7806.15,7017.99,0,High
LOAN0003443,CUST003824,2026-07-14 09:36:50,7759.8,5061.46,0,Low
LOAN0003444,CUST003616,2025-05-22 20:31:38,5515.82,5279.85,0,Low
LOAN0003445,CUST010751,2024-04-18 01:31:01,4777.5,3125.95,0,High
LOAN0003446,CUST004105,2025-06-23 15:00:19,16032.15,3297.99,0,High
LOAN0003447,CUST002962,2023-03-04 14:59:49,13088.78,11966.92,0,Medium
LOAN0003448,CUST002204,2026-02-15 15:14:29,19645.37,16682.24,0,Medium
LOAN0003449,CUST000212,2024-01-05 14:55:27,10487.57,1758.13,0,Low
LOAN0003450,CUST006001,2026-03-08 19:32:19,13274.85,9867.67,0,Medium
LOAN0003451,CUST004253,2026-07-17 00:39:01,12382.44,9460.72,0,Low
LOAN0003452,CUST001753,2025-06-09 01:45:17,12903.46,4187.5,0,Low
LOAN0003453,CUST002884,2024-02-10 23:08:01,23606.33,1538.07,15,Low
LOAN0003454,CUST005725,2025-06-07 15:48:33,5399.33,447.46,0,Low
LOAN0003455,CUST000944,2024-09-07 22:14:00,9561.0,8840.07,0,Medium
LOAN0003456,CUST009853,2023-05-25 10:03:54,7678.17,5675.66,0,Medium
LOAN0003457,CUST004423,2023-08-05 18:35:14,5506.84,1840.49,0,Low
LOAN0003458,CUST005345,2025-11-08 06:54:51,20131.7,3195.54,0,Low
LOAN0003459,CUST006157,2026-03-23 08:48:21,12127.1,9894.45,0,Very High
LOAN0003460,CUST005337,2025-02-03 07:21:16,9169.93,5709.41,0,Very High
LOAN0003461,CUST011970,2024-08-09 13:56:55,4105.14,3540.01,0,High
LOAN0003462,CUST003032,2025-02-18 20:56:04,14984.27,12513.86,0,Medium
LOAN0003463,CUST011917,2023-08-28 00:29:10,3055.28,2478.6,15,Low
LOAN0003464,CUST005520,2023-06-22 02:38:15,5285.44,3517.75,0,Very High
LOAN0003465,CUST003728,2024-08-27 00:53:31,3000.0,2020.86,0,High
LOAN0003466,CUST006270,2025-11-16 19:02:24,5640.04,1059.5,0,Medium
LOAN0003467,CUST011372,2024-01-04 18:35:54,14487.07,5343.67,15,Low
LOAN0003468,CUST008786,2023-01-18 07:03:38,8117.92,7204.6,30,High
LOAN0003469,CUST005580,2023-09-13 13:44:04,20796.78,5771.34,0,Medium
LOAN0003470,CUST001011,2024-06-23 21:41:17,6873.64,2207.39,45,High
LOAN0003471,CUST000046,2023-09-25 18:34:35,6183.18,4239.13,0,Medium
LOAN0003472,CUST005112,2025-09-19 17:14:08,14627.18,13147.6,0,High
LOAN0003473,CUST001345,2025-10-24 23:54:55,3000.0,2766.0,0,High
LOAN0003474,CUST009900,2025-07-06 17:18:44,4844.06,3050.17,0,Medium
LOAN0003475,CUST007687,2025-04-27 13:03:21,8189.83,1191.16,5,Medium
LOAN0003476,CUST003978,2024-10-30 01:07:06,16337.95,13106.6,0,Medium
LOAN0003477,CUST007457,2023-04-02 18:10:53,5967.17,1040.13,0,Medium
LOAN0003478,CUST011810,2023-07-10 17:21:29,8177.65,1393.28,0,Medium
LOAN0003479,CUST000595,2025-05-19 12:31:19,10460.69,9278.39,0,High
LOAN0003480,CUST005047,2025-11-25 23:17:26,13786.46,3991.31,0,Medium
LOAN0003481,CUST006471,2025-05-22 13:52:58,25698.23,1790.04,30,Low
LOAN0003482,CUST000930,2026-05-05 09:28:02,7161.1,551.89,0,Medium
LOAN0003483,CUST005774,2025-11-21 08:46:45,4506.5,3697.96,0,Medium
LOAN0003484,CUST004388,2025-09-30 02:34:28,6758.14,1478.15,0,Low
LOAN0003485,CUST010781,2025-01-19 14:37:38,3103.81,2714.72,0,Medium
LOAN0003486,CUST008983,2026-03-04 01:51:38,9609.97,8237.8,0,Low
LOAN0003487,CUST004431,2025-11-16 13:16:32,9380.89,5632.58,0,Low
LOAN0003488,CUST008890,2023-09-21 16:55:27,9192.41,8140.09,0,Medium
LOAN0003489,CUST003967,2023-10-04 09:30:09,3237.16,2615.61,0,Medium
LOAN0003490,CUST010464,2026-04-25 01:58:46,8972.69,2055.39,0,Medium
LOAN0003491,CUST007350,2025-03-27 01:54:29,13285.22,8837.9,0,Low
LOAN0003492,CUST000538,2025-07-19 21:05:08,5457.05,2865.14,0,Low
LOAN0003493,CUST010091,2026-01-09 21:21:59,14799.91,6396.56,0,Medium
LOAN0003494,CUST004142,2023-08-25 17:50:11,23943.23,3008.74,0,Low
LOAN0003495,CUST001413,2025-08-10 14:45:33,3559.29,3447.23,0,Low
LOAN0003496,CUST010810,2023-12-30 07:56:40,20750.43,12297.31,0,Medium
LOAN0003497,CUST006958,2025-04-27 12:48:02,28193.66,6869.52,30,Low
LOAN0003498,CUST002044,2023-08-13 00:41:26,10590.88,9765.18,0,High
LOAN0003499,CUST007521,2025-12-21 18:08:37,9152.02,8320.95,15,Medium
LOAN0003500,CUST007066,2026-06-06 12:35:58,5992.53,4547.06,15,Low
LOAN0003501,CUST003231,2023-08-09 06:24:07,8782.19,6169.08,0,Medium
LOAN0003502,CUST003000,2025-09-07 00:27:09,5935.3,3673.8,0,Medium
LOAN0003503,CUST011050,2025-01-13 16:17:25,4456.2,3425.47,0,High
LOAN0003504,CUST005721,2023-01-10 07:30:54,5990.58,3281.53,0,Low
LOAN0003505,CUST008354,2023-04-12 06:54:01,9913.7,7211.47,0,Very High
LOAN0003506,CUST007895,2023-08-19 03:27:27,8734.84,7786.61,15,Low
LOAN0003507,CUST000279,2023-06-23 21:47:45,3800.19,1036.96,0,Medium
LOAN0003508,CUST010252,2026-01-01 18:31:45,3000.0,2178.57,0,Medium
LOAN0003509,CUST009389,2024-05-25 19:18:30,22453.57,4046.68,0,Medium
LOAN0003510,CUST009634,2025-04-18 20:01:22,6146.68,3125.66,0,High
LOAN0003511,CUST006572,2023-04-14 11:57:18,15757.07,10068.78,15,Low
LOAN0003512,CUST009215,2025-10-24 11:26:39,3000.0,2269.05,0,Low
LOAN0003513,CUST007965,2025-04-17 02:50:44,3228.08,538.05,15,Very High
LOAN0003514,CUST011534,2023-07-19 09:12:54,18265.83,13469.97,0,High
LOAN0003515,CUST001359,2025-08-21 21:23:45,9241.61,8684.2,0,Low
LOAN0003516,CUST000600,2023-02-16 16:43:05,7832.48,5262.56,0,Low
LOAN0003517,CUST003461,2023-10-21 09:16:52,4045.66,3389.07,0,Medium
LOAN0003518,CUST008799,2026-02-22 09:14:53,3000.0,231.14,15,Low
LOAN0003519,CUST002395,2024-07-10 03:46:08,6973.66,3164.86,0,High
LOAN0003520,CUST006622,2026-06-12 01:42:32,16571.36,14041.74,0,High
LOAN0003521,CUST003953,2023-12-01 21:53:50,30620.37,28742.6,15,Medium
LOAN0003522,CUST011041,2023-04-17 12:06:37,8151.1,1545.14,0,Low
LOAN0003523,CUST000272,2025-02-07 00:34:17,4319.42,3451.4,5,Medium
LOAN0003524,CUST004443,2026-03-27 21:36:08,5578.32,3733.66,0,Medium
LOAN0003525,CUST011757,2023-06-22 03:44:08,13647.63,967.36,0,Very High
LOAN0003526,CUST003559,2023-02-12 11:01:11,3475.29,2128.41,0,Low
LOAN0003527,CUST005575,2026-03-09 09:14:41,11651.86,6673.84,30,Medium
LOAN0003528,CUST005144,2024-12-18 00:05:12,15268.88,10097.81,45,Medium
LOAN0003529,CUST011526,2025-08-09 03:51:28,10345.73,7102.95,5,Low
LOAN0003530,CUST005027,2025-06-25 16:35:46,9820.94,2898.4,60,Very High
LOAN0003531,CUST001974,2024-09-09 07:14:13,21803.78,5546.4,0,Medium
LOAN0003532,CUST007528,2026-01-31 23:06:07,13366.79,12628.93,30,High
LOAN0003533,CUST001783,2026-02-01 15:56:12,11672.26,1682.0,0,High
LOAN0003534,CUST004449,2024-02-19 01:40:33,9327.16,1264.53,15,Low
LOAN0003535,CUST011482,2023-08-25 08:39:11,8830.78,5051.33,0,High
LOAN0003536,CUST002093,2025-05-05 15:38:34,11659.99,10172.23,0,Low
LOAN0003537,CUST011088,2024-04-18 10:35:37,11213.89,8016.14,0,Low
LOAN0003538,CUST007310,2023-02-24 07:04:56,9589.32,5839.59,0,Medium
LOAN0003539,CUST003690,2023-08-24 22:07:36,4958.33,3688.38,0,High
LOAN0003540,CUST008550,2025-09-01 02:32:42,8691.8,2639.9,0,Medium
LOAN0003541,CUST009037,2025-10-13 01:26:45,9244.28,2036.3,45,Low
LOAN0003542,CUST003448,2023-11-14 13:36:47,4534.02,3581.07,0,Low
LOAN0003543,CUST003202,2023-10-28 20:01:42,13810.53,10144.6,0,Low
LOAN0003544,CUST000134,2023-04-18 16:06:12,4010.13,994.33,30,Medium
LOAN0003545,CUST001056,2023-01-13 06:06:33,6390.81,1302.16,0,Low
LOAN0003546,CUST007214,2026-05-13 12:43:51,8855.38,5847.77,0,Low
LOAN0003547,CUST007700,2024-09-08 20:10:29,31486.41,23559.01,15,Medium
LOAN0003548,CUST006607,2026-07-10 20:41:48,3000.0,313.13,0,Low
LOAN0003549,CUST009013,2023-07-08 09:31:57,8592.6,3079.36,0,Medium
LOAN0003550,CUST006245,2025-09-18 06:59:47,23510.7,18498.63,15,Low
LOAN0003551,CUST005334,2023-07-24 07:18:50,33066.64,16290.25,0,High
LOAN0003552,CUST005196,2026-05-14 17:48:35,17194.89,8800.38,0,Low
LOAN0003553,CUST009615,2024-07-06 17:12:59,5825.49,2067.01,0,Medium
LOAN0003554,CUST008701,2025-11-11 16:59:01,20560.43,14640.09,0,Medium
LOAN0003555,CUST006869,2025-07-11 12:16:04,16769.7,15108.96,0,Low
LOAN0003556,CUST008185,2025-03-01 14:49:01,7343.36,2903.14,0,High
LOAN0003557,CUST008728,2024-09-22 09:47:43,12440.21,8427.58,15,Medium
LOAN0003558,CUST011991,2023-04-10 10:11:11,5635.81,3276.49,15,Medium
LOAN0003559,CUST006687,2023-05-15 17:11:04,16052.8,5648.89,5,Low
LOAN0003560,CUST008444,2024-08-13 11:14:30,3000.0,2538.26,0,Low
LOAN0003561,CUST006553,2026-07-15 04:21:03,10734.15,4870.82,5,Low
LOAN0003562,CUST005730,2024-01-10 11:13:18,9378.65,6949.1,15,Medium
LOAN0003563,CUST001255,2026-06-26 06:25:19,19690.95,10274.7,0,Low
LOAN0003564,CUST011209,2023-09-11 15:52:32,9454.61,1488.22,0,Medium
LOAN0003565,CUST012000,2023-02-11 23:07:38,16796.36,7709.48,0,Medium
LOAN0003566,CUST011616,2026-04-13 14:28:51,5929.29,1866.34,0,Low
LOAN0003567,CUST002081,2026-05-19 20:49:01,10928.06,6672.42,0,Low
LOAN0003568,CUST009927,2024-04-20 08:26:59,16277.4,9881.73,0,High
LOAN0003569,CUST002722,2025-11-14 15:01:46,15775.77,5349.11,0,Medium
LOAN0003570,CUST007772,2023-06-11 00:32:31,5095.74,937.09,0,Low
LOAN0003571,CUST011094,2025-06-23 20:07:39,8488.12,2394.22,5,Medium
LOAN0003572,CUST000418,2026-03-15 13:31:39,53480.42,37930.33,0,Low
LOAN0003573,CUST010889,2025-11-13 01:31:23,3000.0,1370.64,0,High
LOAN0003574,CUST000995,2023-12-29 21:19:28,8108.15,6316.26,0,Medium
LOAN0003575,CUST003488,2025-03-13 02:14:52,7795.89,1822.61,0,Low
LOAN0003576,CUST009439,2026-05-14 05:51:37,8029.83,5932.22,15,Low
LOAN0003577,CUST001143,2025-05-25 20:29:11,5292.3,1274.48,0,Low
LOAN0003578,CUST007884,2025-06-30 13:21:25,13176.51,12343.31,0,Low
LOAN0003579,CUST007007,2024-07-26 21:19:24,3268.94,2869.37,0,Low
LOAN0003580,CUST001458,2025-06-05 17:44:53,8615.1,7518.53,15,Low
LOAN0003581,CUST008251,2023-09-17 14:29:47,12507.57,4359.91,15,High
LOAN0003582,CUST011762,2024-01-31 18:05:33,3000.0,1084.4,0,Medium
LOAN0003583,CUST010441,2024-04-03 14:57:09,20652.98,15867.77,0,Low
LOAN0003584,CUST002600,2025-02-25 23:06:20,10056.74,6279.64,0,Medium
LOAN0003585,CUST002291,2023-10-26 05:11:44,6902.45,5767.25,0,Low
LOAN0003586,CUST002656,2025-05-02 20:06:46,7573.85,1002.28,5,Medium
LOAN0003587,CUST004226,2024-08-01 06:16:36,14168.58,12159.07,0,Low
LOAN0003588,CUST005185,2025-02-23 01:32:08,12461.97,6134.45,0,Medium
LOAN0003589,CUST010054,2026-04-08 14:31:56,4838.08,2290.4,60,Low
LOAN0003590,CUST001933,2024-12-03 22:55:02,13216.31,6344.5,0,Low
LOAN0003591,CUST007092,2024-03-31 16:21:52,13537.67,2961.76,5,Medium
LOAN0003592,CUST011621,2024-11-11 05:59:39,16295.64,14991.55,0,Very High
LOAN0003593,CUST004970,2026-03-09 03:47:01,37308.67,32905.51,0,Low
LOAN0003594,CUST000035,2025-12-27 07:32:10,3542.09,1668.93,0,Medium
LOAN0003595,CUST001257,2023-06-18 01:06:08,7346.36,6876.71,0,Low
LOAN0003596,CUST002891,2024-07-19 15:34:33,12265.55,7764.84,0,Medium
LOAN0003597,CUST006886,2024-03-25 03:51:59,4777.75,609.09,0,Low
LOAN0003598,CUST008892,2024-06-16 02:07:27,4456.68,1590.96,120,Low
LOAN0003599,CUST008974,2024-06-08 05:15:28,20030.42,15469.09,0,Low
LOAN0003600,CUST002516,2026-07-01 21:44:24,3000.0,840.43,0,Medium
LOAN0003601,CUST011182,2025-06-25 22:42:37,14462.64,5857.07,5,Low
LOAN0003602,CUST007440,2025-02-23 08:31:41,3000.0,241.62,0,Low
LOAN0003603,CUST006703,2025-04-16 07:37:54,6234.73,3770.78,0,Low
LOAN0003604,CUST004484,2023-12-04 07:31:53,27472.38,24830.78,0,High
