application_id,customer_id,application_date,requested_amount,risk_score,eligible,underwriting_complete,approved,funded,approved_amount
APP0000001,CUST007135,2026-03-09 12:10:02,4130.3,598,0,0,0,0,0.0
APP0000002,CUST007949,2025-07-14 13:44:04,3094.08,649,1,1,0,0,0.0
APP0000003,CUST002237,2026-06-10 21:22:52,21394.1,720,1,1,0,0,0.0
APP0000004,CUST010557,2026-06-04 02:18:33,3973.76,471,1,1,0,0,0.0
APP0000005,CUST005763,2026-02-01 19:51:43,6335.24,445,1,1,1,1,5066.8
APP0000006,CUST007131,2025-05-12 16:11:34,2580.16,585,1,1,1,1,1961.87
APP0000007,CUST002380,2025-01-07 16:03:17,2850.58,529,1,0,0,0,0.0
APP0000008,CUST007087,2025-04-11 12:00:42,17684.26,697,1,1,0,0,0.0
APP0000009,CUST001865,2025-04-18 22:48:49,9445.31,698,1,1,1,0,8885.51
APP0000010,CUST006712,2025-12-30 02:17:04,4456.72,626,1,1,1,1,4285.54
APP0000011,CUST005641,2025-07-12 01:57:18,6887.5,640,1,1,1,1,6176.15
APP0000012,CUST007964,2025-10-11 13:30:28,3808.63,724,1,1,1,1,3567.5
APP0000013,CUST011359,2025-08-30 14:44:28,6217.36,523,1,1,1,1,5453.67
APP0000014,CUST008190,2025-06-19 11:24:17,2711.71,634,1,1,0,0,0.0
APP0000015,CUST007450,2025-02-25 09:05:10,7374.63,585,1,1,1,1,6312.5
APP0000016,CUST006232,2025-07-04 11:15:08,7290.46,607,1,1,1,0,5694.2
APP0000017,CUST010639,2026-02-28 00:04:33,2620.39,534,0,0,0,0,0.0
APP0000018,CUST005695,2025-07-10 14:11:58,7904.76,557,1,1,0,0,0.0
APP0000019,CUST007248,2025-05-30 08:08:15,3240.23,728,1,0,0,0,0.0
APP0000020,CUST011266,2025-08-01 23:51:47,6906.77,679,1,1,1,1,5264.98
APP0000021,CUST010729,2026-07-08 10:07:59,2665.35,631,1,1,1,1,2508.12
APP0000022,CUST007437,2026-07-24 05:40:51,3245.37,590,1,1,0,0,0.0
APP0000023,CUST004590,2025-05-17 07:12:55,4064.68,583,1,1,0,0,0.0
APP0000024,CUST002716,2026-07-12 08:13:44,14465.62,740,1,1,1,1,11206.9
APP0000025,CUST002535,2026-08-06 10:29:21,6756.17,573,1,1,1,1,5641.86
APP0000026,CUST004983,2025-05-23 09:18:02,13612.78,715,1,1,1,1,12330.81
APP0000027,CUST009699,2025-08-06 07:31:19,36254.2,578,1,1,1,1,35138.25
APP0000028,CUST001094,2025-07-28 14:49:45,4518.5,609,1,1,1,1,4026.6
APP0000029,CUST003690,2025-12-29 11:29:13,6460.89,737,1,1,1,0,5152.65
APP0000030,CUST006667,2025-05-25 05:11:13,11012.62,613,1,1,1,0,8541.42
APP0000031,CUST001583,2025-12-14 12:53:52,3643.07,630,1,1,0,0,0.0
APP0000032,CUST011983,2026-07-22 16:40:59,10514.93,645,1,1,0,0,0.0
APP0000033,CUST006294,2025-01-23 08:09:37,5293.3,689,1,1,1,1,4803.66
APP0000034,CUST003334,2025-01-21 18:02:23,3285.57,586,1,0,0,0,0.0
APP0000035,CUST007083,2026-02-04 15:55:38,6923.43,518,0,0,0,0,0.0
APP0000036,CUST002617,2026-05-15 04:11:00,9949.27,728,0,0,0,0,0.0
APP0000037,CUST000657,2026-01-31 19:33:50,4616.18,639,1,0,0,0,0.0
APP0000038,CUST001980,2026-01-05 12:12:31,4347.34,718,1,1,1,1,4137.25
APP0000039,CUST004992,2026-01-31 10:41:37,17614.81,593,1,1,0,0,0.0
APP0000040,CUST001283,2026-03-04 18:55:03,5025.68,589,1,1,1,1,4055.5
APP0000041,CUST007589,2026-07-20 08:08:59,10832.0,720,1,1,0,0,0.0
APP0000042,CUST001496,2026-08-06 08:37:03,1705.2,653,1,1,0,0,0.0
APP0000043,CUST001874,2025-08-25 03:11:44,7918.43,590,1,1,0,0,0.0
APP0000044,CUST010629,2026-05-04 03:56:28,3893.59,649,1,1,1,1,3021.84
APP0000045,CUST006317,2025-06-02 06:31:39,5958.55,694,1,1,1,1,4539.06
APP0000046,CUST011636,2026-08-03 15:01:39,6696.43,644,1,1,0,0,0.0
APP0000047,CUST001150,2026-07-27 06:44:15,11629.64,520,1,1,0,0,0.0
APP0000048,CUST007109,2025-04-03 17:57:56,14005.33,614,1,1,1,0,13633.17
APP0000049,CUST006214,2025-03-25 02:17:43,14434.27,579,0,0,0,0,0.0
APP0000050,CUST006998,2025-08-11 15:12:10,4656.33,516,1,1,0,0,0.0
APP0000051,CUST010630,2025-12-28 18:45:10,2275.44,754,1,1,1,1,1986.33
APP0000052,CUST002882,2025-03-06 06:32:22,4665.11,507,1,1,0,0,0.0
APP0000053,CUST009539,2025-04-05 14:44:26,5637.93,562,1,1,0,0,0.0
APP0000054,CUST008453,2025-10-18 19:10:06,9010.63,597,1,1,0,0,0.0
APP0000055,CUST007953,2026-03-27 13:24:08,2772.63,620,1,1,1,1,2364.71
APP0000056,CUST011476,2025-06-11 14:10:08,6964.74,695,0,0,0,0,0.0
APP0000057,CUST006038,2025-02-21 09:18:25,8755.22,546,0,0,0,0,0.0
APP0000058,CUST009526,2026-02-11 15:37:39,5306.23,585,1,1,1,1,4117.75
APP0000059,CUST000015,2026-08-05 21:41:50,9996.71,662,1,1,1,1,9882.94
APP0000060,CUST001252,2025-03-01 23:30:48,4168.86,653,1,1,1,0,4163.0
APP0000061,CUST000367,2025-03-06 21:17:33,1000.0,608,1,1,1,1,919.18
APP0000062,CUST011969,2026-08-24 10:00:48,2954.04,602,1,1,1,1,2397.97
APP0000063,CUST006358,2026-05-18 12:42:05,2887.3,579,1,0,0,0,0.0
APP0000064,CUST008744,2025-10-05 13:32:56,6633.06,599,1,1,1,1,5203.67
APP0000065,CUST007848,2026-02-15 05:41:43,8553.61,528,1,1,1,1,7952.07
APP0000066,CUST009420,2025-04-16 06:35:45,12657.98,523,1,1,1,1,11098.51
APP0000067,CUST005466,2026-01-07 00:48:52,8119.42,710,1,1,1,0,6929.19
APP0000068,CUST007144,2025-11-08 04:10:44,8604.49,539,1,1,0,0,0.0
APP0000069,CUST001733,2025-06-26 23:38:47,11223.73,759,1,0,0,0,0.0
APP0000070,CUST006357,2026-04-19 03:16:55,19344.5,544,1,0,0,0,0.0
APP0000071,CUST011286,2025-03-20 08:49:43,10729.37,571,1,1,0,0,0.0
APP0000072,CUST008648,2025-07-19 11:59:22,11255.76,546,1,1,1,1,9205.0
APP0000073,CUST003282,2026-05-06 11:56:13,8180.98,561,1,1,1,1,6748.0
APP0000074,CUST006614,2025-11-17 06:56:34,3171.65,613,1,1,1,1,2813.12
APP0000075,CUST000479,2026-06-27 21:56:33,9907.7,572,1,1,1,1,9487.97
APP0000076,CUST009620,2025-05-12 05:54:23,8481.67,652,1,0,0,0,0.0
APP0000077,CUST002684,2025-08-14 10:46:13,6270.36,643,1,1,1,1,5531.69
APP0000078,CUST005792,2025-07-14 12:10:21,2645.02,672,1,1,1,1,2236.06
APP0000079,CUST001671,2026-06-09 09:05:56,10028.6,606,0,0,0,0,0.0
APP0000080,CUST000613,2025-08-12 18:39:31,5474.44,583,1,1,0,0,0.0
APP0000081,CUST001836,2025-07-20 10:43:13,6519.98,682,1,1,1,1,5187.41
APP0000082,CUST009162,2025-12-31 20:14:23,4318.26,646,1,1,1,1,3991.46
APP0000083,CUST004835,2025-04-15 07:06:27,12893.55,642,0,0,0,0,0.0
APP0000084,CUST010559,2025-09-14 03:49:52,7599.05,628,0,0,0,0,0.0
APP0000085,CUST001006,2025-11-08 23:28:30,9113.0,607,1,1,1,1,7835.36
APP0000086,CUST007891,2025-07-30 04:24:54,2401.22,673,1,1,0,0,0.0
APP0000087,CUST002475,2025-01-01 11:51:33,8764.67,751,1,1,1,1,7699.16
APP0000088,CUST001892,2025-06-09 19:41:22,26844.75,578,1,1,1,1,22444.38
APP0000089,CUST004077,2025-02-07 19:29:44,4857.28,499,1,1,0,0,0.0
APP0000090,CUST001982,2025-10-26 17:50:55,7224.35,554,1,1,0,0,0.0
APP0000091,CUST008386,2026-03-12 23:19:53,9492.62,572,0,0,0,0,0.0
APP0000092,CUST001274,2025-04-19 15:45:07,1000.0,539,1,1,0,0,0.0
APP0000093,CUST009885,2026-05-02 08:12:53,12713.27,697,1,1,1,1,10030.17
APP0000094,CUST009786,2026-08-04 12:23:51,2711.08,483,1,1,0,0,0.0
APP0000095,CUST002422,2025-07-28 16:29:05,5442.77,766,1,1,1,1,4938.14
APP0000096,CUST003672,2026-01-13 20:13:46,6977.47,551,1,1,1,1,6201.3
APP0000097,CUST001529,2026-04-04 11:16:56,4926.54,537,1,1,1,1,4240.94
APP0000098,CUST007613,2026-07-04 18:52:09,5159.63,619,0,0,0,0,0.0
APP0000099,CUST006214,2026-04-06 00:09:53,7276.97,649,1,1,1,1,6344.42
APP0000100,CUST000327,2026-04-27 03:38:38,5276.41,484,1,1,0,0,0.0
APP0000101,CUST002550,2025-06-07 05:32:22,7346.38,593,1,1,1,0,5685.05
APP0000102,CUST006596,2026-04-25 09:00:44,14640.97,552,1,1,0,0,0.0
APP0000103,CUST007803,2025-03-10 13:28:33,6063.18,628,1,1,1,1,4857.23
APP0000104,CUST007173,2025-02-01 01:31:44,2442.2,687,1,1,1,1,2183.14
APP0000105,CUST002878,2025-06-16 03:14:02,9553.65,581,1,1,1,1,7300.83
APP0000106,CUST010144,2026-02-25 01:45:26,6689.22,691,1,1,1,0,6208.1
APP0000107,CUST005065,2025-01-27 13:33:34,4268.95,682,1,1,1,0,4199.76
APP0000108,CUST006555,2026-05-21 00:33:11,25539.62,648,1,1,1,1,20635.92
APP0000109,CUST006249,2025-01-25 12:58:09,8486.38,635,0,0,0,0,0.0
APP0000110,CUST001570,2025-08-19 16:44:23,26390.95,598,1,1,1,1,22373.44
APP0000111,CUST007667,2025-12-19 07:44:43,9451.79,564,0,0,0,0,0.0
APP0000112,CUST005881,2025-03-09 20:40:11,4785.69,560,1,1,1,1,3741.34
APP0000113,CUST010717,2025-01-22 06:49:24,6212.08,731,1,1,1,1,6153.82
APP0000114,CUST005364,2026-08-19 21:13:01,4722.0,595,1,1,0,0,0.0
APP0000115,CUST005273,2025-07-22 03:35:01,4333.09,572,1,1,0,0,0.0
APP0000116,CUST009846,2025-12-30 19:56:03,5964.37,689,1,0,0,0,0.0
APP0000117,CUST007298,2025-11-07 18:02:48,9144.46,670,1,0,0,0,0.0
APP0000118,CUST006645,2025-01-15 22:45:30,2714.71,544,0,0,0,0,0.0
APP0000119,CUST001499,2025-07-24 02:20:37,13309.34,685,1,1,0,0,0.0
APP0000120,CUST003894,2025-08-26 04:09:27,5326.88,659,1,1,1,1,5102.55
APP0000121,CUST006118,2026-07-05 12:29:22,2426.52,502,0,0,0,0,0.0
APP0000122,CUST000842,2025-06-23 09:44:52,5389.24,683,1,1,1,1,4743.31
APP0000123,CUST007351,2026-06-21 02:02:28,4637.05,527,1,1,1,0,3559.14
APP0000124,CUST006059,2025-10-04 22:36:44,6890.72,524,1,0,0,0,0.0
APP0000125,CUST009883,2026-04-27 13:20:00,4290.73,627,1,1,0,0,0.0
APP0000126,CUST010445,2025-08-10 17:14:41,2365.35,551,1,0,0,0,0.0
APP0000127,CUST011031,2025-02-28 02:09:23,5745.18,659,1,0,0,0,0.0
APP0000128,CUST007112,2025-12-07 05:38:08,15562.32,643,1,1,0,0,0.0
APP0000129,CUST011199,2025-03-05 20:48:07,8109.11,667,1,1,1,1,6184.55
APP0000130,CUST001236,2025-08-09 02:04:21,5374.75,662,0,0,0,0,0.0
APP0000131,CUST010398,2025-04-26 07:53:03,6232.66,568,1,1,1,1,5517.44
APP0000132,CUST010087,2026-06-24 12:13:05,4450.65,563,1,1,0,0,0.0
APP0000133,CUST011637,2025-06-07 12:40:05,8280.09,549,1,1,1,0,7572.68
APP0000134,CUST011653,2026-05-23 08:51:59,4000.07,554,1,1,1,1,3810.17
APP0000135,CUST008833,2025-02-19 13:38:15,11838.7,631,1,1,0,0,0.0
APP0000136,CUST002988,2025-12-02 16:19:52,13595.91,596,1,0,0,0,0.0
APP0000137,CUST004325,2026-04-05 09:14:28,6430.01,582,1,1,0,0,0.0
APP0000138,CUST000343,2026-07-09 21:25:52,3962.67,626,0,0,0,0,0.0
APP0000139,CUST010593,2025-04-24 14:48:21,6364.45,660,1,1,1,1,5842.1
APP0000140,CUST006216,2025-04-28 15:11:04,5629.14,640,1,1,0,0,0.0
APP0000141,CUST011611,2025-09-27 09:34:42,12876.62,652,1,1,0,0,0.0
APP0000142,CUST003392,2026-03-16 09:12:07,6919.14,645,1,0,0,0,0.0
APP0000143,CUST009697,2025-07-17 23:11:46,7451.21,534,1,1,0,0,0.0
APP0000144,CUST006027,2026-06-02 05:16:54,2707.87,759,1,1,1,1,2455.32
APP0000145,CUST001133,2025-04-07 02:52:59,5672.49,658,0,0,0,0,0.0
APP0000146,CUST003931,2025-08-03 12:16:34,8796.27,629,1,1,1,1,8173.32
APP0000147,CUST008401,2026-03-15 16:03:36,7247.73,680,1,1,0,0,0.0
APP0000148,CUST010547,2025-05-18 06:05:19,9621.16,550,1,1,1,1,9270.24
APP0000149,CUST001777,2025-07-08 10:29:17,18639.42,661,1,1,1,0,14300.3
APP0000150,CUST008290,2026-05-26 16:59:21,7583.28,584,1,1,0,0,0.0
APP0000151,CUST008833,2026-06-16 09:31:11,6190.8,404,1,1,0,0,0.0
APP0000152,CUST000411,2026-02-23 09:55:20,14751.79,484,1,1,0,0,0.0
APP0000153,CUST007791,2026-01-21 02:52:35,10583.27,567,1,1,0,0,0.0
APP0000154,CUST001197,2026-01-03 17:48:48,15762.84,599,1,1,1,0,14852.19
APP0000155,CUST000569,2026-02-01 18:30:39,6601.7,593,1,1,1,0,5263.1
APP0000156,CUST006490,2026-08-14 05:26:00,2870.29,572,1,1,1,0,2668.52
APP0000157,CUST005184,2026-01-26 13:21:04,1157.07,560,0,0,0,0,0.0
APP0000158,CUST006236,2026-01-13 16:55:10,7254.11,623,1,1,1,1,5719.48
APP0000159,CUST011041,2025-05-15 02:01:10,7210.3,622,0,0,0,0,0.0
APP0000160,CUST004409,2025-06-11 15:43:19,6279.37,754,1,1,1,1,5257.48
APP0000161,CUST003054,2025-08-25 05:46:23,2584.14,651,1,1,0,0,0.0
APP0000162,CUST003750,2025-03-02 07:40:43,4170.82,663,1,1,1,1,3783.48
APP0000163,CUST001596,2025-05-12 10:04:11,7884.67,572,1,1,0,0,0.0
APP0000164,CUST011337,2026-08-08 13:55:24,2672.37,678,1,0,0,0,0.0
APP0000165,CUST010188,2026-07-21 20:17:13,3654.74,603,0,0,0,0,0.0
APP0000166,CUST002400,2025-10-29 18:26:51,1655.04,748,1,1,1,0,1351.88
APP0000167,CUST009005,2025-10-01 14:04:48,3094.53,589,1,1,0,0,0.0
APP0000168,CUST008196,2026-07-02 22:01:11,2122.14,716,1,0,0,0,0.0
APP0000169,CUST007313,2026-02-05 15:11:15,4572.33,621,1,1,0,0,0.0
APP0000170,CUST011671,2026-02-21 22:07:17,7611.56,559,1,1,0,0,0.0
APP0000171,CUST000036,2025-06-05 20:32:15,6842.84,713,1,1,1,1,5398.78
APP0000172,CUST007787,2025-09-20 01:30:19,5577.62,563,0,0,0,0,0.0
APP0000173,CUST010502,2025-09-09 23:43:04,3400.04,456,1,1,0,0,0.0
APP0000174,CUST002402,2026-01-30 23:21:45,4941.56,572,0,0,0,0,0.0
APP0000175,CUST008078,2025-03-01 22:37:39,21988.7,569,1,1,0,0,0.0
APP0000176,CUST007802,2025-09-08 08:00:25,4895.29,577,1,1,0,0,0.0
APP0000177,CUST000935,2025-03-12 07:59:50,16457.44,640,1,0,0,0,0.0
APP0000178,CUST004559,2025-12-25 12:43:36,1184.6,506,1,1,0,0,0.0
APP0000179,CUST001152,2025-06-07 06:25:18,9674.47,588,1,1,1,1,8601.29
APP0000180,CUST003594,2026-01-06 03:48:34,3431.39,743,1,1,0,0,0.0
APP0000181,CUST000130,2025-07-11 07:11:10,10011.35,666,1,1,0,0,0.0
APP0000182,CUST006052,2025-10-29 09:25:04,2836.1,563,1,1,0,0,0.0
APP0000183,CUST007996,2026-05-11 01:53:54,2648.02,552,1,0,0,0,0.0
APP0000184,CUST006784,2026-08-08 01:34:20,10419.05,631,0,0,0,0,0.0
APP0000185,CUST011665,2026-06-20 17:25:20,7609.09,635,1,1,1,1,6505.22
APP0000186,CUST011497,2026-03-23 20:43:54,5948.85,636,1,1,0,0,0.0
APP0000187,CUST004141,2025-03-14 16:01:57,3446.84,716,1,1,0,0,0.0
APP0000188,CUST011276,2025-09-18 07:41:51,3448.79,593,1,1,0,0,0.0
APP0000189,CUST008653,2026-07-24 18:18:00,29782.39,664,0,0,0,0,0.0
APP0000190,CUST006456,2026-08-28 00:38:25,22740.16,674,1,1,0,0,0.0
APP0000191,CUST004875,2026-06-08 17:27:47,4344.74,606,1,1,0,0,0.0
APP0000192,CUST008930,2025-11-21 13:48:58,13758.62,570,0,0,0,0,0.0
APP0000193,CUST007141,2025-09-07 08:01:18,6724.82,700,1,1,0,0,0.0
APP0000194,CUST011465,2025-10-23 06:24:45,2765.99,672,1,1,1,1,2179.47
APP0000195,CUST006921,2025-10-28 07:00:36,19508.61,620,1,1,1,1,18624.45
APP0000196,CUST009734,2026-02-07 08:54:35,7055.01,687,1,1,0,0,0.0
APP0000197,CUST001287,2025-10-22 11:49:50,5304.17,669,1,1,1,1,4971.67
APP0000198,CUST003850,2026-07-29 17:01:31,2734.44,648,1,1,1,1,2399.42
APP0000199,CUST011231,2025-08-03 11:44:42,3458.96,693,1,1,0,0,0.0
APP0000200,CUST000019,2025-06-08 15:18:00,11598.67,616,0,0,0,0,0.0
APP0000201,CUST007871,2025-08-28 19:00:45,5913.83,637,1,1,0,0,0.0
APP0000202,CUST006446,2026-06-22 09:25:12,12083.75,584,1,0,0,0,0.0
APP0000203,CUST011641,2026-06-03 10:01:42,5975.31,462,1,1,1,1,4559.11
APP0000204,CUST002066,2025-06-03 14:19:55,2598.23,661,1,1,0,0,0.0
APP0000205,CUST004576,2026-03-03 17:12:23,6925.12,628,1,1,0,0,0.0
APP0000206,CUST005613,2025-10-14 13:44:43,6415.06,629,0,0,0,0,0.0
APP0000207,CUST009870,2026-07-30 11:24:13,5606.38,570,1,1,1,1,5577.68
APP0000208,CUST004238,2026-07-13 23:35:45,10364.64,490,0,0,0,0,0.0
APP0000209,CUST003191,2026-06-30 09:40:25,10042.1,632,1,1,1,1,9851.89
APP0000210,CUST008855,2026-05-31 05:53:55,2062.98,539,1,1,1,1,1629.59
APP0000211,CUST010686,2025-10-16 08:54:42,2013.65,600,1,1,0,0,0.0
APP0000212,CUST000972,2026-05-20 10:39:45,7552.13,427,0,0,0,0,0.0
APP0000213,CUST002609,2026-01-11 20:55:51,6230.57,538,1,1,1,1,4717.16
APP0000214,CUST011452,2025-02-03 08:41:44,6888.52,646,1,1,1,1,6349.33
APP0000215,CUST001825,2025-09-30 05:39:01,8075.71,600,1,1,1,1,7865.06
APP0000216,CUST004248,2025-05-12 16:34:11,15919.08,616,1,1,1,1,11990.62
APP0000217,CUST005254,2025-06-10 09:37:29,5146.96,580,1,1,1,1,4151.53
APP0000218,CUST005078,2026-01-11 10:02:14,5205.39,591,1,1,1,1,3906.87
APP0000219,CUST004013,2026-01-09 20:28:41,6379.09,620,1,1,1,1,4812.28
APP0000220,CUST009072,2025-03-22 08:32:14,7404.03,588,1,1,1,1,5884.18
APP0000221,CUST010028,2025-01-04 22:26:33,4666.54,609,0,0,0,0,0.0
APP0000222,CUST007082,2025-06-11 12:56:59,10706.64,588,1,1,0,0,0.0
APP0000223,CUST005424,2026-05-03 07:26:41,4342.03,539,1,1,0,0,0.0
APP0000224,CUST011820,2025-02-20 09:28:48,5905.54,537,0,0,0,0,0.0
APP0000225,CUST008651,2025-09-28 13:48:23,10933.94,672,1,1,0,0,0.0
APP0000226,CUST008999,2026-02-15 14:53:13,5927.27,597,0,0,0,0,0.0
APP0000227,CUST001159,2025-10-12 05:09:10,1906.63,625,1,1,1,0,1893.38
APP0000228,CUST004176,2026-01-16 05:51:21,23082.52,615,1,0,0,0,0.0
APP0000229,CUST003488,2026-07-02 18:21:24,12301.96,587,1,1,1,1,11940.54
APP0000230,CUST010681,2025-09-22 07:40:13,20181.0,710,1,1,1,1,17128.7
APP0000231,CUST011446,2025-10-30 19:50:25,3563.23,637,0,0,0,0,0.0
APP0000232,CUST003578,2025-09-28 13:53:30,9644.91,606,1,1,0,0,0.0
APP0000233,CUST006358,2026-06-16 17:41:00,3159.79,441,1,1,0,0,0.0
APP0000234,CUST002519,2025-03-29 16:55:58,3735.94,591,1,1,1,1,3570.69
APP0000235,CUST007601,2026-04-28 15:39:25,8866.56,695,1,1,1,1,7264.5
APP0000236,CUST006008,2026-02-26 14:58:17,7735.25,595,1,1,1,1,6104.73
APP0000237,CUST008839,2025-12-31 19:33:32,34019.12,611,1,1,0,0,0.0
APP0000238,CUST011204,2026-04-01 11:44:25,7843.8,695,1,1,0,0,0.0
APP0000239,CUST009622,2025-06-28 19:58:13,3959.13,628,0,0,0,0,0.0
APP0000240,CUST000858,2025-08-14 20:34:53,8802.29,464,1,1,1,1,6772.22
APP0000241,CUST001308,2025-02-24 22:50:37,2381.21,581,0,0,0,0,0.0
APP0000242,CUST011435,2025-05-09 11:50:49,2241.59,665,1,1,1,1,1858.4
APP0000243,CUST006112,2025-08-08 23:05:17,14769.76,592,1,1,1,1,13796.89
APP0000244,CUST009450,2025-11-02 09:26:22,4441.56,698,1,1,1,1,3632.39
APP0000245,CUST006550,2026-05-11 00:28:08,10965.43,698,1,1,1,1,10637.62
APP0000246,CUST004789,2025-02-23 17:33:48,4553.34,572,1,1,1,1,3817.25
APP0000247,CUST010239,2025-06-16 15:08:49,4680.36,577,1,1,1,1,4676.5
APP0000248,CUST000125,2025-12-15 00:19:20,11765.26,655,1,1,1,1,10018.27
APP0000249,CUST006425,2026-02-20 10:42:06,14129.49,543,1,1,0,0,0.0
APP0000250,CUST003789,2026-05-20 04:43:03,2130.0,630,1,1,1,0,1813.38
APP0000251,CUST008201,2025-11-16 15:03:49,7583.19,720,1,1,1,1,7241.71
APP0000252,CUST008133,2026-05-18 17:39:13,1755.35,559,1,1,0,0,0.0
APP0000253,CUST009920,2026-02-20 21:28:51,5451.79,569,1,1,1,1,4755.07
APP0000254,CUST005042,2025-01-15 18:43:07,15077.37,721,1,1,0,0,0.0
APP0000255,CUST006537,2025-03-14 11:32:09,17486.87,628,0,0,0,0,0.0
APP0000256,CUST008003,2026-07-21 10:52:23,2516.53,664,1,1,0,0,0.0
APP0000257,CUST002654,2025-04-21 02:59:34,7135.85,644,1,1,0,0,0.0
APP0000258,CUST002087,2025-04-01 01:59:42,2558.9,495,0,0,0,0,0.0
APP0000259,CUST006341,2025-05-24 01:26:39,3462.39,597,1,1,1,1,2984.32
APP0000260,CUST006937,2026-01-12 19:07:21,5242.14,496,0,0,0,0,0.0
APP0000261,CUST001007,2026-05-15 04:22:22,5337.01,624,1,1,0,0,0.0
APP0000262,CUST009028,2025-01-31 03:23:35,13602.11,561,1,1,0,0,0.0
APP0000263,CUST005448,2025-04-11 09:09:51,17076.6,517,1,1,0,0,0.0
APP0000264,CUST009297,2026-02-13 01:11:13,7311.89,633,1,1,1,1,6377.48
APP0000265,CUST007337,2026-04-20 22:51:34,4584.81,559,1,1,0,0,0.0
APP0000266,CUST002633,2025-05-25 17:47:13,8312.44,620,1,1,0,0,0.0
APP0000267,CUST010219,2025-09-06 19:50:55,6198.45,540,1,1,0,0,0.0
APP0000268,CUST011010,2025-10-06 04:58:47,2115.3,645,1,1,0,0,0.0
APP0000269,CUST007084,2025-05-13 05:43:56,5556.82,567,1,1,0,0,0.0
APP0000270,CUST005300,2025-05-24 00:42:54,6593.24,592,1,1,1,0,5508.2
APP0000271,CUST000296,2025-03-24 22:43:22,8522.32,460,1,1,0,0,0.0
APP0000272,CUST000519,2025-01-07 22:31:25,6226.66,653,1,1,1,0,5454.99
APP0000273,CUST000826,2025-07-27 22:59:15,2826.62,605,1,1,1,1,2793.92
APP0000274,CUST006684,2025-08-24 23:39:15,5141.91,575,1,1,1,1,4983.66
APP0000275,CUST000771,2025-11-03 11:54:36,3836.05,639,0,0,0,0,0.0
APP0000276,CUST003724,2025-03-31 04:18:46,7385.07,511,1,0,0,0,0.0
APP0000277,CUST004965,2025-08-11 12:00:05,4363.13,607,1,1,1,1,3593.53
APP0000278,CUST010979,2025-10-31 21:01:32,5439.78,607,1,1,1,1,5221.24
APP0000279,CUST000140,2025-01-03 17:30:50,23059.97,486,1,1,0,0,0.0
APP0000280,CUST007085,2025-07-05 16:35:10,4845.05,717,1,1,0,0,0.0
APP0000281,CUST003365,2025-06-02 09:28:35,10296.5,549,1,0,0,0,0.0
APP0000282,CUST009372,2025-11-13 15:23:45,5640.47,684,1,1,0,0,0.0
APP0000283,CUST011286,2025-05-01 08:02:29,3270.97,582,1,1,0,0,0.0
APP0000284,CUST004480,2026-01-11 15:50:03,4654.98,636,1,1,1,1,4182.46
APP0000285,CUST002963,2025-02-22 23:29:42,3315.36,591,1,1,1,1,2987.06
APP0000286,CUST002703,2025-11-23 00:08:15,4352.6,551,1,1,1,1,3598.26
APP0000287,CUST007103,2025-11-11 21:21:30,6773.44,597,0,0,0,0,0.0
APP0000288,CUST004354,2026-08-24 10:20:47,4174.21,764,1,1,0,0,0.0
APP0000289,CUST009429,2025-04-04 05:34:00,8005.5,589,1,1,0,0,0.0
APP0000290,CUST008440,2025-05-22 19:12:43,5118.55,620,1,1,0,0,0.0
APP0000291,CUST009623,2026-07-18 18:33:15,2933.35,662,1,1,1,1,2712.52
APP0000292,CUST003301,2025-05-02 10:48:18,6654.49,753,1,1,1,1,5263.54
APP0000293,CUST003677,2025-07-13 12:22:48,1375.47,603,1,1,0,0,0.0
APP0000294,CUST000751,2025-08-18 21:19:46,3228.49,612,1,1,1,1,2956.29
APP0000295,CUST000260,2026-03-11 10:51:30,2813.83,604,1,1,1,0,2500.07
APP0000296,CUST002967,2025-10-04 12:23:59,4802.24,800,1,1,1,1,4313.57
APP0000297,CUST001623,2026-08-04 00:01:43,4241.44,584,1,1,1,1,3624.48
APP0000298,CUST005563,2025-05-02 05:23:20,8241.0,590,1,1,0,0,0.0
APP0000299,CUST004359,2026-04-26 03:59:53,6147.2,578,0,0,0,0,0.0
APP0000300,CUST008617,2025-05-09 07:13:17,19262.94,637,1,0,0,0,0.0
APP0000301,CUST010652,2025-07-01 09:58:41,4605.94,614,0,0,0,0,0.0
APP0000302,CUST003660,2025-02-23 07:00:54,15825.53,579,1,1,1,1,14287.62
APP0000303,CUST005446,2026-02-19 17:06:04,10208.67,572,0,0,0,0,0.0
APP0000304,CUST007637,2025-11-17 14:34:00,3553.57,610,0,0,0,0,0.0
APP0000305,CUST010724,2025-12-31 15:21:38,4837.07,469,1,1,0,0,0.0
APP0000306,CUST007365,2025-11-11 20:16:31,8220.22,661,1,1,0,0,0.0
APP0000307,CUST005287,2025-07-09 06:54:14,2252.46,414,1,1,1,0,2132.2
APP0000308,CUST007211,2025-01-16 12:48:49,14594.96,573,0,0,0,0,0.0
APP0000309,CUST005911,2025-06-26 15:01:42,3033.89,706,1,1,1,1,2949.38
APP0000310,CUST007541,2025-06-21 21:01:46,4521.28,617,1,1,0,0,0.0
APP0000311,CUST006039,2025-04-28 20:29:48,13692.92,537,1,1,0,0,0.0
APP0000312,CUST002091,2025-08-18 06:05:39,9539.39,677,1,1,0,0,0.0
APP0000313,CUST001420,2025-08-15 05:16:34,3846.89,531,1,1,1,0,3195.02
APP0000314,CUST000467,2026-01-31 16:34:13,5764.11,622,1,1,1,1,5187.82
APP0000315,CUST002907,2026-04-08 19:57:01,3189.02,787,1,1,0,0,0.0
APP0000316,CUST005274,2026-07-02 13:58:25,6693.16,528,1,1,1,1,5728.65
APP0000317,CUST001805,2025-08-12 09:24:44,5634.32,576,1,1,1,1,4359.03
APP0000318,CUST007547,2025-12-09 06:09:41,6474.79,688,1,0,0,0,0.0
APP0000319,CUST006797,2025-06-14 00:36:52,3529.44,684,1,1,1,1,2688.32
APP0000320,CUST010466,2025-07-11 20:10:31,1507.42,541,1,1,0,0,0.0
APP0000321,CUST010798,2026-03-02 02:57:46,15175.3,638,0,0,0,0,0.0
APP0000322,CUST008955,2025-11-02 07:37:52,1545.53,596,1,1,0,0,0.0
APP0000323,CUST011879,2026-05-23 22:22:45,12986.47,687,1,1,0,0,0.0
APP0000324,CUST000846,2025-10-03 14:26:09,14607.26,484,0,0,0,0,0.0
APP0000325,CUST002076,2026-07-07 19:58:26,6659.06,714,1,1,1,1,5087.06
APP0000326,CUST008765,2025-07-30 04:29:13,4592.82,762,1,1,1,1,4368.57
APP0000327,CUST000741,2026-08-04 21:36:03,7673.1,574,1,1,0,0,0.0
APP0000328,CUST005876,2026-07-28 10:59:27,9684.66,666,1,1,0,0,0.0
APP0000329,CUST010486,2025-03-01 11:23:47,4687.62,623,1,1,1,1,3907.67
APP0000330,CUST006478,2025-03-16 22:48:51,7382.82,695,1,1,1,0,6150.94
APP0000331,CUST006599,2026-07-23 12:56:04,4634.21,642,1,1,1,0,4529.97
APP0000332,CUST005356,2026-01-30 18:04:11,4041.65,694,1,1,1,1,3952.26
APP0000333,CUST003614,2025-02-11 17:39:25,7010.13,618,1,1,1,1,6497.93
APP0000334,CUST000022,2025-01-27 22:22:06,1640.75,668,0,0,0,0,0.0
APP0000335,CUST009081,2025-06-17 13:42:08,5428.06,550,1,1,0,0,0.0
APP0000336,CUST001876,2025-10-29 03:34:02,7307.25,641,1,0,0,0,0.0
APP0000337,CUST004586,2026-08-12 14:20:57,11522.87,583,1,1,1,0,11167.35
APP0000338,CUST005597,2025-02-27 17:02:07,7450.79,590,0,0,0,0,0.0
APP0000339,CUST006826,2026-03-04 06:45:20,5364.33,703,1,1,1,1,4799.23
APP0000340,CUST007252,2025-01-02 09:36:31,1594.67,493,1,1,1,1,1321.97
APP0000341,CUST009492,2026-05-19 04:03:42,5196.47,575,1,1,1,1,5055.68
APP0000342,CUST004768,2025-09-06 13:39:04,2674.75,554,1,1,0,0,0.0
APP0000343,CUST007778,2026-04-11 04:45:08,7624.89,694,1,1,1,1,6401.09
APP0000344,CUST008081,2026-01-12 16:27:14,6215.13,630,1,1,1,1,5460.83
APP0000345,CUST007275,2026-08-05 11:36:02,12661.09,677,1,0,0,0,0.0
APP0000346,CUST001140,2026-01-25 21:49:17,7821.0,716,1,1,1,1,6973.32
APP0000347,CUST001542,2025-12-20 23:38:14,2004.95,653,1,1,0,0,0.0
APP0000348,CUST004395,2025-09-24 09:05:38,2315.25,599,1,0,0,0,0.0
APP0000349,CUST001109,2025-04-07 09:18:33,4550.58,649,0,0,0,0,0.0
APP0000350,CUST004024,2026-05-26 10:58:43,1884.61,576,1,1,1,1,1642.73
APP0000351,CUST011655,2025-08-08 21:58:29,8031.64,492,1,1,1,1,6098.46
APP0000352,CUST004423,2025-07-23 11:38:53,7950.15,603,1,1,0,0,0.0
APP0000353,CUST001889,2026-08-20 22:51:19,15373.67,610,1,1,0,0,0.0
APP0000354,CUST009220,2026-07-18 18:12:02,1970.27,556,0,0,0,0,0.0
APP0000355,CUST006677,2025-06-28 01:50:42,8857.51,594,1,1,0,0,0.0
APP0000356,CUST006878,2026-02-04 08:31:42,10847.29,728,1,1,0,0,0.0
APP0000357,CUST001057,2025-04-23 18:47:04,3465.36,699,1,1,0,0,0.0
APP0000358,CUST009016,2025-01-05 18:30:29,4180.72,566,1,1,0,0,0.0
APP0000359,CUST009945,2026-02-22 15:24:20,11956.41,614,1,1,0,0,0.0
APP0000360,CUST011260,2025-04-02 12:10:04,7035.45,750,1,1,1,1,5479.6
APP0000361,CUST003702,2026-03-01 11:28:09,4317.74,634,1,1,1,1,3748.57
APP0000362,CUST000464,2026-02-27 16:33:31,5760.09,590,1,1,1,1,4972.71
APP0000363,CUST010328,2026-04-27 10:56:54,14332.02,595,0,0,0,0,0.0
APP0000364,CUST000722,2026-03-14 04:49:27,9315.2,655,1,1,1,1,8365.21
APP0000365,CUST000919,2025-12-31 19:47:16,10840.15,535,1,1,0,0,0.0
APP0000366,CUST008866,2025-08-30 19:14:51,11562.2,557,1,1,0,0,0.0
APP0000367,CUST000272,2025-07-11 20:29:23,4854.14,576,0,0,0,0,0.0
APP0000368,CUST001413,2025-12-11 13:58:49,3304.83,613,1,1,1,1,3059.19
APP0000369,CUST002905,2025-09-18 15:31:59,8183.67,703,1,0,0,0,0.0
APP0000370,CUST008215,2025-10-09 05:09:59,4994.0,579,1,1,0,0,0.0
APP0000371,CUST002761,2025-12-23 02:12:40,10891.67,567,0,0,0,0,0.0
APP0000372,CUST009150,2026-06-06 01:53:07,2618.47,516,1,1,1,1,2006.83
APP0000373,CUST003525,2025-09-07 18:42:48,10972.7,691,1,0,0,0,0.0
APP0000374,CUST001720,2026-07-08 18:26:36,4657.69,554,1,1,1,1,4172.83
APP0000375,CUST006688,2025-09-16 10:08:46,6564.64,600,0,0,0,0,0.0
APP0000376,CUST007176,2025-12-13 04:58:22,1858.97,626,0,0,0,0,0.0
APP0000377,CUST003087,2026-04-10 18:51:11,11867.18,510,0,0,0,0,0.0
APP0000378,CUST000824,2025-08-18 02:03:27,5460.11,536,1,1,1,1,4756.09
APP0000379,CUST011803,2025-05-24 21:41:04,8578.28,631,1,1,0,0,0.0
APP0000380,CUST005247,2025-10-10 09:34:34,5359.84,644,1,1,0,0,0.0
APP0000381,CUST007502,2026-04-21 08:16:44,5947.52,713,1,1,1,1,5354.54
APP0000382,CUST009433,2026-06-12 15:15:07,6072.62,594,1,1,0,0,0.0
APP0000383,CUST010700,2026-05-26 01:21:16,6820.0,580,1,1,1,1,5335.6
APP0000384,CUST009851,2026-01-29 16:46:04,3145.15,555,1,1,0,0,0.0
APP0000385,CUST003675,2026-08-25 18:04:50,5379.27,576,1,1,1,1,4413.64
APP0000386,CUST002164,2025-01-08 08:34:28,18496.64,463,1,1,1,1,14465.68
APP0000387,CUST003730,2025-12-31 22:51:02,5450.88,521,1,1,0,0,0.0
APP0000388,CUST003171,2025-03-16 18:37:15,16827.03,748,1,1,0,0,0.0
APP0000389,CUST006597,2025-01-30 23:01:46,1942.54,575,1,1,1,1,1861.62
APP0000390,CUST011253,2025-02-05 12:02:09,5083.36,499,1,1,1,1,4960.97
APP0000391,CUST003854,2025-07-14 21:33:59,2186.33,718,1,1,0,0,0.0
APP0000392,CUST000277,2026-06-18 08:59:50,6639.53,670,1,0,0,0,0.0
APP0000393,CUST009104,2025-12-15 05:44:39,4441.58,668,1,1,0,0,0.0
APP0000394,CUST010398,2026-06-12 16:28:51,6578.45,648,1,1,1,1,5638.99
APP0000395,CUST006934,2025-01-04 01:47:40,2007.4,716,1,1,1,1,1609.42
APP0000396,CUST005770,2026-07-24 22:59:46,10391.3,663,1,1,0,0,0.0
APP0000397,CUST004993,2025-08-18 00:15:02,5244.72,654,1,1,1,1,4383.33
APP0000398,CUST005848,2026-05-17 08:38:06,6832.47,607,1,1,1,1,5968.85
APP0000399,CUST004838,2026-01-07 09:41:44,7546.92,695,1,1,1,1,5716.3
APP0000400,CUST009245,2026-01-04 03:44:55,11942.4,654,1,1,1,0,11894.37
APP0000401,CUST003734,2025-12-11 10:48:24,2980.93,539,0,0,0,0,0.0
APP0000402,CUST011256,2026-05-05 17:44:10,4408.79,626,0,0,0,0,0.0
APP0000403,CUST003196,2025-05-20 01:33:46,8327.09,664,1,1,0,0,0.0
APP0000404,CUST005038,2025-02-20 17:39:17,3713.4,779,1,1,1,1,2977.74
APP0000405,CUST006535,2026-06-22 23:23:00,22580.4,589,0,0,0,0,0.0
APP0000406,CUST004469,2026-08-15 17:07:00,5187.13,602,1,1,0,0,0.0
APP0000407,CUST000201,2025-05-16 21:42:34,3158.16,652,1,1,1,0,2884.21
APP0000408,CUST006992,2026-07-10 18:26:31,35416.28,482,1,1,1,1,33282.19
APP0000409,CUST006914,2026-03-07 18:38:54,3270.88,504,1,1,0,0,0.0
APP0000410,CUST007290,2026-04-09 22:37:12,1260.52,449,1,1,0,0,0.0
APP0000411,CUST003305,2025-12-20 15:49:48,10879.2,645,1,1,0,0,0.0
APP0000412,CUST005586,2026-05-05 15:15:55,11532.84,670,0,0,0,0,0.0
APP0000413,CUST008250,2025-05-29 06:34:59,16245.99,580,0,0,0,0,0.0
APP0000414,CUST007345,2026-01-06 02:38:57,5692.13,642,1,1,0,0,0.0
APP0000415,CUST005829,2026-02-17 03:17:11,4895.38,614,1,1,1,1,3844.48
APP0000416,CUST002532,2025-10-09 13:49:31,5487.18,552,1,1,1,0,5112.93
APP0000417,CUST009142,2025-01-31 19:24:52,12154.78,559,1,1,1,1,11412.15
APP0000418,CUST004052,2025-04-13 12:41:14,6300.88,667,0,0,0,0,0.0
APP0000419,CUST006661,2026-08-02 05:31:17,7892.26,600,1,1,1,1,7764.13
APP0000420,CUST000814,2025-10-02 23:57:24,4179.47,527,1,1,1,1,3201.38
APP0000421,CUST006382,2025-04-18 23:13:03,8387.42,590,1,1,0,0,0.0
APP0000422,CUST003862,2025-03-24 13:30:43,3495.9,720,1,1,1,1,3228.2
APP0000423,CUST011048,2026-02-18 18:22:00,7371.62,590,0,0,0,0,0.0
APP0000424,CUST006288,2026-05-10 21:28:06,5077.01,512,1,1,1,1,4758.32
APP0000425,CUST008864,2025-05-16 16:15:18,6413.68,744,1,1,1,1,5492.28
APP0000426,CUST004732,2025-06-05 05:59:35,10250.75,561,1,1,1,1,8071.19
APP0000427,CUST002121,2026-03-26 18:34:37,6392.56,670,0,0,0,0,0.0
APP0000428,CUST007412,2025-07-08 07:39:25,7144.82,691,1,1,1,1,6749.71
APP0000429,CUST011871,2025-09-28 09:28:57,3080.67,416,1,1,1,1,2985.89
APP0000430,CUST003464,2026-03-17 09:00:39,7886.04,637,1,1,0,0,0.0
APP0000431,CUST003405,2025-08-12 20:36:27,4829.16,720,1,1,1,1,3947.09
APP0000432,CUST009415,2025-11-19 01:38:22,1771.38,555,1,1,0,0,0.0
APP0000433,CUST011053,2025-05-17 23:33:42,7517.2,640,1,1,1,1,6781.6
APP0000434,CUST005754,2026-08-12 08:58:06,2294.94,680,1,1,1,1,1930.52
APP0000435,CUST005490,2025-11-26 07:30:19,14093.83,713,1,1,1,1,13487.47
APP0000436,CUST006702,2026-04-09 14:11:24,4345.63,591,1,1,1,1,3615.91
APP0000437,CUST005450,2026-05-16 07:41:44,7828.44,682,1,1,1,1,5990.04
APP0000438,CUST006967,2026-05-13 16:35:03,3215.23,671,1,1,1,1,3025.83
APP0000439,CUST004103,2025-07-27 18:29:49,2645.2,480,1,0,0,0,0.0
APP0000440,CUST002119,2026-07-28 10:01:22,6765.28,636,1,1,0,0,0.0
APP0000441,CUST004275,2025-12-05 12:42:43,3760.02,547,1,1,1,1,3468.23
APP0000442,CUST007918,2025-05-02 04:44:44,10725.09,683,1,1,0,0,0.0
APP0000443,CUST004921,2025-04-06 02:23:15,1772.04,632,0,0,0,0,0.0
APP0000444,CUST010298,2025-09-27 16:32:44,2043.19,575,0,0,0,0,0.0
APP0000445,CUST003597,2026-04-27 03:10:55,12842.09,564,1,1,1,1,9920.16
APP0000446,CUST011847,2026-04-14 06:35:47,3976.39,593,1,1,1,0,3522.67
APP0000447,CUST004858,2026-06-26 02:32:01,15688.22,605,1,1,1,1,14726.37
APP0000448,CUST001522,2026-06-13 03:58:50,3784.19,755,1,1,1,1,3675.95
APP0000449,CUST000523,2026-08-04 18:23:01,8036.23,510,1,1,1,0,7727.85
APP0000450,CUST007142,2026-03-09 08:19:15,5718.45,635,1,1,1,1,5023.87
APP0000451,CUST010610,2026-05-06 12:10:19,6482.52,580,1,1,0,0,0.0
APP0000452,CUST003217,2025-01-30 11:52:55,5670.36,648,1,1,1,1,5476.76
APP0000453,CUST003820,2026-03-15 08:58:28,4937.28,761,1,1,1,1,4514.03
APP0000454,CUST002166,2025-07-10 13:41:37,2765.32,543,0,0,0,0,0.0
APP0000455,CUST004419,2025-11-11 18:40:55,7495.86,797,1,1,0,0,0.0
APP0000456,CUST008054,2026-03-23 07:41:52,2331.31,748,1,1,0,0,0.0
APP0000457,CUST000685,2025-12-03 19:02:06,23115.51,606,1,1,1,1,21828.58
APP0000458,CUST008919,2026-03-04 15:51:36,11182.04,631,1,1,1,1,8547.78
APP0000459,CUST000863,2026-02-10 12:02:09,8259.68,549,0,0,0,0,0.0
APP0000460,CUST006061,2025-09-01 15:48:10,12075.43,693,1,1,0,0,0.0
APP0000461,CUST001243,2025-01-02 15:47:09,4444.85,503,1,1,1,1,4139.38
APP0000462,CUST008974,2025-10-05 22:00:42,6336.28,673,1,1,1,1,5813.45
APP0000463,CUST004913,2025-03-16 11:38:37,6294.2,751,1,1,0,0,0.0
APP0000464,CUST007400,2025-10-13 07:23:58,4066.36,683,0,0,0,0,0.0
APP0000465,CUST008290,2025-02-15 10:04:07,8511.28,729,1,1,1,1,7205.98
APP0000466,CUST009793,2025-01-06 17:18:50,3142.35,481,0,0,0,0,0.0
APP0000467,CUST007646,2026-07-13 01:07:17,9335.0,604,1,1,1,1,8487.64
APP0000468,CUST011984,2025-08-13 01:55:12,15631.93,513,1,1,0,0,0.0
APP0000469,CUST000990,2025-09-27 00:42:40,3476.72,482,1,1,1,1,2955.01
APP0000470,CUST006189,2025-06-24 23:07:57,4197.27,482,1,1,0,0,0.0
APP0000471,CUST005455,2026-04-24 03:46:23,5923.41,603,1,1,0,0,0.0
APP0000472,CUST009285,2025-05-16 19:47:58,5168.55,419,0,0,0,0,0.0
APP0000473,CUST006174,2026-05-15 08:03:53,3915.71,523,1,1,1,1,3199.11
APP0000474,CUST007970,2025-09-29 04:59:01,11338.04,625,1,1,0,0,0.0
APP0000475,CUST004284,2026-06-29 22:26:07,12121.81,506,1,1,0,0,0.0
APP0000476,CUST001284,2025-11-23 11:22:45,12527.44,548,1,1,0,0,0.0
APP0000477,CUST011179,2025-06-13 14:22:37,9464.82,689,1,1,0,0,0.0
APP0000478,CUST000818,2025-08-31 00:43:41,3124.93,648,1,1,0,0,0.0
APP0000479,CUST002945,2026-03-15 07:31:32,4088.8,690,1,1,1,0,3895.88
APP0000480,CUST000902,2026-04-27 20:35:51,11837.31,578,1,1,0,0,0.0
APP0000481,CUST006707,2026-01-02 23:33:59,3970.9,774,1,1,1,1,3734.38
APP0000482,CUST003691,2025-06-21 18:07:47,11871.29,681,0,0,0,0,0.0
APP0000483,CUST004359,2026-03-02 17:28:56,11226.62,642,1,1,0,0,0.0
APP0000484,CUST011794,2025-10-27 01:58:46,4744.06,627,1,1,0,0,0.0
APP0000485,CUST003608,2025-04-28 14:01:49,7562.0,547,1,1,0,0,0.0
APP0000486,CUST006368,2025-07-22 06:45:58,7290.18,743,1,1,0,0,0.0
APP0000487,CUST003408,2025-01-16 06:19:59,5623.97,589,0,0,0,0,0.0
APP0000488,CUST000681,2025-03-15 12:48:41,1000.0,620,1,1,0,0,0.0
APP0000489,CUST005525,2025-07-15 14:58:16,6786.28,642,0,0,0,0,0.0
APP0000490,CUST011930,2026-05-27 18:15:14,5454.31,706,1,1,1,1,4590.73
APP0000491,CUST010671,2026-06-29 11:22:07,17950.69,655,1,1,0,0,0.0
APP0000492,CUST006230,2025-08-08 00:24:40,3585.92,557,1,1,1,1,3231.19
APP0000493,CUST011052,2025-06-29 19:59:52,7020.41,703,1,1,0,0,0.0
APP0000494,CUST009658,2026-02-01 00:29:58,3964.86,790,1,1,1,1,3654.38
APP0000495,CUST008784,2026-04-15 14:43:49,4293.08,564,1,1,0,0,0.0
APP0000496,CUST010701,2026-07-07 12:51:57,4062.3,493,1,1,0,0,0.0
APP0000497,CUST000185,2025-02-23 04:49:35,6058.81,748,1,1,0,0,0.0
APP0000498,CUST001724,2025-06-24 04:36:01,7580.62,672,1,1,1,1,7322.42
APP0000499,CUST011286,2025-10-23 13:33:47,2802.76,579,1,1,1,1,2538.63
APP0000500,CUST010239,2025-03-06 02:00:05,7112.05,721,1,1,1,1,7041.7
APP0000501,CUST003326,2025-08-21 17:54:11,7998.42,685,1,1,0,0,0.0
APP0000502,CUST005831,2025-05-05 06:22:34,4952.09,540,1,1,1,0,3778.05
APP0000503,CUST002914,2026-06-16 07:16:52,3766.31,641,1,1,1,1,3440.76
APP0000504,CUST006584,2025-04-21 16:30:37,2849.78,620,1,1,0,0,0.0
APP0000505,CUST004309,2025-04-26 07:43:15,2436.03,605,1,1,1,1,2102.16
APP0000506,CUST002030,2026-02-17 08:53:24,10674.05,637,0,0,0,0,0.0
APP0000507,CUST007746,2025-09-01 10:44:41,2137.25,529,1,1,1,1,1847.26
APP0000508,CUST000177,2025-11-11 15:40:04,5802.21,686,1,1,1,0,4607.7
APP0000509,CUST005340,2026-05-25 07:56:07,3462.0,552,0,0,0,0,0.0
APP0000510,CUST001364,2026-07-18 23:49:17,6073.25,672,1,1,0,0,0.0
APP0000511,CUST000488,2026-01-05 08:25:19,20063.55,683,1,0,0,0,0.0
APP0000512,CUST009511,2026-06-21 08:51:52,4645.14,559,1,1,0,0,0.0
APP0000513,CUST004839,2025-10-23 16:13:28,4026.28,622,1,1,1,1,3971.6
APP0000514,CUST011461,2025-10-15 15:30:53,11284.65,615,1,1,1,1,8624.85
APP0000515,CUST011646,2025-09-30 02:33:11,2098.53,572,1,1,1,0,1783.73
APP0000516,CUST000384,2026-03-29 19:47:11,5583.84,620,1,1,0,0,0.0
APP0000517,CUST010513,2025-01-08 19:40:44,9907.31,592,0,0,0,0,0.0
APP0000518,CUST010581,2025-09-10 11:23:24,8664.12,576,1,1,0,0,0.0
APP0000519,CUST003255,2026-01-16 20:41:21,4916.94,679,1,1,1,1,4414.72
APP0000520,CUST001332,2025-05-17 18:44:34,8215.24,646,0,0,0,0,0.0
APP0000521,CUST007496,2026-05-30 23:18:51,11827.34,649,1,1,0,0,0.0
APP0000522,CUST009519,2025-10-12 15:13:55,5148.84,646,1,1,1,1,3917.97
APP0000523,CUST000594,2025-06-09 00:04:12,6119.39,538,1,0,0,0,0.0
APP0000524,CUST000630,2025-08-05 02:05:49,5817.06,510,0,0,0,0,0.0
APP0000525,CUST002107,2025-01-02 08:57:21,3604.58,500,1,1,1,0,3286.21
APP0000526,CUST008248,2025-11-07 12:26:13,5209.0,568,1,1,0,0,0.0
APP0000527,CUST005982,2025-02-21 02:54:38,13490.15,647,1,1,0,0,0.0
APP0000528,CUST007697,2025-01-14 19:09:20,9176.39,715,1,1,1,1,8407.82
APP0000529,CUST003347,2025-05-05 13:37:46,7987.06,500,1,1,0,0,0.0
APP0000530,CUST010911,2026-02-24 22:15:02,8960.39,738,1,1,1,1,8508.75
APP0000531,CUST006788,2025-01-09 11:19:05,5276.85,624,1,0,0,0,0.0
APP0000532,CUST004951,2025-08-27 06:06:54,6986.9,672,1,1,0,0,0.0
APP0000533,CUST007525,2025-03-11 03:53:25,41539.47,649,1,1,0,0,0.0
APP0000534,CUST004688,2026-08-13 13:13:29,11306.66,637,1,1,1,1,9697.8
APP0000535,CUST001133,2025-12-06 07:56:06,15947.77,738,1,1,1,0,15357.91
APP0000536,CUST008965,2025-02-24 01:08:48,8620.45,563,1,1,1,0,8393.42
APP0000537,CUST003810,2025-05-02 04:10:44,26099.5,665,1,1,0,0,0.0
APP0000538,CUST002375,2026-07-10 21:35:04,5606.18,472,0,0,0,0,0.0
APP0000539,CUST000644,2025-11-03 17:45:47,2990.64,534,0,0,0,0,0.0
APP0000540,CUST010317,2025-05-20 13:53:02,3943.24,555,1,1,0,0,0.0
APP0000541,CUST004405,2026-08-26 23:38:07,7070.24,589,1,1,1,1,6015.71
APP0000542,CUST000659,2026-06-20 14:04:07,17277.54,609,1,1,1,1,15426.17
APP0000543,CUST002413,2025-05-17 03:45:14,9728.06,602,1,1,0,0,0.0
APP0000544,CUST005203,2025-03-16 07:39:18,3789.02,501,1,1,1,1,3315.9
APP0000545,CUST002843,2026-08-03 14:10:48,7798.76,441,0,0,0,0,0.0
APP0000546,CUST011025,2026-01-27 22:55:04,2821.78,549,1,1,0,0,0.0
APP0000547,CUST006282,2025-04-14 23:24:06,3255.41,576,1,1,1,1,2790.89
APP0000548,CUST008046,2025-07-07 09:19:31,6622.18,665,1,1,1,0,5897.25
APP0000549,CUST007608,2026-06-06 12:32:31,27161.32,609,1,1,1,1,25789.11
APP0000550,CUST004053,2025-03-05 19:14:21,9631.61,611,1,1,1,1,8024.11
APP0000551,CUST005795,2025-03-19 11:15:16,1833.78,649,1,1,0,0,0.0
APP0000552,CUST008083,2026-02-28 05:35:02,7126.38,583,1,1,0,0,0.0
APP0000553,CUST008932,2025-08-02 14:18:35,1586.81,604,1,0,0,0,0.0
APP0000554,CUST000488,2025-03-14 16:03:13,29311.03,519,0,0,0,0,0.0
APP0000555,CUST008139,2025-09-20 02:09:36,4387.2,596,1,0,0,0,0.0
APP0000556,CUST006657,2025-07-27 12:17:20,3470.03,576,0,0,0,0,0.0
APP0000557,CUST002033,2025-10-02 15:46:56,5092.54,655,1,1,1,1,4701.16
APP0000558,CUST010091,2026-04-17 04:56:39,3713.14,620,1,1,0,0,0.0
APP0000559,CUST007011,2025-07-28 09:50:20,5315.2,536,1,1,1,0,5284.2
APP0000560,CUST010885,2026-06-01 09:14:53,4684.2,640,1,1,0,0,0.0
APP0000561,CUST000241,2025-08-05 04:43:31,5341.34,588,1,1,0,0,0.0
APP0000562,CUST006279,2026-01-16 01:25:21,4747.99,703,1,1,1,1,4087.45
APP0000563,CUST008299,2025-10-27 05:40:05,23365.12,604,1,1,0,0,0.0
APP0000564,CUST010310,2025-03-28 18:44:20,5485.08,695,1,1,1,1,5447.15
APP0000565,CUST006889,2025-11-17 19:10:17,6381.66,669,1,1,1,1,6134.4
APP0000566,CUST002680,2025-05-09 05:17:28,2526.13,544,1,1,1,1,2061.39
APP0000567,CUST006971,2025-05-01 20:22:04,5439.37,678,1,1,1,1,4608.66
APP0000568,CUST011130,2026-04-01 14:46:13,5945.23,607,0,0,0,0,0.0
APP0000569,CUST001845,2026-06-01 14:47:09,9891.74,611,0,0,0,0,0.0
APP0000570,CUST004668,2026-03-24 01:59:17,6922.41,615,1,1,0,0,0.0
APP0000571,CUST003328,2026-05-08 02:09:52,7899.87,658,1,1,1,1,6497.03
APP0000572,CUST011628,2025-08-04 01:05:47,7563.09,609,1,1,1,1,6570.48
APP0000573,CUST002357,2026-05-16 21:50:50,8955.13,737,1,1,1,1,7512.28
APP0000574,CUST009513,2026-03-28 11:14:38,5006.94,592,1,0,0,0,0.0
APP0000575,CUST008579,2026-01-12 23:13:14,3127.99,610,1,0,0,0,0.0
APP0000576,CUST003733,2026-05-16 19:47:45,3496.58,643,1,1,0,0,0.0
APP0000577,CUST008614,2025-08-19 00:47:46,7946.95,590,1,1,0,0,0.0
APP0000578,CUST000189,2025-03-12 13:47:03,9230.52,601,1,1,0,0,0.0
APP0000579,CUST011670,2026-02-14 07:23:40,1244.37,664,1,1,1,1,1060.91
APP0000580,CUST004625,2025-04-28 17:53:39,8956.5,558,0,0,0,0,0.0
APP0000581,CUST005759,2025-10-24 00:11:16,12267.68,552,1,1,1,0,11946.16
APP0000582,CUST003637,2026-01-24 06:27:54,5625.66,585,1,1,1,1,4405.55
APP0000583,CUST000073,2025-01-10 20:25:17,16866.81,615,1,0,0,0,0.0
APP0000584,CUST005384,2025-03-22 07:00:42,3374.25,611,1,1,1,1,3291.17
APP0000585,CUST005132,2026-05-09 14:10:44,14363.55,683,1,1,1,1,11109.37
APP0000586,CUST003543,2025-05-27 10:18:10,4080.81,609,1,1,0,0,0.0
APP0000587,CUST009780,2025-07-07 11:30:57,12798.28,717,0,0,0,0,0.0
APP0000588,CUST010874,2025-05-21 04:46:34,5981.94,675,1,1,1,1,5510.74
APP0000589,CUST005858,2026-07-17 23:38:16,15664.98,637,0,0,0,0,0.0
APP0000590,CUST002314,2025-11-29 13:19:59,1000.0,658,0,0,0,0,0.0
APP0000591,CUST002703,2026-04-29 03:44:00,6743.39,536,1,0,0,0,0.0
APP0000592,CUST009019,2025-12-13 23:34:45,3320.29,513,1,1,1,1,2725.42
APP0000593,CUST009153,2026-01-21 06:03:02,3720.39,519,1,0,0,0,0.0
APP0000594,CUST004672,2026-05-17 09:34:08,5778.04,659,0,0,0,0,0.0
APP0000595,CUST005463,2026-06-13 07:12:02,5127.55,674,1,1,1,1,4262.09
APP0000596,CUST008433,2025-06-23 16:35:32,4369.02,603,1,1,1,1,3739.34
APP0000597,CUST004074,2026-02-19 15:52:53,9816.07,660,1,1,1,1,8809.5
APP0000598,CUST008957,2026-05-06 10:31:47,11188.61,619,1,1,1,1,9006.55
APP0000599,CUST011126,2025-07-20 17:59:09,7740.46,652,1,1,0,0,0.0
APP0000600,CUST000815,2026-03-01 11:38:19,5794.28,442,1,1,0,0,0.0
APP0000601,CUST007230,2026-05-10 01:38:32,1922.12,585,1,1,1,1,1842.2
APP0000602,CUST005915,2026-07-09 02:33:40,8302.47,522,0,0,0,0,0.0
APP0000603,CUST007875,2026-05-21 07:53:22,3796.07,612,1,0,0,0,0.0
APP0000604,CUST002692,2026-04-07 15:36:24,10048.62,717,1,1,1,1,9254.34
APP0000605,CUST011974,2025-04-19 17:19:58,17658.71,593,1,1,1,0,16588.5
APP0000606,CUST008138,2026-07-01 18:24:19,3609.47,658,1,1,1,0,3516.11
APP0000607,CUST001633,2026-05-26 13:55:15,4297.2,577,1,1,1,1,3266.26
APP0000608,CUST003889,2025-03-25 06:26:44,24406.89,630,1,1,1,1,19923.53
APP0000609,CUST010410,2026-03-30 19:30:43,10508.32,637,1,1,0,0,0.0
APP0000610,CUST007010,2026-08-16 10:25:48,2882.28,562,1,1,1,1,2696.64
APP0000611,CUST011179,2025-09-04 08:00:14,2392.54,543,1,1,1,1,2312.95
APP0000612,CUST004503,2026-04-19 03:47:16,4303.47,708,0,0,0,0,0.0
APP0000613,CUST009812,2025-03-29 16:48:32,6835.37,800,1,1,1,1,5380.42
APP0000614,CUST008194,2025-09-16 11:49:48,4384.21,671,1,1,1,1,3883.93
APP0000615,CUST007754,2026-08-05 06:49:28,5638.53,622,0,0,0,0,0.0
APP0000616,CUST001513,2026-04-06 17:57:51,8719.34,629,1,1,1,1,7993.67
APP0000617,CUST011538,2025-09-29 01:54:06,14609.83,725,1,1,1,0,13412.28
APP0000618,CUST006621,2026-05-01 12:27:59,4688.0,650,1,0,0,0,0.0
APP0000619,CUST006673,2026-01-31 11:56:13,5737.98,533,0,0,0,0,0.0
APP0000620,CUST007109,2025-02-16 15:06:09,8917.55,554,0,0,0,0,0.0
APP0000621,CUST007471,2025-12-31 19:21:36,5534.03,663,1,1,1,1,4360.71
APP0000622,CUST005400,2025-11-16 00:36:01,6096.16,432,1,1,0,0,0.0
APP0000623,CUST011294,2026-07-02 00:45:52,6667.3,648,0,0,0,0,0.0
APP0000624,CUST004265,2025-07-24 04:02:20,3058.1,520,0,0,0,0,0.0
APP0000625,CUST008509,2025-08-31 08:32:36,2878.69,636,1,1,1,1,2367.44
APP0000626,CUST002178,2026-02-23 13:44:19,12743.71,617,1,0,0,0,0.0
APP0000627,CUST010664,2026-03-31 14:02:43,16330.31,497,0,0,0,0,0.0
APP0000628,CUST000029,2025-11-12 18:36:56,6344.89,562,1,1,1,1,6241.97
APP0000629,CUST001065,2025-07-06 23:47:04,10219.03,539,1,1,1,1,9008.25
APP0000630,CUST005870,2026-08-18 04:33:37,4739.05,713,1,1,1,1,3805.54
APP0000631,CUST006213,2025-03-23 11:43:51,21544.02,580,0,0,0,0,0.0
APP0000632,CUST002534,2026-06-20 14:18:20,5579.14,709,1,1,1,1,4927.91
APP0000633,CUST001855,2025-09-27 03:00:46,13292.05,584,1,1,1,1,12050.92
APP0000634,CUST000103,2025-07-14 16:15:22,23619.8,635,1,1,1,1,20252.9
APP0000635,CUST008472,2025-04-27 02:47:14,7932.08,617,0,0,0,0,0.0
APP0000636,CUST011241,2025-03-11 21:23:25,3704.31,538,0,0,0,0,0.0
APP0000637,CUST011272,2025-09-05 22:51:49,15282.98,563,0,0,0,0,0.0
APP0000638,CUST011361,2025-02-16 01:18:55,3178.54,534,0,0,0,0,0.0
APP0000639,CUST010739,2025-10-05 10:25:00,4601.19,611,0,0,0,0,0.0
APP0000640,CUST000452,2025-04-19 15:33:09,8643.43,587,1,1,1,1,7014.19
APP0000641,CUST000146,2025-09-06 07:56:04,30280.68,739,0,0,0,0,0.0
APP0000642,CUST005814,2025-11-04 13:57:12,10079.18,655,1,0,0,0,0.0
APP0000643,CUST001410,2026-01-25 10:34:07,4093.18,526,0,0,0,0,0.0
APP0000644,CUST000157,2025-05-02 13:38:31,7567.39,645,1,1,0,0,0.0
APP0000645,CUST002528,2025-09-25 00:56:28,15997.51,649,1,1,1,0,13773.21
APP0000646,CUST001931,2026-04-02 09:46:22,12121.02,680,1,1,0,0,0.0
APP0000647,CUST008286,2026-06-11 15:41:04,6557.01,717,1,1,1,1,5707.48
APP0000648,CUST010793,2025-09-08 06:18:41,3089.09,549,1,1,0,0,0.0
APP0000649,CUST002180,2025-01-06 03:17:56,3086.12,598,1,1,1,1,2424.85
APP0000650,CUST009578,2025-11-16 16:11:19,4136.38,667,1,1,1,0,3298.09
APP0000651,CUST003047,2026-01-04 00:37:50,4097.96,634,1,1,1,1,3161.92
APP0000652,CUST008389,2025-10-10 04:30:37,6552.86,536,1,1,1,0,6214.63
APP0000653,CUST010800,2025-08-09 15:32:16,11525.22,676,1,1,1,0,11516.73
APP0000654,CUST001330,2025-09-10 00:10:58,7310.72,645,1,1,0,0,0.0
APP0000655,CUST000769,2026-07-14 18:06:03,8476.09,579,0,0,0,0,0.0
APP0000656,CUST010491,2025-05-23 00:45:53,7975.44,594,1,1,0,0,0.0
APP0000657,CUST007743,2026-06-03 10:42:39,4827.62,669,1,1,1,1,4391.66
APP0000658,CUST005793,2026-02-03 17:45:40,3376.46,648,1,1,0,0,0.0
APP0000659,CUST005969,2026-05-17 16:36:56,5291.73,538,0,0,0,0,0.0
APP0000660,CUST011569,2025-03-27 12:27:43,10976.75,711,1,1,1,1,8843.18
APP0000661,CUST008815,2025-08-03 19:51:05,3778.31,590,1,1,0,0,0.0
APP0000662,CUST002640,2025-12-05 11:34:09,14188.56,550,1,0,0,0,0.0
APP0000663,CUST001153,2025-06-29 17:39:21,10039.17,695,1,1,0,0,0.0
APP0000664,CUST010353,2025-08-17 05:02:17,4236.65,584,1,1,0,0,0.0
APP0000665,CUST001401,2026-07-03 06:03:16,13917.03,560,0,0,0,0,0.0
APP0000666,CUST003841,2026-07-21 14:43:26,8176.38,684,1,1,1,1,7424.09
APP0000667,CUST001579,2026-08-08 04:55:27,2166.4,600,1,1,1,1,1751.43
APP0000668,CUST003574,2025-12-22 04:30:06,5511.59,800,1,1,1,1,4495.99
APP0000669,CUST006672,2026-04-30 18:29:50,16479.16,514,1,1,0,0,0.0
APP0000670,CUST003666,2025-07-17 08:47:27,14987.56,690,1,1,0,0,0.0
APP0000671,CUST006514,2026-01-05 08:50:15,31341.12,530,1,1,0,0,0.0
APP0000672,CUST006078,2025-12-03 15:00:18,1599.52,569,1,1,0,0,0.0
APP0000673,CUST003100,2026-06-14 11:11:54,7546.91,636,1,1,1,1,6007.88
APP0000674,CUST010255,2025-09-23 07:23:40,3254.59,553,1,1,0,0,0.0
APP0000675,CUST005258,2025-05-07 22:32:34,2408.62,704,1,1,1,1,2190.36
APP0000676,CUST009543,2026-04-10 13:20:49,4355.06,624,0,0,0,0,0.0
APP0000677,CUST010727,2026-07-13 14:54:46,17986.55,584,1,1,1,1,17381.98
APP0000678,CUST002249,2025-06-25 05:59:25,7397.76,607,1,1,1,1,6409.28
APP0000679,CUST009282,2026-06-15 10:31:31,2160.07,619,0,0,0,0,0.0
APP0000680,CUST004094,2026-04-27 00:36:58,13033.44,697,1,1,0,0,0.0
APP0000681,CUST007868,2026-03-19 19:51:03,3243.46,534,1,0,0,0,0.0
APP0000682,CUST003853,2025-05-18 12:50:47,1511.78,647,1,1,1,1,1462.65
APP0000683,CUST005443,2025-03-22 10:31:10,5263.58,614,1,1,1,1,4741.18
APP0000684,CUST005039,2025-05-07 20:46:14,8989.72,428,1,1,0,0,0.0
APP0000685,CUST001649,2025-02-17 08:38:18,10731.54,727,1,1,1,1,9436.98
APP0000686,CUST011963,2025-11-27 17:11:00,6076.06,608,1,1,1,1,5934.59
APP0000687,CUST007555,2025-02-13 02:18:09,16032.77,503,1,1,0,0,0.0
APP0000688,CUST008010,2025-03-17 14:47:11,2948.91,633,1,1,1,1,2598.75
APP0000689,CUST001118,2026-01-04 16:14:29,7549.82,800,1,1,1,1,7139.83
APP0000690,CUST001489,2025-02-13 21:08:19,2616.62,590,1,1,1,0,2568.14
APP0000691,CUST001132,2025-10-30 10:53:12,1575.56,727,1,1,1,1,1378.55
APP0000692,CUST011738,2026-01-01 20:52:17,4526.57,563,0,0,0,0,0.0
APP0000693,CUST010650,2025-12-28 04:38:23,5528.7,494,1,1,1,1,4691.76
APP0000694,CUST002450,2025-09-27 04:19:16,3508.26,631,1,1,1,1,2694.74
APP0000695,CUST006622,2026-07-23 19:56:53,10119.74,612,1,1,1,1,9958.21
APP0000696,CUST009332,2025-12-11 21:42:57,1734.51,485,1,1,0,0,0.0
APP0000697,CUST002398,2026-06-20 18:16:39,7587.23,587,1,1,1,1,5980.7
APP0000698,CUST003211,2026-05-30 01:10:36,3534.05,492,1,1,1,0,2727.22
APP0000699,CUST003096,2025-11-12 20:15:08,2307.01,566,1,1,1,1,1864.56
APP0000700,CUST003963,2026-04-05 20:19:42,5441.88,590,1,1,1,1,5165.13
APP0000701,CUST006653,2025-12-05 20:09:14,1962.08,638,1,1,1,1,1489.83
APP0000702,CUST010473,2025-04-16 03:31:21,2261.68,573,0,0,0,0,0.0
APP0000703,CUST006162,2025-04-26 11:40:52,2820.36,556,0,0,0,0,0.0
APP0000704,CUST001828,2026-05-24 07:03:38,2466.72,529,0,0,0,0,0.0
APP0000705,CUST005664,2025-01-20 03:44:56,3534.19,786,1,1,1,1,2821.95
APP0000706,CUST004210,2025-04-30 05:03:15,4779.48,633,1,1,1,1,4402.91
APP0000707,CUST000039,2025-09-24 06:49:16,5455.69,689,1,1,1,1,4525.54
APP0000708,CUST011654,2025-06-09 02:25:18,3328.54,635,1,1,1,1,2944.29
APP0000709,CUST009760,2025-09-08 05:07:32,4835.3,593,1,1,0,0,0.0
APP0000710,CUST004835,2026-02-04 15:53:29,5185.14,707,1,1,1,1,5151.07
APP0000711,CUST007714,2026-04-04 19:54:39,4800.36,568,1,1,0,0,0.0
APP0000712,CUST009365,2025-07-19 22:03:14,8031.91,711,1,1,0,0,0.0
APP0000713,CUST000839,2026-07-14 18:34:35,5798.46,506,1,1,0,0,0.0
APP0000714,CUST009186,2026-06-11 22:48:07,2712.11,585,1,1,1,1,2411.64
APP0000715,CUST007248,2026-08-12 12:45:08,1000.0,590,1,1,0,0,0.0
APP0000716,CUST009534,2025-09-17 18:53:23,4841.98,450,1,1,1,1,4466.47
APP0000717,CUST000803,2025-08-03 07:52:42,9844.62,631,1,1,1,0,9215.91
APP0000718,CUST005170,2026-08-21 20:34:16,5730.51,769,1,1,1,1,5032.22
APP0000719,CUST006744,2025-10-15 15:47:24,13577.73,652,1,1,0,0,0.0
APP0000720,CUST006119,2025-09-06 21:08:10,6156.79,524,1,1,0,0,0.0
APP0000721,CUST000778,2026-03-07 01:29:20,16469.76,506,1,0,0,0,0.0
APP0000722,CUST003544,2025-07-06 14:16:07,5273.84,736,1,1,1,1,4706.55
APP0000723,CUST007394,2026-07-25 03:57:04,11679.44,484,0,0,0,0,0.0
APP0000724,CUST009922,2026-03-08 18:59:51,3561.21,530,1,1,0,0,0.0
APP0000725,CUST001609,2025-03-28 20:38:54,6433.77,607,1,1,1,1,5660.56
APP0000726,CUST003483,2025-03-20 20:37:43,7506.49,671,1,1,1,1,6602.77
APP0000727,CUST008565,2025-04-28 06:59:18,6307.2,608,1,1,1,1,5347.95
APP0000728,CUST002094,2026-02-11 11:23:19,7571.65,518,1,1,0,0,0.0
APP0000729,CUST001070,2025-07-21 10:02:48,12351.12,631,1,1,1,1,11894.32
APP0000730,CUST009091,2026-03-24 18:54:46,3078.51,659,1,1,1,1,2717.0
APP0000731,CUST008647,2025-12-04 13:31:15,1810.85,716,1,0,0,0,0.0
APP0000732,CUST000700,2025-04-12 22:31:04,1603.5,736,1,1,1,1,1484.15
APP0000733,CUST003996,2025-08-15 00:03:30,1737.38,627,1,1,0,0,0.0
APP0000734,CUST003101,2026-08-21 13:49:35,5186.5,716,1,0,0,0,0.0
APP0000735,CUST003681,2026-01-20 03:07:13,6043.48,708,1,1,0,0,0.0
APP0000736,CUST006141,2025-11-17 13:52:02,20584.28,692,1,1,1,1,19396.92
APP0000737,CUST003802,2026-05-28 16:05:25,7564.79,565,1,1,1,1,7036.84
APP0000738,CUST002621,2025-07-16 13:38:34,3169.15,642,1,1,1,0,2505.57
APP0000739,CUST003469,2025-11-10 00:14:32,1104.99,495,1,0,0,0,0.0
APP0000740,CUST001656,2026-05-10 10:27:25,12092.1,490,1,0,0,0,0.0
APP0000741,CUST004984,2025-11-16 09:12:36,15174.48,653,1,1,1,1,13954.11
APP0000742,CUST007257,2025-07-31 06:19:06,2826.76,591,0,0,0,0,0.0
APP0000743,CUST009637,2025-11-28 04:28:17,5320.9,722,1,1,1,1,4235.89
APP0000744,CUST004812,2026-07-01 22:38:47,3121.89,719,1,1,1,1,2937.91
APP0000745,CUST005216,2025-04-02 19:08:02,12406.29,505,0,0,0,0,0.0
APP0000746,CUST000528,2025-08-12 08:23:43,2269.21,578,1,1,1,0,2251.44
APP0000747,CUST011426,2025-07-20 06:23:56,5827.74,742,1,1,0,0,0.0
APP0000748,CUST008969,2025-03-18 06:44:09,2609.86,682,1,1,0,0,0.0
APP0000749,CUST005433,2026-01-08 17:01:44,8992.78,657,1,1,0,0,0.0
APP0000750,CUST011327,2025-12-29 08:45:13,6198.97,715,1,1,0,0,0.0
APP0000751,CUST006306,2025-05-13 10:41:05,2640.16,640,1,1,1,1,2093.17
APP0000752,CUST010916,2026-08-11 16:28:23,23022.91,635,1,1,0,0,0.0
APP0000753,CUST003867,2025-12-26 04:46:38,4927.01,670,1,1,1,1,4550.42
APP0000754,CUST003383,2026-07-12 04:45:57,3802.21,571,1,1,1,0,3657.38
APP0000755,CUST005438,2025-07-14 14:38:07,9282.53,607,1,1,0,0,0.0
APP0000756,CUST011152,2025-02-09 23:34:23,1821.06,639,1,1,1,1,1577.04
APP0000757,CUST007531,2025-01-08 05:55:01,3095.13,618,0,0,0,0,0.0
APP0000758,CUST008280,2026-03-03 12:47:49,5281.78,663,1,1,1,1,4493.14
APP0000759,CUST001007,2026-01-06 09:05:52,8060.58,571,1,1,1,1,6623.44
APP0000760,CUST002418,2026-01-05 21:20:07,9181.76,617,1,1,1,1,7329.67
APP0000761,CUST004181,2026-05-13 21:10:36,1875.42,562,1,1,1,1,1747.54
APP0000762,CUST002955,2026-01-22 00:49:17,2633.54,626,1,1,1,1,2429.03
APP0000763,CUST004361,2026-08-22 17:23:50,13877.25,679,1,1,1,1,12059.12
APP0000764,CUST003902,2026-02-19 00:46:26,5474.12,680,1,1,1,1,4980.76
APP0000765,CUST008645,2025-04-29 21:49:02,4868.09,601,1,1,0,0,0.0
APP0000766,CUST009416,2025-07-24 12:14:55,7466.96,738,1,1,1,1,7004.14
APP0000767,CUST005812,2025-07-03 12:09:40,7499.74,662,1,1,1,1,5967.07
APP0000768,CUST003309,2026-02-25 11:05:01,9138.81,666,1,1,1,1,8277.63
APP0000769,CUST010285,2026-04-14 10:59:37,4374.48,636,0,0,0,0,0.0
APP0000770,CUST006383,2026-07-21 13:05:14,7244.67,671,0,0,0,0,0.0
APP0000771,CUST001254,2025-02-26 02:41:29,4954.04,656,1,1,0,0,0.0
APP0000772,CUST008948,2025-01-11 22:16:15,4867.79,549,1,1,1,0,4398.9
APP0000773,CUST005275,2026-02-19 14:35:17,3117.73,550,1,1,0,0,0.0
APP0000774,CUST001541,2025-08-02 13:25:27,5145.61,598,0,0,0,0,0.0
APP0000775,CUST010536,2026-03-08 15:54:29,4629.94,592,1,0,0,0,0.0
APP0000776,CUST010775,2025-12-29 08:51:49,27359.09,658,1,1,1,1,25651.97
APP0000777,CUST009999,2025-06-19 14:21:38,1427.72,653,1,1,1,1,1123.99
APP0000778,CUST007111,2025-01-22 08:58:17,6438.76,631,1,1,0,0,0.0
APP0000779,CUST009342,2025-08-11 16:24:39,10294.26,620,1,1,1,1,9737.79
APP0000780,CUST011600,2025-04-15 06:33:05,4938.2,800,1,1,0,0,0.0
APP0000781,CUST009617,2025-10-02 08:22:18,7126.06,702,1,1,1,1,5694.5
APP0000782,CUST001744,2026-04-18 01:59:02,9634.98,666,1,1,1,1,9540.95
APP0000783,CUST004404,2025-06-20 07:15:52,14752.0,676,1,1,1,1,12296.84
APP0000784,CUST004958,2025-08-20 21:40:39,5144.82,640,1,1,0,0,0.0
APP0000785,CUST010567,2026-02-06 21:11:29,7638.28,565,1,1,1,1,6974.19
APP0000786,CUST004311,2025-06-10 16:39:24,6488.56,456,1,0,0,0,0.0
APP0000787,CUST011066,2025-11-14 17:21:48,8306.06,631,0,0,0,0,0.0
APP0000788,CUST001456,2025-12-12 06:57:02,11957.55,560,1,1,0,0,0.0
APP0000789,CUST003913,2026-06-12 22:04:07,2120.3,634,1,1,1,1,1731.61
APP0000790,CUST006748,2025-12-21 20:14:01,2167.54,580,1,1,1,1,1664.33
APP0000791,CUST007757,2025-10-18 22:19:41,4898.21,554,1,1,1,1,4296.3
APP0000792,CUST000866,2025-12-01 14:50:14,8320.89,640,1,0,0,0,0.0
APP0000793,CUST000224,2026-06-08 04:16:15,5752.92,591,1,1,1,1,4787.56
APP0000794,CUST004620,2025-01-25 13:28:07,5248.61,707,1,1,1,0,3993.36
APP0000795,CUST005333,2025-03-13 02:42:40,5089.5,517,1,1,0,0,0.0
APP0000796,CUST000959,2025-10-11 21:00:13,6624.5,516,1,1,0,0,0.0
APP0000797,CUST004188,2025-11-22 01:04:09,13802.13,550,1,1,1,0,12303.18
APP0000798,CUST007857,2026-02-19 09:28:00,7409.28,653,1,1,1,1,6678.08
APP0000799,CUST004538,2025-01-21 22:23:54,6229.63,623,1,1,1,1,4759.23
APP0000800,CUST003838,2026-08-26 16:42:11,8640.31,617,1,1,0,0,0.0
APP0000801,CUST002835,2025-12-13 22:14:09,8197.68,637,1,1,1,1,7350.97
APP0000802,CUST002476,2025-08-03 10:24:45,12649.94,521,0,0,0,0,0.0
APP0000803,CUST005883,2026-06-16 04:53:56,10598.76,593,1,1,0,0,0.0
APP0000804,CUST007520,2025-05-26 02:26:16,7645.89,528,0,0,0,0,0.0
APP0000805,CUST008229,2026-02-21 13:32:56,2777.52,704,1,1,1,1,2673.29
APP0000806,CUST011794,2025-05-30 03:30:25,5120.98,626,1,1,1,1,4600.32
APP0000807,CUST000335,2025-02-17 02:35:58,26423.28,543,1,1,1,1,23016.48
APP0000808,CUST010348,2025-09-27 06:21:15,5620.46,532,0,0,0,0,0.0
APP0000809,CUST006051,2026-04-11 10:36:50,2059.92,510,1,1,0,0,0.0
APP0000810,CUST009937,2026-03-20 23:01:31,5036.79,586,1,1,0,0,0.0
APP0000811,CUST004620,2025-11-02 12:51:19,18910.4,657,1,1,1,1,14843.43
APP0000812,CUST002558,2025-06-25 14:25:56,7222.97,637,1,1,0,0,0.0
APP0000813,CUST002310,2025-09-02 09:09:35,15747.56,714,1,1,1,1,14434.94
APP0000814,CUST004326,2025-04-02 11:00:37,4540.94,588,1,1,1,1,3437.68
APP0000815,CUST003553,2026-06-24 22:53:24,5644.59,621,1,1,1,1,4803.57
APP0000816,CUST001283,2025-03-15 01:34:16,3335.68,639,1,1,0,0,0.0
APP0000817,CUST010459,2025-08-17 05:17:15,5544.41,666,1,1,0,0,0.0
APP0000818,CUST004574,2025-08-30 15:44:00,2761.8,513,1,1,0,0,0.0
APP0000819,CUST005339,2026-03-05 01:32:51,2684.22,660,1,1,0,0,0.0
APP0000820,CUST011929,2025-11-05 00:38:08,5273.22,731,1,1,0,0,0.0
APP0000821,CUST008331,2025-02-04 07:49:08,2642.3,551,1,1,0,0,0.0
APP0000822,CUST011831,2026-05-12 23:09:37,8439.71,517,1,0,0,0,0.0
APP0000823,CUST003533,2025-05-27 14:18:50,16041.01,710,1,1,0,0,0.0
APP0000824,CUST003166,2025-08-07 22:22:24,3527.6,712,1,1,0,0,0.0
APP0000825,CUST002112,2026-02-20 00:22:06,8902.11,596,0,0,0,0,0.0
APP0000826,CUST001507,2025-04-12 18:10:50,5525.46,461,1,1,1,1,5204.79
APP0000827,CUST004364,2026-03-18 21:01:29,3662.15,621,1,1,1,0,3605.73
APP0000828,CUST007574,2026-05-20 20:21:35,5775.27,583,1,1,0,0,0.0
APP0000829,CUST005194,2026-01-29 11:55:07,1925.15,546,1,1,1,1,1526.92
APP0000830,CUST008312,2026-05-18 02:11:01,9185.54,606,0,0,0,0,0.0
APP0000831,CUST000406,2025-05-03 13:32:02,7123.04,628,0,0,0,0,0.0
APP0000832,CUST009996,2025-02-24 10:19:56,17768.91,607,1,1,0,0,0.0
APP0000833,CUST009851,2026-01-19 01:49:16,7266.85,656,0,0,0,0,0.0
APP0000834,CUST008091,2026-05-24 09:47:30,5763.11,582,1,1,1,1,4389.22
APP0000835,CUST005588,2025-03-14 19:01:08,5324.21,666,1,0,0,0,0.0
APP0000836,CUST011616,2026-07-08 07:38:15,5186.64,641,1,1,1,1,3935.78
APP0000837,CUST001455,2025-12-16 23:47:59,20377.07,705,1,0,0,0,0.0
APP0000838,CUST009346,2026-08-26 09:00:12,3433.5,723,1,1,1,1,2579.16
APP0000839,CUST007449,2026-07-19 07:26:21,2921.72,754,1,0,0,0,0.0
APP0000840,CUST011884,2025-06-25 00:20:27,14534.99,664,1,1,0,0,0.0
APP0000841,CUST008237,2025-01-12 17:55:34,11201.93,594,0,0,0,0,0.0
APP0000842,CUST000602,2025-03-23 10:07:52,6487.0,528,0,0,0,0,0.0
APP0000843,CUST008146,2026-05-19 19:32:46,2338.54,491,0,0,0,0,0.0
APP0000844,CUST009825,2025-01-24 01:05:36,7639.23,648,1,1,0,0,0.0
APP0000845,CUST004724,2025-05-19 02:52:54,7499.06,562,0,0,0,0,0.0
APP0000846,CUST001267,2025-12-13 00:09:44,18986.32,785,1,1,1,1,16401.96
APP0000847,CUST009095,2025-08-11 13:59:49,19413.26,687,1,1,1,1,18460.4
APP0000848,CUST003430,2025-07-27 19:20:58,1155.02,632,1,1,1,1,1054.56
APP0000849,CUST003263,2025-05-29 18:43:42,6992.28,622,1,1,1,0,6598.69
APP0000850,CUST010780,2025-04-08 23:57:22,6453.69,667,1,1,1,1,5442.17
APP0000851,CUST008759,2025-12-08 22:28:28,5112.22,542,0,0,0,0,0.0
APP0000852,CUST001176,2025-05-30 21:41:48,3436.16,577,1,1,0,0,0.0
APP0000853,CUST004344,2025-03-06 12:58:26,4892.2,527,1,0,0,0,0.0
APP0000854,CUST011066,2025-09-26 02:45:45,5096.58,436,1,1,1,1,4567.19
APP0000855,CUST009335,2025-08-24 07:19:08,10023.73,532,1,1,1,1,7977.39
APP0000856,CUST003067,2025-09-21 14:24:27,5950.15,618,1,1,1,0,5233.24
APP0000857,CUST007435,2026-01-26 01:41:04,14550.95,692,1,1,0,0,0.0
APP0000858,CUST004296,2025-07-11 14:00:05,8403.42,631,1,1,1,0,8129.07
APP0000859,CUST001530,2026-05-03 02:33:44,6485.45,655,1,1,1,1,6222.06
APP0000860,CUST003486,2026-05-30 01:55:00,16427.21,588,0,0,0,0,0.0
APP0000861,CUST003906,2026-04-26 14:17:40,2590.62,643,0,0,0,0,0.0
APP0000862,CUST003063,2026-06-02 10:41:33,7897.23,643,1,1,1,1,5943.36
APP0000863,CUST009383,2026-01-10 09:46:30,4521.3,599,1,1,1,1,4519.01
APP0000864,CUST006106,2026-08-27 18:41:47,9945.08,675,1,1,1,1,7543.21
APP0000865,CUST006961,2025-03-18 02:08:42,12764.98,739,0,0,0,0,0.0
APP0000866,CUST006838,2025-12-14 11:57:16,2073.86,458,1,1,0,0,0.0
APP0000867,CUST003191,2026-06-06 14:48:00,3168.57,572,1,1,0,0,0.0
APP0000868,CUST007783,2025-04-06 03:43:03,10962.88,687,1,1,1,1,8340.94
APP0000869,CUST000055,2025-10-06 06:53:57,6403.81,567,1,1,1,1,5656.74
APP0000870,CUST005972,2026-07-02 19:47:25,47509.46,670,1,1,1,1,37410.78
APP0000871,CUST010403,2025-10-01 11:35:23,10407.45,644,1,1,1,1,8882.21
APP0000872,CUST001515,2025-07-04 11:47:14,18260.97,658,1,1,1,0,16479.5
APP0000873,CUST009881,2025-12-14 09:54:18,3679.33,686,1,1,1,1,3213.63
APP0000874,CUST006345,2025-10-19 10:36:23,2583.65,611,1,1,0,0,0.0
APP0000875,CUST004233,2026-06-01 04:17:59,14550.32,718,1,1,1,1,14139.35
APP0000876,CUST007937,2025-08-01 02:18:29,7385.38,450,0,0,0,0,0.0
APP0000877,CUST005361,2026-03-25 05:21:04,5659.09,613,1,1,1,1,4948.98
APP0000878,CUST004224,2025-11-27 13:49:03,4228.95,706,1,1,1,1,3244.81
APP0000879,CUST004239,2025-09-26 22:07:36,15748.46,707,1,1,1,0,14874.32
APP0000880,CUST002743,2025-08-26 17:46:51,9573.94,541,1,1,1,1,8897.09
APP0000881,CUST005025,2025-04-14 08:42:54,4805.18,567,1,1,0,0,0.0
APP0000882,CUST000484,2025-07-05 13:54:05,23704.64,555,1,1,1,1,20443.59
APP0000883,CUST000214,2026-08-10 05:15:21,4447.06,646,1,0,0,0,0.0
APP0000884,CUST001715,2025-09-18 09:23:28,8282.02,555,1,1,1,1,6409.21
APP0000885,CUST003353,2025-02-07 19:11:26,3577.79,659,1,1,0,0,0.0
APP0000886,CUST008796,2025-05-08 22:04:41,3387.02,524,1,1,1,1,3345.9
APP0000887,CUST007684,2025-12-13 17:12:27,10338.77,759,1,1,1,1,9837.53
APP0000888,CUST000961,2026-01-02 18:33:17,15752.84,727,1,1,1,1,14135.62
APP0000889,CUST011024,2025-05-12 10:40:31,9061.02,546,0,0,0,0,0.0
APP0000890,CUST010798,2025-03-29 09:05:16,2542.61,645,1,1,1,1,1988.43
APP0000891,CUST000607,2026-05-19 00:49:32,2659.71,697,1,1,0,0,0.0
APP0000892,CUST011569,2026-05-25 01:44:50,3645.71,514,1,1,0,0,0.0
APP0000893,CUST002767,2025-11-25 16:57:58,6896.49,593,1,1,0,0,0.0
APP0000894,CUST002070,2026-04-17 01:29:13,6858.75,679,1,1,0,0,0.0
APP0000895,CUST000607,2026-04-26 01:27:34,5745.63,493,1,1,0,0,0.0
APP0000896,CUST006142,2026-07-03 10:43:56,2764.2,597,1,1,0,0,0.0
APP0000897,CUST004336,2026-05-24 11:52:34,15097.31,582,0,0,0,0,0.0
APP0000898,CUST004635,2025-06-11 14:16:01,4126.16,556,1,1,0,0,0.0
APP0000899,CUST008410,2025-09-22 01:18:43,3166.12,763,1,1,0,0,0.0
APP0000900,CUST007630,2025-01-20 04:55:17,1657.56,632,1,1,1,1,1550.12
APP0000901,CUST002837,2025-04-23 04:11:19,6176.12,691,1,1,1,1,5640.53
APP0000902,CUST010300,2026-01-21 17:54:25,15338.85,672,1,1,0,0,0.0
APP0000903,CUST003586,2026-07-02 03:49:24,10237.8,590,1,1,0,0,0.0
APP0000904,CUST010815,2026-05-20 22:31:06,5239.99,633,1,1,1,1,4800.62
APP0000905,CUST006216,2026-05-03 01:18:05,1732.96,647,1,1,1,1,1383.43
APP0000906,CUST008868,2025-01-11 06:31:52,8473.19,566,1,1,0,0,0.0
APP0000907,CUST001798,2025-11-12 03:43:40,6767.53,634,1,1,1,1,5606.47
APP0000908,CUST000386,2026-06-07 05:40:22,4590.38,617,1,1,0,0,0.0
APP0000909,CUST002768,2026-07-07 16:28:21,12574.76,549,1,1,1,1,11524.35
APP0000910,CUST000987,2026-03-23 13:40:39,4541.25,738,1,1,1,1,3806.27
APP0000911,CUST007862,2025-05-06 08:16:01,1696.98,474,0,0,0,0,0.0
APP0000912,CUST006888,2025-07-21 10:24:53,19288.07,741,1,1,1,1,18754.84
APP0000913,CUST004716,2025-02-03 21:07:08,5070.08,726,1,1,1,1,4583.56
APP0000914,CUST009686,2025-06-23 14:19:18,2790.64,591,1,1,0,0,0.0
APP0000915,CUST008634,2025-06-27 14:24:23,3774.43,417,1,1,0,0,0.0
APP0000916,CUST011338,2025-10-12 23:35:11,3585.61,667,0,0,0,0,0.0
APP0000917,CUST010187,2025-05-04 16:40:48,9195.21,619,1,1,0,0,0.0
APP0000918,CUST001945,2025-01-28 14:24:33,10292.5,571,1,1,0,0,0.0
APP0000919,CUST011195,2025-11-10 06:15:12,7348.17,672,1,0,0,0,0.0
APP0000920,CUST003439,2025-01-11 16:52:54,8935.78,800,1,1,1,1,7770.72
APP0000921,CUST011732,2026-05-07 15:26:17,5207.5,475,1,1,0,0,0.0
APP0000922,CUST004664,2025-01-11 21:46:22,30614.42,800,1,1,1,1,25372.06
APP0000923,CUST008606,2025-08-26 22:40:19,13301.17,561,1,1,1,1,11262.72
APP0000924,CUST011665,2025-03-07 06:18:50,5688.55,456,1,1,1,0,4814.34
APP0000925,CUST011336,2026-03-31 05:03:21,5248.49,603,1,1,1,1,5045.71
APP0000926,CUST007519,2025-10-09 05:41:38,2908.21,704,1,1,1,1,2653.05
APP0000927,CUST009269,2026-01-03 18:02:27,6508.12,598,1,1,0,0,0.0
APP0000928,CUST011974,2026-07-03 17:53:06,4863.81,473,1,1,0,0,0.0
APP0000929,CUST001492,2026-01-16 22:29:36,9213.33,559,1,1,1,1,8627.68
APP0000930,CUST003241,2025-09-27 13:12:19,4910.01,651,1,1,1,0,4695.93
APP0000931,CUST005014,2026-05-14 22:12:36,13848.33,712,1,1,1,1,13337.35
APP0000932,CUST007316,2025-04-22 19:41:49,4632.71,684,1,1,1,1,3961.98
APP0000933,CUST009923,2026-03-12 01:23:58,1893.77,627,1,1,1,1,1778.46
APP0000934,CUST005910,2026-08-07 07:47:28,6412.61,642,1,1,1,1,5122.4
APP0000935,CUST010792,2026-03-13 05:51:00,1894.03,597,1,1,0,0,0.0
APP0000936,CUST004439,2025-01-27 04:33:57,10876.91,742,1,1,1,1,8509.81
APP0000937,CUST003324,2025-10-15 07:26:57,19245.6,646,1,0,0,0,0.0
APP0000938,CUST009105,2025-06-15 04:41:43,6241.39,672,1,1,1,1,5414.62
APP0000939,CUST010669,2025-07-16 20:57:40,10433.11,769,1,1,0,0,0.0
APP0000940,CUST004182,2025-08-03 01:19:52,8142.05,599,1,0,0,0,0.0
APP0000941,CUST000059,2026-01-02 08:52:29,5427.34,594,1,1,1,1,4490.02
APP0000942,CUST002758,2025-12-16 17:49:46,4731.23,650,1,1,1,1,3942.35
APP0000943,CUST002614,2026-03-22 10:35:19,8565.92,657,1,1,1,1,8231.55
APP0000944,CUST006206,2026-03-21 07:58:46,6859.43,465,1,1,0,0,0.0
APP0000945,CUST003848,2025-02-04 11:42:27,6143.73,629,0,0,0,0,0.0
APP0000946,CUST008463,2025-03-08 06:30:07,5494.42,762,1,1,1,0,5145.71
APP0000947,CUST001763,2025-01-06 09:30:50,9289.65,568,0,0,0,0,0.0
APP0000948,CUST000406,2026-05-29 11:40:46,2884.63,733,1,1,1,1,2499.29
APP0000949,CUST006826,2025-10-24 18:42:15,3696.75,535,1,1,1,0,3338.39
APP0000950,CUST005873,2025-03-06 17:35:31,2493.34,651,1,1,1,1,2105.6
APP0000951,CUST004988,2025-02-18 06:04:44,4165.04,583,1,1,0,0,0.0
APP0000952,CUST005926,2026-01-19 15:34:38,6457.06,637,1,1,1,1,6420.69
APP0000953,CUST010294,2025-06-03 00:35:00,8134.97,563,1,1,1,1,6141.35
APP0000954,CUST011887,2025-10-23 15:26:26,5641.06,739,1,1,1,1,4625.94
APP0000955,CUST009228,2026-04-15 01:44:56,4102.67,473,0,0,0,0,0.0
APP0000956,CUST002042,2025-06-14 00:13:09,2566.9,564,0,0,0,0,0.0
APP0000957,CUST011191,2025-11-21 08:59:35,4473.63,576,0,0,0,0,0.0
APP0000958,CUST004896,2026-08-07 21:43:21,6333.18,677,0,0,0,0,0.0
APP0000959,CUST006743,2026-03-29 00:53:45,2552.59,583,1,0,0,0,0.0
APP0000960,CUST010129,2026-06-02 18:02:03,21604.18,606,1,1,1,1,19667.95
APP0000961,CUST009987,2025-04-04 17:21:43,8563.49,562,0,0,0,0,0.0
APP0000962,CUST007212,2025-11-04 03:11:00,10604.05,672,1,1,0,0,0.0
APP0000963,CUST000924,2026-04-01 19:37:35,4115.16,596,1,1,0,0,0.0
APP0000964,CUST004874,2026-06-06 00:15:10,4960.4,783,1,0,0,0,0.0
APP0000965,CUST010882,2025-06-08 17:08:54,3282.28,559,1,1,0,0,0.0
APP0000966,CUST004121,2026-02-28 16:02:37,4489.33,572,1,1,1,1,3673.62
APP0000967,CUST007522,2026-02-14 06:41:56,11247.0,518,1,1,0,0,0.0
APP0000968,CUST008753,2026-05-08 00:02:47,2761.54,484,1,1,0,0,0.0
APP0000969,CUST007053,2026-07-18 21:13:20,4206.82,467,1,1,1,0,3828.82
APP0000970,CUST009651,2026-08-10 19:54:03,7604.47,551,1,1,1,1,6740.26
APP0000971,CUST010930,2025-06-26 08:09:19,38341.98,790,1,1,1,1,37158.63
APP0000972,CUST003953,2025-08-09 21:45:50,23609.26,548,1,1,0,0,0.0
APP0000973,CUST010532,2025-11-08 04:08:24,5876.28,515,0,0,0,0,0.0
APP0000974,CUST001729,2025-02-16 02:18:44,5073.16,614,1,1,1,0,4522.27
APP0000975,CUST007354,2026-06-04 23:19:29,6512.04,702,1,1,1,1,4988.89
APP0000976,CUST003878,2025-04-27 18:27:34,6128.01,692,1,1,0,0,0.0
APP0000977,CUST002598,2026-04-26 18:43:56,5040.74,570,0,0,0,0,0.0
APP0000978,CUST003349,2026-01-24 09:36:13,7296.28,558,0,0,0,0,0.0
APP0000979,CUST008953,2026-06-15 14:01:17,7663.14,562,1,1,0,0,0.0
APP0000980,CUST003478,2026-07-02 20:21:40,10965.32,606,0,0,0,0,0.0
APP0000981,CUST000215,2025-11-18 06:26:34,5954.75,638,1,1,0,0,0.0
APP0000982,CUST004380,2026-06-06 02:20:57,3619.26,531,0,0,0,0,0.0
APP0000983,CUST004394,2026-06-16 17:13:03,4734.07,588,1,1,1,1,4632.62
APP0000984,CUST005033,2025-05-06 05:00:30,6826.69,595,1,1,1,0,5279.61
APP0000985,CUST009260,2026-01-04 20:05:16,7233.5,616,1,1,1,0,6650.02
APP0000986,CUST007533,2025-01-01 02:15:18,3218.01,647,1,1,1,0,3034.5
APP0000987,CUST002638,2026-02-10 17:42:00,5438.28,743,1,1,1,1,5018.87
APP0000988,CUST008458,2025-08-17 16:58:08,3527.8,520,1,1,1,1,3190.03
APP0000989,CUST011721,2026-08-14 09:03:15,1628.79,588,1,1,0,0,0.0
APP0000990,CUST002049,2025-08-02 18:29:30,3030.7,601,1,1,0,0,0.0
APP0000991,CUST009403,2025-09-04 03:09:55,15442.76,409,0,0,0,0,0.0
APP0000992,CUST006930,2026-08-03 16:45:23,2936.32,676,1,1,1,0,2730.19
APP0000993,CUST005759,2025-04-14 10:26:38,7720.11,609,0,0,0,0,0.0
APP0000994,CUST010607,2025-03-21 03:13:39,2473.89,633,1,1,0,0,0.0
APP0000995,CUST010567,2025-01-06 12:10:32,3995.81,581,1,1,1,1,3012.67
APP0000996,CUST010198,2026-06-16 01:47:30,7645.04,632,0,0,0,0,0.0
APP0000997,CUST003044,2025-05-07 02:56:58,7515.03,705,1,1,1,0,6716.59
APP0000998,CUST010392,2025-06-17 13:36:12,4822.72,627,1,1,1,1,4129.25
APP0000999,CUST001692,2026-05-14 23:54:29,4501.17,537,1,1,0,0,0.0
APP0001000,CUST011425,2025-12-14 03:41:43,2362.85,692,0,0,0,0,0.0
APP0001001,CUST007277,2025-11-02 19:23:05,4938.95,586,1,1,1,1,4032.09
APP0001002,CUST011917,2026-08-27 13:45:48,6798.02,646,1,1,0,0,0.0
APP0001003,CUST007129,2026-02-27 13:08:29,9139.97,641,1,1,1,1,8593.5
APP0001004,CUST000044,2026-02-12 04:00:06,12543.49,615,1,1,1,1,10945.31
APP0001005,CUST005633,2025-12-21 06:53:29,6222.98,654,1,1,1,1,4982.15
APP0001006,CUST010204,2025-06-04 02:29:04,10189.81,596,1,1,0,0,0.0
APP0001007,CUST004104,2025-02-14 01:53:06,5309.65,464,1,1,1,1,4651.64
APP0001008,CUST004046,2026-05-26 09:05:50,3258.69,605,1,1,1,1,3187.56
APP0001009,CUST002640,2025-06-15 06:40:36,6711.76,696,1,1,1,1,6388.41
APP0001010,CUST001712,2025-12-21 07:16:33,3613.7,585,0,0,0,0,0.0
APP0001011,CUST004485,2026-02-03 21:19:33,4837.26,575,0,0,0,0,0.0
APP0001012,CUST004591,2025-09-25 16:19:10,2990.22,717,1,1,0,0,0.0
APP0001013,CUST003900,2026-08-19 02:15:28,3518.14,603,1,1,0,0,0.0
APP0001014,CUST007655,2025-08-21 14:24:55,7224.43,687,0,0,0,0,0.0
APP0001015,CUST007072,2026-02-25 15:35:44,3927.88,684,1,1,0,0,0.0
APP0001016,CUST009932,2026-04-29 15:21:26,2489.13,616,0,0,0,0,0.0
APP0001017,CUST001411,2026-07-31 21:26:13,2702.95,546,0,0,0,0,0.0
APP0001018,CUST007165,2025-09-06 23:50:01,1923.97,656,1,1,0,0,0.0
APP0001019,CUST004563,2026-05-14 02:04:36,3480.19,587,1,1,1,1,3470.63
APP0001020,CUST006452,2025-12-11 11:40:29,4471.06,538,1,1,1,1,3505.7
APP0001021,CUST009021,2026-06-19 19:20:11,2136.67,721,1,1,1,1,1615.74
APP0001022,CUST006993,2025-12-16 18:24:27,5064.6,732,1,1,1,1,4295.17
APP0001023,CUST006970,2026-04-04 04:56:37,8725.53,529,1,1,0,0,0.0
APP0001024,CUST003985,2025-09-13 07:14:34,5214.25,532,0,0,0,0,0.0
APP0001025,CUST006505,2025-08-19 15:13:05,3901.71,578,0,0,0,0,0.0
APP0001026,CUST006035,2025-03-08 09:24:52,7787.07,503,1,1,0,0,0.0
APP0001027,CUST007065,2025-10-31 17:47:33,4850.65,667,1,1,1,1,3873.89
APP0001028,CUST011915,2026-08-24 15:43:05,3011.45,602,1,1,0,0,0.0
APP0001029,CUST000312,2025-04-22 08:33:32,3424.46,525,1,1,0,0,0.0
APP0001030,CUST005852,2025-04-30 11:33:06,11268.67,669,1,1,1,1,8498.02
APP0001031,CUST002538,2025-09-24 14:36:16,17493.17,597,1,1,1,1,16746.94
APP0001032,CUST001435,2025-01-06 09:36:35,1117.03,595,1,0,0,0,0.0
APP0001033,CUST001100,2025-10-02 06:29:13,2703.07,659,1,1,1,1,2444.89
APP0001034,CUST000431,2026-06-04 21:09:32,2205.21,705,1,1,1,1,1922.07
APP0001035,CUST008134,2025-08-12 07:00:55,4976.29,601,1,1,1,1,4757.84
APP0001036,CUST000014,2026-07-30 20:50:32,4800.52,600,1,1,1,1,4100.4
APP0001037,CUST005684,2026-08-07 18:00:02,3330.19,421,0,0,0,0,0.0
APP0001038,CUST002396,2026-02-07 12:16:37,3955.31,693,1,1,1,1,3818.52
APP0001039,CUST006364,2025-06-10 23:07:43,5357.34,597,1,1,0,0,0.0
APP0001040,CUST002461,2026-06-13 03:40:35,5074.82,641,1,0,0,0,0.0
APP0001041,CUST006979,2026-01-09 15:43:03,2424.27,705,1,1,1,1,2250.67
APP0001042,CUST000175,2026-07-16 18:46:33,1672.64,591,1,0,0,0,0.0
APP0001043,CUST007962,2025-01-15 01:04:45,1019.58,562,1,1,0,0,0.0
APP0001044,CUST002176,2025-09-19 09:32:16,2819.95,655,1,1,1,1,2396.14
APP0001045,CUST001212,2026-06-17 01:17:40,11398.99,710,1,1,1,1,9963.0
APP0001046,CUST000637,2026-02-09 00:08:28,2784.45,685,1,1,1,1,2493.0
APP0001047,CUST005046,2025-02-21 09:55:25,2480.36,593,1,1,0,0,0.0
APP0001048,CUST001387,2026-04-25 19:08:33,4524.24,756,1,1,1,1,3526.65
APP0001049,CUST006033,2025-08-27 00:21:12,1868.46,605,1,1,1,0,1439.75
APP0001050,CUST003061,2025-12-07 09:56:02,3444.64,637,1,1,0,0,0.0
APP0001051,CUST010254,2026-07-15 17:57:02,4998.5,572,1,1,1,1,3827.78
APP0001052,CUST003970,2025-10-04 19:58:11,5335.11,640,1,1,1,1,4790.44
APP0001053,CUST003170,2026-02-18 20:15:07,4367.6,647,1,1,0,0,0.0
APP0001054,CUST011037,2025-04-27 00:59:26,26792.18,474,1,1,0,0,0.0
APP0001055,CUST005540,2025-06-04 14:06:07,9349.71,698,1,1,1,1,9272.98
APP0001056,CUST006698,2026-04-04 09:20:39,19343.02,561,1,1,1,1,18708.97
APP0001057,CUST002571,2025-02-05 09:44:56,5876.25,546,0,0,0,0,0.0
APP0001058,CUST005601,2025-11-23 10:54:47,3252.17,613,1,1,0,0,0.0
APP0001059,CUST000532,2025-12-07 17:45:13,5069.25,626,1,1,0,0,0.0
APP0001060,CUST011753,2026-04-04 19:31:17,4696.04,558,1,1,0,0,0.0
APP0001061,CUST008440,2025-10-02 02:12:12,25180.46,713,1,1,1,1,22030.82
APP0001062,CUST002246,2025-12-09 09:11:47,13115.99,584,0,0,0,0,0.0
APP0001063,CUST002405,2025-03-02 13:05:23,10744.5,520,1,1,1,1,10684.4
APP0001064,CUST010496,2025-05-12 05:55:44,3997.24,566,1,1,1,1,3887.47
APP0001065,CUST010783,2026-02-27 11:28:07,2376.09,643,1,1,1,1,1816.68
APP0001066,CUST007523,2025-05-12 18:49:58,4969.4,695,1,1,1,1,3987.84
APP0001067,CUST003508,2025-06-21 22:33:53,7156.28,553,0,0,0,0,0.0
APP0001068,CUST006234,2025-09-05 08:40:30,4767.45,780,1,1,1,1,4693.47
APP0001069,CUST011079,2026-02-18 18:54:57,10912.53,622,1,1,1,1,9659.12
APP0001070,CUST010447,2026-01-14 15:51:53,3050.76,679,0,0,0,0,0.0
APP0001071,CUST002986,2026-06-18 02:29:50,14173.97,545,0,0,0,0,0.0
APP0001072,CUST002123,2025-03-31 18:11:30,9783.85,647,0,0,0,0,0.0
APP0001073,CUST008705,2025-03-02 08:28:36,7458.91,728,1,1,1,0,5737.18
APP0001074,CUST005098,2026-01-16 13:38:11,11459.62,714,1,1,0,0,0.0
APP0001075,CUST006838,2025-07-24 18:32:12,5339.55,682,1,1,1,1,4394.91
APP0001076,CUST010830,2025-08-26 07:11:12,6316.47,516,1,1,1,1,6087.71
APP0001077,CUST005145,2026-06-30 14:03:45,14481.96,598,1,1,1,1,10894.31
APP0001078,CUST008530,2025-06-13 02:12:53,31802.96,605,1,1,1,1,29060.54
APP0001079,CUST003081,2025-11-21 14:05:43,4426.51,688,1,1,0,0,0.0
APP0001080,CUST001186,2025-08-07 03:37:43,4664.15,588,1,1,0,0,0.0
APP0001081,CUST005084,2026-02-20 05:30:28,9828.45,800,0,0,0,0,0.0
APP0001082,CUST006427,2025-11-22 11:14:36,3371.33,693,1,1,1,1,3222.7
APP0001083,CUST002201,2025-11-29 15:22:05,8848.93,611,1,1,0,0,0.0
APP0001084,CUST001177,2026-08-11 00:36:13,4981.2,686,1,0,0,0,0.0
APP0001085,CUST001866,2025-09-22 00:03:08,5064.6,588,1,0,0,0,0.0
APP0001086,CUST011774,2025-07-30 12:09:56,6988.53,591,1,1,1,0,6496.48
APP0001087,CUST006107,2025-05-26 03:25:31,17512.72,667,1,1,0,0,0.0
APP0001088,CUST005425,2025-02-18 06:11:43,8608.75,612,1,0,0,0,0.0
APP0001089,CUST009998,2026-05-08 09:31:29,7544.56,616,0,0,0,0,0.0
APP0001090,CUST007301,2025-04-10 20:10:44,5956.77,663,1,1,0,0,0.0
APP0001091,CUST010090,2025-02-05 09:37:55,2355.08,685,1,1,1,1,2107.79
APP0001092,CUST002408,2026-05-15 12:12:13,5325.57,712,1,1,0,0,0.0
APP0001093,CUST001283,2026-01-30 06:21:51,12503.9,646,1,1,1,1,11723.6
APP0001094,CUST003038,2025-11-05 01:33:24,2967.16,511,0,0,0,0,0.0
APP0001095,CUST002159,2025-01-25 11:00:50,6897.96,687,1,1,0,0,0.0
APP0001096,CUST008889,2026-07-07 08:03:42,3026.69,597,1,1,1,1,2422.96
APP0001097,CUST010084,2026-01-28 16:41:11,8122.16,495,1,1,1,1,6910.02
APP0001098,CUST008975,2026-04-12 00:26:17,6488.98,591,1,1,1,0,5009.28
APP0001099,CUST007275,2026-06-29 23:05:09,2778.89,499,0,0,0,0,0.0
APP0001100,CUST010695,2026-05-05 06:27:01,3965.7,662,1,1,1,1,3608.15
APP0001101,CUST001199,2025-09-05 15:21:21,6008.31,652,1,1,1,1,4864.83
APP0001102,CUST008144,2025-05-23 14:04:27,4251.5,710,1,1,1,1,3851.16
APP0001103,CUST005538,2025-05-09 15:27:28,4133.12,673,1,1,1,1,4104.33
APP0001104,CUST006831,2025-07-22 10:05:22,5757.98,627,1,1,1,0,5431.55
APP0001105,CUST005660,2026-07-04 18:57:03,6866.96,604,1,1,1,1,5535.46
APP0001106,CUST002065,2026-08-11 23:24:46,2003.11,713,1,1,0,0,0.0
APP0001107,CUST005869,2026-04-10 21:58:10,3206.92,527,1,0,0,0,0.0
APP0001108,CUST004345,2026-01-31 09:18:04,8107.48,633,1,1,0,0,0.0
APP0001109,CUST010667,2026-08-05 02:04:57,14774.25,598,1,1,0,0,0.0
APP0001110,CUST011381,2025-12-27 17:08:07,9427.87,632,1,1,1,1,9416.38
APP0001111,CUST010165,2025-01-13 15:32:11,4154.46,522,0,0,0,0,0.0
APP0001112,CUST004556,2026-05-17 12:19:38,5383.73,632,0,0,0,0,0.0
APP0001113,CUST009631,2026-08-30 14:56:42,1000.0,668,1,1,1,1,825.49
APP0001114,CUST010952,2025-01-29 02:31:50,4853.66,560,1,1,1,0,3966.5
APP0001115,CUST003089,2025-07-14 14:11:01,6406.58,596,1,1,0,0,0.0
APP0001116,CUST004170,2026-07-18 11:59:45,33918.73,638,1,0,0,0,0.0
APP0001117,CUST004875,2025-01-11 16:54:46,3781.62,602,1,1,1,1,3527.52
APP0001118,CUST002980,2025-03-21 21:54:28,8894.36,562,1,1,1,1,8831.77
APP0001119,CUST009726,2026-01-30 05:13:27,4073.21,556,0,0,0,0,0.0
APP0001120,CUST003070,2025-11-10 03:22:38,11669.59,706,1,1,1,1,10405.13
APP0001121,CUST004150,2025-01-30 22:20:54,2682.19,525,1,1,1,1,2600.16
APP0001122,CUST000073,2025-03-24 10:30:52,14362.63,575,1,1,0,0,0.0
APP0001123,CUST006528,2026-07-21 23:51:28,3205.42,540,1,1,0,0,0.0
APP0001124,CUST008417,2026-04-23 20:38:24,20499.52,623,1,1,0,0,0.0
APP0001125,CUST005224,2026-05-19 14:21:08,14127.8,590,1,1,0,0,0.0
APP0001126,CUST008535,2025-09-27 04:18:40,2859.23,577,1,1,0,0,0.0
APP0001127,CUST008799,2025-10-05 18:30:45,15914.42,723,1,0,0,0,0.0
APP0001128,CUST007426,2026-07-15 06:33:47,7916.31,643,1,1,0,0,0.0
APP0001129,CUST003644,2025-06-07 22:37:58,4481.27,562,1,0,0,0,0.0
APP0001130,CUST009278,2026-03-06 05:24:36,8649.99,636,1,1,1,1,6817.79
APP0001131,CUST002207,2025-06-07 03:54:58,3355.83,486,0,0,0,0,0.0
APP0001132,CUST000866,2026-06-20 15:36:48,7312.72,617,1,1,0,0,0.0
APP0001133,CUST005303,2025-01-31 03:13:21,3676.22,564,1,1,0,0,0.0
APP0001134,CUST009694,2025-07-26 22:07:42,15775.66,490,0,0,0,0,0.0
APP0001135,CUST006402,2026-02-25 20:14:43,8202.03,597,1,1,1,0,7732.72
APP0001136,CUST003318,2025-11-20 14:13:20,2407.81,740,1,1,1,1,2135.93
APP0001137,CUST010020,2025-02-25 10:27:37,6866.23,728,1,1,1,1,6284.65
APP0001138,CUST005329,2026-08-20 18:23:59,4135.11,551,0,0,0,0,0.0
APP0001139,CUST001636,2025-06-30 19:37:27,7148.05,638,1,1,0,0,0.0
APP0001140,CUST002524,2025-07-07 01:23:55,2418.82,491,0,0,0,0,0.0
APP0001141,CUST007037,2025-12-02 01:50:17,3344.05,612,1,1,1,1,2959.78
APP0001142,CUST000074,2026-07-06 00:38:15,4517.9,688,1,1,1,1,3847.04
APP0001143,CUST009635,2025-06-19 12:47:28,3946.08,603,0,0,0,0,0.0
APP0001144,CUST007705,2026-08-18 11:40:40,11704.65,705,1,1,1,1,9314.64
APP0001145,CUST000764,2025-04-18 22:08:32,1527.97,620,1,0,0,0,0.0
APP0001146,CUST003258,2025-02-09 00:05:28,20820.19,587,0,0,0,0,0.0
APP0001147,CUST002841,2026-06-17 21:02:07,5667.55,602,0,0,0,0,0.0
APP0001148,CUST005983,2026-03-27 11:40:43,4385.2,654,0,0,0,0,0.0
APP0001149,CUST009221,2026-04-25 16:54:04,5400.91,800,1,1,1,1,4928.91
APP0001150,CUST001326,2025-05-03 12:40:01,8911.54,672,1,1,1,1,6944.21
APP0001151,CUST002613,2025-09-08 10:40:13,1652.59,578,1,1,1,1,1432.01
APP0001152,CUST002777,2025-01-04 01:38:33,3064.85,586,1,1,0,0,0.0
APP0001153,CUST005311,2026-06-03 14:47:16,4994.87,623,1,1,0,0,0.0
APP0001154,CUST000070,2025-07-26 22:15:21,4080.54,471,1,1,0,0,0.0
APP0001155,CUST010763,2025-08-28 23:22:11,8144.49,446,1,1,0,0,0.0
APP0001156,CUST010192,2026-03-14 09:11:11,3201.45,543,1,1,0,0,0.0
APP0001157,CUST009320,2025-03-13 15:45:27,5685.17,536,1,1,0,0,0.0
APP0001158,CUST002840,2026-04-21 00:46:02,5436.14,608,1,1,0,0,0.0
APP0001159,CUST001725,2026-05-03 00:40:39,7467.24,597,1,1,1,0,5952.92
APP0001160,CUST011458,2026-03-13 04:03:08,7322.29,633,0,0,0,0,0.0
APP0001161,CUST000840,2026-04-05 21:10:58,9444.4,583,1,1,1,1,9228.93
APP0001162,CUST005410,2025-02-15 11:40:27,18436.36,646,1,1,0,0,0.0
APP0001163,CUST007000,2026-01-17 00:35:50,3158.51,556,1,1,1,1,2516.47
APP0001164,CUST004997,2026-03-19 02:22:00,8515.98,611,1,1,1,0,8104.89
APP0001165,CUST010861,2025-03-26 06:00:26,7105.72,610,1,1,1,1,5523.83
APP0001166,CUST000569,2025-10-04 18:09:22,3480.67,698,1,0,0,0,0.0
APP0001167,CUST005790,2025-03-19 04:54:00,4921.26,425,1,1,0,0,0.0
APP0001168,CUST010502,2025-02-22 06:38:25,5184.69,472,0,0,0,0,0.0
APP0001169,CUST002941,2026-06-29 09:39:21,9243.33,439,0,0,0,0,0.0
APP0001170,CUST005118,2025-04-12 11:17:46,6579.13,637,1,1,1,1,6311.18
APP0001171,CUST009225,2026-02-01 16:06:19,10683.38,632,1,1,1,1,8711.7
APP0001172,CUST003999,2025-04-06 08:11:36,1679.2,456,0,0,0,0,0.0
APP0001173,CUST008819,2025-10-25 17:48:22,2705.55,641,1,1,0,0,0.0
APP0001174,CUST005159,2025-07-01 05:29:10,7441.52,596,1,1,1,1,6484.99
APP0001175,CUST007920,2026-08-22 10:05:20,4038.9,533,1,1,1,1,3043.22
APP0001176,CUST010082,2026-08-24 15:54:59,9047.8,540,1,1,0,0,0.0
APP0001177,CUST011733,2026-07-01 08:24:42,9274.88,481,1,1,1,1,8526.14
APP0001178,CUST009628,2026-03-05 03:19:57,8069.55,758,1,0,0,0,0.0
APP0001179,CUST009682,2025-05-08 09:27:03,8572.0,722,1,1,1,1,8224.79
APP0001180,CUST009197,2026-08-15 20:29:37,15361.66,619,1,1,1,1,12638.26
APP0001181,CUST009163,2025-06-13 18:08:40,4673.66,520,1,1,0,0,0.0
APP0001182,CUST001677,2025-12-21 07:17:33,10291.78,535,1,1,0,0,0.0
APP0001183,CUST011439,2026-05-11 08:51:40,6625.64,542,1,1,1,1,6288.09
APP0001184,CUST007749,2025-05-09 13:04:21,17861.65,714,1,1,1,1,17390.99
APP0001185,CUST001185,2026-08-19 04:58:08,2972.96,612,1,1,0,0,0.0
APP0001186,CUST009188,2025-11-26 14:05:38,12877.55,650,1,1,0,0,0.0
APP0001187,CUST005063,2026-05-15 07:59:36,4849.42,595,1,1,1,1,4779.84
APP0001188,CUST002546,2026-06-03 15:27:58,8712.45,526,1,0,0,0,0.0
APP0001189,CUST009914,2025-06-11 19:30:56,19059.65,597,1,1,0,0,0.0
APP0001190,CUST008080,2025-05-18 14:02:00,9333.85,597,1,1,1,0,9003.34
APP0001191,CUST007489,2026-05-17 15:22:28,6999.31,505,1,1,1,1,5938.29
APP0001192,CUST005701,2025-12-30 01:40:09,10910.02,503,0,0,0,0,0.0
APP0001193,CUST007285,2026-04-01 07:12:19,3797.1,593,0,0,0,0,0.0
APP0001194,CUST004970,2025-03-13 13:27:44,2623.79,661,1,1,0,0,0.0
APP0001195,CUST001736,2025-05-18 11:11:48,7554.69,666,1,1,1,0,5920.48
APP0001196,CUST009993,2025-06-06 04:40:17,11223.0,673,1,1,1,1,10129.78
APP0001197,CUST009789,2026-07-04 16:34:26,4137.31,755,1,1,1,1,3980.95
APP0001198,CUST010137,2025-05-19 03:20:48,2459.0,786,1,0,0,0,0.0
APP0001199,CUST008902,2026-08-04 03:38:58,2042.77,635,1,1,0,0,0.0
APP0001200,CUST010803,2026-06-19 20:12:52,8726.59,538,1,1,1,0,6576.74
APP0001201,CUST001049,2025-01-11 09:45:55,6425.18,594,1,1,1,1,5015.55
APP0001202,CUST005696,2025-12-18 13:07:41,4020.66,584,1,1,1,1,4011.91
APP0001203,CUST007726,2026-06-20 17:41:09,2149.45,493,1,1,0,0,0.0
APP0001204,CUST004458,2025-06-17 20:46:23,3408.47,680,0,0,0,0,0.0
APP0001205,CUST009148,2025-06-26 14:07:20,6231.81,573,1,1,1,1,6073.42
APP0001206,CUST007389,2026-06-24 01:56:43,2048.5,700,1,1,0,0,0.0
APP0001207,CUST003026,2025-01-10 01:03:57,2718.87,740,1,0,0,0,0.0
APP0001208,CUST011078,2026-02-22 09:41:44,2462.44,561,1,1,0,0,0.0
APP0001209,CUST002427,2025-08-23 11:17:14,1860.28,513,1,1,0,0,0.0
APP0001210,CUST005125,2026-02-05 07:34:19,7706.86,588,1,1,0,0,0.0
APP0001211,CUST011263,2025-01-15 16:03:39,9770.75,549,1,1,0,0,0.0
APP0001212,CUST008173,2025-11-02 07:13:40,12816.98,545,1,1,1,1,10384.61
APP0001213,CUST010154,2025-07-19 21:32:49,4969.79,610,1,1,1,0,4624.57
APP0001214,CUST007360,2026-01-17 01:01:13,3896.79,602,1,1,1,1,3381.95
APP0001215,CUST000834,2025-06-03 21:23:21,14980.51,638,1,1,0,0,0.0
APP0001216,CUST001483,2026-05-22 20:13:22,4130.96,507,1,1,1,0,3413.6
APP0001217,CUST009470,2025-02-13 11:39:06,2186.08,676,0,0,0,0,0.0
APP0001218,CUST000150,2026-02-21 22:49:24,8905.77,723,1,1,1,1,7917.37
APP0001219,CUST003835,2026-06-30 05:01:34,5154.06,603,1,1,1,1,4719.02
APP0001220,CUST008361,2025-10-31 10:20:48,6883.59,611,1,1,1,0,6730.25
APP0001221,CUST001909,2025-12-07 19:23:33,1695.97,744,1,1,1,1,1346.98
APP0001222,CUST003856,2025-06-12 11:01:15,6644.89,665,1,1,1,1,6264.65
APP0001223,CUST007467,2026-06-24 02:44:58,25522.37,604,1,1,0,0,0.0
APP0001224,CUST011452,2026-04-23 18:16:03,6985.67,504,0,0,0,0,0.0
APP0001225,CUST007980,2026-07-28 11:38:46,1920.23,614,1,1,0,0,0.0
APP0001226,CUST007785,2026-02-03 06:33:57,5321.24,643,1,1,0,0,0.0
APP0001227,CUST006033,2025-05-13 04:07:17,5143.37,459,1,1,1,0,3957.77
APP0001228,CUST005568,2026-03-27 06:54:28,3663.73,571,1,1,1,1,2795.95
APP0001229,CUST005768,2025-06-05 01:51:06,6468.67,588,1,1,0,0,0.0
APP0001230,CUST000794,2025-05-25 03:26:09,4029.48,389,1,1,0,0,0.0
APP0001231,CUST009784,2025-07-18 00:09:31,12808.15,672,1,1,1,0,10429.26
APP0001232,CUST007894,2026-07-01 05:32:59,3977.95,751,1,1,1,1,3027.61
APP0001233,CUST009494,2025-04-22 15:33:45,17922.75,648,1,1,1,1,14902.85
APP0001234,CUST000230,2025-06-27 12:54:36,7797.84,516,0,0,0,0,0.0
APP0001235,CUST004476,2025-11-26 05:21:36,6545.74,639,1,1,1,1,6258.96
APP0001236,CUST002472,2026-02-20 17:09:48,2626.35,752,1,1,0,0,0.0
APP0001237,CUST010963,2025-07-12 13:23:13,11863.37,589,1,1,0,0,0.0
APP0001238,CUST003545,2026-05-17 15:45:10,6092.57,533,1,1,0,0,0.0
APP0001239,CUST011262,2026-01-16 16:51:45,13048.92,649,1,1,1,1,11470.65
APP0001240,CUST007744,2025-12-01 08:26:17,2107.17,730,1,1,0,0,0.0
APP0001241,CUST006530,2025-06-15 19:36:44,15452.81,637,1,1,1,1,12822.86
APP0001242,CUST001338,2026-04-25 10:15:09,9588.68,606,1,1,1,0,8553.44
APP0001243,CUST003008,2026-05-10 00:51:14,25978.78,613,1,1,1,1,20545.23
APP0001244,CUST011435,2026-01-09 03:19:15,4147.8,605,1,1,0,0,0.0
APP0001245,CUST005183,2026-04-12 07:38:32,5956.23,622,1,1,1,1,5842.24
APP0001246,CUST006232,2026-03-19 23:43:13,8518.17,615,1,1,0,0,0.0
APP0001247,CUST003114,2026-03-18 06:30:03,3067.6,690,1,1,1,1,2349.88
APP0001248,CUST008317,2025-09-15 04:22:46,6932.68,712,1,1,1,1,6605.04
APP0001249,CUST005080,2025-05-29 05:11:19,7034.99,579,1,1,1,1,6849.0
APP0001250,CUST007829,2025-10-12 07:27:09,3754.78,600,1,0,0,0,0.0
APP0001251,CUST007644,2025-10-10 15:22:09,3081.26,531,1,1,0,0,0.0
APP0001252,CUST011031,2025-06-29 20:31:55,8553.82,568,1,1,1,0,7325.99
APP0001253,CUST002818,2026-08-26 22:22:28,4354.77,693,1,1,1,1,4098.03
APP0001254,CUST001148,2026-08-04 18:36:34,1909.46,633,1,1,0,0,0.0
APP0001255,CUST001538,2025-12-11 10:39:46,1877.18,656,1,1,1,1,1631.4
APP0001256,CUST005042,2025-09-11 23:13:45,7469.74,654,1,0,0,0,0.0
APP0001257,CUST005892,2026-07-01 03:05:03,7034.61,566,1,1,1,1,5855.51
APP0001258,CUST006165,2025-10-09 08:25:30,11186.68,562,1,1,1,1,10841.77
APP0001259,CUST005250,2026-06-15 03:39:31,5040.76,746,1,1,0,0,0.0
APP0001260,CUST004576,2025-12-06 03:32:20,10937.11,527,1,1,0,0,0.0
APP0001261,CUST005109,2026-05-11 14:13:19,4454.9,624,1,1,0,0,0.0
APP0001262,CUST005029,2025-05-13 01:13:18,4974.9,551,1,1,1,0,4326.48
APP0001263,CUST009557,2025-10-14 19:33:35,6839.44,574,1,0,0,0,0.0
APP0001264,CUST001853,2025-01-20 16:10:18,12942.2,650,1,1,1,0,10161.87
APP0001265,CUST009622,2025-10-30 04:19:21,6733.82,671,0,0,0,0,0.0
APP0001266,CUST002146,2025-08-04 00:24:48,23975.02,526,1,0,0,0,0.0
APP0001267,CUST002059,2026-07-15 04:26:15,3209.46,759,1,1,0,0,0.0
APP0001268,CUST008896,2025-08-17 16:38:38,5511.53,468,1,1,0,0,0.0
APP0001269,CUST001183,2026-05-06 15:25:04,3157.24,550,0,0,0,0,0.0
APP0001270,CUST011538,2026-03-20 02:09:30,5316.2,762,1,1,1,1,4805.96
APP0001271,CUST010355,2025-11-15 22:20:40,11123.1,614,1,1,1,1,9732.4
APP0001272,CUST009105,2025-05-19 07:40:09,7983.76,578,1,1,0,0,0.0
APP0001273,CUST009911,2025-06-15 19:56:04,8113.72,730,1,1,0,0,0.0
APP0001274,CUST000673,2025-09-25 21:52:29,19052.87,628,1,1,1,1,18371.67
APP0001275,CUST008132,2025-03-16 10:52:04,6178.84,464,1,1,0,0,0.0
APP0001276,CUST008605,2026-04-02 18:19:09,4429.53,606,0,0,0,0,0.0
APP0001277,CUST009485,2025-05-29 13:37:18,5750.27,534,1,1,0,0,0.0
APP0001278,CUST009332,2026-02-05 00:10:41,14002.59,597,0,0,0,0,0.0
APP0001279,CUST006426,2026-08-18 07:54:09,5926.55,572,1,1,0,0,0.0
APP0001280,CUST002805,2025-10-25 02:26:36,6406.84,680,1,1,0,0,0.0
APP0001281,CUST011503,2026-03-03 09:20:45,1623.45,575,1,1,0,0,0.0
APP0001282,CUST011072,2025-08-24 02:14:46,4129.79,695,1,1,0,0,0.0
APP0001283,CUST004291,2025-12-20 11:24:59,3742.99,488,0,0,0,0,0.0
APP0001284,CUST007360,2025-08-27 01:34:24,8828.37,593,0,0,0,0,0.0
APP0001285,CUST007741,2025-08-30 13:43:41,7052.15,617,1,1,0,0,0.0
APP0001286,CUST005137,2026-03-23 20:50:13,6359.6,625,1,1,0,0,0.0
APP0001287,CUST011225,2025-11-20 22:10:18,4365.22,621,1,1,0,0,0.0
APP0001288,CUST008131,2026-04-05 15:19:37,4445.4,569,1,1,1,1,4020.8
APP0001289,CUST001558,2025-04-03 22:27:01,2928.49,611,1,1,0,0,0.0
APP0001290,CUST006236,2026-03-01 11:56:07,8037.45,601,1,1,1,1,7771.72
APP0001291,CUST009829,2025-01-14 16:38:05,5728.44,579,0,0,0,0,0.0
APP0001292,CUST007020,2025-05-31 15:05:29,8697.76,500,0,0,0,0,0.0
APP0001293,CUST004684,2025-06-27 06:13:11,4424.11,587,1,1,0,0,0.0
APP0001294,CUST001246,2025-12-17 00:13:49,10201.11,613,0,0,0,0,0.0
APP0001295,CUST002462,2025-12-13 20:46:02,6755.97,674,1,1,1,1,6511.55
APP0001296,CUST008193,2026-08-23 13:00:41,16030.09,701,1,1,1,1,14431.07
APP0001297,CUST001617,2025-01-19 05:53:30,4385.55,570,1,0,0,0,0.0
APP0001298,CUST010425,2025-02-26 19:20:00,16589.08,557,1,1,1,1,14859.13
APP0001299,CUST002107,2025-05-02 01:14:01,2739.14,669,1,1,1,1,2661.7
APP0001300,CUST005879,2025-06-26 17:35:50,2539.87,594,0,0,0,0,0.0
APP0001301,CUST006342,2025-10-28 21:50:22,8195.47,609,1,1,1,1,6568.91
APP0001302,CUST005451,2026-08-12 12:49:46,7432.2,529,0,0,0,0,0.0
APP0001303,CUST010071,2025-09-19 05:33:26,5797.68,482,0,0,0,0,0.0
APP0001304,CUST009694,2026-01-03 23:30:38,10158.65,730,1,1,1,1,8804.6
APP0001305,CUST008995,2025-06-12 19:53:30,2389.44,664,1,1,1,1,1959.26
APP0001306,CUST000095,2025-02-05 03:58:17,6156.52,663,1,0,0,0,0.0
APP0001307,CUST002822,2025-12-28 02:38:18,1663.23,619,1,1,1,1,1602.57
APP0001308,CUST002588,2025-12-24 23:21:05,1908.57,468,1,1,0,0,0.0
APP0001309,CUST006045,2025-03-24 22:23:24,3343.37,788,1,0,0,0,0.0
APP0001310,CUST008159,2025-12-26 07:55:30,6967.81,611,1,1,0,0,0.0
APP0001311,CUST011619,2025-04-06 04:45:33,8665.42,621,1,1,1,1,8411.38
APP0001312,CUST000169,2025-06-04 04:53:48,2756.5,776,1,1,0,0,0.0
APP0001313,CUST005726,2026-08-12 19:12:45,2928.73,647,1,1,1,1,2497.43
APP0001314,CUST002413,2025-10-05 16:33:17,3850.59,685,0,0,0,0,0.0
APP0001315,CUST011250,2025-08-27 21:24:13,3721.98,660,1,1,0,0,0.0
APP0001316,CUST005344,2026-08-30 19:43:41,9550.08,622,1,1,1,1,8660.61
APP0001317,CUST006746,2025-12-15 22:54:17,7823.02,587,1,1,1,1,7689.82
APP0001318,CUST011048,2025-11-28 22:03:18,7642.29,611,1,1,1,0,6121.5
APP0001319,CUST008409,2026-07-07 23:31:03,5254.64,612,1,1,1,1,4003.69
APP0001320,CUST011902,2026-01-25 17:26:08,6729.98,471,1,1,0,0,0.0
APP0001321,CUST007381,2026-04-04 03:50:37,14323.26,648,1,1,1,0,10858.16
APP0001322,CUST006516,2026-06-06 02:51:32,9703.91,584,0,0,0,0,0.0
APP0001323,CUST007939,2026-06-18 01:44:11,5493.31,701,1,1,1,1,5024.33
APP0001324,CUST007452,2026-06-08 22:57:20,3433.2,472,1,1,0,0,0.0
APP0001325,CUST000511,2026-06-18 22:19:31,2542.82,703,1,1,1,1,2024.61
APP0001326,CUST002181,2026-04-29 19:52:11,7473.29,642,0,0,0,0,0.0
APP0001327,CUST004982,2026-02-11 10:47:41,3195.85,607,1,1,0,0,0.0
APP0001328,CUST007969,2025-12-21 07:48:41,7758.15,572,1,1,0,0,0.0
APP0001329,CUST011491,2025-10-06 10:18:43,7401.01,516,1,0,0,0,0.0
APP0001330,CUST005098,2025-08-23 08:57:34,5162.72,669,1,0,0,0,0.0
APP0001331,CUST003172,2026-06-14 05:37:33,3365.72,649,1,1,0,0,0.0
APP0001332,CUST009238,2025-07-05 03:05:07,2053.85,642,1,1,0,0,0.0
APP0001333,CUST009733,2025-06-14 21:22:52,11994.79,657,1,1,1,1,9425.71
APP0001334,CUST009053,2025-06-25 03:35:32,13474.87,582,1,1,0,0,0.0
APP0001335,CUST007282,2025-03-17 07:39:32,12774.06,728,1,1,0,0,0.0
APP0001336,CUST010121,2025-07-17 03:38:45,5518.41,557,1,1,1,1,5271.15
APP0001337,CUST003830,2026-03-09 23:55:26,13235.29,585,1,0,0,0,0.0
APP0001338,CUST002518,2026-05-07 17:07:14,3785.53,643,0,0,0,0,0.0
APP0001339,CUST009635,2025-02-26 07:56:05,5231.53,656,1,1,1,1,4199.27
APP0001340,CUST011413,2026-04-27 05:38:04,6134.85,658,1,1,1,0,6115.33
APP0001341,CUST008488,2025-07-01 00:33:15,6563.45,516,0,0,0,0,0.0
APP0001342,CUST005493,2025-08-13 22:46:08,6736.43,706,1,1,1,0,5898.13
APP0001343,CUST011919,2026-01-13 20:34:58,4641.57,598,1,1,1,0,4403.01
APP0001344,CUST010635,2025-02-20 05:00:59,5642.49,680,1,1,1,1,5423.36
APP0001345,CUST010564,2026-03-26 23:06:43,2934.51,504,1,1,0,0,0.0
APP0001346,CUST003627,2026-03-04 10:10:25,2562.53,654,0,0,0,0,0.0
APP0001347,CUST000133,2026-07-23 21:05:23,11063.23,588,1,1,0,0,0.0
APP0001348,CUST005961,2025-06-06 12:09:24,1842.42,706,1,1,1,1,1579.37
APP0001349,CUST001443,2026-07-11 12:38:31,11281.01,539,1,1,1,1,10264.26
APP0001350,CUST000130,2025-06-08 17:58:54,4174.47,643,1,1,1,1,3945.65
APP0001351,CUST009125,2025-06-02 14:48:00,7668.44,613,1,1,1,1,5994.85
APP0001352,CUST003965,2026-01-29 13:12:36,16362.38,579,0,0,0,0,0.0
APP0001353,CUST007634,2026-03-19 05:14:22,5340.2,635,1,1,1,1,4196.24
APP0001354,CUST003964,2025-09-30 16:36:17,12789.19,505,1,1,0,0,0.0
APP0001355,CUST000048,2026-06-12 09:16:27,10704.8,588,0,0,0,0,0.0
APP0001356,CUST003108,2026-05-08 09:53:40,2529.17,625,1,1,0,0,0.0
APP0001357,CUST005807,2026-08-08 00:42:36,2009.86,350,1,0,0,0,0.0
APP0001358,CUST006842,2025-01-12 17:23:07,27282.94,660,1,1,1,1,23522.94
APP0001359,CUST000279,2025-09-03 17:52:43,3149.06,659,1,1,1,1,2401.7
APP0001360,CUST000176,2026-05-24 08:36:11,2124.35,638,1,1,0,0,0.0
APP0001361,CUST002834,2025-03-05 13:01:06,2455.9,604,1,1,0,0,0.0
APP0001362,CUST009148,2025-09-13 07:43:28,21368.53,657,1,1,1,1,18158.09
APP0001363,CUST000805,2025-09-18 07:10:54,4355.73,545,1,1,1,1,3307.22
APP0001364,CUST007990,2025-03-30 02:39:16,15408.23,503,1,1,1,1,13148.07
APP0001365,CUST011617,2025-07-01 20:17:00,2222.11,604,1,1,0,0,0.0
APP0001366,CUST003546,2026-03-30 11:35:34,3611.75,636,1,1,1,1,2757.59
APP0001367,CUST007503,2025-04-13 15:31:01,9272.98,609,1,1,0,0,0.0
APP0001368,CUST009924,2026-08-27 10:00:19,7052.27,494,1,1,0,0,0.0
APP0001369,CUST001895,2025-02-22 14:16:50,3968.88,686,1,1,0,0,0.0
APP0001370,CUST009811,2026-03-15 16:01:52,4386.71,652,1,1,1,1,4042.39
APP0001371,CUST002971,2025-09-16 03:12:28,13443.76,637,1,1,1,1,11577.07
APP0001372,CUST003226,2026-05-12 16:30:39,4365.19,613,1,1,0,0,0.0
APP0001373,CUST009524,2025-10-25 13:54:22,3376.97,727,1,1,1,1,2877.24
APP0001374,CUST008809,2026-02-12 16:29:04,3527.17,676,1,1,1,1,2794.67
APP0001375,CUST010779,2025-01-03 00:29:55,5759.12,538,1,1,0,0,0.0
APP0001376,CUST004263,2025-10-25 13:27:30,2194.55,699,1,1,1,1,2090.45
APP0001377,CUST002065,2026-06-17 13:17:18,15101.92,559,1,1,0,0,0.0
APP0001378,CUST006560,2025-04-08 00:29:31,11903.06,637,1,1,0,0,0.0
APP0001379,CUST011666,2026-01-29 02:56:22,4658.56,656,0,0,0,0,0.0
APP0001380,CUST005022,2026-06-05 00:23:07,6652.16,637,1,1,1,1,5892.07
APP0001381,CUST002260,2025-05-16 12:26:04,7346.35,564,1,1,0,0,0.0
APP0001382,CUST001211,2025-02-17 19:19:02,8104.13,673,1,1,0,0,0.0
APP0001383,CUST001277,2025-02-03 00:18:41,4897.26,712,1,1,1,1,4880.25
APP0001384,CUST004694,2025-09-08 09:53:25,4962.93,649,1,1,1,1,4940.19
APP0001385,CUST005113,2025-12-24 00:50:37,3147.7,669,1,1,1,0,2523.79
APP0001386,CUST008283,2025-05-11 01:51:10,9812.15,531,1,1,0,0,0.0
APP0001387,CUST001530,2025-08-25 03:06:59,4602.81,564,1,1,0,0,0.0
APP0001388,CUST010713,2025-08-29 17:16:23,1582.09,595,0,0,0,0,0.0
APP0001389,CUST010151,2026-01-06 07:08:59,14200.83,512,0,0,0,0,0.0
APP0001390,CUST009022,2026-07-18 17:16:28,9606.57,591,1,1,1,1,8356.26
APP0001391,CUST007757,2026-07-22 11:17:49,10196.45,519,1,1,0,0,0.0
APP0001392,CUST002102,2026-04-06 16:03:15,11679.3,589,0,0,0,0,0.0
APP0001393,CUST000414,2025-02-27 07:16:45,7350.68,525,1,1,1,1,5928.24
APP0001394,CUST007613,2026-07-17 18:22:38,11588.24,687,1,1,0,0,0.0
APP0001395,CUST009086,2025-07-21 14:49:23,5627.01,613,0,0,0,0,0.0
APP0001396,CUST010460,2026-08-02 18:26:49,9207.45,697,1,1,1,1,7816.0
APP0001397,CUST002295,2025-02-05 08:27:16,4322.5,696,1,1,1,1,3701.27
APP0001398,CUST011094,2025-07-23 05:30:22,3687.02,784,1,1,1,1,2913.89
APP0001399,CUST005639,2025-12-30 15:07:23,6023.11,550,1,1,0,0,0.0
APP0001400,CUST011033,2026-05-25 10:04:13,7327.41,613,1,1,1,0,6754.95
APP0001401,CUST006499,2025-12-28 12:03:12,9515.17,641,1,1,1,1,9260.1
APP0001402,CUST004131,2025-07-11 11:51:44,3418.02,780,1,1,1,1,3037.79
APP0001403,CUST011355,2026-08-25 19:11:05,11241.05,478,1,1,1,1,8670.54
APP0001404,CUST007205,2026-06-04 06:28:07,20165.83,680,1,1,1,1,17622.61
APP0001405,CUST001885,2026-04-09 00:31:35,13019.82,642,0,0,0,0,0.0
APP0001406,CUST010049,2026-02-16 20:33:26,7790.12,414,0,0,0,0,0.0
APP0001407,CUST010350,2025-10-20 15:11:30,21791.72,582,1,1,1,1,21062.58
APP0001408,CUST001502,2026-05-28 12:14:24,5104.95,625,1,0,0,0,0.0
APP0001409,CUST010918,2025-10-14 05:50:37,8044.39,563,1,1,0,0,0.0
APP0001410,CUST001981,2025-11-19 08:52:44,6753.34,639,1,1,0,0,0.0
APP0001411,CUST003892,2025-10-16 03:46:59,4945.32,589,1,1,1,1,4190.58
APP0001412,CUST004412,2026-08-24 22:26:57,12840.83,604,1,1,0,0,0.0
APP0001413,CUST009526,2026-02-11 06:53:22,1806.63,636,1,1,0,0,0.0
APP0001414,CUST006149,2025-12-03 08:32:12,10374.24,735,1,1,1,1,9652.45
APP0001415,CUST011927,2026-06-14 15:36:03,2940.99,583,1,1,1,1,2524.34
APP0001416,CUST006524,2026-08-04 19:54:25,11885.37,743,1,0,0,0,0.0
APP0001417,CUST000834,2026-01-03 23:58:14,5332.89,681,1,1,1,1,4517.79
APP0001418,CUST002864,2025-08-24 02:17:00,4636.04,606,1,1,1,1,4119.66
APP0001419,CUST002388,2026-01-17 05:22:37,4997.51,684,1,1,1,1,4365.55
APP0001420,CUST011125,2026-04-03 01:54:49,5354.13,489,1,1,0,0,0.0
APP0001421,CUST005971,2025-08-25 03:05:53,5335.32,654,0,0,0,0,0.0
APP0001422,CUST003334,2025-03-19 00:45:01,3600.71,762,1,1,1,1,2727.82
APP0001423,CUST010087,2025-08-29 11:02:44,12073.52,694,1,1,0,0,0.0
APP0001424,CUST007121,2025-07-20 03:31:41,7073.74,730,1,0,0,0,0.0
APP0001425,CUST009381,2026-07-23 11:50:47,3100.04,532,1,1,1,1,2488.95
APP0001426,CUST011421,2025-03-07 03:09:10,7697.04,681,1,1,0,0,0.0
APP0001427,CUST006621,2025-01-01 07:08:21,6317.66,515,1,1,0,0,0.0
APP0001428,CUST007536,2025-01-28 17:51:08,10013.97,447,1,0,0,0,0.0
APP0001429,CUST004676,2025-08-19 12:57:39,24513.43,520,1,1,0,0,0.0
APP0001430,CUST005147,2026-08-12 07:28:58,1771.16,579,1,1,0,0,0.0
APP0001431,CUST004363,2025-04-30 01:12:35,3116.91,612,1,1,1,1,2480.23
APP0001432,CUST007306,2026-05-24 04:34:11,5952.46,674,1,1,1,1,5282.84
APP0001433,CUST009386,2025-03-28 04:32:30,3983.87,614,0,0,0,0,0.0
APP0001434,CUST000110,2026-06-20 05:24:31,3594.36,540,0,0,0,0,0.0
APP0001435,CUST004888,2026-04-24 19:09:54,1392.3,695,1,1,1,1,1197.4
APP0001436,CUST001903,2026-02-23 07:22:04,8355.89,568,1,0,0,0,0.0
APP0001437,CUST008428,2026-01-02 13:18:12,1761.6,764,1,1,1,1,1488.86
APP0001438,CUST011893,2025-09-02 01:01:18,7809.07,579,0,0,0,0,0.0
APP0001439,CUST003878,2025-05-14 01:35:11,9098.92,615,1,1,1,1,8114.48
APP0001440,CUST008163,2026-04-01 10:37:51,3754.42,649,1,1,1,0,3740.27
APP0001441,CUST007576,2026-03-23 01:09:45,12021.99,513,1,1,0,0,0.0
APP0001442,CUST011455,2025-02-26 01:51:14,2290.95,684,1,1,1,1,2140.2
APP0001443,CUST005314,2026-05-20 14:35:55,6347.98,551,1,1,0,0,0.0
APP0001444,CUST008807,2025-06-23 00:32:54,4833.52,643,1,1,1,1,4022.91
APP0001445,CUST005647,2026-01-25 11:03:28,9049.19,618,1,1,0,0,0.0
APP0001446,CUST005879,2025-02-08 02:18:21,9491.07,559,1,1,1,0,7267.87
APP0001447,CUST000778,2025-12-30 20:41:04,2379.67,570,1,1,0,0,0.0
APP0001448,CUST003859,2025-02-23 17:35:45,11545.12,548,1,1,0,0,0.0
APP0001449,CUST003669,2025-08-28 01:05:08,1999.67,671,1,1,1,1,1945.08
APP0001450,CUST008510,2025-03-01 03:14:07,4829.36,417,0,0,0,0,0.0
APP0001451,CUST005607,2025-07-22 02:22:00,9588.12,535,1,1,1,1,7696.31
APP0001452,CUST011359,2025-06-10 20:31:56,11448.23,636,0,0,0,0,0.0
APP0001453,CUST002341,2025-05-26 23:40:37,2516.82,714,1,1,1,1,2314.25
APP0001454,CUST000889,2025-12-28 02:18:55,5573.93,619,1,1,1,1,5492.43
APP0001455,CUST000654,2025-09-15 10:31:23,8201.33,583,1,1,1,1,6484.04
APP0001456,CUST010120,2026-03-05 23:50:01,5557.77,711,1,0,0,0,0.0
APP0001457,CUST006462,2026-03-09 08:49:45,2913.15,595,1,1,1,1,2802.82
APP0001458,CUST009209,2026-04-10 10:48:39,27798.78,541,1,1,0,0,0.0
APP0001459,CUST006484,2025-07-01 18:31:11,2774.48,602,0,0,0,0,0.0
APP0001460,CUST008952,2025-05-27 17:18:49,6202.8,657,1,1,1,0,5854.71
APP0001461,CUST001601,2025-12-13 01:06:43,10208.21,673,0,0,0,0,0.0
APP0001462,CUST011307,2026-06-08 14:59:14,5618.62,780,1,1,1,1,4844.11
APP0001463,CUST011682,2025-12-20 06:41:57,10825.12,532,0,0,0,0,0.0
APP0001464,CUST010222,2025-01-20 04:01:56,9188.21,615,1,1,1,1,7116.21
APP0001465,CUST003139,2026-03-21 04:46:18,2291.37,685,1,1,0,0,0.0
APP0001466,CUST002557,2025-11-29 08:31:22,3541.21,545,0,0,0,0,0.0
APP0001467,CUST005911,2025-03-02 18:21:46,21261.74,551,0,0,0,0,0.0
APP0001468,CUST003119,2025-05-15 13:04:29,5880.72,573,0,0,0,0,0.0
APP0001469,CUST000754,2025-06-22 23:56:25,1613.98,637,1,1,1,1,1478.59
APP0001470,CUST003236,2026-06-25 10:03:12,3937.66,557,1,1,0,0,0.0
APP0001471,CUST000240,2025-09-08 19:27:55,3682.53,677,1,1,0,0,0.0
APP0001472,CUST011986,2025-09-27 13:31:40,6507.11,667,1,1,1,1,5192.6
APP0001473,CUST009516,2026-04-17 02:49:07,13530.53,630,1,0,0,0,0.0
APP0001474,CUST011385,2025-07-28 06:05:54,2914.34,643,1,1,1,1,2186.12
APP0001475,CUST011176,2025-11-26 11:54:24,5545.62,684,1,0,0,0,0.0
APP0001476,CUST006646,2025-05-14 15:32:00,3540.11,645,1,1,1,1,2823.63
APP0001477,CUST007259,2025-02-14 06:41:26,17555.86,599,1,1,0,0,0.0
APP0001478,CUST001444,2025-11-22 06:27:16,21299.08,629,1,1,0,0,0.0
APP0001479,CUST011977,2025-10-24 03:54:04,8497.74,520,1,1,0,0,0.0
APP0001480,CUST011946,2025-10-15 10:14:43,7564.72,644,1,1,0,0,0.0
APP0001481,CUST003954,2026-08-14 06:05:29,3155.35,497,1,1,0,0,0.0
APP0001482,CUST004881,2025-10-12 20:35:17,11534.41,588,1,1,1,1,9661.86
APP0001483,CUST005088,2025-02-10 03:32:31,6392.06,548,1,1,1,1,4922.23
APP0001484,CUST002309,2026-01-25 11:10:52,4012.07,658,0,0,0,0,0.0
APP0001485,CUST010131,2025-03-30 04:46:42,15552.01,613,1,1,0,0,0.0
APP0001486,CUST006141,2025-11-06 15:17:21,5904.24,544,1,0,0,0,0.0
APP0001487,CUST001689,2026-02-23 11:17:27,3877.76,597,1,1,1,1,3256.67
APP0001488,CUST003539,2026-07-16 08:36:25,11718.52,703,0,0,0,0,0.0
APP0001489,CUST009983,2025-01-18 23:17:31,6294.76,593,1,1,1,1,5794.73
APP0001490,CUST005748,2026-08-15 09:41:30,11800.48,701,1,1,1,1,9555.28
APP0001491,CUST005802,2025-10-31 19:19:45,10837.68,603,1,1,0,0,0.0
APP0001492,CUST006592,2025-06-26 18:17:54,2360.82,601,0,0,0,0,0.0
APP0001493,CUST007741,2026-07-05 14:22:12,8108.29,470,1,1,1,1,6184.68
APP0001494,CUST005930,2025-12-19 12:32:16,7266.24,578,1,1,0,0,0.0
APP0001495,CUST002921,2025-04-10 20:13:57,6783.71,684,0,0,0,0,0.0
APP0001496,CUST006481,2025-05-17 00:40:51,4558.49,533,1,1,1,0,3860.6
APP0001497,CUST009464,2025-05-12 00:54:29,1688.23,553,1,1,1,1,1495.55
APP0001498,CUST002478,2026-07-29 18:04:55,10156.0,551,0,0,0,0,0.0
APP0001499,CUST004677,2026-08-11 05:23:52,3528.27,517,1,1,1,1,2784.08
APP0001500,CUST011813,2026-08-28 22:11:49,21301.39,612,1,1,0,0,0.0
APP0001501,CUST007917,2025-08-27 05:25:48,6226.7,757,1,1,1,0,5627.74
APP0001502,CUST005646,2026-08-14 12:02:01,2162.02,764,1,1,1,1,1725.95
APP0001503,CUST011160,2025-08-01 15:18:35,6867.56,638,0,0,0,0,0.0
APP0001504,CUST008484,2026-07-20 08:44:49,4541.43,654,1,1,0,0,0.0
APP0001505,CUST004105,2025-11-19 17:14:37,2752.65,610,1,1,1,0,2102.15
APP0001506,CUST001601,2026-08-30 20:48:50,3931.59,494,0,0,0,0,0.0
APP0001507,CUST010086,2025-09-08 09:30:07,2743.0,569,1,1,1,1,2594.67
APP0001508,CUST000166,2025-10-14 14:51:08,11778.81,791,1,1,1,1,9105.31
APP0001509,CUST004461,2025-09-05 05:30:30,4393.79,433,1,0,0,0,0.0
APP0001510,CUST001938,2026-02-06 15:04:28,3010.71,637,1,1,1,0,2396.61
APP0001511,CUST007419,2026-02-06 19:30:09,9820.28,628,1,0,0,0,0.0
APP0001512,CUST003945,2026-05-14 10:53:02,1925.59,605,1,1,1,1,1777.33
APP0001513,CUST001557,2026-01-07 15:30:35,22966.21,654,0,0,0,0,0.0
APP0001514,CUST000947,2025-03-08 11:18:02,4894.41,683,1,1,1,1,4024.64
APP0001515,CUST002949,2025-01-13 13:21:11,12398.94,663,0,0,0,0,0.0
APP0001516,CUST008189,2025-09-19 19:59:32,4240.1,682,0,0,0,0,0.0
APP0001517,CUST010907,2026-05-26 03:42:57,4793.64,739,1,1,1,1,3988.66
APP0001518,CUST011789,2025-07-31 20:19:56,34459.75,591,1,1,0,0,0.0
APP0001519,CUST006571,2026-06-09 11:36:55,14196.35,566,1,1,0,0,0.0
APP0001520,CUST009640,2025-11-25 07:03:24,10317.32,637,1,1,0,0,0.0
APP0001521,CUST001268,2025-11-08 18:47:59,8347.15,538,1,1,0,0,0.0
APP0001522,CUST006104,2025-05-02 05:54:22,6419.88,586,1,1,1,1,5897.01
APP0001523,CUST003586,2025-12-07 16:29:30,9146.68,681,1,1,1,1,8056.75
APP0001524,CUST000824,2025-11-05 02:10:25,1531.22,529,1,1,1,0,1366.28
APP0001525,CUST006126,2025-08-31 02:12:30,5385.89,602,1,1,1,1,4400.69
APP0001526,CUST002130,2025-01-09 06:40:52,4631.63,650,1,1,0,0,0.0
APP0001527,CUST009975,2025-11-11 09:09:39,2943.52,645,1,1,1,1,2349.81
APP0001528,CUST009370,2026-04-26 10:59:40,12269.47,698,1,1,1,1,10801.29
APP0001529,CUST010414,2025-08-08 21:48:56,9249.26,601,1,1,0,0,0.0
APP0001530,CUST010110,2025-03-03 23:47:27,12469.42,640,1,1,1,1,10201.56
APP0001531,CUST006359,2025-12-15 15:58:19,2461.07,506,1,1,0,0,0.0
APP0001532,CUST009009,2025-08-09 07:00:56,12135.45,578,1,1,0,0,0.0
APP0001533,CUST002236,2025-12-29 23:15:28,3220.64,575,1,1,0,0,0.0
APP0001534,CUST005444,2026-04-28 14:53:30,2359.75,650,1,1,1,1,2341.91
APP0001535,CUST005547,2026-01-13 18:50:31,10657.19,446,1,1,1,1,10263.57
APP0001536,CUST007226,2025-08-24 02:40:29,14620.38,696,1,1,1,1,11003.03
APP0001537,CUST005016,2026-07-18 05:33:02,4499.84,626,1,1,0,0,0.0
APP0001538,CUST011550,2026-01-20 06:47:57,22691.93,600,0,0,0,0,0.0
APP0001539,CUST009201,2025-02-23 20:55:17,6128.97,696,1,1,1,1,4750.0
APP0001540,CUST001672,2026-02-21 08:56:36,10050.53,629,1,1,1,1,8803.57
APP0001541,CUST010721,2025-01-28 08:33:26,6701.26,658,1,1,0,0,0.0
APP0001542,CUST007980,2026-01-09 09:59:07,4726.7,648,1,1,1,1,3581.6
APP0001543,CUST011028,2025-01-03 23:56:31,2151.35,605,1,1,1,1,1762.56
APP0001544,CUST007718,2026-07-19 11:50:07,5474.48,583,1,1,0,0,0.0
APP0001545,CUST006730,2025-03-26 23:25:01,10333.26,593,1,1,1,1,10043.85
APP0001546,CUST006328,2025-02-05 20:39:42,15498.86,601,1,1,1,1,12096.21
APP0001547,CUST011425,2026-01-02 04:13:45,5557.58,595,0,0,0,0,0.0
APP0001548,CUST009892,2026-03-16 19:39:25,13670.12,679,1,1,1,1,12815.5
APP0001549,CUST001102,2025-05-28 19:20:17,4295.46,623,1,1,1,1,3677.31
APP0001550,CUST002110,2025-06-14 06:27:27,3959.43,698,1,1,1,1,3731.0
APP0001551,CUST011402,2025-05-19 10:15:05,7435.03,713,1,1,1,1,6094.32
APP0001552,CUST002634,2026-05-24 21:00:33,2491.01,677,0,0,0,0,0.0
APP0001553,CUST011432,2026-06-11 14:10:35,8336.05,589,1,1,0,0,0.0
APP0001554,CUST005618,2025-12-17 18:22:48,7172.14,677,1,1,1,1,6419.29
APP0001555,CUST010273,2025-06-23 04:06:29,5077.67,607,1,1,0,0,0.0
APP0001556,CUST001978,2026-06-16 11:28:31,5078.85,702,1,1,1,0,4308.97
APP0001557,CUST006826,2025-12-05 10:47:53,3770.89,642,1,1,1,1,3184.16
APP0001558,CUST007195,2025-01-20 10:24:54,7685.39,686,1,1,1,1,5892.26
APP0001559,CUST006945,2026-04-06 13:39:56,5277.75,616,0,0,0,0,0.0
APP0001560,CUST008392,2025-01-24 06:43:29,6440.24,697,1,1,1,1,5865.36
APP0001561,CUST005460,2026-04-27 07:10:21,10527.85,733,1,1,1,1,8062.3
APP0001562,CUST007307,2025-02-16 21:27:33,3944.76,652,0,0,0,0,0.0
APP0001563,CUST007371,2026-05-23 09:22:12,6280.8,698,1,1,1,1,5243.69
APP0001564,CUST003397,2026-05-22 06:00:02,6968.1,587,0,0,0,0,0.0
APP0001565,CUST000279,2025-01-24 01:50:30,6563.24,467,0,0,0,0,0.0
APP0001566,CUST002325,2026-05-17 19:17:03,8794.11,552,1,1,0,0,0.0
APP0001567,CUST000647,2025-10-23 08:54:22,3911.7,637,0,0,0,0,0.0
APP0001568,CUST000962,2025-07-17 10:30:03,1742.57,509,1,1,0,0,0.0
APP0001569,CUST008432,2026-03-09 17:16:06,11342.72,609,1,1,1,1,9029.32
APP0001570,CUST004269,2025-06-12 23:55:13,3379.93,501,1,1,1,1,2956.36
APP0001571,CUST000856,2025-07-25 11:02:11,3166.74,618,1,1,1,0,2571.75
APP0001572,CUST002127,2026-07-05 01:22:19,4744.11,646,1,1,1,1,4047.03
APP0001573,CUST001441,2025-01-14 00:00:20,11221.79,778,1,1,1,0,10957.3
APP0001574,CUST000502,2025-08-11 23:07:13,8561.32,469,0,0,0,0,0.0
APP0001575,CUST009547,2026-07-31 03:11:09,5920.54,558,0,0,0,0,0.0
APP0001576,CUST005222,2026-04-16 06:53:40,2801.37,532,0,0,0,0,0.0
APP0001577,CUST007056,2025-09-23 13:37:54,4292.5,618,1,1,0,0,0.0
APP0001578,CUST011080,2026-06-20 13:39:23,6935.81,676,1,1,1,1,6270.27
APP0001579,CUST009903,2025-05-22 03:11:51,1069.61,556,1,1,1,1,978.42
APP0001580,CUST010073,2025-09-21 05:10:15,2306.64,685,1,1,1,1,2244.37
APP0001581,CUST005091,2025-02-23 04:15:45,5760.85,697,1,1,1,0,4834.65
APP0001582,CUST006320,2025-03-30 01:07:43,3479.88,596,1,1,0,0,0.0
APP0001583,CUST011399,2025-07-12 22:12:45,11222.62,564,1,1,0,0,0.0
APP0001584,CUST006036,2025-04-05 00:56:29,7831.67,698,1,0,0,0,0.0
APP0001585,CUST000995,2025-07-04 11:48:29,6502.41,715,1,1,1,1,5943.3
APP0001586,CUST008467,2026-03-07 01:46:25,10330.8,534,1,1,0,0,0.0
APP0001587,CUST000086,2025-11-07 07:56:20,3392.95,651,0,0,0,0,0.0
APP0001588,CUST007158,2025-02-24 05:20:00,2554.82,671,1,1,0,0,0.0
APP0001589,CUST003136,2026-03-12 01:15:29,3048.34,598,1,1,1,0,2791.23
APP0001590,CUST002516,2026-08-13 09:02:47,1348.45,586,1,1,1,0,1131.57
APP0001591,CUST009271,2025-04-18 14:48:43,14618.3,535,1,1,1,1,12886.58
APP0001592,CUST003941,2025-12-20 08:27:39,10640.15,501,1,1,1,1,9352.25
APP0001593,CUST007318,2026-01-06 01:20:26,2852.58,644,0,0,0,0,0.0
APP0001594,CUST004804,2025-07-15 23:41:11,12160.73,652,1,1,1,1,9569.14
APP0001595,CUST008692,2025-02-11 22:13:10,9347.63,655,1,1,0,0,0.0
APP0001596,CUST007773,2025-04-01 23:05:29,2142.66,583,1,1,0,0,0.0
APP0001597,CUST006976,2026-08-15 00:53:20,11548.97,647,1,1,0,0,0.0
APP0001598,CUST003961,2026-08-23 23:02:54,2983.66,560,0,0,0,0,0.0
APP0001599,CUST007258,2025-07-08 15:18:58,1555.31,544,1,1,0,0,0.0
APP0001600,CUST001342,2025-02-20 04:55:52,5360.26,645,0,0,0,0,0.0
APP0001601,CUST002717,2026-03-02 15:29:24,5396.07,632,1,1,1,1,4933.31
APP0001602,CUST004954,2025-07-19 22:51:56,4990.44,535,0,0,0,0,0.0
APP0001603,CUST007536,2025-01-14 17:07:24,11772.9,449,1,1,1,1,10868.99
APP0001604,CUST005202,2025-04-21 11:20:39,5195.93,585,1,1,0,0,0.0
APP0001605,CUST004891,2025-01-25 16:02:34,15976.41,566,1,1,1,1,14635.22
APP0001606,CUST003601,2025-05-05 23:16:43,6044.01,555,1,1,1,1,4759.38
APP0001607,CUST011362,2025-11-15 09:47:34,20885.44,615,0,0,0,0,0.0
APP0001608,CUST008662,2026-06-18 08:36:30,8957.65,625,1,1,1,1,8320.22
APP0001609,CUST002619,2025-05-21 14:14:28,3649.83,629,1,1,0,0,0.0
APP0001610,CUST009465,2025-03-10 19:15:23,9179.43,692,1,1,0,0,0.0
APP0001611,CUST004013,2026-07-17 11:46:37,5520.68,641,0,0,0,0,0.0
APP0001612,CUST000617,2026-03-01 00:48:18,12792.56,575,1,1,1,1,10080.63
APP0001613,CUST001704,2026-03-30 01:37:14,6502.09,581,1,1,1,1,6428.25
APP0001614,CUST007387,2026-04-18 06:49:43,2371.24,586,1,1,1,0,1952.17
APP0001615,CUST010976,2025-09-29 08:17:41,13049.97,609,0,0,0,0,0.0
APP0001616,CUST002420,2025-10-15 09:36:10,7615.27,590,1,1,1,1,5804.12
APP0001617,CUST009432,2026-01-16 10:07:02,8720.88,651,1,1,1,1,7129.31
APP0001618,CUST001801,2026-03-30 02:51:44,4721.14,655,1,1,0,0,0.0
APP0001619,CUST001821,2025-02-20 03:52:06,11958.64,605,1,1,1,0,11744.25
APP0001620,CUST000377,2025-11-20 23:32:30,6887.96,631,1,1,0,0,0.0
APP0001621,CUST006431,2025-01-16 19:33:47,10691.85,601,0,0,0,0,0.0
APP0001622,CUST007412,2026-05-29 10:08:56,11081.03,671,1,1,1,1,9717.48
APP0001623,CUST003541,2025-08-28 21:42:50,4952.55,610,1,0,0,0,0.0
APP0001624,CUST000882,2025-06-18 08:53:40,7999.0,660,1,1,1,1,6012.04
APP0001625,CUST007130,2025-11-09 11:20:23,4792.69,481,1,0,0,0,0.0
APP0001626,CUST001671,2025-03-24 11:14:29,2010.11,564,1,1,1,1,2000.03
APP0001627,CUST010077,2025-06-19 11:43:57,8125.65,693,0,0,0,0,0.0
APP0001628,CUST005881,2025-06-10 22:27:47,5452.71,570,1,1,0,0,0.0
APP0001629,CUST003758,2026-05-11 03:43:39,11063.69,646,1,1,1,0,9289.06
APP0001630,CUST011354,2026-05-23 05:56:29,3968.56,612,1,1,0,0,0.0
APP0001631,CUST007646,2025-06-21 17:17:49,5814.95,652,1,1,1,1,5765.62
APP0001632,CUST005600,2025-01-22 19:57:11,2127.52,778,1,1,1,1,1828.6
APP0001633,CUST010457,2025-05-20 13:51:37,1641.59,721,1,1,0,0,0.0
APP0001634,CUST000840,2026-06-16 04:19:11,6761.24,677,1,1,1,1,6134.77
APP0001635,CUST007497,2026-01-24 03:46:05,4971.56,615,1,1,0,0,0.0
APP0001636,CUST003978,2025-04-11 22:30:19,5839.5,514,0,0,0,0,0.0
APP0001637,CUST008263,2026-08-17 08:24:20,4761.44,592,0,0,0,0,0.0
APP0001638,CUST009137,2026-05-21 03:45:17,8148.78,588,0,0,0,0,0.0
APP0001639,CUST010769,2026-08-26 14:38:22,1284.53,616,1,1,1,1,1100.39
APP0001640,CUST005651,2025-04-06 12:20:28,5251.88,616,1,1,0,0,0.0
APP0001641,CUST004460,2026-08-30 12:24:35,19925.26,578,1,1,0,0,0.0
APP0001642,CUST005420,2025-04-24 10:52:11,7893.89,592,1,1,0,0,0.0
APP0001643,CUST001524,2025-08-17 17:43:07,11775.8,510,1,1,1,1,10717.1
APP0001644,CUST002428,2025-03-30 20:03:01,5999.32,611,1,1,1,1,4900.08
APP0001645,CUST005867,2025-07-13 16:32:19,21161.7,622,0,0,0,0,0.0
APP0001646,CUST006790,2026-01-10 15:14:04,8543.24,604,1,1,0,0,0.0
APP0001647,CUST006089,2026-03-17 09:08:09,6086.67,633,1,1,1,1,4742.21
APP0001648,CUST007033,2025-04-15 10:51:56,7823.78,637,1,1,1,1,6992.19
APP0001649,CUST010207,2025-03-19 05:31:16,9526.14,579,1,1,1,1,8786.88
APP0001650,CUST010344,2026-04-26 09:51:20,2846.72,521,0,0,0,0,0.0
APP0001651,CUST000478,2026-03-12 23:00:51,10871.56,575,1,1,1,1,9905.06
APP0001652,CUST008014,2025-05-23 19:53:00,8516.58,663,1,1,1,1,7280.82
APP0001653,CUST002757,2025-12-27 13:40:53,5451.82,666,1,1,0,0,0.0
APP0001654,CUST002768,2025-08-13 13:04:28,9895.06,654,1,1,1,1,8486.18
APP0001655,CUST004618,2025-07-29 05:45:49,6521.95,567,0,0,0,0,0.0
APP0001656,CUST010096,2026-05-29 05:49:47,5472.44,699,1,1,1,1,4991.87
APP0001657,CUST007845,2025-09-06 12:22:15,3203.79,517,1,1,1,1,2535.57
APP0001658,CUST008161,2025-03-23 01:56:30,11367.26,656,1,1,1,1,11070.97
APP0001659,CUST011841,2025-01-04 20:11:40,3482.64,689,1,1,1,1,3455.69
APP0001660,CUST000596,2025-09-16 05:57:58,5032.79,654,1,1,0,0,0.0
APP0001661,CUST000256,2025-08-06 04:31:49,22383.72,676,0,0,0,0,0.0
APP0001662,CUST008165,2025-11-13 08:40:22,3900.94,697,1,0,0,0,0.0
APP0001663,CUST011953,2025-02-22 03:41:11,8652.54,586,1,1,0,0,0.0
APP0001664,CUST001468,2026-03-21 15:00:14,11324.73,654,1,1,1,1,11263.8
APP0001665,CUST006238,2026-08-23 05:34:46,33967.41,599,0,0,0,0,0.0
APP0001666,CUST009356,2025-10-13 15:00:25,3850.12,678,1,1,1,1,3168.53
APP0001667,CUST000907,2026-01-26 09:00:35,13245.64,674,1,1,0,0,0.0
APP0001668,CUST000372,2026-06-13 11:02:30,21267.34,701,1,1,0,0,0.0
APP0001669,CUST002109,2025-08-12 03:10:58,4666.86,486,1,1,1,1,3571.51
APP0001670,CUST002155,2025-08-03 08:10:07,2120.57,637,1,1,0,0,0.0
APP0001671,CUST010234,2025-11-29 15:49:32,2412.2,552,0,0,0,0,0.0
APP0001672,CUST000421,2025-08-19 15:40:51,7188.15,733,1,1,0,0,0.0
APP0001673,CUST006288,2025-01-17 11:56:53,9508.85,526,0,0,0,0,0.0
APP0001674,CUST005723,2025-04-26 12:02:04,5085.94,635,1,1,0,0,0.0
APP0001675,CUST000928,2026-06-29 02:01:21,5981.99,697,1,1,1,1,5106.79
APP0001676,CUST000294,2025-04-09 01:46:18,8817.92,800,1,1,1,1,7206.8
APP0001677,CUST009742,2026-07-15 02:07:03,9106.91,669,1,1,0,0,0.0
APP0001678,CUST007637,2025-08-12 17:01:33,27176.75,502,0,0,0,0,0.0
APP0001679,CUST004545,2026-04-03 10:45:56,8759.42,619,1,1,1,1,7933.56
APP0001680,CUST001512,2026-01-13 23:32:56,18313.89,600,1,1,1,1,15880.06
APP0001681,CUST000024,2025-12-30 18:36:45,4584.44,662,1,1,1,1,4271.09
APP0001682,CUST007141,2025-06-28 19:35:00,12295.59,732,1,1,1,1,11068.67
APP0001683,CUST010293,2025-12-27 10:26:15,7100.57,669,1,1,0,0,0.0
APP0001684,CUST000259,2025-01-12 11:53:02,15223.23,572,1,1,0,0,0.0
APP0001685,CUST002315,2026-07-03 10:21:25,10037.33,701,1,1,1,1,8930.18
APP0001686,CUST010067,2025-11-17 09:29:25,15162.85,671,1,1,1,1,12854.66
APP0001687,CUST002650,2025-01-23 09:20:57,3505.58,592,1,1,0,0,0.0
APP0001688,CUST009699,2026-01-29 04:59:12,2162.58,603,0,0,0,0,0.0
APP0001689,CUST011728,2026-01-23 17:55:55,11170.12,691,1,1,0,0,0.0
APP0001690,CUST001667,2026-06-11 21:59:12,8141.07,619,1,1,1,1,7342.37
APP0001691,CUST003920,2026-08-05 06:45:59,3625.86,678,1,1,0,0,0.0
APP0001692,CUST009708,2025-12-10 18:12:57,3092.29,542,1,1,0,0,0.0
APP0001693,CUST004527,2025-06-24 22:44:19,5920.9,687,1,1,1,0,5421.98
APP0001694,CUST007804,2026-08-03 09:41:28,2972.17,470,1,1,0,0,0.0
APP0001695,CUST007240,2026-08-18 05:10:22,3599.83,617,1,1,0,0,0.0
APP0001696,CUST000678,2026-03-11 20:31:20,12490.03,567,1,1,1,1,11314.4
APP0001697,CUST004101,2026-04-15 23:52:16,16286.55,521,1,1,0,0,0.0
APP0001698,CUST006813,2025-10-02 13:40:45,4678.07,582,1,1,0,0,0.0
APP0001699,CUST001581,2025-12-17 06:00:09,2371.8,717,1,1,1,0,1947.22
APP0001700,CUST004632,2025-03-12 21:55:09,2941.59,619,1,1,0,0,0.0
APP0001701,CUST001610,2025-02-04 02:29:51,7155.01,688,0,0,0,0,0.0
APP0001702,CUST011018,2026-06-26 13:10:53,2743.8,615,1,0,0,0,0.0
APP0001703,CUST005749,2025-11-01 01:42:02,2215.53,643,0,0,0,0,0.0
APP0001704,CUST009499,2025-03-27 02:20:19,7077.41,612,1,1,0,0,0.0
APP0001705,CUST009113,2025-09-01 00:59:16,11695.39,509,1,1,0,0,0.0
APP0001706,CUST002834,2026-03-16 07:41:34,2162.12,651,1,1,1,1,1645.94
APP0001707,CUST004570,2025-09-01 12:46:01,15157.48,508,1,1,0,0,0.0
APP0001708,CUST001794,2025-04-17 16:00:39,3464.08,661,1,1,1,1,3357.64
APP0001709,CUST005770,2025-04-07 20:47:00,18674.48,681,1,1,1,1,15386.2
APP0001710,CUST004643,2025-08-20 09:46:55,11375.73,555,1,1,1,1,9723.04
APP0001711,CUST003167,2025-11-29 23:11:02,2499.25,651,1,1,1,1,2231.58
APP0001712,CUST005349,2026-04-01 09:10:13,12748.06,685,0,0,0,0,0.0
APP0001713,CUST010250,2025-10-02 07:58:42,17848.71,577,1,1,1,0,15370.25
APP0001714,CUST009705,2026-02-22 02:43:16,6759.73,629,1,1,0,0,0.0
APP0001715,CUST011460,2025-11-16 04:19:35,10697.8,573,1,1,0,0,0.0
APP0001716,CUST005442,2025-12-07 15:07:42,10454.57,586,1,1,1,0,8958.67
APP0001717,CUST002678,2025-01-07 11:41:28,2521.65,775,1,1,1,1,2520.41
APP0001718,CUST008326,2025-08-27 20:32:24,9128.29,631,1,1,0,0,0.0
APP0001719,CUST002352,2025-07-14 15:20:15,3507.97,666,1,1,1,1,2981.47
APP0001720,CUST003406,2025-05-04 03:35:29,4827.72,675,1,1,0,0,0.0
APP0001721,CUST011329,2026-05-16 21:31:21,3197.6,645,1,1,1,1,3018.35
APP0001722,CUST010064,2026-04-22 17:31:59,9054.64,546,1,1,0,0,0.0
APP0001723,CUST010034,2025-05-23 10:28:26,8885.3,587,1,1,0,0,0.0
APP0001724,CUST008018,2025-06-21 02:41:48,2038.25,629,1,1,0,0,0.0
APP0001725,CUST005225,2026-03-09 13:57:14,4565.41,752,1,0,0,0,0.0
APP0001726,CUST007490,2025-11-19 20:40:27,3825.17,677,1,1,1,0,3027.14
APP0001727,CUST004531,2026-03-16 06:36:43,4078.63,551,1,1,0,0,0.0
APP0001728,CUST008198,2025-05-14 12:32:35,7739.84,654,1,1,1,1,6792.19
APP0001729,CUST005020,2025-07-21 13:28:28,8170.32,740,1,1,1,0,8080.66
APP0001730,CUST009954,2025-03-29 03:27:24,18717.28,551,1,1,0,0,0.0
APP0001731,CUST006892,2026-07-18 01:56:14,8861.05,717,0,0,0,0,0.0
APP0001732,CUST008051,2025-05-25 23:51:02,6364.52,524,1,1,1,0,5722.5
APP0001733,CUST010033,2025-07-20 22:28:53,6901.66,519,1,1,0,0,0.0
APP0001734,CUST002563,2025-08-31 21:28:16,3645.68,586,1,1,0,0,0.0
APP0001735,CUST000790,2026-06-26 04:13:57,5273.59,602,1,1,0,0,0.0
APP0001736,CUST004481,2025-03-25 23:34:15,2709.65,689,1,1,1,1,2394.26
APP0001737,CUST001857,2025-11-12 08:43:25,15231.4,634,1,1,1,1,11539.12
APP0001738,CUST011404,2025-10-27 03:47:08,6688.05,659,1,0,0,0,0.0
APP0001739,CUST002845,2026-07-16 08:45:07,7223.31,610,1,1,0,0,0.0
APP0001740,CUST000343,2025-02-17 13:14:49,2816.49,554,1,1,0,0,0.0
APP0001741,CUST010568,2025-10-06 06:00:35,3918.97,550,1,0,0,0,0.0
APP0001742,CUST002839,2025-03-08 09:40:28,4021.14,488,1,1,0,0,0.0
APP0001743,CUST006166,2026-05-06 03:03:53,5334.95,603,1,1,0,0,0.0
APP0001744,CUST005783,2025-01-01 22:53:56,4730.4,600,1,1,0,0,0.0
APP0001745,CUST003650,2025-06-06 09:29:23,9524.03,568,0,0,0,0,0.0
APP0001746,CUST002792,2026-03-01 23:36:59,3193.64,661,1,1,0,0,0.0
APP0001747,CUST005666,2025-10-20 01:25:12,6180.49,547,1,1,1,1,6032.22
APP0001748,CUST011913,2025-04-11 14:49:12,5215.42,599,1,1,1,1,4925.93
APP0001749,CUST002154,2025-02-21 11:51:04,7836.96,610,0,0,0,0,0.0
APP0001750,CUST011793,2026-07-16 11:25:54,16129.84,625,1,1,1,1,12620.49
APP0001751,CUST001047,2026-08-20 04:47:54,17073.81,592,1,1,1,1,16322.92
APP0001752,CUST004586,2025-09-10 03:59:02,4011.07,709,1,1,1,1,3287.79
APP0001753,CUST004881,2025-12-27 00:27:06,5189.91,641,1,1,1,1,5128.45
APP0001754,CUST004789,2025-09-09 20:46:33,10205.01,677,1,1,0,0,0.0
APP0001755,CUST011417,2026-07-11 07:41:08,10536.42,587,1,1,0,0,0.0
APP0001756,CUST011249,2025-05-21 07:04:19,13229.02,639,1,1,1,1,13105.76
APP0001757,CUST000580,2025-06-10 14:30:28,5231.66,542,1,1,0,0,0.0
APP0001758,CUST006107,2025-08-30 18:21:12,9292.69,645,1,1,1,1,8971.87
APP0001759,CUST004458,2025-05-13 12:32:47,18238.72,660,1,1,1,1,17214.86
APP0001760,CUST002256,2026-08-23 14:16:06,5927.29,635,0,0,0,0,0.0
APP0001761,CUST010452,2025-12-24 21:11:38,4071.2,612,1,1,1,0,3860.74
APP0001762,CUST005147,2025-03-21 13:20:14,10730.92,699,1,0,0,0,0.0
APP0001763,CUST010014,2025-05-27 06:36:18,3741.85,643,1,1,1,1,3464.2
APP0001764,CUST003613,2025-09-03 12:32:23,5728.1,553,1,0,0,0,0.0
APP0001765,CUST005003,2025-01-04 18:16:01,2264.4,591,1,1,0,0,0.0
APP0001766,CUST006357,2026-07-01 08:36:21,16068.94,536,0,0,0,0,0.0
APP0001767,CUST003096,2025-05-03 18:28:47,14414.17,563,1,1,1,1,11927.15
APP0001768,CUST003117,2025-04-02 11:06:19,9259.53,564,1,0,0,0,0.0
APP0001769,CUST002828,2025-10-14 11:48:33,3744.06,636,1,1,0,0,0.0
APP0001770,CUST008271,2026-07-14 06:24:24,8331.25,675,1,1,1,1,7889.68
APP0001771,CUST003065,2025-09-02 04:11:41,4047.13,557,1,1,0,0,0.0
APP0001772,CUST009393,2026-03-14 20:35:28,8799.09,589,1,1,1,1,8738.83
APP0001773,CUST006154,2026-06-26 00:40:00,9962.99,539,1,1,0,0,0.0
APP0001774,CUST007811,2026-04-23 02:14:49,1561.31,602,1,1,1,1,1187.82
APP0001775,CUST007588,2026-03-05 00:14:27,3477.4,557,1,1,0,0,0.0
APP0001776,CUST005197,2026-03-08 19:23:55,1304.58,583,1,1,0,0,0.0
APP0001777,CUST011008,2026-01-03 19:31:26,11897.91,698,1,1,1,1,10828.65
APP0001778,CUST011421,2025-08-22 03:37:49,8571.62,678,1,1,0,0,0.0
APP0001779,CUST009902,2025-03-30 12:10:01,1762.54,635,1,1,1,1,1612.19
APP0001780,CUST009572,2025-03-12 06:05:59,4066.13,697,1,1,1,1,3319.93
APP0001781,CUST009041,2026-02-04 16:09:26,6828.19,635,1,1,0,0,0.0
APP0001782,CUST002502,2025-04-21 13:39:49,2336.86,562,1,0,0,0,0.0
APP0001783,CUST009236,2025-12-02 02:56:56,5894.65,579,1,1,1,1,5078.15
APP0001784,CUST004963,2025-05-25 14:59:28,4673.65,398,1,0,0,0,0.0
APP0001785,CUST007514,2025-08-28 00:30:41,5668.63,671,1,1,0,0,0.0
APP0001786,CUST009470,2026-06-26 06:37:47,3870.94,599,1,1,1,1,3834.28
APP0001787,CUST008639,2025-01-29 00:22:32,6510.55,548,1,1,1,0,5872.77
APP0001788,CUST010995,2026-05-11 23:55:04,16852.61,660,1,1,1,1,13944.35
APP0001789,CUST007693,2026-02-13 06:38:30,8449.24,626,1,1,1,1,8073.19
APP0001790,CUST006085,2025-11-12 10:56:52,6118.47,567,1,1,1,1,4719.08
APP0001791,CUST002491,2026-03-10 14:56:04,3797.33,493,1,1,1,1,3037.79
APP0001792,CUST001942,2025-03-27 09:09:36,13264.15,643,1,1,1,1,11091.41
APP0001793,CUST010507,2025-02-27 21:43:18,13667.33,723,1,1,1,1,10381.04
APP0001794,CUST006209,2026-04-25 04:36:02,1310.7,678,0,0,0,0,0.0
APP0001795,CUST003008,2025-06-07 11:21:40,20041.82,635,1,1,0,0,0.0
APP0001796,CUST002434,2026-05-09 18:26:29,9082.37,641,1,1,1,1,7517.67
APP0001797,CUST009773,2025-01-27 17:09:53,7533.06,654,1,1,1,1,7151.34
APP0001798,CUST007409,2025-11-23 18:21:37,13158.14,521,1,1,1,1,10492.18
APP0001799,CUST011824,2025-09-12 20:39:19,7170.1,779,1,1,0,0,0.0
APP0001800,CUST007449,2025-03-12 18:40:26,5281.88,578,1,1,0,0,0.0
APP0001801,CUST001084,2026-06-24 06:08:44,3709.77,647,1,1,1,1,3015.03
APP0001802,CUST011119,2025-06-15 14:25:20,4055.67,589,1,1,0,0,0.0
APP0001803,CUST008816,2026-03-23 00:09:57,2323.23,478,1,1,1,1,1896.29
APP0001804,CUST004311,2025-08-13 18:45:33,4835.18,509,0,0,0,0,0.0
APP0001805,CUST001548,2025-02-14 18:01:27,6689.23,644,0,0,0,0,0.0
APP0001806,CUST004828,2025-08-29 05:37:50,4808.68,642,1,1,1,0,4595.08
APP0001807,CUST009322,2025-06-27 05:13:42,5492.38,579,1,0,0,0,0.0
APP0001808,CUST006273,2025-09-26 10:34:08,8066.04,553,1,1,1,1,6127.81
APP0001809,CUST011086,2025-12-08 14:43:04,8483.42,599,1,1,1,1,6906.02
APP0001810,CUST006891,2025-01-21 08:20:01,3467.83,617,1,1,1,1,2946.53
APP0001811,CUST008488,2025-02-16 01:26:24,3502.76,493,0,0,0,0,0.0
APP0001812,CUST005324,2025-05-04 06:24:40,4054.65,579,1,1,1,1,3416.2
APP0001813,CUST003558,2026-03-02 13:15:53,5602.31,548,1,1,1,1,5375.64
APP0001814,CUST005522,2025-04-03 23:37:52,10676.05,685,1,1,1,1,9436.22
APP0001815,CUST009943,2026-04-12 22:15:57,5128.51,382,1,1,0,0,0.0
APP0001816,CUST008475,2025-07-22 06:40:53,6535.03,538,1,1,0,0,0.0
APP0001817,CUST009749,2026-04-02 00:30:30,2602.96,598,1,1,1,1,2208.05
APP0001818,CUST008962,2025-09-20 11:00:43,9563.2,697,1,1,0,0,0.0
APP0001819,CUST010858,2025-03-14 22:50:48,5346.65,710,1,1,1,1,4155.18
APP0001820,CUST010568,2026-06-01 15:41:17,2225.56,526,1,1,0,0,0.0
APP0001821,CUST011396,2026-05-28 06:26:56,12618.51,622,1,1,0,0,0.0
APP0001822,CUST010194,2025-02-05 23:33:10,3052.35,662,1,1,1,1,2559.99
APP0001823,CUST011246,2026-02-27 09:57:17,8409.32,615,1,1,1,1,8157.55
APP0001824,CUST003422,2025-10-27 09:33:13,6049.49,533,0,0,0,0,0.0
APP0001825,CUST003385,2026-03-03 08:56:40,12063.05,614,1,1,1,0,9518.73
APP0001826,CUST006372,2025-10-17 07:20:17,6068.13,519,1,1,0,0,0.0
APP0001827,CUST003745,2025-06-13 23:19:14,4126.54,702,1,1,1,0,3413.69
APP0001828,CUST008622,2025-04-29 23:01:46,9847.11,549,1,1,0,0,0.0
APP0001829,CUST007094,2025-03-16 19:23:12,5661.5,610,1,1,0,0,0.0
APP0001830,CUST007509,2025-03-26 15:39:41,29912.43,538,1,1,0,0,0.0
APP0001831,CUST000944,2026-06-24 23:28:00,4547.1,669,0,0,0,0,0.0
APP0001832,CUST008918,2026-03-20 13:29:11,6985.43,601,1,1,1,0,6347.86
APP0001833,CUST000160,2026-02-06 01:05:27,4177.45,615,1,1,0,0,0.0
APP0001834,CUST008759,2026-01-10 08:35:34,11091.22,641,1,1,0,0,0.0
APP0001835,CUST008447,2025-05-05 22:10:48,10822.63,596,1,1,1,1,8756.26
APP0001836,CUST004427,2026-01-07 11:36:56,6813.11,631,1,1,1,1,5222.11
APP0001837,CUST003226,2026-05-02 05:00:38,2309.99,642,0,0,0,0,0.0
APP0001838,CUST003276,2025-03-25 08:01:48,5697.2,609,1,1,0,0,0.0
APP0001839,CUST000003,2025-06-09 05:27:38,5377.15,705,1,1,1,1,4299.76
APP0001840,CUST003740,2025-05-20 06:26:38,5101.22,698,1,1,1,1,4450.53
APP0001841,CUST009183,2025-04-19 15:37:03,8921.6,627,1,1,1,1,6948.46
APP0001842,CUST010154,2025-03-14 14:31:25,10634.08,583,1,1,1,1,10160.9
APP0001843,CUST007110,2025-10-18 13:44:21,6806.49,760,1,1,0,0,0.0
APP0001844,CUST009783,2026-06-08 13:19:52,4971.63,761,1,1,0,0,0.0
APP0001845,CUST011755,2026-04-13 10:07:58,6032.99,764,1,1,1,1,5271.3
APP0001846,CUST009123,2025-01-11 04:07:47,1627.92,673,1,1,0,0,0.0
APP0001847,CUST005236,2025-06-10 17:13:43,5888.97,628,1,1,0,0,0.0
APP0001848,CUST002889,2026-07-26 15:43:54,3754.94,669,1,1,1,1,3424.0
APP0001849,CUST001868,2026-01-19 14:57:54,3526.79,661,1,1,0,0,0.0
APP0001850,CUST008876,2026-07-12 08:10:31,6081.24,657,1,1,0,0,0.0
APP0001851,CUST009821,2026-08-23 16:43:32,4838.64,558,1,1,0,0,0.0
APP0001852,CUST006006,2025-07-03 04:50:48,7396.37,717,1,1,1,1,6627.72
APP0001853,CUST010908,2025-12-23 01:31:57,4472.05,683,1,0,0,0,0.0
APP0001854,CUST009886,2026-03-13 20:00:10,5739.66,675,1,1,0,0,0.0
APP0001855,CUST011863,2025-04-28 10:55:56,3880.33,624,1,1,0,0,0.0
APP0001856,CUST006720,2026-03-26 06:47:37,7203.51,712,0,0,0,0,0.0
APP0001857,CUST001644,2026-08-13 18:27:31,12147.81,673,1,1,1,1,10573.07
APP0001858,CUST001179,2025-02-18 22:53:29,6315.36,665,1,0,0,0,0.0
APP0001859,CUST000239,2025-02-28 12:22:18,6573.66,756,1,0,0,0,0.0
APP0001860,CUST004135,2026-03-04 04:00:23,1632.58,592,1,1,1,1,1486.07
APP0001861,CUST010289,2025-03-18 18:49:59,9212.06,640,1,1,0,0,0.0
APP0001862,CUST011644,2025-03-26 23:44:18,7719.18,564,1,1,0,0,0.0
APP0001863,CUST001120,2025-01-25 11:00:13,7964.16,647,1,1,1,1,6745.57
APP0001864,CUST002478,2026-02-19 09:32:36,19677.9,800,1,1,1,1,15971.62
APP0001865,CUST003214,2025-06-11 18:30:28,2286.56,520,1,1,1,1,2084.19
APP0001866,CUST010228,2026-02-26 03:29:00,3084.82,587,0,0,0,0,0.0
APP0001867,CUST001148,2026-02-06 12:52:44,3457.87,567,1,1,1,0,2839.15
APP0001868,CUST011875,2025-06-29 14:52:49,4653.01,634,1,0,0,0,0.0
APP0001869,CUST007572,2026-04-22 23:32:13,9020.25,700,1,1,0,0,0.0
APP0001870,CUST002602,2026-03-12 01:06:17,23453.79,593,1,1,0,0,0.0
APP0001871,CUST010511,2026-07-28 18:57:20,7803.07,719,1,1,1,1,6182.51
APP0001872,CUST010553,2025-10-07 08:12:12,14478.51,647,1,1,0,0,0.0
APP0001873,CUST008133,2026-01-18 02:17:26,4673.39,540,1,1,0,0,0.0
APP0001874,CUST000605,2026-03-17 09:54:10,6007.41,505,1,1,1,1,5620.62
APP0001875,CUST003169,2026-07-06 22:21:18,3830.71,525,0,0,0,0,0.0
APP0001876,CUST000178,2025-10-29 10:39:44,17003.88,607,1,1,1,0,13819.75
APP0001877,CUST000377,2025-09-28 10:33:55,5809.1,685,1,1,0,0,0.0
APP0001878,CUST002046,2026-07-18 07:38:28,8913.34,567,1,1,1,1,6780.66
APP0001879,CUST010120,2026-01-07 02:24:27,6965.27,659,1,1,1,1,5444.4
APP0001880,CUST009366,2026-03-27 23:48:43,4082.97,482,1,1,0,0,0.0
APP0001881,CUST011360,2025-12-16 20:50:21,3889.99,684,0,0,0,0,0.0
APP0001882,CUST002156,2025-07-06 05:05:00,11078.54,601,1,0,0,0,0.0
APP0001883,CUST003044,2026-05-25 22:17:06,17948.61,634,1,1,0,0,0.0
APP0001884,CUST002809,2026-02-16 06:47:11,5696.06,582,1,1,1,1,4610.79
APP0001885,CUST005729,2026-08-23 11:08:34,19133.92,713,1,1,0,0,0.0
APP0001886,CUST008819,2026-05-05 16:24:55,2851.3,670,1,1,0,0,0.0
APP0001887,CUST004010,2025-01-27 02:34:13,4996.03,578,1,1,1,1,4255.88
APP0001888,CUST009553,2025-04-30 02:49:03,10198.81,501,0,0,0,0,0.0
APP0001889,CUST004833,2025-02-01 14:03:38,11082.19,631,0,0,0,0,0.0
APP0001890,CUST001118,2025-09-23 08:04:23,9558.48,651,1,1,1,1,8005.27
APP0001891,CUST010781,2026-01-12 07:17:26,4479.36,688,1,1,1,1,3729.06
APP0001892,CUST007437,2026-04-07 20:36:03,7722.6,704,1,1,1,1,7559.47
APP0001893,CUST008017,2025-02-02 13:57:45,9957.21,713,1,0,0,0,0.0
APP0001894,CUST003366,2025-08-20 00:37:56,3271.43,710,1,1,1,0,3038.68
APP0001895,CUST001804,2026-05-24 03:01:48,2418.24,684,1,1,1,1,2328.12
APP0001896,CUST006076,2025-11-15 21:13:51,8052.63,671,1,1,1,1,7537.79
APP0001897,CUST000765,2026-07-04 00:06:45,7464.57,680,0,0,0,0,0.0
APP0001898,CUST007244,2025-10-04 03:17:22,1992.37,625,0,0,0,0,0.0
APP0001899,CUST002066,2025-01-29 15:07:02,23657.25,747,1,0,0,0,0.0
APP0001900,CUST002585,2026-05-19 14:39:14,8762.68,654,0,0,0,0,0.0
APP0001901,CUST006681,2025-09-09 00:03:45,5747.47,499,1,1,0,0,0.0
APP0001902,CUST002265,2025-01-09 12:04:02,7835.5,506,0,0,0,0,0.0
APP0001903,CUST007996,2026-03-25 14:51:06,29940.12,626,1,1,0,0,0.0
APP0001904,CUST011677,2026-04-10 07:11:13,5156.44,529,0,0,0,0,0.0
APP0001905,CUST001454,2025-03-28 16:56:52,20020.45,649,0,0,0,0,0.0
APP0001906,CUST006373,2026-08-25 07:40:08,7449.3,641,1,1,1,1,6061.51
APP0001907,CUST009366,2025-05-31 20:17:13,1876.1,544,1,1,0,0,0.0
APP0001908,CUST007044,2025-05-24 08:29:00,5666.81,562,1,0,0,0,0.0
APP0001909,CUST008573,2026-04-13 14:55:43,7387.4,527,1,1,1,1,5901.42
APP0001910,CUST002216,2025-04-21 06:47:03,6764.43,604,1,1,0,0,0.0
APP0001911,CUST005422,2025-07-23 01:05:56,2452.32,627,1,1,1,1,2199.54
APP0001912,CUST007080,2026-03-13 23:32:40,12877.23,622,1,1,0,0,0.0
APP0001913,CUST009154,2026-06-03 18:19:23,3115.86,578,1,1,0,0,0.0
APP0001914,CUST003404,2025-01-10 10:35:40,5516.82,619,0,0,0,0,0.0
APP0001915,CUST009775,2025-08-18 09:16:15,3419.46,618,1,1,0,0,0.0
APP0001916,CUST004296,2025-05-16 14:28:36,13046.11,718,1,1,1,0,11887.39
APP0001917,CUST010110,2025-08-05 22:42:52,3046.2,720,1,1,1,1,2607.9
APP0001918,CUST008048,2026-05-28 05:41:46,2604.25,602,1,1,1,0,2470.54
APP0001919,CUST006838,2025-09-16 20:39:01,8952.42,566,0,0,0,0,0.0
APP0001920,CUST001326,2025-11-29 11:37:18,15114.95,713,1,1,1,1,15110.87
APP0001921,CUST009766,2026-05-30 08:52:48,8447.84,618,1,1,1,1,6646.11
APP0001922,CUST004587,2025-12-20 10:13:06,1632.03,626,0,0,0,0,0.0
APP0001923,CUST010886,2026-01-21 15:49:50,3396.04,652,0,0,0,0,0.0
APP0001924,CUST006499,2026-06-22 19:29:50,4239.61,607,1,1,0,0,0.0
APP0001925,CUST009911,2025-03-31 03:52:02,3327.44,626,1,1,0,0,0.0
APP0001926,CUST008896,2025-06-09 04:46:37,6911.8,614,1,1,1,1,6392.95
APP0001927,CUST007685,2026-08-09 20:16:16,4823.96,517,0,0,0,0,0.0
APP0001928,CUST009760,2026-06-06 18:18:46,5922.83,593,0,0,0,0,0.0
APP0001929,CUST000485,2025-01-06 12:11:36,10233.42,618,1,1,0,0,0.0
APP0001930,CUST003037,2025-12-16 11:39:03,5599.7,728,1,1,1,1,5421.33
APP0001931,CUST001565,2026-03-26 20:42:45,7479.0,653,0,0,0,0,0.0
APP0001932,CUST004153,2025-07-28 03:03:03,5595.27,645,1,1,0,0,0.0
APP0001933,CUST009810,2025-01-07 23:26:39,6919.13,536,1,1,1,1,5634.06
APP0001934,CUST001558,2025-02-11 22:56:10,2034.19,767,1,1,1,1,1814.95
APP0001935,CUST001317,2025-01-25 01:32:07,5071.57,506,1,1,1,1,3816.17
APP0001936,CUST007426,2025-04-27 02:59:34,8312.99,787,1,1,1,1,7923.5
APP0001937,CUST002925,2026-04-04 09:27:30,25996.52,695,1,1,0,0,0.0
APP0001938,CUST003131,2026-01-08 18:07:51,16593.48,555,1,0,0,0,0.0
APP0001939,CUST005502,2026-07-20 20:01:20,3692.03,630,1,1,1,1,2926.93
APP0001940,CUST003386,2025-11-28 12:05:33,67631.82,566,1,1,0,0,0.0
APP0001941,CUST011983,2025-05-16 15:49:44,8245.56,720,1,1,0,0,0.0
APP0001942,CUST007017,2026-08-20 11:07:04,7872.49,504,1,1,0,0,0.0
APP0001943,CUST002607,2026-01-09 15:42:10,3992.33,616,1,1,1,1,3559.46
APP0001944,CUST005932,2025-03-13 19:41:16,4368.64,566,1,1,1,1,4167.54
APP0001945,CUST003081,2026-08-26 20:08:51,1919.21,510,1,1,0,0,0.0
APP0001946,CUST005226,2026-03-28 15:33:13,5271.07,563,1,1,0,0,0.0
APP0001947,CUST004678,2025-06-27 18:43:52,4592.62,488,1,1,1,1,4389.03
APP0001948,CUST003593,2025-08-01 17:02:43,4460.01,560,1,1,0,0,0.0
APP0001949,CUST006404,2025-10-27 18:39:22,1744.57,790,1,1,1,1,1384.83
APP0001950,CUST002309,2026-02-06 00:37:57,1015.65,529,0,0,0,0,0.0
APP0001951,CUST004555,2026-07-11 14:02:51,12199.78,557,1,1,1,0,10199.06
APP0001952,CUST009291,2026-06-15 22:40:40,6808.96,717,1,1,1,0,5490.77
APP0001953,CUST011111,2025-01-24 06:46:52,7235.55,587,1,1,0,0,0.0
APP0001954,CUST000919,2026-06-09 15:52:25,2894.45,615,1,1,0,0,0.0
APP0001955,CUST000228,2025-12-24 23:43:19,2638.77,636,1,1,1,1,2048.97
APP0001956,CUST001551,2025-05-23 11:11:21,5132.96,656,1,1,1,1,5061.77
APP0001957,CUST009259,2025-03-07 07:31:59,4820.96,590,1,1,0,0,0.0
APP0001958,CUST005910,2025-06-20 04:00:32,7311.16,647,1,1,1,1,6885.97
APP0001959,CUST009833,2026-08-16 00:37:17,4747.3,701,0,0,0,0,0.0
APP0001960,CUST002253,2025-10-02 13:10:01,5628.7,474,1,1,0,0,0.0
APP0001961,CUST003799,2025-04-03 04:48:01,2096.57,619,1,1,1,1,1703.99
APP0001962,CUST000389,2025-02-18 22:24:49,8969.99,570,0,0,0,0,0.0
APP0001963,CUST011490,2025-04-02 07:19:55,3997.02,615,1,1,1,1,3256.84
APP0001964,CUST009930,2025-03-26 11:10:32,8455.41,557,0,0,0,0,0.0
APP0001965,CUST007991,2025-02-14 03:23:14,11858.21,720,1,1,0,0,0.0
APP0001966,CUST009802,2026-01-26 01:43:39,4457.9,613,1,1,0,0,0.0
APP0001967,CUST008408,2025-12-15 00:09:22,6285.25,527,1,1,1,1,5309.76
APP0001968,CUST009547,2025-06-13 18:38:26,3166.59,642,1,1,1,0,2633.22
APP0001969,CUST011532,2026-04-03 05:04:02,3396.09,663,1,0,0,0,0.0
APP0001970,CUST004794,2026-05-10 01:09:29,23238.98,631,1,1,1,1,20271.25
APP0001971,CUST010811,2026-01-26 23:24:05,5038.56,570,1,1,0,0,0.0
APP0001972,CUST009164,2025-01-08 16:46:40,2595.83,718,1,1,1,1,2210.02
APP0001973,CUST003375,2025-06-05 22:41:54,7820.14,565,0,0,0,0,0.0
APP0001974,CUST001863,2025-07-18 18:32:08,15585.66,656,0,0,0,0,0.0
APP0001975,CUST000546,2025-04-04 23:24:52,9385.85,530,1,1,0,0,0.0
APP0001976,CUST010132,2026-05-31 09:54:04,4806.42,601,1,1,0,0,0.0
APP0001977,CUST006604,2025-04-29 06:43:24,3269.72,714,1,1,1,1,2478.23
APP0001978,CUST005534,2025-07-28 18:07:05,4171.09,528,1,1,0,0,0.0
APP0001979,CUST006571,2026-08-13 05:35:56,3528.56,534,1,1,0,0,0.0
APP0001980,CUST004310,2025-09-11 00:58:06,9068.61,700,1,1,1,1,8143.92
APP0001981,CUST009409,2025-04-06 14:56:30,7055.37,578,1,0,0,0,0.0
APP0001982,CUST010413,2026-05-26 08:21:48,3637.43,670,1,1,1,1,3343.24
APP0001983,CUST001591,2026-03-31 20:38:25,9142.7,671,1,1,0,0,0.0
APP0001984,CUST006910,2025-04-10 12:36:01,8053.82,666,1,1,0,0,0.0
APP0001985,CUST002003,2026-06-13 18:32:38,9104.55,612,1,1,0,0,0.0
APP0001986,CUST007324,2026-02-14 17:21:04,2921.73,601,1,0,0,0,0.0
APP0001987,CUST000435,2025-05-09 23:19:57,6167.64,617,1,1,0,0,0.0
APP0001988,CUST006936,2026-06-30 11:57:47,4081.68,587,0,0,0,0,0.0
APP0001989,CUST009674,2025-10-10 23:38:16,7764.89,642,0,0,0,0,0.0
APP0001990,CUST007868,2025-12-08 01:10:40,13340.4,587,1,1,0,0,0.0
APP0001991,CUST005592,2025-04-04 12:54:30,5037.21,617,1,1,1,1,4114.81
APP0001992,CUST006477,2025-07-24 16:25:08,9287.12,673,0,0,0,0,0.0
APP0001993,CUST005939,2026-01-20 10:03:17,7240.78,628,1,1,0,0,0.0
APP0001994,CUST005862,2026-07-12 21:41:14,4534.83,606,1,1,0,0,0.0
APP0001995,CUST011534,2025-01-05 18:13:55,4743.46,553,1,1,1,1,4201.27
APP0001996,CUST011854,2026-07-24 19:43:52,3517.17,599,0,0,0,0,0.0
APP0001997,CUST009170,2026-02-23 16:43:00,3031.78,599,1,1,1,1,3006.32
APP0001998,CUST004711,2026-06-03 19:46:29,12488.15,496,1,0,0,0,0.0
APP0001999,CUST011799,2026-04-28 17:05:28,5564.02,700,1,1,1,1,5130.41
APP0002000,CUST002300,2026-01-08 03:42:11,4046.08,555,1,1,0,0,0.0
APP0002001,CUST009689,2026-03-24 17:28:45,4674.92,616,1,1,0,0,0.0
APP0002002,CUST007332,2025-12-28 18:49:48,8761.8,609,1,1,1,1,7416.77
APP0002003,CUST011245,2026-08-16 14:07:13,7812.51,638,0,0,0,0,0.0
APP0002004,CUST008489,2025-01-14 03:54:26,6051.31,587,1,1,1,1,5813.44
APP0002005,CUST005411,2025-09-30 11:31:26,5612.35,569,1,1,0,0,0.0
APP0002006,CUST000129,2025-10-04 10:07:10,7062.98,526,1,1,0,0,0.0
APP0002007,CUST000520,2025-01-26 04:58:37,1756.34,557,1,1,1,1,1672.8
APP0002008,CUST003505,2025-09-11 13:18:33,9693.75,699,1,1,0,0,0.0
APP0002009,CUST010883,2025-07-11 06:42:11,4974.0,589,1,1,0,0,0.0
APP0002010,CUST007363,2026-05-04 04:10:15,14841.76,800,1,0,0,0,0.0
APP0002011,CUST005607,2026-05-17 17:11:39,6848.03,628,1,1,1,1,5526.46
APP0002012,CUST008794,2025-07-15 21:14:20,6471.61,760,1,1,1,1,4881.32
APP0002013,CUST000009,2025-09-03 04:21:34,4141.89,517,0,0,0,0,0.0
APP0002014,CUST002224,2025-01-18 23:13:41,5720.23,722,1,1,1,1,5503.15
APP0002015,CUST006220,2025-11-10 01:09:26,5747.01,568,1,0,0,0,0.0
APP0002016,CUST003120,2025-04-18 11:48:52,7547.25,653,1,0,0,0,0.0
APP0002017,CUST008439,2025-03-07 09:49:09,4774.31,654,1,1,0,0,0.0
APP0002018,CUST003797,2026-03-09 03:10:20,7409.37,566,1,1,1,0,7117.71
APP0002019,CUST003232,2026-02-06 05:49:29,10437.02,702,1,1,0,0,0.0
APP0002020,CUST004671,2025-03-01 12:55:19,5948.45,646,1,1,1,1,4729.48
APP0002021,CUST007135,2025-02-02 06:14:48,5923.92,561,1,1,1,1,5251.09
APP0002022,CUST006225,2026-01-08 23:34:16,10303.4,569,1,1,1,1,9321.43
APP0002023,CUST003783,2026-05-04 13:24:59,16554.28,597,0,0,0,0,0.0
APP0002024,CUST011506,2026-04-23 21:40:18,13781.92,705,1,0,0,0,0.0
APP0002025,CUST003662,2026-05-21 01:06:41,4030.06,628,0,0,0,0,0.0
APP0002026,CUST001724,2025-09-07 23:35:00,11239.39,686,1,1,1,0,9371.36
APP0002027,CUST009729,2026-04-02 00:01:41,4444.86,526,1,1,0,0,0.0
APP0002028,CUST009199,2025-12-07 22:45:45,8692.47,621,0,0,0,0,0.0
APP0002029,CUST008171,2025-06-30 03:02:24,10028.93,655,0,0,0,0,0.0
APP0002030,CUST008242,2025-10-06 05:06:34,6512.9,441,1,1,0,0,0.0
APP0002031,CUST000689,2025-01-03 04:40:40,3668.91,711,1,1,0,0,0.0
APP0002032,CUST005148,2025-06-21 17:58:11,1362.6,518,1,1,0,0,0.0
APP0002033,CUST002554,2026-03-11 19:42:27,2899.72,575,0,0,0,0,0.0
APP0002034,CUST000967,2026-07-15 11:52:05,2358.77,491,1,1,1,1,1800.04
APP0002035,CUST005145,2025-09-15 04:48:04,18035.41,680,1,1,1,1,16825.74
APP0002036,CUST002988,2025-10-01 12:37:50,4321.24,627,1,1,1,1,3979.27
APP0002037,CUST005021,2025-01-19 13:05:13,5604.28,636,1,1,1,1,5074.79
APP0002038,CUST009506,2026-07-23 20:39:04,5363.62,569,0,0,0,0,0.0
APP0002039,CUST010077,2025-11-13 18:01:50,4776.68,558,1,0,0,0,0.0
APP0002040,CUST003172,2026-04-03 01:55:51,20884.58,582,0,0,0,0,0.0
APP0002041,CUST001812,2025-06-10 05:25:41,4410.44,496,0,0,0,0,0.0
APP0002042,CUST005633,2025-05-05 03:07:27,18580.46,733,1,1,1,1,15977.81
APP0002043,CUST001651,2025-01-24 04:33:38,12960.86,648,1,1,1,1,12884.09
APP0002044,CUST003424,2026-02-12 08:40:16,14803.51,618,1,0,0,0,0.0
APP0002045,CUST011038,2025-02-14 09:04:21,4512.64,531,1,1,0,0,0.0
APP0002046,CUST001936,2026-04-09 13:03:03,2406.37,511,1,1,1,1,2239.92
APP0002047,CUST001255,2026-05-04 19:25:23,12886.01,511,1,1,0,0,0.0
APP0002048,CUST003278,2026-02-02 02:52:13,3898.33,735,1,1,0,0,0.0
APP0002049,CUST011141,2025-07-19 14:20:20,3496.8,533,1,1,0,0,0.0
APP0002050,CUST002941,2026-04-08 02:14:30,5738.2,436,0,0,0,0,0.0
APP0002051,CUST003191,2025-12-07 05:50:26,4765.98,666,1,1,0,0,0.0
APP0002052,CUST010053,2026-04-23 01:20:23,6824.81,471,0,0,0,0,0.0
APP0002053,CUST005627,2025-10-18 09:18:02,2298.71,800,1,1,1,1,1846.03
APP0002054,CUST000961,2025-12-02 07:16:44,4129.67,678,1,0,0,0,0.0
APP0002055,CUST005227,2025-11-26 15:43:29,8911.25,573,1,1,0,0,0.0
APP0002056,CUST004992,2026-03-24 20:03:44,9220.57,652,1,1,1,1,7327.56
APP0002057,CUST003182,2025-09-06 13:24:47,6742.78,608,0,0,0,0,0.0
APP0002058,CUST008348,2025-04-21 22:33:46,6790.47,627,1,1,0,0,0.0
APP0002059,CUST011649,2025-06-13 01:22:24,6975.39,704,1,1,0,0,0.0
APP0002060,CUST005558,2025-11-24 20:02:41,3236.38,612,1,1,0,0,0.0
APP0002061,CUST007078,2025-09-30 02:28:39,6177.53,599,1,1,0,0,0.0
APP0002062,CUST005738,2026-03-20 06:54:45,5410.94,713,1,1,1,1,4499.2
APP0002063,CUST009958,2025-09-13 20:11:27,3997.09,584,1,1,0,0,0.0
APP0002064,CUST007150,2026-03-12 09:11:01,28437.38,721,1,1,1,1,24423.36
APP0002065,CUST010542,2026-01-06 23:02:52,5164.47,561,1,0,0,0,0.0
APP0002066,CUST000858,2025-05-14 20:42:56,9079.87,529,1,1,1,1,8218.24
APP0002067,CUST007595,2025-09-27 00:56:22,7596.63,480,1,1,0,0,0.0
APP0002068,CUST001821,2026-04-19 18:03:10,3964.32,691,1,1,1,1,3243.29
APP0002069,CUST009827,2025-12-22 05:24:40,2027.78,494,1,1,1,1,2026.97
APP0002070,CUST004441,2026-01-20 08:39:42,5326.12,571,1,1,0,0,0.0
APP0002071,CUST002014,2025-11-12 02:05:43,29038.34,576,1,1,1,1,26011.14
APP0002072,CUST001408,2026-07-28 04:16:31,6524.06,638,1,1,1,1,5109.11
APP0002073,CUST000263,2025-06-04 01:10:09,4153.59,575,1,0,0,0,0.0
APP0002074,CUST000644,2025-08-11 01:13:21,3222.8,717,1,1,1,1,3055.98
APP0002075,CUST011655,2025-12-26 01:15:28,2991.53,702,1,1,1,0,2503.55
APP0002076,CUST006177,2025-05-04 18:26:14,6971.19,632,1,1,1,1,6105.05
APP0002077,CUST002746,2025-02-07 23:44:31,3993.19,463,1,1,1,1,3433.81
APP0002078,CUST010351,2025-11-24 03:58:01,10188.75,601,0,0,0,0,0.0
APP0002079,CUST004539,2025-12-09 12:26:01,13101.21,533,1,1,0,0,0.0
APP0002080,CUST001042,2026-03-20 15:03:26,4866.12,565,1,0,0,0,0.0
APP0002081,CUST007273,2026-06-03 20:03:52,7103.5,587,1,1,0,0,0.0
APP0002082,CUST005666,2025-12-26 04:32:29,4986.68,615,1,1,0,0,0.0
APP0002083,CUST004923,2025-03-08 22:15:10,5836.86,677,1,1,0,0,0.0
APP0002084,CUST006085,2025-12-29 05:04:28,5326.16,628,1,0,0,0,0.0
APP0002085,CUST010171,2025-05-14 19:55:53,3278.39,560,1,1,0,0,0.0
APP0002086,CUST002626,2026-03-02 06:40:22,6521.42,623,1,1,1,1,5865.43
APP0002087,CUST007800,2026-02-19 04:51:08,4753.65,576,1,1,0,0,0.0
APP0002088,CUST005617,2025-09-22 23:36:47,7901.58,639,1,1,1,1,6575.84
APP0002089,CUST009044,2025-05-12 15:31:10,2965.82,696,1,1,1,1,2684.5
APP0002090,CUST011336,2025-11-24 06:04:50,3425.01,653,1,1,0,0,0.0
APP0002091,CUST008521,2026-08-13 13:52:39,1558.98,608,1,1,0,0,0.0
APP0002092,CUST006183,2026-03-20 18:55:07,9399.38,685,1,1,1,1,7716.93
APP0002093,CUST004380,2026-06-28 23:07:29,3173.52,559,0,0,0,0,0.0
APP0002094,CUST000687,2025-05-05 22:40:11,13062.72,573,1,1,1,1,11501.15
APP0002095,CUST008599,2026-05-09 05:55:55,4505.85,611,0,0,0,0,0.0
APP0002096,CUST010552,2025-12-26 18:32:41,2141.59,646,1,1,1,1,1706.52
APP0002097,CUST007040,2025-04-22 21:21:58,7894.27,596,1,1,0,0,0.0
APP0002098,CUST000127,2025-01-27 07:37:39,11918.66,635,1,1,1,0,11411.11
APP0002099,CUST004263,2025-12-15 13:51:56,11175.84,622,1,1,1,1,9144.06
APP0002100,CUST005805,2025-02-14 06:24:16,13184.73,593,1,1,0,0,0.0
APP0002101,CUST005718,2025-06-06 23:41:50,9690.74,613,1,1,0,0,0.0
APP0002102,CUST005285,2025-10-25 22:32:40,2515.54,444,1,1,0,0,0.0
APP0002103,CUST004983,2025-11-23 02:19:43,29266.49,633,1,1,1,0,26219.36
APP0002104,CUST007055,2026-01-28 02:33:07,3786.86,669,1,1,1,1,2918.22
APP0002105,CUST008159,2025-09-03 02:56:46,17502.78,607,0,0,0,0,0.0
APP0002106,CUST010012,2026-05-01 18:02:32,4834.16,574,1,1,1,1,3822.51
APP0002107,CUST011924,2026-03-15 08:32:07,9333.11,557,0,0,0,0,0.0
APP0002108,CUST000715,2026-05-05 13:46:37,10066.28,688,1,1,1,0,9800.15
APP0002109,CUST003754,2025-10-26 11:22:21,4592.02,715,1,1,1,1,4080.56
APP0002110,CUST010983,2025-03-30 08:49:59,13845.39,540,0,0,0,0,0.0
APP0002111,CUST007680,2026-05-30 20:16:11,5730.32,800,1,1,1,1,4412.07
APP0002112,CUST011876,2025-11-20 17:18:10,1662.28,571,1,1,1,1,1284.42
APP0002113,CUST007402,2026-07-27 06:49:02,12948.38,632,1,1,0,0,0.0
APP0002114,CUST011278,2025-10-18 09:56:46,2144.63,433,0,0,0,0,0.0
APP0002115,CUST001768,2026-06-16 16:56:08,17224.43,568,1,1,0,0,0.0
APP0002116,CUST001787,2026-03-15 05:34:52,6380.05,699,1,1,0,0,0.0
APP0002117,CUST010285,2026-05-23 14:33:54,5275.29,582,1,1,1,1,5231.85
APP0002118,CUST004051,2026-07-31 06:39:23,8378.4,567,1,1,0,0,0.0
APP0002119,CUST009486,2025-07-31 06:15:35,4188.22,668,1,1,1,1,3745.91
APP0002120,CUST006262,2025-08-13 06:37:42,8584.84,792,1,1,1,1,7847.22
APP0002121,CUST010784,2026-06-21 22:45:59,11229.56,728,1,1,1,1,9245.16
APP0002122,CUST008594,2026-03-03 14:35:22,2040.63,763,1,1,1,0,1685.22
APP0002123,CUST003177,2026-04-03 21:34:19,6010.15,629,1,1,1,1,5682.94
APP0002124,CUST011271,2026-01-27 05:47:22,8536.46,631,1,1,1,1,6946.6
APP0002125,CUST001338,2025-10-19 14:37:07,15948.28,733,1,1,1,1,15374.72
APP0002126,CUST004053,2025-08-09 11:34:34,5279.14,593,1,1,1,1,4301.98
APP0002127,CUST005983,2025-02-24 07:04:41,2851.49,726,1,1,1,1,2441.95
APP0002128,CUST006760,2026-03-11 09:18:08,7490.03,665,1,1,1,0,6439.34
APP0002129,CUST002380,2025-01-01 17:42:56,10656.42,618,1,1,1,1,9231.95
APP0002130,CUST008665,2026-06-17 13:25:05,3511.99,740,1,0,0,0,0.0
APP0002131,CUST011852,2025-05-29 17:06:10,1741.61,740,1,0,0,0,0.0
APP0002132,CUST007438,2025-09-09 00:44:20,15687.73,655,1,1,1,1,11850.6
APP0002133,CUST010608,2026-07-22 01:07:37,2887.7,513,1,1,0,0,0.0
APP0002134,CUST011158,2025-04-30 13:21:40,2657.41,666,0,0,0,0,0.0
APP0002135,CUST009224,2025-09-18 16:47:44,6659.34,791,1,1,1,1,5088.77
APP0002136,CUST006758,2026-05-18 20:39:32,1815.82,558,1,1,1,1,1560.46
APP0002137,CUST005158,2025-03-05 18:30:16,6202.79,628,1,1,0,0,0.0
APP0002138,CUST000785,2026-04-03 05:55:45,1947.83,582,1,1,0,0,0.0
APP0002139,CUST008929,2025-01-29 02:08:09,21133.28,657,1,1,1,1,20981.0
APP0002140,CUST006984,2026-06-18 08:42:53,4254.85,720,1,1,1,1,3914.5
APP0002141,CUST007798,2026-01-15 06:06:40,3189.5,621,0,0,0,0,0.0
APP0002142,CUST004590,2025-07-01 18:09:37,4302.54,586,1,1,1,0,3615.5
APP0002143,CUST006769,2025-06-03 13:23:37,11404.24,694,1,1,1,1,9043.11
APP0002144,CUST007383,2025-02-06 17:32:50,9452.41,620,1,1,0,0,0.0
APP0002145,CUST000426,2026-06-23 12:07:59,2759.83,502,0,0,0,0,0.0
APP0002146,CUST001551,2025-03-15 04:50:58,1100.14,660,1,1,1,1,826.47
APP0002147,CUST003636,2025-09-09 10:05:14,6991.88,542,1,0,0,0,0.0
APP0002148,CUST001631,2025-11-23 12:15:35,5865.4,640,1,1,1,1,5457.1
APP0002149,CUST007668,2025-01-23 12:03:23,11426.0,536,1,1,0,0,0.0
APP0002150,CUST007254,2026-02-09 19:41:37,8420.23,632,1,1,0,0,0.0
APP0002151,CUST001134,2026-06-28 11:32:25,2499.52,586,1,1,0,0,0.0
APP0002152,CUST000529,2025-04-15 18:53:10,14842.2,573,1,1,0,0,0.0
APP0002153,CUST006945,2025-04-24 11:43:29,15702.37,755,1,1,0,0,0.0
APP0002154,CUST001565,2025-09-04 13:01:40,5653.27,690,1,1,1,1,5190.99
APP0002155,CUST011768,2026-02-04 06:45:07,4165.7,662,1,1,1,1,3266.7
APP0002156,CUST004990,2026-06-17 22:05:21,3838.63,599,1,1,0,0,0.0
APP0002157,CUST000537,2025-01-30 05:33:49,8343.14,597,1,1,0,0,0.0
APP0002158,CUST002036,2025-06-18 07:57:48,6366.7,734,1,0,0,0,0.0
APP0002159,CUST005479,2026-07-29 23:04:34,4771.26,633,0,0,0,0,0.0
APP0002160,CUST004833,2025-05-15 11:46:36,8141.67,584,1,1,1,1,6754.32
APP0002161,CUST002074,2025-11-27 14:18:00,2853.54,709,1,1,1,1,2485.89
APP0002162,CUST000646,2025-03-09 05:55:02,7677.06,516,1,1,0,0,0.0
APP0002163,CUST001696,2025-03-30 19:18:52,7887.83,745,1,1,0,0,0.0
APP0002164,CUST004411,2025-04-26 00:40:10,2638.42,730,1,1,0,0,0.0
APP0002165,CUST004020,2025-01-17 13:30:01,9824.42,649,1,1,1,1,7697.38
APP0002166,CUST008093,2025-09-02 04:00:47,3691.45,650,1,1,0,0,0.0
APP0002167,CUST003266,2025-01-08 12:27:25,2612.53,657,0,0,0,0,0.0
APP0002168,CUST008246,2026-03-28 16:48:48,1000.0,697,1,1,1,1,948.19
APP0002169,CUST004051,2026-06-28 01:11:30,9008.55,723,1,1,1,1,8222.94
APP0002170,CUST000878,2025-08-31 17:41:16,14384.08,617,1,1,1,1,12400.11
APP0002171,CUST010601,2026-06-25 09:19:15,5424.73,485,1,1,0,0,0.0
APP0002172,CUST005825,2025-09-12 07:58:40,14090.75,665,1,1,1,0,11648.64
APP0002173,CUST008496,2025-07-20 16:14:07,2442.84,719,1,1,1,1,2013.85
APP0002174,CUST006863,2026-06-23 12:18:42,12847.74,540,1,1,1,1,11387.2
APP0002175,CUST003511,2025-01-12 10:40:08,21589.17,752,1,1,1,1,20133.73
APP0002176,CUST002619,2025-09-30 14:40:11,45006.47,562,1,1,0,0,0.0
APP0002177,CUST005374,2026-05-26 19:18:18,10887.07,616,0,0,0,0,0.0
APP0002178,CUST002036,2026-07-25 02:45:01,11984.31,631,1,1,1,1,10634.66
APP0002179,CUST011265,2026-08-09 22:16:11,14894.93,605,1,1,0,0,0.0
APP0002180,CUST011427,2025-07-18 19:12:37,3836.13,652,1,1,0,0,0.0
APP0002181,CUST005748,2025-08-29 04:57:44,5898.48,662,1,1,1,1,5156.84
APP0002182,CUST008209,2025-02-16 12:49:34,5395.11,618,1,1,0,0,0.0
APP0002183,CUST001505,2026-01-30 19:47:54,3352.1,611,1,1,0,0,0.0
APP0002184,CUST008860,2025-03-13 05:50:11,5806.25,677,1,0,0,0,0.0
APP0002185,CUST004401,2026-08-11 09:45:48,10937.34,571,0,0,0,0,0.0
APP0002186,CUST010578,2025-01-05 20:28:59,5237.64,576,1,1,0,0,0.0
APP0002187,CUST010120,2026-05-27 03:28:23,1735.66,583,1,0,0,0,0.0
APP0002188,CUST009197,2025-04-04 01:58:28,4091.2,664,0,0,0,0,0.0
APP0002189,CUST009921,2026-06-17 22:08:28,2871.36,695,1,1,1,1,2521.6
APP0002190,CUST003709,2026-08-28 03:00:08,9668.52,508,0,0,0,0,0.0
APP0002191,CUST004825,2026-06-08 23:06:26,5310.25,601,1,1,1,1,4604.47
APP0002192,CUST005872,2025-12-09 07:44:01,4481.49,695,0,0,0,0,0.0
APP0002193,CUST007682,2026-05-02 12:21:23,6867.17,513,1,0,0,0,0.0
APP0002194,CUST011858,2025-09-23 07:16:23,9545.2,684,1,0,0,0,0.0
APP0002195,CUST000354,2025-10-04 11:31:45,19422.0,624,1,1,0,0,0.0
APP0002196,CUST011728,2025-06-13 20:48:23,1783.53,621,0,0,0,0,0.0
APP0002197,CUST011302,2025-11-20 05:53:32,3283.67,448,0,0,0,0,0.0
APP0002198,CUST002820,2026-03-20 14:30:23,13340.53,623,1,1,1,1,11460.97
APP0002199,CUST003333,2026-03-16 02:21:47,8338.97,592,1,1,1,1,7248.62
APP0002200,CUST003850,2025-08-16 18:40:12,5486.23,671,1,1,1,1,4215.0
APP0002201,CUST009122,2025-12-27 07:24:24,2018.06,507,1,1,1,1,1837.37
APP0002202,CUST000287,2026-01-19 02:26:33,6108.35,614,1,1,0,0,0.0
APP0002203,CUST001559,2025-01-24 19:26:16,4683.86,699,1,1,1,1,4341.96
APP0002204,CUST002377,2025-09-29 01:25:17,8617.39,686,1,1,0,0,0.0
APP0002205,CUST008020,2025-08-01 04:50:00,5408.37,628,1,1,1,1,4397.23
APP0002206,CUST003307,2025-05-16 02:13:19,8843.81,707,1,1,1,1,7092.36
APP0002207,CUST002175,2026-05-02 08:03:29,2439.65,634,0,0,0,0,0.0
APP0002208,CUST007670,2025-06-29 04:21:46,4176.19,642,1,1,0,0,0.0
APP0002209,CUST004580,2026-04-13 03:21:32,6678.97,673,1,1,1,0,5432.17
APP0002210,CUST007332,2026-02-13 09:09:42,4439.72,643,1,1,1,1,3631.98
APP0002211,CUST003963,2026-04-25 08:42:52,7583.85,656,1,1,0,0,0.0
APP0002212,CUST000732,2026-03-02 13:21:22,5284.8,647,1,1,1,1,4047.41
APP0002213,CUST011293,2025-03-29 05:01:07,4884.97,630,1,1,0,0,0.0
APP0002214,CUST005674,2025-07-24 21:16:02,8170.93,614,1,1,0,0,0.0
APP0002215,CUST004301,2025-04-20 03:18:34,2470.18,629,1,1,1,0,2402.46
APP0002216,CUST009313,2026-01-27 23:36:58,3497.9,532,0,0,0,0,0.0
APP0002217,CUST008343,2025-01-09 15:37:02,14497.78,613,1,1,0,0,0.0
APP0002218,CUST000468,2025-05-13 22:17:25,6846.8,636,1,1,1,1,6307.86
APP0002219,CUST004038,2026-02-06 21:00:21,6421.01,573,1,1,0,0,0.0
APP0002220,CUST001399,2025-09-30 01:10:44,5364.87,698,1,1,1,1,5314.44
APP0002221,CUST007246,2026-01-10 23:24:43,6163.47,646,1,1,1,0,5908.29
APP0002222,CUST004243,2026-08-10 18:09:07,4021.05,572,1,1,1,1,3234.48
APP0002223,CUST007537,2026-01-06 02:20:55,6603.84,538,1,1,1,1,6429.55
APP0002224,CUST010479,2026-04-30 00:10:32,12862.5,663,1,1,0,0,0.0
APP0002225,CUST009025,2026-05-03 17:07:28,5401.3,664,1,1,1,1,4379.81
APP0002226,CUST010822,2025-12-03 07:34:41,2647.7,494,1,1,0,0,0.0
APP0002227,CUST007521,2026-05-19 07:40:57,3684.06,676,1,1,1,1,2917.54
APP0002228,CUST011890,2026-02-03 07:30:04,2441.84,685,1,1,1,1,2239.21
APP0002229,CUST006546,2026-06-20 12:49:20,5203.97,488,1,1,1,1,4996.64
APP0002230,CUST004506,2026-06-07 02:45:48,6595.55,418,1,0,0,0,0.0
APP0002231,CUST003935,2026-01-07 11:44:19,3494.33,607,1,1,1,1,3308.92
APP0002232,CUST008284,2025-05-08 15:27:25,14554.53,633,1,1,1,1,11614.09
APP0002233,CUST011742,2025-04-13 14:54:44,9931.1,554,1,0,0,0,0.0
APP0002234,CUST001775,2025-03-29 22:11:06,15378.26,800,0,0,0,0,0.0
APP0002235,CUST010652,2025-06-06 10:02:24,5139.47,545,1,1,1,1,4371.39
APP0002236,CUST006953,2026-07-07 14:38:08,3570.47,479,1,1,1,1,3310.58
APP0002237,CUST005533,2025-09-11 12:42:01,4194.52,648,1,1,0,0,0.0
APP0002238,CUST003377,2026-08-19 02:47:29,3238.89,633,0,0,0,0,0.0
APP0002239,CUST010083,2026-03-09 22:08:06,13167.48,524,1,1,0,0,0.0
APP0002240,CUST007190,2025-08-31 06:22:27,3790.91,654,0,0,0,0,0.0
APP0002241,CUST011567,2025-07-17 16:57:03,8968.29,588,1,1,1,1,7852.78
APP0002242,CUST010040,2026-04-20 12:41:39,6427.95,590,1,1,1,1,5836.41
APP0002243,CUST004720,2026-07-27 13:22:11,2859.81,500,0,0,0,0,0.0
APP0002244,CUST002909,2025-10-13 13:48:28,21236.74,533,1,1,0,0,0.0
APP0002245,CUST005560,2025-02-07 22:26:03,5046.93,576,1,1,1,1,4401.37
APP0002246,CUST010477,2026-07-16 22:51:12,7429.13,568,0,0,0,0,0.0
APP0002247,CUST010444,2025-07-13 07:07:57,11488.04,737,1,1,1,1,10657.62
APP0002248,CUST005059,2025-11-14 08:45:52,14488.18,506,1,1,0,0,0.0
APP0002249,CUST002295,2025-06-06 16:36:50,3441.77,676,0,0,0,0,0.0
APP0002250,CUST002309,2026-08-10 22:22:57,4510.48,562,1,1,0,0,0.0
APP0002251,CUST011978,2026-08-27 14:09:12,4560.22,605,1,1,0,0,0.0
APP0002252,CUST002697,2025-02-15 20:47:03,4480.43,542,1,1,0,0,0.0
APP0002253,CUST005771,2026-06-21 17:38:01,5535.79,641,0,0,0,0,0.0
APP0002254,CUST002008,2025-10-06 01:55:50,2622.94,626,1,1,0,0,0.0
APP0002255,CUST005839,2026-05-31 01:13:34,3008.59,647,1,1,1,1,2513.58
APP0002256,CUST009904,2025-12-24 20:01:43,6761.05,588,1,1,1,1,5909.56
APP0002257,CUST008297,2025-03-04 19:52:04,13716.18,767,1,1,1,0,10375.8
APP0002258,CUST011462,2025-10-20 17:33:04,3259.67,530,1,1,0,0,0.0
APP0002259,CUST000170,2026-01-26 01:09:04,4689.4,704,1,0,0,0,0.0
APP0002260,CUST002366,2026-04-03 21:05:17,5776.4,528,1,0,0,0,0.0
APP0002261,CUST003866,2025-09-26 22:14:10,13550.09,702,1,1,1,1,12602.35
APP0002262,CUST009710,2026-02-23 17:49:33,4084.97,624,1,1,1,1,3200.87
APP0002263,CUST003627,2025-05-09 21:49:06,5890.18,601,1,1,1,1,5281.93
APP0002264,CUST006085,2025-11-18 14:07:06,2853.31,694,1,1,1,1,2467.73
APP0002265,CUST001570,2025-02-13 00:02:37,2206.7,668,0,0,0,0,0.0
APP0002266,CUST006172,2026-07-01 04:02:05,9586.99,634,1,1,0,0,0.0
APP0002267,CUST005932,2025-12-26 11:11:13,6637.8,541,1,1,0,0,0.0
APP0002268,CUST000850,2025-03-25 16:44:35,2128.74,682,1,1,1,0,1781.08
APP0002269,CUST000631,2025-10-26 12:17:52,7250.8,595,0,0,0,0,0.0
APP0002270,CUST002176,2025-11-22 11:40:14,4936.1,783,1,1,1,1,4368.31
APP0002271,CUST002680,2025-05-19 10:04:06,8676.78,541,1,1,0,0,0.0
APP0002272,CUST003355,2026-04-23 00:27:31,11350.35,650,1,1,0,0,0.0
APP0002273,CUST005165,2025-08-21 10:59:36,6092.78,548,1,1,0,0,0.0
APP0002274,CUST001476,2026-07-12 00:35:25,5511.45,572,1,1,0,0,0.0
APP0002275,CUST002642,2026-05-04 10:15:04,6560.48,611,1,1,1,1,5726.54
APP0002276,CUST006907,2025-10-23 10:54:05,1914.19,616,1,1,0,0,0.0
APP0002277,CUST007792,2026-07-11 15:01:19,4203.21,714,1,1,1,1,3668.35
APP0002278,CUST000241,2026-05-15 22:11:04,2364.54,646,1,1,1,1,1951.57
APP0002279,CUST003139,2026-03-29 13:52:11,11747.38,557,1,1,0,0,0.0
APP0002280,CUST009609,2025-06-15 06:23:53,5814.68,612,1,1,0,0,0.0
APP0002281,CUST003014,2025-01-09 18:06:14,13244.0,630,1,1,0,0,0.0
APP0002282,CUST009225,2025-04-29 01:42:33,1998.37,740,1,1,1,1,1909.88
APP0002283,CUST008129,2025-05-15 18:04:53,5225.33,715,1,1,0,0,0.0
APP0002284,CUST003517,2026-05-14 22:43:02,5016.76,643,1,1,1,1,4548.71
APP0002285,CUST003732,2026-07-24 06:29:43,11017.64,622,0,0,0,0,0.0
APP0002286,CUST010642,2026-07-31 21:06:18,10567.51,627,1,1,1,0,9493.96
APP0002287,CUST003210,2025-01-02 12:47:21,15426.24,562,1,1,1,0,13900.04
APP0002288,CUST007586,2025-12-21 15:55:08,7927.96,607,1,1,1,1,7777.22
APP0002289,CUST009343,2026-03-12 19:54:04,7969.91,706,1,1,1,1,7182.13
APP0002290,CUST006731,2025-02-12 02:34:25,2478.45,696,1,1,0,0,0.0
APP0002291,CUST006938,2026-08-30 20:37:16,5703.97,634,1,1,1,1,4993.88
APP0002292,CUST006480,2025-03-16 09:09:36,3387.32,670,1,0,0,0,0.0
APP0002293,CUST011933,2025-09-16 01:23:48,6134.94,529,1,1,1,1,5350.87
APP0002294,CUST004421,2025-01-23 16:54:38,2742.82,696,1,1,0,0,0.0
APP0002295,CUST010000,2025-06-05 01:49:52,4630.9,493,1,1,1,1,3765.18
APP0002296,CUST009244,2026-08-30 19:41:18,8252.52,610,1,1,0,0,0.0
APP0002297,CUST008513,2025-03-19 13:01:09,5728.99,629,1,1,0,0,0.0
APP0002298,CUST004958,2025-04-03 04:06:13,4675.85,569,1,1,0,0,0.0
APP0002299,CUST011415,2025-12-21 13:59:42,9843.4,711,1,1,0,0,0.0
APP0002300,CUST002714,2025-03-21 13:13:50,8939.44,767,1,1,1,0,8750.78
APP0002301,CUST001715,2026-02-09 11:08:41,10600.36,505,1,1,1,1,8539.56
APP0002302,CUST007646,2025-02-09 13:21:55,9489.28,524,1,1,0,0,0.0
APP0002303,CUST003573,2025-12-16 12:52:22,3490.34,538,1,1,0,0,0.0
APP0002304,CUST011623,2025-08-19 17:26:20,8362.56,672,1,0,0,0,0.0
APP0002305,CUST006557,2025-01-30 21:49:28,5888.46,629,0,0,0,0,0.0
APP0002306,CUST004148,2025-03-04 22:23:59,5572.61,661,1,1,1,1,4265.54
APP0002307,CUST001709,2026-08-12 09:57:31,3781.68,601,1,1,0,0,0.0
APP0002308,CUST001823,2025-08-03 21:38:26,2388.24,776,1,1,1,0,2353.93
APP0002309,CUST005152,2025-12-02 20:58:09,1739.83,469,1,1,1,1,1600.48
APP0002310,CUST011977,2025-03-12 08:20:35,22736.46,574,1,1,0,0,0.0
APP0002311,CUST006553,2025-11-25 05:00:31,5015.25,596,1,1,0,0,0.0
APP0002312,CUST001504,2025-01-14 05:23:32,5351.16,642,1,1,1,1,4199.79
APP0002313,CUST008341,2026-05-03 18:24:37,3757.75,730,1,1,0,0,0.0
APP0002314,CUST002473,2026-02-25 15:41:36,11534.34,543,1,0,0,0,0.0
APP0002315,CUST008642,2026-03-07 06:07:45,6099.18,386,0,0,0,0,0.0
APP0002316,CUST010515,2025-07-12 12:53:06,5829.17,592,1,1,1,0,5290.13
APP0002317,CUST009157,2026-04-01 23:46:04,6454.68,628,1,1,1,1,5592.16
APP0002318,CUST003561,2026-02-01 22:05:06,7263.66,551,1,1,0,0,0.0
APP0002319,CUST005350,2025-06-20 22:38:58,12604.13,441,1,1,0,0,0.0
APP0002320,CUST005703,2026-07-20 01:17:44,3939.83,677,1,1,1,1,3152.73
APP0002321,CUST006379,2025-05-07 18:56:43,7581.19,624,0,0,0,0,0.0
APP0002322,CUST006930,2026-08-05 23:04:59,8550.92,757,1,1,1,1,6542.42
APP0002323,CUST003776,2025-04-19 19:52:29,1551.62,647,1,1,1,1,1227.71
APP0002324,CUST006737,2025-03-14 00:59:39,2625.14,532,0,0,0,0,0.0
APP0002325,CUST005601,2026-01-06 22:10:01,4882.12,643,1,1,1,0,4187.04
APP0002326,CUST001193,2025-02-03 09:33:03,6147.05,601,1,1,1,0,5421.67
APP0002327,CUST011795,2025-11-12 11:56:07,10220.28,539,1,1,1,1,9913.3
APP0002328,CUST007914,2026-06-12 14:48:51,1844.39,715,0,0,0,0,0.0
APP0002329,CUST008951,2025-06-30 23:00:10,4017.73,514,1,1,1,1,3796.45
APP0002330,CUST011136,2026-05-03 19:15:01,1890.24,672,1,1,0,0,0.0
APP0002331,CUST003820,2026-02-27 02:13:16,6191.55,639,1,1,1,1,4781.66
APP0002332,CUST000614,2026-04-09 21:21:53,5104.78,745,0,0,0,0,0.0
APP0002333,CUST002465,2026-03-20 20:48:46,7142.86,531,1,1,0,0,0.0
APP0002334,CUST006977,2025-04-26 22:57:20,10986.95,630,1,1,0,0,0.0
APP0002335,CUST011224,2025-04-25 12:44:22,19407.03,512,0,0,0,0,0.0
APP0002336,CUST010493,2026-07-01 09:23:59,21952.61,443,1,1,1,0,19362.87
APP0002337,CUST004009,2025-10-30 03:53:42,7977.91,559,0,0,0,0,0.0
APP0002338,CUST004973,2025-07-21 19:01:50,4051.28,530,1,0,0,0,0.0
APP0002339,CUST003996,2025-05-03 09:43:45,2330.22,643,1,1,0,0,0.0
APP0002340,CUST004111,2026-05-23 20:25:41,3028.58,612,1,1,0,0,0.0
APP0002341,CUST008562,2026-05-23 01:28:58,13925.85,718,1,1,1,1,11213.42
APP0002342,CUST011662,2025-02-28 14:35:02,10925.58,648,1,1,0,0,0.0
APP0002343,CUST005621,2025-01-13 00:42:27,4224.97,687,1,1,1,1,3517.23
APP0002344,CUST005965,2025-09-24 00:47:36,4330.96,557,1,1,1,1,3751.62
APP0002345,CUST005662,2026-05-28 19:44:50,6497.85,499,0,0,0,0,0.0
APP0002346,CUST004256,2026-07-22 09:26:13,2128.86,654,1,1,1,0,1972.21
APP0002347,CUST006865,2025-04-09 21:57:15,5067.17,523,0,0,0,0,0.0
APP0002348,CUST004460,2025-04-01 04:24:31,6860.01,613,1,1,1,1,5815.9
APP0002349,CUST005288,2025-08-25 04:55:32,24989.5,655,1,1,0,0,0.0
APP0002350,CUST002279,2025-03-18 11:47:41,4150.89,636,1,1,0,0,0.0
APP0002351,CUST005724,2026-07-02 01:44:11,9980.88,544,0,0,0,0,0.0
APP0002352,CUST003358,2025-08-08 10:41:43,6292.98,613,1,1,1,1,6103.59
APP0002353,CUST001690,2026-05-02 05:20:48,4617.2,680,1,1,1,1,4106.11
APP0002354,CUST001265,2026-05-28 12:40:35,6533.46,740,1,1,1,1,4930.8
APP0002355,CUST000601,2025-02-14 11:39:52,15232.33,631,1,0,0,0,0.0
APP0002356,CUST005970,2025-11-19 13:52:19,7484.36,685,1,1,1,1,7404.53
APP0002357,CUST007993,2025-08-30 02:58:36,18253.11,704,1,1,0,0,0.0
APP0002358,CUST004214,2025-12-05 15:28:51,5188.19,705,0,0,0,0,0.0
APP0002359,CUST006460,2025-12-31 03:40:24,11124.9,506,0,0,0,0,0.0
APP0002360,CUST005327,2026-07-10 22:46:55,17956.31,494,1,1,1,1,17251.58
APP0002361,CUST005613,2025-12-09 03:07:43,3857.3,585,0,0,0,0,0.0
APP0002362,CUST002817,2026-06-26 09:11:24,4015.06,695,1,1,0,0,0.0
APP0002363,CUST000521,2025-01-05 03:16:55,4995.42,545,1,1,1,1,4698.23
APP0002364,CUST007858,2025-07-04 20:32:44,21801.28,702,1,1,1,1,16371.6
APP0002365,CUST005820,2026-08-12 09:34:30,4612.73,624,1,1,1,1,3553.76
APP0002366,CUST002108,2025-04-23 19:54:22,11555.93,770,0,0,0,0,0.0
APP0002367,CUST003799,2025-10-10 21:14:02,8193.24,626,1,1,0,0,0.0
APP0002368,CUST003785,2025-06-23 21:24:06,6087.68,698,1,1,1,1,5940.99
APP0002369,CUST003158,2025-11-27 01:07:04,14201.25,674,1,1,0,0,0.0
APP0002370,CUST000512,2025-04-16 08:55:21,5467.38,685,1,1,1,1,5051.3
APP0002371,CUST007610,2025-11-10 07:26:50,21654.16,666,1,0,0,0,0.0
APP0002372,CUST011925,2026-06-26 12:28:08,11503.64,623,0,0,0,0,0.0
APP0002373,CUST007017,2026-06-26 22:22:51,10469.28,545,1,1,1,1,9116.12
APP0002374,CUST003730,2026-02-25 10:51:40,14563.66,544,1,1,1,0,12913.09
APP0002375,CUST003300,2026-07-28 00:40:02,4151.72,571,1,1,0,0,0.0
APP0002376,CUST011875,2025-04-21 03:12:00,4414.36,600,1,1,0,0,0.0
APP0002377,CUST000489,2026-04-25 05:12:51,4246.55,675,1,1,0,0,0.0
APP0002378,CUST010518,2025-08-06 06:54:56,10272.97,489,1,1,0,0,0.0
APP0002379,CUST006403,2025-11-23 07:55:40,5591.38,619,1,1,1,1,5131.19
APP0002380,CUST001550,2025-11-10 06:30:47,11769.37,637,1,1,0,0,0.0
APP0002381,CUST006219,2026-08-24 21:47:20,8048.07,612,1,1,1,1,6189.15
APP0002382,CUST009395,2025-03-30 18:19:10,9532.11,617,1,1,1,1,9388.78
APP0002383,CUST006559,2026-07-24 10:40:52,12685.48,627,1,1,0,0,0.0
APP0002384,CUST007028,2025-04-27 04:09:30,5828.65,591,1,1,0,0,0.0
APP0002385,CUST011593,2026-05-19 03:41:12,5004.47,682,1,1,0,0,0.0
APP0002386,CUST010123,2025-02-28 01:12:17,6068.0,650,1,1,1,1,4728.2
APP0002387,CUST008079,2026-07-25 08:47:59,11091.15,625,1,0,0,0,0.0
APP0002388,CUST003941,2026-07-22 05:35:20,5826.63,511,1,1,0,0,0.0
APP0002389,CUST001991,2025-04-23 22:37:48,3400.62,609,1,1,1,1,2691.91
APP0002390,CUST001503,2025-08-20 03:25:27,8682.21,652,1,1,1,0,8301.26
APP0002391,CUST005253,2026-06-11 07:55:31,4705.98,664,1,1,1,1,3733.12
APP0002392,CUST011400,2026-02-26 20:57:11,4430.1,670,1,1,0,0,0.0
APP0002393,CUST002878,2025-07-29 10:10:02,8224.71,699,1,1,0,0,0.0
APP0002394,CUST005824,2025-08-01 10:48:34,2820.16,506,1,1,0,0,0.0
APP0002395,CUST001570,2025-01-01 19:02:12,6146.19,554,1,1,1,1,5466.02
APP0002396,CUST003106,2025-03-24 21:24:03,5041.43,507,1,0,0,0,0.0
APP0002397,CUST002393,2025-07-15 17:58:08,9206.09,553,1,1,0,0,0.0
APP0002398,CUST010830,2025-03-18 10:21:44,6717.81,651,1,1,1,1,5994.52
APP0002399,CUST009748,2025-12-19 06:02:02,5268.09,633,1,1,1,1,4912.09
APP0002400,CUST005000,2025-05-10 01:22:49,2174.89,622,1,1,0,0,0.0
APP0002401,CUST000968,2025-09-09 08:24:10,20232.2,632,1,1,1,1,18665.29
APP0002402,CUST005836,2026-07-14 19:01:57,8759.96,575,1,1,0,0,0.0
APP0002403,CUST003797,2025-03-11 05:01:19,3809.22,503,1,1,1,0,3237.44
APP0002404,CUST003599,2026-06-15 13:23:45,2788.72,484,1,1,0,0,0.0
APP0002405,CUST005289,2025-10-02 20:44:54,3061.46,643,1,1,0,0,0.0
APP0002406,CUST005932,2026-08-22 10:48:16,6480.74,454,1,1,0,0,0.0
APP0002407,CUST005614,2025-06-13 00:23:16,6900.94,596,0,0,0,0,0.0
APP0002408,CUST007124,2025-04-04 08:47:43,5543.48,606,1,1,1,1,4713.64
APP0002409,CUST010677,2025-02-15 01:09:56,2860.84,656,1,1,1,1,2574.37
APP0002410,CUST011062,2025-08-16 05:25:37,11925.42,561,1,1,0,0,0.0
APP0002411,CUST007495,2025-12-26 02:47:12,2356.69,567,0,0,0,0,0.0
APP0002412,CUST003370,2026-01-30 09:36:34,10020.64,597,1,1,0,0,0.0
APP0002413,CUST007446,2025-10-29 05:43:02,8485.81,762,1,1,0,0,0.0
APP0002414,CUST007304,2026-04-02 17:40:00,4119.85,744,1,1,0,0,0.0
APP0002415,CUST000450,2025-05-21 15:47:25,7147.42,605,0,0,0,0,0.0
APP0002416,CUST005447,2026-05-10 21:52:26,9499.92,652,1,1,1,1,7710.85
APP0002417,CUST003508,2026-05-03 02:03:04,9909.13,526,1,1,0,0,0.0
APP0002418,CUST007373,2026-08-27 10:33:56,10490.27,644,1,1,1,1,8725.11
APP0002419,CUST002539,2025-04-04 01:49:33,7878.89,524,0,0,0,0,0.0
APP0002420,CUST005504,2025-09-08 08:24:21,3976.57,469,1,1,1,1,3849.89
APP0002421,CUST003875,2026-02-07 04:25:39,3154.75,677,1,1,1,1,3105.25
APP0002422,CUST002759,2025-01-13 02:57:29,6485.43,639,1,1,1,1,5234.51
APP0002423,CUST000332,2026-03-03 08:19:20,3012.06,682,0,0,0,0,0.0
APP0002424,CUST006827,2026-07-27 08:13:36,5261.67,666,1,1,0,0,0.0
APP0002425,CUST003652,2026-02-03 14:13:51,5123.38,574,1,1,0,0,0.0
APP0002426,CUST009093,2025-10-20 00:57:04,5333.29,590,1,1,1,1,5151.2
APP0002427,CUST005440,2026-05-03 08:22:06,2857.61,579,1,1,1,1,2512.65
APP0002428,CUST000203,2026-08-08 04:59:31,9065.18,696,1,1,0,0,0.0
APP0002429,CUST005590,2025-05-13 21:44:16,18305.14,575,1,1,0,0,0.0
APP0002430,CUST002519,2026-04-29 06:53:28,5334.12,491,0,0,0,0,0.0
APP0002431,CUST008297,2026-05-26 06:05:31,20337.91,656,1,1,0,0,0.0
APP0002432,CUST000128,2025-06-04 11:33:49,3524.15,645,1,1,0,0,0.0
APP0002433,CUST009037,2025-09-07 20:31:47,5602.94,689,1,1,1,1,4824.01
APP0002434,CUST008070,2026-05-31 11:44:44,5703.12,674,1,1,1,1,5285.79
APP0002435,CUST001006,2025-12-14 12:43:32,1747.78,666,1,0,0,0,0.0
APP0002436,CUST010425,2025-01-06 23:08:53,8058.62,511,1,1,0,0,0.0
APP0002437,CUST009213,2026-01-09 10:52:14,10739.74,632,1,1,1,1,9524.44
APP0002438,CUST003913,2026-07-10 23:59:05,5516.39,395,1,1,0,0,0.0
APP0002439,CUST007782,2025-06-17 23:20:02,12629.41,616,1,1,0,0,0.0
APP0002440,CUST007401,2025-08-31 08:20:24,7916.3,590,1,1,0,0,0.0
APP0002441,CUST011193,2026-06-10 08:05:53,16630.76,702,1,1,1,1,12602.56
APP0002442,CUST010978,2025-09-02 07:54:00,5954.87,588,1,1,1,1,5228.66
APP0002443,CUST011331,2025-02-10 19:21:56,4568.04,674,1,1,0,0,0.0
APP0002444,CUST003096,2026-05-16 14:16:03,6910.67,642,1,1,1,1,5400.77
APP0002445,CUST006802,2026-05-03 23:48:03,4132.77,535,1,1,0,0,0.0
APP0002446,CUST011960,2025-07-30 04:17:07,8688.87,536,1,1,1,0,6608.05
APP0002447,CUST011400,2026-01-30 04:29:45,6493.93,565,1,1,1,1,5552.52
APP0002448,CUST004278,2025-04-22 02:29:02,9091.0,710,1,1,0,0,0.0
APP0002449,CUST011464,2026-04-20 20:34:20,7129.14,551,0,0,0,0,0.0
APP0002450,CUST010929,2025-04-21 22:51:42,11178.6,675,1,1,1,1,8505.92
APP0002451,CUST000689,2026-04-09 04:22:09,4805.34,726,1,1,0,0,0.0
APP0002452,CUST000414,2025-04-17 04:23:18,2626.2,600,0,0,0,0,0.0
APP0002453,CUST002542,2025-11-25 06:57:23,4803.1,681,1,1,0,0,0.0
APP0002454,CUST005583,2025-02-04 07:38:01,6802.84,695,1,1,0,0,0.0
APP0002455,CUST002570,2026-01-21 19:24:05,8157.3,516,1,1,1,1,7201.51
APP0002456,CUST004649,2026-07-18 21:31:38,2201.1,620,1,0,0,0,0.0
APP0002457,CUST002501,2025-05-19 05:09:30,7130.26,647,1,1,0,0,0.0
APP0002458,CUST011423,2025-02-24 21:46:33,1000.0,546,1,1,0,0,0.0
APP0002459,CUST004816,2026-07-10 13:11:25,1917.96,768,1,1,1,0,1470.92
APP0002460,CUST011479,2025-11-19 15:36:39,6028.9,628,1,1,0,0,0.0
APP0002461,CUST004641,2026-06-16 18:27:36,3672.53,711,1,1,0,0,0.0
APP0002462,CUST004084,2026-08-18 21:22:59,5124.25,581,1,0,0,0,0.0
APP0002463,CUST001317,2025-07-24 13:47:57,3972.15,350,1,1,1,0,3186.01
APP0002464,CUST001607,2026-08-05 05:43:45,7315.38,664,1,1,0,0,0.0
APP0002465,CUST010251,2026-04-13 02:27:40,3438.57,534,1,1,0,0,0.0
APP0002466,CUST007019,2025-12-15 00:12:08,14741.53,615,1,1,1,1,14398.74
APP0002467,CUST006780,2025-10-12 03:23:21,4819.41,651,1,1,1,1,4611.34
APP0002468,CUST001724,2026-08-11 07:23:20,8032.9,661,1,1,1,1,7283.53
APP0002469,CUST000197,2025-12-25 04:57:31,30430.34,645,1,1,1,1,28985.61
APP0002470,CUST003482,2025-11-28 04:00:15,11904.82,467,1,1,1,0,11165.59
APP0002471,CUST001753,2026-03-25 23:18:45,3863.72,575,1,1,0,0,0.0
APP0002472,CUST007126,2026-05-09 16:23:07,2735.1,674,1,1,1,0,2600.18
APP0002473,CUST009655,2025-07-18 11:10:46,11424.95,683,1,1,1,1,9822.32
APP0002474,CUST000413,2026-04-14 12:57:24,2795.05,640,1,1,0,0,0.0
APP0002475,CUST004443,2026-07-29 16:28:29,27264.19,747,1,1,1,1,21084.02
APP0002476,CUST010021,2025-01-01 16:09:58,1486.14,716,0,0,0,0,0.0
APP0002477,CUST004810,2025-07-19 11:47:11,3225.62,507,0,0,0,0,0.0
APP0002478,CUST005434,2025-02-24 04:47:45,11504.5,719,1,1,1,1,11293.96
APP0002479,CUST009002,2026-08-23 02:46:58,8125.38,533,1,1,0,0,0.0
APP0002480,CUST004827,2025-09-13 19:57:19,5789.67,608,1,1,0,0,0.0
APP0002481,CUST009904,2025-08-04 20:30:14,2675.9,626,1,1,1,1,2287.36
APP0002482,CUST008603,2026-04-25 00:04:55,2464.14,628,0,0,0,0,0.0
APP0002483,CUST011089,2026-06-11 10:57:15,10648.83,613,1,0,0,0,0.0
APP0002484,CUST006555,2026-06-07 16:15:10,5684.14,744,1,1,1,1,5511.61
APP0002485,CUST009383,2025-10-10 21:27:38,4380.09,565,1,1,0,0,0.0
APP0002486,CUST002850,2026-04-03 05:47:30,3125.19,575,0,0,0,0,0.0
APP0002487,CUST008026,2025-08-17 00:14:02,4845.36,690,1,1,1,1,4155.72
APP0002488,CUST005325,2026-05-18 00:51:21,1883.93,679,1,1,0,0,0.0
APP0002489,CUST002754,2026-02-28 14:21:50,5738.23,678,1,1,0,0,0.0
APP0002490,CUST006693,2025-01-14 03:59:52,3141.21,692,0,0,0,0,0.0
APP0002491,CUST001127,2025-10-31 04:09:55,23381.61,599,1,0,0,0,0.0
APP0002492,CUST008728,2025-03-06 19:33:56,6633.5,454,1,1,0,0,0.0
APP0002493,CUST009482,2025-11-10 13:50:15,2550.58,582,1,0,0,0,0.0
APP0002494,CUST005360,2025-05-21 12:28:52,10527.26,557,0,0,0,0,0.0
APP0002495,CUST006069,2025-07-28 15:20:52,17219.38,674,1,1,0,0,0.0
APP0002496,CUST006513,2026-04-14 20:10:49,9544.07,560,0,0,0,0,0.0
APP0002497,CUST004432,2026-02-06 15:21:34,25006.13,597,0,0,0,0,0.0
APP0002498,CUST005279,2026-04-23 20:55:22,5849.58,563,1,1,0,0,0.0
APP0002499,CUST010064,2025-11-27 00:56:30,10002.39,558,1,1,1,1,9427.05
APP0002500,CUST005269,2026-07-31 13:40:37,3664.62,611,1,1,0,0,0.0
APP0002501,CUST006352,2025-09-18 18:26:02,3301.52,783,1,1,0,0,0.0
APP0002502,CUST005468,2026-08-07 00:52:59,6945.31,557,1,1,0,0,0.0
APP0002503,CUST010880,2025-09-15 11:26:40,6232.87,726,1,1,0,0,0.0
APP0002504,CUST004347,2025-09-14 18:33:53,4690.91,605,1,1,0,0,0.0
APP0002505,CUST010694,2025-01-21 17:31:54,6768.71,649,1,1,1,1,5920.4
APP0002506,CUST000250,2025-07-19 14:38:30,9737.34,607,1,1,0,0,0.0
APP0002507,CUST004058,2025-12-30 10:44:00,8744.74,502,0,0,0,0,0.0
APP0002508,CUST002843,2025-03-01 11:53:08,9063.37,727,1,1,1,1,8061.67
APP0002509,CUST008458,2025-05-19 11:18:30,3468.88,702,1,1,1,1,2637.24
APP0002510,CUST004773,2026-08-10 17:05:19,8398.89,573,1,1,1,1,6906.55
APP0002511,CUST001437,2025-04-05 17:52:08,12404.63,800,1,1,1,1,9992.15
APP0002512,CUST009450,2025-08-03 00:26:44,4691.41,720,1,1,1,1,3788.81
APP0002513,CUST005687,2025-03-17 10:48:33,3588.24,602,0,0,0,0,0.0
APP0002514,CUST007665,2025-07-26 14:02:49,8031.41,700,1,1,1,1,6056.68
APP0002515,CUST008713,2026-05-10 06:37:22,9144.96,714,1,1,1,1,7002.71
APP0002516,CUST008026,2026-08-24 07:18:33,3010.43,496,1,1,0,0,0.0
APP0002517,CUST011460,2025-05-09 16:39:22,10032.93,567,1,1,1,1,8611.5
APP0002518,CUST011980,2026-04-06 00:00:17,2050.63,476,1,1,0,0,0.0
APP0002519,CUST002537,2026-07-08 22:58:15,4231.66,642,1,1,0,0,0.0
APP0002520,CUST011830,2026-01-07 22:12:13,13955.44,667,1,1,1,0,11302.08
APP0002521,CUST008773,2025-01-11 17:37:59,12684.92,638,1,1,1,1,11012.42
APP0002522,CUST007093,2026-06-05 06:57:24,5267.16,699,1,1,0,0,0.0
APP0002523,CUST009313,2026-01-19 20:57:13,10419.92,567,1,1,1,1,8591.55
APP0002524,CUST009940,2026-07-14 17:02:58,7031.74,574,0,0,0,0,0.0
APP0002525,CUST000938,2025-10-20 10:44:17,2556.78,696,1,1,1,0,2301.1
APP0002526,CUST006574,2026-03-19 13:04:07,11328.81,566,1,1,1,0,10011.25
APP0002527,CUST009630,2025-09-07 01:41:28,3220.36,581,1,1,1,0,2873.98
APP0002528,CUST006391,2026-07-02 06:23:51,2336.06,593,1,1,0,0,0.0
APP0002529,CUST001042,2025-10-31 15:47:09,4455.93,623,1,1,0,0,0.0
APP0002530,CUST005934,2026-08-26 02:14:36,3831.65,700,1,1,1,1,3524.45
APP0002531,CUST001694,2025-12-26 02:05:52,9399.23,679,1,1,1,1,8683.42
APP0002532,CUST004974,2025-08-31 00:35:28,7852.31,668,1,1,1,1,6489.58
APP0002533,CUST000683,2025-12-19 12:50:57,6795.84,515,1,1,0,0,0.0
APP0002534,CUST011109,2025-05-21 16:02:39,15517.08,633,1,1,1,1,13712.37
APP0002535,CUST011466,2025-06-17 06:14:15,17279.13,588,0,0,0,0,0.0
APP0002536,CUST009503,2025-01-10 07:36:42,14208.43,517,1,1,0,0,0.0
APP0002537,CUST008194,2026-05-31 19:34:01,2829.69,686,1,1,1,0,2658.9
APP0002538,CUST011167,2025-03-21 22:26:19,4263.42,715,1,1,0,0,0.0
APP0002539,CUST005336,2026-06-30 09:55:23,9279.21,687,1,1,1,1,8566.73
APP0002540,CUST003208,2025-03-08 06:15:29,4522.24,607,1,1,1,0,3440.43
APP0002541,CUST000220,2025-03-14 01:35:48,3551.64,662,1,1,1,1,2685.94
APP0002542,CUST007899,2026-06-08 10:21:22,23806.22,718,1,1,1,1,21335.01
APP0002543,CUST011664,2025-05-21 14:41:48,5817.91,597,1,1,0,0,0.0
APP0002544,CUST002113,2025-06-02 16:32:01,9412.48,576,1,1,1,1,7759.23
APP0002545,CUST010031,2025-06-16 20:09:05,3438.86,599,1,1,1,1,2812.83
APP0002546,CUST010822,2025-07-23 08:08:34,5927.56,538,1,1,1,1,4906.76
APP0002547,CUST004775,2025-10-23 21:05:04,7095.55,559,1,1,1,1,6823.12
APP0002548,CUST002045,2026-08-27 10:00:09,10103.03,600,1,1,1,1,7615.09
APP0002549,CUST004216,2025-07-10 23:21:14,4089.03,568,1,1,1,1,3675.16
APP0002550,CUST006565,2026-05-26 10:03:46,12176.4,668,1,0,0,0,0.0
APP0002551,CUST004134,2026-06-10 08:34:32,12553.82,753,1,0,0,0,0.0
APP0002552,CUST010911,2026-03-21 11:46:28,4766.57,600,1,1,1,1,3867.57
APP0002553,CUST006338,2026-04-16 13:31:21,6583.36,704,1,1,1,1,5981.6
APP0002554,CUST006602,2025-08-24 12:44:14,6009.83,800,1,1,1,1,4770.59
APP0002555,CUST008704,2026-01-10 15:32:32,5754.5,661,1,1,1,1,5222.76
APP0002556,CUST007805,2025-05-27 03:31:50,4355.3,612,1,1,1,1,4011.76
APP0002557,CUST003080,2025-11-03 23:44:47,9845.75,624,1,1,0,0,0.0
APP0002558,CUST004772,2026-01-19 05:12:49,14023.84,488,0,0,0,0,0.0
APP0002559,CUST003248,2026-07-01 23:33:47,8592.25,695,1,1,1,1,7291.63
APP0002560,CUST009844,2026-08-29 23:45:33,17995.91,800,1,1,0,0,0.0
APP0002561,CUST007858,2026-03-14 14:28:13,4322.36,693,1,1,1,1,3770.9
APP0002562,CUST010653,2025-04-11 19:52:29,7747.79,519,0,0,0,0,0.0
APP0002563,CUST005581,2025-01-27 06:39:40,5144.85,644,1,1,0,0,0.0
APP0002564,CUST008207,2026-02-27 00:26:13,4196.65,661,1,1,1,1,3375.0
APP0002565,CUST008398,2025-05-12 04:58:51,12292.86,582,0,0,0,0,0.0
APP0002566,CUST011986,2025-01-31 14:19:48,1000.0,733,1,1,1,1,755.55
APP0002567,CUST003840,2026-02-14 15:23:33,8528.98,571,1,1,1,0,6700.59
APP0002568,CUST007703,2025-10-29 12:01:07,3395.48,639,1,1,1,1,3350.29
APP0002569,CUST005384,2025-08-17 11:31:43,3028.98,573,1,1,0,0,0.0
APP0002570,CUST003251,2025-11-01 05:29:01,2398.56,540,1,1,0,0,0.0
APP0002571,CUST007730,2025-10-11 13:37:37,4513.72,744,1,1,1,1,3871.46
APP0002572,CUST003762,2026-03-06 12:47:18,3886.27,574,1,1,1,1,3744.09
APP0002573,CUST004507,2025-12-31 23:14:04,4180.69,607,1,1,0,0,0.0
APP0002574,CUST001485,2025-08-17 11:26:26,4599.36,638,1,1,0,0,0.0
APP0002575,CUST002563,2026-06-22 20:20:26,6736.22,609,1,1,1,1,6442.37
APP0002576,CUST009428,2026-01-07 14:07:02,2859.41,655,1,1,0,0,0.0
APP0002577,CUST010918,2026-02-02 19:36:38,3761.17,446,1,1,0,0,0.0
APP0002578,CUST006030,2026-01-16 18:46:56,7348.68,555,1,1,1,1,7228.87
APP0002579,CUST002019,2025-01-24 04:44:52,5085.36,591,1,0,0,0,0.0
APP0002580,CUST009421,2025-10-17 18:45:38,38933.82,720,1,1,1,1,34670.02
APP0002581,CUST010769,2025-06-29 02:38:26,5976.0,800,1,1,1,1,4899.34
APP0002582,CUST001853,2025-12-26 22:02:01,7607.55,498,1,1,0,0,0.0
APP0002583,CUST011623,2026-01-20 17:30:26,10258.32,710,1,1,0,0,0.0
APP0002584,CUST001247,2026-06-19 11:28:36,3757.8,589,1,1,1,1,3696.9
APP0002585,CUST010930,2026-08-21 09:47:21,5145.08,476,1,1,1,1,4540.88
APP0002586,CUST009698,2026-01-11 02:06:01,1911.1,563,1,1,1,1,1471.73
APP0002587,CUST011475,2025-07-15 05:03:55,3632.54,687,0,0,0,0,0.0
APP0002588,CUST008434,2026-07-25 15:37:23,10557.79,775,1,1,1,0,8389.9
APP0002589,CUST003000,2025-07-12 17:41:19,8201.34,545,1,1,1,1,6831.74
APP0002590,CUST001031,2026-07-08 22:47:27,13550.01,779,0,0,0,0,0.0
APP0002591,CUST001215,2026-08-15 11:34:26,2754.42,647,1,1,1,1,2449.11
APP0002592,CUST008177,2025-12-15 22:36:55,5019.92,478,1,1,0,0,0.0
APP0002593,CUST004052,2026-07-26 19:10:19,4033.66,761,1,1,1,0,3395.76
APP0002594,CUST006266,2025-08-25 17:50:00,3823.89,619,0,0,0,0,0.0
APP0002595,CUST004307,2026-03-26 10:01:11,16772.79,597,1,1,0,0,0.0
APP0002596,CUST007555,2026-05-31 15:35:10,6622.66,562,1,1,0,0,0.0
APP0002597,CUST002033,2025-03-30 16:07:54,11245.07,741,1,1,1,1,9114.08
APP0002598,CUST001691,2026-01-02 19:56:39,4055.78,612,1,1,0,0,0.0
APP0002599,CUST001577,2025-08-06 17:42:49,3184.09,764,1,1,1,1,2471.92
APP0002600,CUST001583,2025-09-11 00:25:43,5275.46,723,1,1,1,0,4314.24
APP0002601,CUST007000,2025-08-28 08:56:11,15978.68,602,1,1,0,0,0.0
APP0002602,CUST008861,2025-11-06 20:53:14,8071.9,622,0,0,0,0,0.0
APP0002603,CUST006357,2026-02-18 23:32:16,6020.22,534,0,0,0,0,0.0
APP0002604,CUST009476,2026-08-02 05:24:55,4661.69,477,1,1,0,0,0.0
APP0002605,CUST003365,2026-01-22 14:01:50,2803.37,759,1,1,1,0,2198.31
APP0002606,CUST004885,2025-01-23 16:08:51,1916.55,558,1,1,0,0,0.0
APP0002607,CUST003780,2025-06-19 09:21:13,6215.65,668,1,1,1,1,4672.39
APP0002608,CUST007470,2026-08-06 03:45:47,7093.86,502,1,1,1,1,6849.75
APP0002609,CUST009931,2025-08-13 06:14:32,4154.15,540,0,0,0,0,0.0
APP0002610,CUST005745,2026-01-29 17:45:38,7443.89,542,0,0,0,0,0.0
APP0002611,CUST003889,2026-06-19 05:23:30,4038.83,618,1,0,0,0,0.0
APP0002612,CUST000546,2025-02-08 14:10:33,19560.87,614,1,1,1,0,15261.63
APP0002613,CUST007977,2026-04-23 23:56:31,11076.55,693,0,0,0,0,0.0
APP0002614,CUST001341,2025-10-29 07:52:33,22745.51,610,1,1,1,0,17941.98
APP0002615,CUST007075,2026-01-02 08:50:13,12243.84,612,1,1,0,0,0.0
APP0002616,CUST005594,2025-02-25 00:44:09,11157.34,752,1,1,1,1,9122.25
APP0002617,CUST007787,2025-06-12 09:06:16,1858.53,554,1,1,1,1,1449.91
APP0002618,CUST002903,2025-06-05 19:27:21,10048.15,707,1,1,1,1,8240.34
APP0002619,CUST002415,2025-01-30 19:06:37,1781.01,572,1,1,1,1,1771.73
APP0002620,CUST006728,2026-04-28 18:42:54,2408.79,592,1,1,1,1,2321.07
APP0002621,CUST009164,2025-12-26 13:50:42,2311.96,577,0,0,0,0,0.0
APP0002622,CUST007125,2025-04-05 06:16:23,5361.42,572,1,1,1,1,4936.93
APP0002623,CUST001445,2026-05-03 07:41:30,15826.49,613,1,1,0,0,0.0
APP0002624,CUST004017,2026-04-18 14:00:06,7437.44,466,1,1,1,1,6618.19
APP0002625,CUST005173,2026-08-09 13:51:06,3660.69,713,1,0,0,0,0.0
APP0002626,CUST008438,2026-02-13 08:41:00,9987.04,523,0,0,0,0,0.0
APP0002627,CUST010151,2026-02-21 03:21:01,5174.36,493,0,0,0,0,0.0
APP0002628,CUST003264,2025-06-02 03:36:15,2063.06,646,1,1,1,1,1973.91
APP0002629,CUST007992,2025-09-08 09:05:14,5177.63,568,1,1,0,0,0.0
APP0002630,CUST003698,2025-11-20 06:10:46,2177.03,531,1,1,0,0,0.0
APP0002631,CUST007221,2026-07-03 16:24:09,9005.58,608,1,1,1,1,8806.41
APP0002632,CUST011361,2025-10-04 06:03:21,7731.24,601,1,1,1,1,6633.2
APP0002633,CUST003950,2025-07-01 07:12:59,2626.2,656,1,1,1,0,2574.57
APP0002634,CUST008227,2025-02-11 14:07:32,10563.87,585,1,1,1,1,9569.09
APP0002635,CUST001321,2026-01-01 06:13:35,1711.71,522,0,0,0,0,0.0
APP0002636,CUST008538,2025-03-31 21:24:12,3631.72,624,1,1,1,1,3290.94
APP0002637,CUST004734,2026-08-21 08:54:45,4465.97,675,1,1,1,1,4009.48
APP0002638,CUST002741,2026-06-12 20:06:59,20139.81,705,1,1,0,0,0.0
APP0002639,CUST002912,2026-04-05 01:52:26,1024.45,685,1,1,0,0,0.0
APP0002640,CUST007436,2026-02-15 19:19:16,17728.94,625,0,0,0,0,0.0
APP0002641,CUST009632,2025-06-13 19:13:00,4644.04,624,1,1,1,1,4613.18
APP0002642,CUST009332,2026-08-07 07:55:11,4741.55,684,1,1,1,1,4374.35
APP0002643,CUST010444,2025-08-20 11:18:37,21469.14,644,0,0,0,0,0.0
APP0002644,CUST009367,2025-01-04 17:51:56,5726.05,556,1,1,0,0,0.0
APP0002645,CUST008321,2026-03-29 03:34:25,7420.1,523,1,1,0,0,0.0
APP0002646,CUST010554,2025-03-19 13:58:57,8152.89,728,1,1,1,1,6368.53
APP0002647,CUST003739,2026-04-20 09:29:06,6179.28,469,1,1,1,1,5424.67
APP0002648,CUST004331,2026-01-26 22:08:15,11422.28,531,1,1,0,0,0.0
APP0002649,CUST010418,2025-01-19 05:59:11,21383.25,641,1,1,0,0,0.0
APP0002650,CUST005130,2026-01-27 17:55:09,8951.59,683,1,1,0,0,0.0
APP0002651,CUST006587,2026-02-27 00:52:20,5134.62,665,1,1,0,0,0.0
APP0002652,CUST000078,2025-11-26 12:22:22,14159.55,623,1,1,0,0,0.0
APP0002653,CUST007556,2026-07-30 11:36:00,2444.66,622,1,1,1,1,1899.07
APP0002654,CUST003021,2025-09-23 02:51:03,12248.09,560,0,0,0,0,0.0
APP0002655,CUST008264,2026-07-25 13:10:36,9140.93,589,0,0,0,0,0.0
APP0002656,CUST011639,2026-01-16 19:14:31,25827.96,800,1,1,1,0,20973.72
APP0002657,CUST002764,2026-01-25 08:02:15,2780.3,627,1,1,1,0,2743.85
APP0002658,CUST006671,2026-01-14 17:33:12,3338.11,626,1,1,1,1,2833.44
APP0002659,CUST009706,2026-02-22 08:17:10,6130.81,619,1,1,1,0,5835.04
APP0002660,CUST001314,2025-08-03 06:40:40,18239.64,516,1,1,1,1,14060.13
APP0002661,CUST001175,2025-06-09 00:38:10,10831.68,715,1,1,1,1,10805.03
APP0002662,CUST009708,2025-05-11 05:37:44,19751.85,593,1,1,0,0,0.0
APP0002663,CUST003601,2026-03-12 00:43:36,2161.97,614,1,1,0,0,0.0
APP0002664,CUST001843,2025-02-16 21:19:53,14851.38,662,1,1,1,1,11884.44
APP0002665,CUST004437,2026-04-02 15:24:07,11683.89,684,1,1,1,1,10879.65
APP0002666,CUST001421,2025-10-14 14:40:42,4668.67,631,1,1,1,0,4353.87
APP0002667,CUST007742,2025-11-24 10:19:17,3726.24,721,1,1,1,1,3032.63
APP0002668,CUST005053,2025-07-08 05:53:23,4547.0,557,1,1,0,0,0.0
APP0002669,CUST003777,2026-05-30 23:59:36,5438.04,512,1,1,1,1,4462.68
APP0002670,CUST006383,2025-05-06 21:09:21,4362.4,575,0,0,0,0,0.0
APP0002671,CUST005134,2026-07-29 07:15:39,5191.87,602,1,1,0,0,0.0
APP0002672,CUST010169,2026-06-27 11:35:38,4068.73,512,0,0,0,0,0.0
APP0002673,CUST009103,2025-07-08 22:17:29,3227.97,570,1,1,0,0,0.0
APP0002674,CUST008475,2025-04-04 15:25:04,3077.4,579,1,1,0,0,0.0
APP0002675,CUST003907,2026-06-23 07:22:07,4420.41,654,0,0,0,0,0.0
APP0002676,CUST001313,2025-01-01 00:05:25,2197.7,662,1,1,1,1,2192.08
APP0002677,CUST000431,2025-05-24 22:54:46,17809.07,580,1,0,0,0,0.0
APP0002678,CUST001279,2026-08-06 06:42:38,5402.15,663,1,1,0,0,0.0
APP0002679,CUST010576,2025-07-04 20:16:41,6622.02,438,1,1,0,0,0.0
APP0002680,CUST001889,2025-09-16 19:29:03,20754.7,622,0,0,0,0,0.0
APP0002681,CUST010634,2025-05-09 12:08:16,4995.17,678,1,1,0,0,0.0
APP0002682,CUST009984,2026-03-09 11:38:52,5436.44,671,0,0,0,0,0.0
APP0002683,CUST003762,2025-08-19 05:32:15,5368.3,538,0,0,0,0,0.0
APP0002684,CUST000323,2026-02-21 08:46:09,6891.86,629,1,1,1,1,6293.65
APP0002685,CUST005737,2026-06-06 02:32:49,2093.17,628,1,1,1,1,2054.32
APP0002686,CUST002012,2026-07-01 15:53:23,7492.13,594,0,0,0,0,0.0
APP0002687,CUST009415,2025-12-21 01:01:54,29375.99,621,1,1,1,1,24151.78
APP0002688,CUST006547,2026-03-30 11:11:41,9240.08,524,1,1,1,1,7239.85
APP0002689,CUST008968,2025-05-25 21:20:12,4095.26,611,0,0,0,0,0.0
APP0002690,CUST006816,2025-05-10 13:49:48,6009.77,721,1,1,1,1,5967.52
APP0002691,CUST008910,2025-05-17 08:14:17,7259.55,556,1,1,1,1,5756.13
APP0002692,CUST010822,2025-06-04 10:03:14,2539.13,635,1,1,1,1,2266.81
APP0002693,CUST007817,2026-02-13 05:03:03,9761.55,611,1,1,1,0,8270.5
APP0002694,CUST006415,2025-09-08 09:29:46,3159.95,545,1,1,0,0,0.0
APP0002695,CUST009608,2025-07-15 02:06:21,7722.38,662,0,0,0,0,0.0
APP0002696,CUST008015,2025-03-20 14:08:14,5945.76,670,1,1,0,0,0.0
APP0002697,CUST007022,2025-11-10 08:33:24,3311.74,687,1,1,1,1,2977.15
APP0002698,CUST011519,2026-04-06 08:34:07,7565.29,634,1,1,0,0,0.0
APP0002699,CUST000999,2025-10-13 09:08:11,9478.26,797,1,1,1,1,8880.72
APP0002700,CUST001673,2025-02-27 09:33:01,4828.03,713,1,1,1,1,3664.44
APP0002701,CUST002328,2025-05-05 18:17:10,3775.45,651,1,1,1,0,3640.51
APP0002702,CUST003128,2025-04-15 03:51:54,11167.99,737,1,1,1,1,8524.95
APP0002703,CUST011321,2026-02-07 19:30:55,10369.85,699,0,0,0,0,0.0
APP0002704,CUST011155,2025-02-13 20:49:27,5953.11,613,1,1,0,0,0.0
APP0002705,CUST003125,2026-07-10 14:08:56,6350.02,579,0,0,0,0,0.0
APP0002706,CUST001711,2026-02-11 05:48:01,4782.56,586,1,1,0,0,0.0
APP0002707,CUST008771,2026-04-19 02:20:54,7972.02,575,1,1,1,1,6159.14
APP0002708,CUST008110,2025-01-08 09:04:26,3312.25,552,0,0,0,0,0.0
APP0002709,CUST009952,2026-04-05 16:57:44,3924.35,595,1,1,1,0,3154.33
APP0002710,CUST007600,2025-02-11 16:42:28,11525.37,575,0,0,0,0,0.0
APP0002711,CUST003581,2025-08-23 09:26:03,27829.45,618,1,1,0,0,0.0
APP0002712,CUST005715,2025-09-20 07:40:50,9881.59,660,1,1,1,1,9386.1
APP0002713,CUST002798,2025-01-28 20:34:34,17076.31,656,1,1,1,1,14900.82
APP0002714,CUST009423,2025-03-01 19:52:02,22285.27,469,1,1,1,1,21951.56
APP0002715,CUST000702,2025-02-20 03:51:04,4139.12,542,0,0,0,0,0.0
APP0002716,CUST010632,2025-05-24 13:07:25,4680.59,702,1,1,1,1,3724.05
APP0002717,CUST003241,2026-05-21 13:15:34,3513.29,750,1,1,1,1,2746.0
APP0002718,CUST009361,2026-01-13 11:55:22,3263.11,709,1,1,1,1,2813.73
APP0002719,CUST011059,2025-12-29 02:19:10,6340.29,686,1,1,0,0,0.0
APP0002720,CUST009369,2025-06-27 14:28:01,3021.63,530,1,1,0,0,0.0
APP0002721,CUST008662,2025-09-23 23:36:20,3455.7,559,1,1,1,1,2727.53
APP0002722,CUST008464,2026-07-06 19:23:27,12345.94,614,1,1,0,0,0.0
APP0002723,CUST006140,2025-01-27 03:56:16,9324.9,646,1,1,1,1,8319.7
APP0002724,CUST002705,2025-03-22 04:48:57,3947.46,755,1,1,1,1,3752.28
APP0002725,CUST002890,2026-06-26 19:25:07,6613.86,579,0,0,0,0,0.0
APP0002726,CUST011247,2025-02-28 14:41:40,3571.58,596,1,1,1,1,3057.44
APP0002727,CUST004725,2025-06-21 10:00:46,7934.8,718,1,1,0,0,0.0
APP0002728,CUST004887,2025-04-25 15:49:30,5195.83,484,1,0,0,0,0.0
APP0002729,CUST004644,2026-05-02 18:04:03,8486.54,590,1,1,1,1,8224.84
APP0002730,CUST008481,2026-06-12 12:37:46,5287.4,670,1,1,1,0,4941.59
APP0002731,CUST000218,2025-09-17 14:32:21,18174.94,540,1,0,0,0,0.0
APP0002732,CUST006694,2026-02-23 18:06:42,6347.64,522,1,1,1,0,5984.63
APP0002733,CUST004799,2025-09-24 15:17:24,5123.41,673,1,1,1,1,5111.6
APP0002734,CUST009965,2025-04-28 05:52:17,3864.87,736,1,1,1,1,3317.64
APP0002735,CUST009261,2026-08-29 19:57:30,16581.46,725,1,1,1,0,13985.87
APP0002736,CUST008455,2025-10-06 20:37:11,5537.88,549,1,1,0,0,0.0
APP0002737,CUST001020,2025-02-18 07:19:32,12637.53,626,1,1,0,0,0.0
APP0002738,CUST001898,2025-03-15 19:02:11,3036.79,642,0,0,0,0,0.0
APP0002739,CUST005761,2025-07-10 02:38:41,17594.6,531,1,1,0,0,0.0
APP0002740,CUST007195,2025-11-05 14:29:35,2643.94,556,1,1,1,1,2464.42
APP0002741,CUST002236,2026-08-11 03:03:44,1550.7,595,1,1,1,1,1271.54
APP0002742,CUST001799,2025-07-09 01:54:20,4094.45,610,1,1,1,1,3222.18
APP0002743,CUST010889,2025-10-26 23:26:28,4074.92,541,1,1,1,1,3922.82
APP0002744,CUST002637,2025-05-06 11:55:15,21003.6,602,0,0,0,0,0.0
APP0002745,CUST000609,2026-08-03 12:29:51,11601.76,610,1,1,1,1,8767.8
APP0002746,CUST008595,2025-10-24 11:03:49,3473.18,765,1,1,1,1,2922.23
APP0002747,CUST009462,2025-02-06 08:11:52,3013.31,591,1,1,0,0,0.0
APP0002748,CUST001580,2025-07-04 12:52:53,2367.49,534,1,0,0,0,0.0
APP0002749,CUST005417,2025-12-18 02:31:53,9289.3,617,1,1,0,0,0.0
APP0002750,CUST000129,2026-07-24 18:06:32,8630.45,649,1,0,0,0,0.0
APP0002751,CUST009950,2025-11-30 03:48:12,4752.57,536,1,1,1,1,4171.89
APP0002752,CUST001851,2025-10-24 14:43:52,9692.56,618,1,1,0,0,0.0
APP0002753,CUST009872,2026-04-28 10:07:28,3629.28,498,0,0,0,0,0.0
APP0002754,CUST007491,2025-12-03 04:35:55,3145.32,514,1,1,1,1,2817.96
APP0002755,CUST000226,2026-08-15 15:22:09,5295.63,536,0,0,0,0,0.0
APP0002756,CUST007693,2025-10-03 18:36:26,6848.71,686,1,1,0,0,0.0
APP0002757,CUST005973,2025-06-08 03:02:26,5280.09,721,1,1,1,1,4203.63
APP0002758,CUST004502,2025-05-08 14:38:54,14615.24,699,1,1,1,1,14204.76
APP0002759,CUST011578,2026-08-20 08:28:15,9597.6,631,1,1,1,1,9234.51
APP0002760,CUST006812,2026-06-26 17:42:57,8856.03,532,1,1,1,1,8701.23
APP0002761,CUST006372,2026-02-23 11:50:54,9073.92,634,1,1,1,0,7972.37
APP0002762,CUST009822,2026-02-22 04:30:12,3325.36,607,1,1,1,1,2675.25
APP0002763,CUST004566,2025-11-20 03:48:41,17697.8,525,1,1,0,0,0.0
APP0002764,CUST002243,2025-07-02 21:05:19,33010.61,654,1,0,0,0,0.0
APP0002765,CUST011349,2025-11-15 10:43:55,2178.34,680,1,1,1,1,2168.99
APP0002766,CUST005490,2025-09-19 20:23:56,3730.97,538,1,1,0,0,0.0
APP0002767,CUST007783,2026-07-01 04:28:28,3904.56,682,1,1,1,1,3448.57
APP0002768,CUST003702,2026-03-27 09:40:02,3859.53,492,1,1,0,0,0.0
APP0002769,CUST004680,2026-07-24 01:08:59,11749.71,687,1,1,0,0,0.0
APP0002770,CUST003646,2025-06-06 16:02:18,4512.57,771,1,1,1,1,4258.7
APP0002771,CUST004830,2025-07-15 03:18:54,9435.16,552,0,0,0,0,0.0
APP0002772,CUST011201,2025-07-29 01:08:37,10312.86,549,1,1,0,0,0.0
APP0002773,CUST004973,2026-07-10 17:10:14,2751.87,664,1,1,1,1,2633.22
APP0002774,CUST003235,2026-03-24 03:56:44,5953.07,749,1,1,1,1,4786.5
APP0002775,CUST004775,2025-01-08 06:17:57,3209.79,648,0,0,0,0,0.0
APP0002776,CUST001946,2025-11-23 23:42:48,6849.68,626,1,1,1,1,5316.16
APP0002777,CUST004027,2025-07-13 16:58:57,28160.47,634,1,1,1,1,24758.64
APP0002778,CUST002539,2025-07-27 21:20:19,12037.18,681,1,1,1,1,10636.16
APP0002779,CUST005630,2025-07-24 01:01:40,13485.89,527,1,1,0,0,0.0
APP0002780,CUST010041,2025-11-09 13:58:36,17570.62,727,1,1,1,1,13328.58
APP0002781,CUST000787,2026-06-06 18:32:58,4794.69,384,0,0,0,0,0.0
APP0002782,CUST010743,2025-12-28 23:00:52,7111.66,592,1,1,1,1,6414.28
APP0002783,CUST004803,2025-05-16 17:45:04,2610.06,685,0,0,0,0,0.0
APP0002784,CUST001852,2026-05-29 00:43:51,12448.42,632,1,1,1,1,10654.38
APP0002785,CUST010493,2025-02-20 21:04:10,10151.59,579,1,1,1,0,8656.53
APP0002786,CUST006449,2025-08-31 20:15:53,11604.08,638,1,1,1,0,9528.89
APP0002787,CUST005665,2025-01-30 00:52:33,3405.96,680,1,1,1,0,3191.49
APP0002788,CUST010044,2025-03-14 16:00:41,9587.6,680,0,0,0,0,0.0
APP0002789,CUST006199,2025-11-17 06:48:50,10631.45,491,1,1,0,0,0.0
APP0002790,CUST001986,2026-02-12 10:00:29,25994.6,496,1,0,0,0,0.0
APP0002791,CUST005992,2025-07-02 18:04:30,6419.7,664,1,1,0,0,0.0
APP0002792,CUST003106,2026-02-15 15:28:50,5368.69,687,1,1,1,1,4716.59
APP0002793,CUST010992,2025-05-15 12:30:29,4680.74,433,0,0,0,0,0.0
APP0002794,CUST009457,2025-07-19 17:53:41,4501.04,579,0,0,0,0,0.0
APP0002795,CUST010534,2025-05-03 09:35:04,15576.47,540,1,1,0,0,0.0
APP0002796,CUST001245,2025-04-01 03:09:00,4625.84,654,1,1,1,1,4127.54
APP0002797,CUST003255,2025-01-03 01:21:11,2837.93,534,1,1,0,0,0.0
APP0002798,CUST003547,2026-05-21 06:41:32,8714.91,551,1,1,0,0,0.0
APP0002799,CUST007185,2025-12-26 00:32:42,1323.65,542,1,1,0,0,0.0
APP0002800,CUST000372,2025-08-25 21:17:44,1355.33,615,1,1,1,0,1351.71
APP0002801,CUST000823,2025-02-14 21:09:50,5356.32,516,1,1,1,1,5024.13
APP0002802,CUST004399,2025-07-12 21:02:43,6254.08,672,1,1,0,0,0.0
APP0002803,CUST010535,2025-04-30 07:15:09,8239.09,568,1,1,1,1,7396.76
APP0002804,CUST008983,2025-02-16 15:12:23,16658.83,634,1,1,0,0,0.0
APP0002805,CUST000929,2025-05-09 11:38:35,3883.83,634,1,1,1,1,3747.19
APP0002806,CUST002723,2025-06-30 00:40:56,3136.85,569,1,1,1,1,2384.92
APP0002807,CUST003318,2026-06-24 08:41:18,6342.39,517,1,1,0,0,0.0
APP0002808,CUST011584,2025-10-26 06:26:17,1984.65,612,1,0,0,0,0.0
APP0002809,CUST007985,2025-08-29 10:13:21,3460.97,553,1,1,1,0,3275.56
APP0002810,CUST005188,2026-07-14 00:06:06,5961.06,542,1,1,1,1,5933.77
APP0002811,CUST000203,2025-12-29 11:01:46,2732.65,603,1,1,0,0,0.0
APP0002812,CUST002386,2025-02-26 23:33:26,9583.5,638,1,0,0,0,0.0
APP0002813,CUST004567,2026-06-15 18:33:10,2107.01,445,0,0,0,0,0.0
APP0002814,CUST010490,2026-06-02 11:02:03,15045.16,602,1,1,0,0,0.0
APP0002815,CUST006999,2025-04-22 15:47:33,3687.07,579,0,0,0,0,0.0
APP0002816,CUST002211,2026-06-25 22:44:14,12584.99,783,1,1,1,1,11148.22
APP0002817,CUST006821,2026-06-11 07:22:05,7619.24,736,1,1,0,0,0.0
APP0002818,CUST000407,2025-08-19 14:18:26,4872.31,681,1,1,1,0,4641.32
APP0002819,CUST004751,2026-03-16 19:04:36,1899.58,730,1,0,0,0,0.0
APP0002820,CUST009196,2025-02-15 20:41:02,7643.45,690,1,1,1,0,7103.75
APP0002821,CUST001585,2025-11-23 21:06:40,14490.8,498,1,1,0,0,0.0
APP0002822,CUST003598,2026-08-04 11:31:02,8012.68,512,1,1,0,0,0.0
APP0002823,CUST004187,2026-06-25 09:15:36,1962.83,619,0,0,0,0,0.0
APP0002824,CUST008097,2025-09-02 08:36:47,13335.08,548,1,1,1,1,11694.08
APP0002825,CUST005374,2025-11-24 06:27:49,4213.31,662,0,0,0,0,0.0
APP0002826,CUST004969,2025-12-28 01:02:22,13525.55,665,1,1,1,1,10396.57
APP0002827,CUST007726,2025-04-21 07:28:08,15301.96,645,1,1,1,1,12618.15
APP0002828,CUST005143,2025-02-21 11:49:15,6685.06,627,1,1,1,0,6174.55
APP0002829,CUST003615,2025-02-25 20:19:33,7044.47,650,1,1,0,0,0.0
APP0002830,CUST011392,2026-08-23 10:35:50,4253.96,415,0,0,0,0,0.0
APP0002831,CUST007365,2026-08-07 00:07:07,7319.9,689,0,0,0,0,0.0
APP0002832,CUST010277,2025-10-21 01:55:47,15741.06,671,0,0,0,0,0.0
APP0002833,CUST009187,2026-02-22 16:06:43,7590.02,636,1,1,1,1,5820.49
APP0002834,CUST001691,2026-08-18 08:40:13,9753.41,672,1,1,0,0,0.0
APP0002835,CUST008920,2025-07-09 07:34:37,2877.55,574,1,1,0,0,0.0
APP0002836,CUST009106,2025-10-03 01:58:39,5004.65,556,1,1,1,1,4716.1
APP0002837,CUST000356,2026-01-03 22:14:07,10087.42,666,1,1,1,1,8055.87
APP0002838,CUST003373,2026-08-16 14:09:02,5140.31,527,0,0,0,0,0.0
APP0002839,CUST000031,2025-01-10 15:09:36,13360.49,612,1,1,0,0,0.0
APP0002840,CUST004943,2026-03-01 03:35:42,3543.69,565,1,1,1,1,2935.18
APP0002841,CUST007520,2026-06-01 01:45:57,2462.12,560,1,1,1,1,2170.31
APP0002842,CUST003806,2025-01-05 05:07:02,8178.73,560,1,1,1,1,6347.28
APP0002843,CUST006723,2025-12-20 02:24:05,7497.44,523,1,1,1,1,7465.89
APP0002844,CUST008191,2025-06-08 00:16:42,6075.41,518,0,0,0,0,0.0
APP0002845,CUST002445,2026-07-07 12:55:15,8707.4,762,1,1,1,1,8313.86
APP0002846,CUST008409,2026-02-28 00:26:02,5786.64,638,1,1,1,1,4717.21
APP0002847,CUST010681,2026-04-03 20:17:44,11905.43,500,1,1,1,1,11583.9
APP0002848,CUST004759,2025-08-21 06:22:49,11071.76,789,1,1,0,0,0.0
APP0002849,CUST009070,2026-02-02 00:16:19,4458.4,558,1,1,0,0,0.0
APP0002850,CUST008519,2025-01-26 10:22:39,3833.78,526,0,0,0,0,0.0
APP0002851,CUST000826,2025-10-11 14:32:49,10691.92,578,1,1,1,1,8585.84
APP0002852,CUST011012,2025-11-18 05:17:57,16556.03,687,0,0,0,0,0.0
APP0002853,CUST010788,2025-02-22 22:10:42,21097.45,418,0,0,0,0,0.0
APP0002854,CUST003621,2026-04-04 19:17:49,6622.48,672,1,1,1,0,5769.43
APP0002855,CUST002169,2025-08-14 03:49:45,3374.78,557,0,0,0,0,0.0
APP0002856,CUST002646,2026-06-13 01:53:09,5763.45,706,1,1,0,0,0.0
APP0002857,CUST003630,2025-10-16 14:02:25,2789.46,640,1,1,0,0,0.0
APP0002858,CUST003678,2025-01-25 07:30:27,8012.22,643,1,1,0,0,0.0
APP0002859,CUST009150,2026-08-24 16:30:16,21785.18,641,1,1,1,0,18132.22
APP0002860,CUST004318,2025-09-15 22:47:37,2623.02,490,1,1,1,0,2453.48
APP0002861,CUST000378,2026-06-09 21:44:57,7511.07,578,1,1,1,1,7298.02
APP0002862,CUST009456,2025-06-08 12:16:35,5996.79,582,1,1,1,1,5691.46
APP0002863,CUST004534,2025-09-02 00:08:34,6052.12,508,1,1,0,0,0.0
APP0002864,CUST000280,2025-05-17 05:16:26,12836.25,621,1,1,1,1,10312.33
APP0002865,CUST003069,2026-01-11 21:00:51,13269.9,759,1,1,1,1,11174.73
APP0002866,CUST003759,2026-02-07 10:12:46,5483.05,619,1,1,0,0,0.0
APP0002867,CUST004797,2026-04-14 06:41:24,8093.48,719,1,1,0,0,0.0
APP0002868,CUST002581,2025-05-13 18:19:49,13725.6,678,1,1,1,1,13587.33
APP0002869,CUST004026,2026-06-26 10:01:50,4915.73,682,1,0,0,0,0.0
APP0002870,CUST009574,2026-03-03 05:33:37,19065.07,541,1,1,0,0,0.0
APP0002871,CUST004048,2025-03-13 16:44:16,4195.9,660,1,1,0,0,0.0
APP0002872,CUST003568,2025-11-02 13:59:52,4218.09,663,1,1,1,0,3962.94
APP0002873,CUST003711,2025-04-03 14:15:33,2745.42,521,1,1,0,0,0.0
APP0002874,CUST006620,2026-02-08 07:14:14,5613.18,645,1,1,1,1,5105.64
APP0002875,CUST004759,2025-09-28 15:33:59,6969.41,745,1,1,1,1,5512.27
APP0002876,CUST008962,2025-07-19 06:45:33,4021.89,567,1,0,0,0,0.0
APP0002877,CUST004243,2026-02-14 08:17:19,7320.17,683,1,1,1,0,6567.46
APP0002878,CUST011958,2026-03-04 19:26:33,12226.1,586,1,1,0,0,0.0
APP0002879,CUST003979,2025-01-05 09:11:28,26603.54,661,1,1,1,1,22610.44
APP0002880,CUST003291,2025-02-12 05:40:30,2222.69,783,1,1,1,1,1921.04
APP0002881,CUST007092,2026-02-17 01:17:10,8273.26,747,1,1,1,1,7969.51
APP0002882,CUST007259,2025-08-16 16:52:50,11375.52,599,1,1,0,0,0.0
APP0002883,CUST005321,2025-11-15 13:56:34,18305.56,588,1,1,1,0,14622.12
APP0002884,CUST006845,2026-04-25 05:13:30,9837.08,588,1,1,0,0,0.0
APP0002885,CUST006838,2025-06-08 01:55:11,10545.63,678,0,0,0,0,0.0
APP0002886,CUST001180,2026-06-16 08:49:18,6015.16,591,0,0,0,0,0.0
APP0002887,CUST004036,2026-05-18 22:56:21,23576.52,639,1,1,0,0,0.0
APP0002888,CUST002950,2025-07-14 17:21:07,5239.08,657,1,1,0,0,0.0
APP0002889,CUST005210,2025-03-24 11:36:52,5066.79,575,1,1,1,1,3803.42
APP0002890,CUST011720,2025-09-20 13:18:46,7584.08,730,1,1,1,1,6490.9
APP0002891,CUST008551,2025-10-25 11:45:18,2549.34,618,1,1,0,0,0.0
APP0002892,CUST001681,2026-02-11 04:51:35,1184.71,483,1,1,0,0,0.0
APP0002893,CUST009864,2026-05-04 18:15:07,3655.17,661,1,1,1,1,3041.04
APP0002894,CUST003136,2025-03-17 20:12:59,1000.0,688,1,1,1,0,850.48
APP0002895,CUST003636,2026-05-18 02:43:04,4143.53,610,1,1,1,1,3701.96
APP0002896,CUST001692,2025-08-28 05:05:31,1435.48,765,1,1,1,1,1242.58
APP0002897,CUST006072,2026-05-26 12:55:13,4576.91,502,1,1,1,0,3653.25
APP0002898,CUST003361,2025-04-12 12:15:23,10760.86,678,1,1,1,1,9898.87
APP0002899,CUST001330,2026-04-10 20:01:29,5336.81,614,1,1,0,0,0.0
APP0002900,CUST007573,2025-11-09 01:35:12,4799.3,658,1,1,0,0,0.0
APP0002901,CUST008245,2025-04-02 05:32:42,5677.52,677,1,1,0,0,0.0
APP0002902,CUST006741,2026-07-22 12:30:07,12349.72,678,1,1,1,1,12162.16
APP0002903,CUST003510,2025-09-22 01:40:03,3603.39,615,1,1,0,0,0.0
APP0002904,CUST006642,2025-01-04 14:29:22,11630.61,561,1,1,0,0,0.0
APP0002905,CUST010254,2025-04-27 15:03:29,4793.61,636,0,0,0,0,0.0
APP0002906,CUST007983,2026-03-29 08:28:43,3707.16,540,0,0,0,0,0.0
APP0002907,CUST011681,2025-04-18 22:32:45,13625.81,666,1,1,0,0,0.0
APP0002908,CUST009766,2025-04-02 14:38:18,3641.58,482,0,0,0,0,0.0
APP0002909,CUST003791,2026-05-20 22:03:35,4512.32,527,1,1,0,0,0.0
APP0002910,CUST011396,2026-03-29 19:40:02,5096.7,673,1,1,1,1,4241.82
APP0002911,CUST008637,2026-06-27 17:29:47,3718.96,677,1,1,0,0,0.0
APP0002912,CUST004751,2025-11-09 13:24:55,6194.01,538,1,1,1,1,5058.77
APP0002913,CUST009769,2026-02-20 08:35:15,8135.48,573,0,0,0,0,0.0
APP0002914,CUST005491,2026-02-23 06:35:17,6854.96,577,0,0,0,0,0.0
APP0002915,CUST003342,2025-08-13 14:34:07,11084.12,626,1,1,1,1,8411.03
APP0002916,CUST011290,2026-03-06 06:31:13,6595.8,707,1,1,0,0,0.0
APP0002917,CUST006501,2026-08-21 09:23:32,19427.03,565,1,1,1,1,19013.19
APP0002918,CUST007861,2026-01-05 16:43:13,7137.15,625,1,1,1,0,5391.13
APP0002919,CUST009623,2025-03-25 10:40:11,7158.05,710,1,1,1,0,6287.37
APP0002920,CUST008372,2026-03-19 13:42:41,1538.87,781,1,1,1,0,1455.12
APP0002921,CUST009357,2026-06-29 14:24:56,14512.92,571,0,0,0,0,0.0
APP0002922,CUST006419,2025-04-03 22:53:13,4231.09,471,0,0,0,0,0.0
APP0002923,CUST009358,2025-07-04 00:37:03,7865.5,574,0,0,0,0,0.0
APP0002924,CUST003021,2025-08-28 06:45:16,4531.01,748,1,1,1,0,3594.14
APP0002925,CUST011072,2026-06-25 04:44:33,4724.85,656,1,1,1,1,4056.78
APP0002926,CUST008694,2025-03-01 06:03:32,2681.12,624,1,1,1,1,2213.05
APP0002927,CUST007161,2025-08-26 15:51:07,8922.12,607,1,1,1,1,7005.75
APP0002928,CUST000760,2026-08-05 04:37:45,14849.13,674,1,0,0,0,0.0
APP0002929,CUST002814,2025-11-09 22:23:26,2140.37,576,1,1,0,0,0.0
APP0002930,CUST011799,2025-05-16 20:07:19,3065.52,681,1,1,0,0,0.0
APP0002931,CUST009294,2025-05-06 22:28:45,14941.0,597,0,0,0,0,0.0
APP0002932,CUST007163,2025-08-03 02:49:57,8657.76,645,1,1,1,1,8253.27
APP0002933,CUST001127,2026-08-06 02:02:33,6377.43,538,1,0,0,0,0.0
APP0002934,CUST005366,2025-12-30 06:13:48,9084.59,625,1,1,1,1,7736.92
APP0002935,CUST004156,2025-09-17 11:20:48,12109.02,443,1,1,0,0,0.0
APP0002936,CUST001944,2025-02-14 15:25:46,4937.24,513,1,1,0,0,0.0
APP0002937,CUST007590,2025-06-17 11:15:11,7517.41,570,1,1,0,0,0.0
APP0002938,CUST007879,2026-08-27 15:00:24,10302.35,662,1,1,0,0,0.0
APP0002939,CUST002056,2025-03-06 03:15:32,6774.71,619,1,1,1,1,6764.67
APP0002940,CUST010568,2026-03-14 17:47:24,11599.48,696,1,1,0,0,0.0
APP0002941,CUST003702,2025-11-27 12:05:50,2082.69,649,1,1,1,1,1891.46
APP0002942,CUST004021,2025-12-03 20:03:01,1997.15,582,1,1,0,0,0.0
APP0002943,CUST008361,2025-10-11 22:14:37,7846.9,658,1,0,0,0,0.0
APP0002944,CUST000714,2025-10-12 18:42:19,9151.69,469,0,0,0,0,0.0
APP0002945,CUST008941,2025-10-15 15:39:56,6905.67,672,1,1,0,0,0.0
APP0002946,CUST003730,2025-02-09 07:01:33,13515.41,560,1,1,0,0,0.0
APP0002947,CUST008492,2025-05-17 14:21:19,9124.68,562,1,1,0,0,0.0
APP0002948,CUST006584,2026-03-12 19:43:48,6816.82,679,1,1,0,0,0.0
APP0002949,CUST000114,2026-01-09 20:47:27,12565.35,705,0,0,0,0,0.0
APP0002950,CUST005250,2026-01-05 00:48:54,2661.86,643,1,1,1,1,2023.32
APP0002951,CUST000088,2025-06-18 13:25:52,4177.86,490,1,1,1,1,3628.59
APP0002952,CUST005763,2025-03-02 14:54:14,4029.67,626,1,1,1,1,3210.95
APP0002953,CUST010775,2025-01-07 10:40:48,7128.72,611,1,1,0,0,0.0
APP0002954,CUST001174,2026-02-19 06:32:48,13855.56,667,1,0,0,0,0.0
APP0002955,CUST007785,2025-01-08 03:01:53,6538.93,762,1,1,1,0,5833.53
APP0002956,CUST007512,2025-08-20 06:25:10,2767.94,449,1,1,0,0,0.0
APP0002957,CUST000525,2025-12-11 17:58:17,12713.35,494,1,1,0,0,0.0
APP0002958,CUST003691,2026-04-20 21:57:50,3733.02,690,1,0,0,0,0.0
APP0002959,CUST004299,2025-07-27 16:13:00,10203.19,515,1,1,1,1,8171.26
APP0002960,CUST009367,2025-04-17 18:01:51,1493.52,628,0,0,0,0,0.0
APP0002961,CUST011199,2025-02-09 07:26:19,2646.37,581,0,0,0,0,0.0
APP0002962,CUST008071,2025-07-08 20:39:39,2953.56,618,1,1,0,0,0.0
APP0002963,CUST009952,2025-04-06 10:41:19,4303.2,552,0,0,0,0,0.0
APP0002964,CUST007979,2026-03-20 00:15:12,43306.42,593,1,1,0,0,0.0
APP0002965,CUST008584,2026-05-26 13:36:23,7989.07,525,1,1,1,1,6914.29
APP0002966,CUST006350,2025-12-06 03:28:50,3038.43,626,1,0,0,0,0.0
APP0002967,CUST000466,2026-05-15 00:53:41,6041.64,512,1,1,0,0,0.0
APP0002968,CUST003820,2026-07-10 16:35:55,4485.03,614,1,1,1,1,3420.46
APP0002969,CUST001571,2026-02-25 09:16:58,6246.2,537,0,0,0,0,0.0
APP0002970,CUST004165,2025-07-06 13:02:40,7098.95,582,1,1,0,0,0.0
APP0002971,CUST002219,2025-09-08 12:15:15,4642.46,752,1,1,1,1,4569.41
APP0002972,CUST011469,2026-04-04 02:46:51,2117.52,603,1,1,1,1,1744.2
APP0002973,CUST003916,2025-05-16 18:10:56,9341.13,566,1,1,1,1,8729.4
APP0002974,CUST001576,2026-04-25 01:42:25,5755.95,606,1,1,1,1,4451.16
APP0002975,CUST003659,2026-08-27 12:02:21,4299.7,555,1,0,0,0,0.0
APP0002976,CUST005378,2025-04-20 14:56:05,6935.27,607,1,1,1,1,6281.36
APP0002977,CUST007783,2025-01-13 20:16:16,3019.95,512,1,1,0,0,0.0
APP0002978,CUST011663,2025-11-24 01:18:33,4820.38,759,1,1,0,0,0.0
APP0002979,CUST008819,2025-11-03 13:31:59,1627.35,792,1,1,1,1,1509.9
APP0002980,CUST010403,2025-10-03 03:53:04,10838.27,547,1,1,1,0,8176.74
APP0002981,CUST000610,2026-05-05 17:29:31,2631.63,612,1,1,1,1,2394.47
APP0002982,CUST005322,2025-05-13 09:35:03,8044.61,632,1,1,1,1,7126.29
APP0002983,CUST004787,2025-06-24 10:27:34,3546.27,685,1,1,1,1,3115.05
APP0002984,CUST001493,2026-01-29 20:46:10,11230.39,686,1,0,0,0,0.0
APP0002985,CUST006930,2026-04-12 04:11:07,14009.37,619,0,0,0,0,0.0
APP0002986,CUST011544,2026-06-11 14:55:09,14607.37,573,0,0,0,0,0.0
APP0002987,CUST008466,2026-07-22 00:44:42,1800.4,543,1,1,0,0,0.0
APP0002988,CUST010541,2025-03-29 20:59:50,7333.89,727,1,1,1,1,6411.32
APP0002989,CUST003802,2025-01-12 05:56:53,5385.41,680,1,1,1,1,4908.62
APP0002990,CUST001576,2025-02-21 23:25:22,3881.28,614,1,1,1,1,3428.23
APP0002991,CUST008121,2026-01-29 04:10:24,9864.12,630,1,1,0,0,0.0
APP0002992,CUST008720,2025-10-23 16:49:11,29146.7,596,1,1,1,1,26804.57
APP0002993,CUST001414,2025-02-28 16:10:00,14523.89,495,1,1,0,0,0.0
APP0002994,CUST003459,2025-12-06 21:33:22,6831.04,666,1,1,1,0,5911.36
APP0002995,CUST009648,2025-09-04 14:32:05,7810.36,592,1,1,1,1,7711.83
APP0002996,CUST004560,2026-02-05 20:50:33,10791.02,687,1,1,1,1,9642.05
APP0002997,CUST008509,2025-05-22 12:04:01,4039.61,712,1,1,0,0,0.0
APP0002998,CUST007275,2025-08-06 07:09:27,5565.35,555,1,1,0,0,0.0
APP0002999,CUST005595,2025-10-13 11:27:04,12580.32,529,0,0,0,0,0.0
APP0003000,CUST000959,2025-09-20 12:02:56,2657.43,601,1,1,1,1,2604.92
APP0003001,CUST002521,2026-04-30 19:47:26,7764.91,636,1,1,1,1,6361.35
APP0003002,CUST011226,2025-11-04 15:05:07,1466.23,624,1,1,0,0,0.0
APP0003003,CUST011857,2025-04-30 01:21:58,4779.05,546,1,1,0,0,0.0
APP0003004,CUST002532,2026-03-06 13:45:53,5460.34,680,1,1,0,0,0.0
APP0003005,CUST007982,2025-12-16 20:21:09,9571.35,722,1,1,1,1,7743.39
APP0003006,CUST009482,2026-06-12 16:36:59,12059.07,579,0,0,0,0,0.0
APP0003007,CUST004315,2025-06-27 16:25:08,8819.67,700,1,0,0,0,0.0
APP0003008,CUST010472,2025-04-19 10:31:25,4730.26,703,1,1,1,1,4651.46
APP0003009,CUST009889,2025-05-14 20:33:24,8917.91,763,1,1,1,1,7421.6
APP0003010,CUST003871,2025-06-23 05:32:57,2320.63,635,1,1,0,0,0.0
APP0003011,CUST005145,2026-05-04 17:46:52,29665.78,536,1,1,0,0,0.0
APP0003012,CUST009867,2025-03-23 23:45:37,4671.94,564,1,1,1,0,4439.25
APP0003013,CUST003587,2025-04-26 23:53:31,4700.87,778,1,0,0,0,0.0
APP0003014,CUST009066,2026-03-25 12:16:55,5980.99,670,1,1,1,1,4680.99
APP0003015,CUST001319,2026-04-13 00:51:00,3160.63,645,1,1,1,1,2838.26
APP0003016,CUST007249,2026-05-29 15:06:12,43987.91,565,1,1,1,1,37732.77
APP0003017,CUST000286,2026-02-20 16:10:28,4865.84,616,1,0,0,0,0.0
APP0003018,CUST002018,2025-12-24 09:40:36,11303.07,736,1,0,0,0,0.0
APP0003019,CUST011427,2025-10-25 15:38:39,2550.12,611,1,1,1,1,2118.77
APP0003020,CUST005594,2026-05-15 07:54:02,3479.4,685,1,1,1,1,3113.42
APP0003021,CUST003741,2025-04-25 23:55:41,3389.78,634,1,1,1,1,2649.45
APP0003022,CUST010451,2025-01-02 11:55:38,6953.33,674,0,0,0,0,0.0
APP0003023,CUST009941,2025-11-05 22:24:06,7455.15,687,0,0,0,0,0.0
APP0003024,CUST011116,2026-02-17 00:20:39,4985.28,540,1,1,1,0,4625.34
APP0003025,CUST006093,2025-03-19 09:03:58,7405.41,701,1,1,1,1,7072.33
APP0003026,CUST002010,2026-06-22 23:58:47,6996.7,570,1,1,0,0,0.0
APP0003027,CUST008320,2025-02-24 10:43:01,4886.81,719,1,0,0,0,0.0
APP0003028,CUST007001,2026-04-26 10:12:22,7506.34,537,0,0,0,0,0.0
APP0003029,CUST010140,2025-01-24 04:07:37,2709.07,569,1,1,0,0,0.0
APP0003030,CUST004295,2026-01-20 16:48:35,4406.18,616,1,1,1,1,3843.94
APP0003031,CUST010484,2026-02-12 16:34:02,13428.21,649,1,1,1,1,12948.54
APP0003032,CUST008545,2026-01-04 08:13:20,9394.35,683,1,1,1,1,8120.7
APP0003033,CUST000501,2025-05-30 23:29:06,4300.67,633,1,1,1,0,4099.99
APP0003034,CUST008822,2026-04-16 00:35:52,1632.81,645,1,0,0,0,0.0
APP0003035,CUST005680,2026-04-25 00:52:04,4142.98,725,1,0,0,0,0.0
APP0003036,CUST004750,2026-01-02 15:49:45,2910.76,657,0,0,0,0,0.0
APP0003037,CUST008825,2025-07-24 20:21:16,5841.39,634,1,1,1,0,4439.35
APP0003038,CUST008416,2026-01-21 07:43:36,6007.41,684,1,1,1,0,5769.58
APP0003039,CUST010325,2026-01-01 11:05:14,1827.5,557,0,0,0,0,0.0
APP0003040,CUST009629,2026-05-05 15:09:12,9436.56,513,1,1,0,0,0.0
APP0003041,CUST010719,2026-08-20 14:39:05,6755.17,563,1,1,0,0,0.0
APP0003042,CUST009702,2025-12-19 09:43:55,6702.68,493,1,1,0,0,0.0
APP0003043,CUST006543,2026-01-13 17:21:18,9166.44,753,1,1,0,0,0.0
APP0003044,CUST002389,2025-11-08 15:56:46,7011.1,623,1,1,0,0,0.0
APP0003045,CUST007155,2026-01-30 18:53:50,5761.86,732,1,1,1,0,4686.15
APP0003046,CUST002927,2025-06-24 23:46:24,1370.93,687,1,1,0,0,0.0
APP0003047,CUST000996,2026-03-30 07:58:40,8545.87,493,0,0,0,0,0.0
APP0003048,CUST009275,2025-06-07 20:28:50,5952.19,573,0,0,0,0,0.0
APP0003049,CUST000271,2025-11-21 04:58:39,5268.56,724,1,1,0,0,0.0
APP0003050,CUST003061,2026-01-15 01:22:19,9198.45,600,1,1,0,0,0.0
APP0003051,CUST000338,2026-03-24 08:06:17,2006.86,538,1,1,1,1,1826.03
APP0003052,CUST003164,2025-12-31 04:52:27,11386.96,577,1,1,0,0,0.0
APP0003053,CUST002183,2025-08-17 22:36:35,4265.66,660,1,1,0,0,0.0
APP0003054,CUST004091,2026-03-25 00:42:44,4981.41,512,1,0,0,0,0.0
APP0003055,CUST001075,2026-06-18 06:37:20,2136.8,594,1,1,0,0,0.0
APP0003056,CUST000692,2026-01-29 07:12:00,12472.26,619,1,1,0,0,0.0
APP0003057,CUST003282,2026-04-28 01:22:57,4762.85,692,1,1,0,0,0.0
APP0003058,CUST011305,2026-08-11 07:08:37,26745.26,776,1,0,0,0,0.0
APP0003059,CUST010192,2025-10-15 07:14:01,14140.82,610,0,0,0,0,0.0
APP0003060,CUST004892,2025-03-10 10:17:15,6964.07,526,1,1,1,1,5974.21
APP0003061,CUST000743,2025-03-31 02:11:25,11976.11,715,1,1,0,0,0.0
APP0003062,CUST001795,2026-08-20 06:41:29,13097.89,600,1,1,1,1,12737.28
APP0003063,CUST007166,2026-03-15 07:42:10,6661.88,615,0,0,0,0,0.0
APP0003064,CUST007729,2025-03-23 16:49:47,26590.67,670,1,1,1,1,23345.03
APP0003065,CUST011395,2026-04-04 22:27:16,9782.54,745,1,1,0,0,0.0
APP0003066,CUST008055,2025-06-28 08:46:59,3048.75,600,0,0,0,0,0.0
APP0003067,CUST004610,2026-03-25 16:24:20,35822.78,670,1,1,0,0,0.0
APP0003068,CUST008676,2026-08-13 21:17:29,6849.02,657,1,1,1,1,6417.45
APP0003069,CUST000213,2025-07-06 07:37:26,1881.71,621,1,0,0,0,0.0
APP0003070,CUST002049,2025-12-09 04:12:45,2822.64,547,0,0,0,0,0.0
APP0003071,CUST004558,2025-04-04 22:35:53,6949.22,589,0,0,0,0,0.0
APP0003072,CUST003670,2025-07-11 12:18:18,5089.99,660,1,1,0,0,0.0
APP0003073,CUST007718,2026-03-15 18:35:23,1132.9,534,1,1,1,1,932.41
APP0003074,CUST002408,2026-08-23 18:16:06,13796.94,665,1,1,1,1,11109.28
APP0003075,CUST003516,2025-05-29 14:36:42,4102.36,554,0,0,0,0,0.0
APP0003076,CUST001008,2025-10-01 02:50:39,6005.26,606,0,0,0,0,0.0
APP0003077,CUST010674,2025-10-28 14:55:16,19261.16,537,1,1,1,0,15184.53
APP0003078,CUST008909,2026-05-13 03:19:07,8552.26,538,1,1,1,1,7198.13
APP0003079,CUST001308,2025-01-08 10:01:49,8134.71,512,0,0,0,0,0.0
APP0003080,CUST004806,2026-05-24 02:34:01,12774.61,573,0,0,0,0,0.0
APP0003081,CUST005438,2025-04-23 20:34:04,7048.15,614,1,1,1,1,5610.73
APP0003082,CUST005935,2025-03-04 12:10:12,2481.55,599,1,0,0,0,0.0
APP0003083,CUST005757,2025-09-17 16:19:23,9024.13,588,0,0,0,0,0.0
APP0003084,CUST007866,2026-08-28 18:24:57,5909.99,560,1,1,1,1,5042.32
APP0003085,CUST004625,2025-12-04 11:14:24,7656.77,609,1,1,1,1,6321.01
APP0003086,CUST006953,2025-05-28 05:19:12,6464.29,598,1,1,1,0,5363.57
APP0003087,CUST007581,2025-01-18 14:16:14,8823.87,758,1,1,1,1,8021.75
APP0003088,CUST006217,2026-08-07 20:18:32,12228.17,712,1,1,0,0,0.0
APP0003089,CUST005567,2025-09-05 21:55:01,8925.25,688,1,1,1,1,7269.55
APP0003090,CUST003567,2026-05-31 04:41:28,14022.34,676,1,1,1,0,11185.22
APP0003091,CUST004473,2025-09-26 18:33:34,3438.87,432,1,1,0,0,0.0
APP0003092,CUST001953,2025-03-22 00:36:09,11104.43,702,1,1,1,1,10872.91
APP0003093,CUST003305,2025-08-24 19:42:24,2133.28,631,1,1,1,1,1627.47
APP0003094,CUST010165,2026-08-29 14:57:24,14109.42,661,1,1,1,1,14000.95
APP0003095,CUST007863,2025-10-26 06:59:57,3924.97,567,0,0,0,0,0.0
APP0003096,CUST006537,2025-12-12 07:32:56,4699.45,589,1,1,1,1,3774.79
APP0003097,CUST008519,2025-08-14 14:08:38,19981.82,650,1,1,0,0,0.0
APP0003098,CUST004398,2025-06-06 00:27:45,3775.42,648,1,1,1,1,3064.43
APP0003099,CUST004345,2025-05-16 11:08:21,3346.33,552,1,1,1,1,2663.21
APP0003100,CUST008702,2026-01-17 22:14:52,25786.9,692,1,1,1,1,22961.26
APP0003101,CUST001298,2025-04-04 02:31:15,4115.78,565,1,1,0,0,0.0
APP0003102,CUST004289,2025-08-10 18:10:44,1000.0,605,1,1,1,1,997.79
APP0003103,CUST009166,2026-07-23 06:31:37,7302.23,549,1,1,1,1,6468.09
APP0003104,CUST002478,2026-08-09 22:39:28,5434.71,571,1,1,1,1,4173.0
APP0003105,CUST006971,2025-07-14 19:41:35,3054.45,681,1,1,1,1,2755.39
APP0003106,CUST011708,2025-08-16 23:05:29,4296.89,654,1,1,1,0,4168.84
APP0003107,CUST008640,2025-04-11 13:44:55,8639.77,499,0,0,0,0,0.0
APP0003108,CUST010545,2025-06-12 22:59:16,3420.01,575,1,1,1,1,3134.41
APP0003109,CUST000536,2026-02-03 07:17:44,4569.51,468,1,1,0,0,0.0
APP0003110,CUST008284,2026-05-04 18:18:31,2428.48,627,0,0,0,0,0.0
APP0003111,CUST001758,2026-07-26 05:34:49,2782.26,543,1,1,1,1,2123.85
APP0003112,CUST000230,2026-02-03 22:23:40,3265.99,580,1,1,0,0,0.0
APP0003113,CUST008256,2025-05-07 12:57:49,3954.93,586,1,0,0,0,0.0
APP0003114,CUST005291,2025-10-23 13:21:40,7767.73,704,1,1,1,1,7467.51
APP0003115,CUST003479,2026-08-23 23:47:54,2255.58,586,1,1,1,1,1719.48
APP0003116,CUST001413,2025-02-14 00:27:19,8399.65,556,1,1,0,0,0.0
APP0003117,CUST003798,2025-01-10 23:19:35,3914.94,490,1,1,0,0,0.0
APP0003118,CUST003396,2025-03-31 19:51:54,1000.0,690,1,1,1,1,965.39
APP0003119,CUST010101,2025-01-25 02:07:28,2364.15,542,1,1,0,0,0.0
APP0003120,CUST011945,2025-03-10 06:19:02,6025.32,468,0,0,0,0,0.0
APP0003121,CUST003797,2026-07-07 07:16:09,5769.89,591,1,1,1,1,4859.08
APP0003122,CUST003453,2026-05-19 01:48:40,4799.99,683,1,1,1,1,4707.56
APP0003123,CUST004041,2025-09-21 15:48:32,7013.49,478,1,1,1,1,6704.22
APP0003124,CUST003606,2026-08-29 20:02:20,27079.27,552,1,1,0,0,0.0
APP0003125,CUST003506,2025-12-02 21:37:58,15040.22,539,1,1,1,1,12414.25
APP0003126,CUST005364,2025-08-15 16:47:44,5795.45,765,1,1,1,1,4547.37
APP0003127,CUST008752,2025-12-30 06:23:31,11008.47,774,1,1,1,1,8755.92
APP0003128,CUST010768,2026-05-30 13:55:56,4399.35,580,1,0,0,0,0.0
APP0003129,CUST006225,2025-11-01 09:13:11,7287.64,551,1,1,1,0,5964.01
APP0003130,CUST007925,2026-06-04 08:23:43,9423.81,666,1,1,1,1,9127.57
APP0003131,CUST002225,2026-07-05 20:11:37,2815.16,580,1,1,1,1,2748.84
APP0003132,CUST009851,2026-01-01 05:46:54,8039.94,565,0,0,0,0,0.0
APP0003133,CUST011046,2026-03-30 16:35:34,4780.9,606,0,0,0,0,0.0
APP0003134,CUST007631,2026-02-05 11:20:29,8946.89,618,1,1,0,0,0.0
APP0003135,CUST001838,2025-07-12 07:21:30,2925.24,510,1,1,0,0,0.0
APP0003136,CUST007478,2026-02-07 20:28:03,1805.51,684,1,1,1,1,1645.83
APP0003137,CUST008318,2026-04-25 01:17:36,2813.18,586,1,1,1,1,2111.82
APP0003138,CUST003776,2026-08-30 03:38:03,10121.33,539,1,1,0,0,0.0
APP0003139,CUST004772,2025-11-19 12:50:17,8862.92,519,1,1,0,0,0.0
APP0003140,CUST000155,2026-03-08 22:43:29,3146.46,644,1,1,1,1,3144.31
APP0003141,CUST009415,2025-02-16 14:04:23,10429.39,574,1,1,0,0,0.0
APP0003142,CUST010399,2025-03-24 15:04:35,1928.56,675,1,1,1,1,1851.11
APP0003143,CUST008463,2026-01-08 03:58:57,3329.95,726,1,1,0,0,0.0
APP0003144,CUST009691,2025-12-05 15:34:34,6924.36,598,1,1,0,0,0.0
APP0003145,CUST008992,2026-03-21 22:27:16,6104.92,523,1,1,1,1,4958.01
APP0003146,CUST005172,2025-01-21 03:06:57,2892.45,526,1,1,1,0,2864.73
APP0003147,CUST001148,2025-06-24 05:32:34,11008.17,601,0,0,0,0,0.0
APP0003148,CUST008911,2025-11-02 17:59:01,3912.48,545,0,0,0,0,0.0
APP0003149,CUST009875,2025-02-01 02:28:17,10041.59,755,1,1,1,1,7597.69
APP0003150,CUST002432,2026-07-02 04:59:59,1730.55,582,1,1,1,0,1383.1
APP0003151,CUST008338,2025-02-26 09:58:47,1000.0,644,0,0,0,0,0.0
APP0003152,CUST004038,2025-05-19 22:16:57,5185.28,648,1,0,0,0,0.0
APP0003153,CUST010566,2025-12-23 11:50:52,1000.0,598,0,0,0,0,0.0
APP0003154,CUST001742,2025-02-09 14:26:57,7945.25,650,1,1,1,1,7934.2
APP0003155,CUST004153,2025-07-27 14:17:18,2750.11,693,1,1,1,0,2301.27
APP0003156,CUST009203,2025-07-27 19:38:23,10089.76,602,0,0,0,0,0.0
APP0003157,CUST001493,2025-10-11 16:34:34,2023.2,516,0,0,0,0,0.0
APP0003158,CUST000176,2025-04-19 20:42:37,3588.81,731,1,1,1,1,2764.01
APP0003159,CUST000304,2025-06-28 11:03:48,7353.21,635,1,1,0,0,0.0
APP0003160,CUST004843,2026-03-19 00:33:28,9103.64,705,1,1,0,0,0.0
APP0003161,CUST006750,2025-03-12 11:27:07,2320.47,711,1,1,1,1,2016.37
APP0003162,CUST011410,2026-04-24 00:49:36,5441.38,469,1,1,0,0,0.0
APP0003163,CUST002832,2026-07-01 06:11:47,3443.74,698,1,1,1,1,2983.43
APP0003164,CUST004671,2026-08-19 05:18:26,2211.93,705,1,1,0,0,0.0
APP0003165,CUST003402,2026-07-08 04:48:51,4485.77,547,1,1,0,0,0.0
APP0003166,CUST002364,2026-07-16 21:07:01,7416.69,663,1,1,1,1,6776.84
APP0003167,CUST006591,2025-02-14 08:04:47,6476.94,561,0,0,0,0,0.0
APP0003168,CUST006031,2026-05-25 15:48:03,9156.68,610,1,0,0,0,0.0
APP0003169,CUST010262,2025-12-23 20:18:06,8630.55,610,0,0,0,0,0.0
APP0003170,CUST009847,2025-02-15 23:10:03,15732.89,621,1,1,1,1,15219.0
APP0003171,CUST003047,2025-03-30 10:28:03,7915.77,545,0,0,0,0,0.0
APP0003172,CUST010395,2025-07-24 18:06:20,10929.31,514,0,0,0,0,0.0
APP0003173,CUST005585,2026-04-16 23:20:09,4090.59,604,1,1,1,1,3995.14
APP0003174,CUST000810,2026-07-28 16:32:37,2845.07,550,1,1,0,0,0.0
APP0003175,CUST002519,2025-06-26 15:02:00,2232.21,507,1,1,0,0,0.0
APP0003176,CUST001883,2025-08-21 09:46:08,2929.35,657,1,1,1,1,2858.92
APP0003177,CUST002114,2025-03-14 20:52:54,3901.41,800,1,1,1,1,3700.68
APP0003178,CUST001326,2026-05-20 03:29:04,10518.01,482,1,1,0,0,0.0
APP0003179,CUST007353,2026-01-06 16:24:12,12071.85,705,1,1,0,0,0.0
APP0003180,CUST005496,2025-05-23 05:00:20,2098.22,525,1,1,0,0,0.0
APP0003181,CUST002188,2026-05-02 11:14:56,9095.06,646,1,1,0,0,0.0
APP0003182,CUST002562,2025-09-23 12:49:48,2644.06,599,1,1,0,0,0.0
APP0003183,CUST005781,2025-08-12 17:26:21,9164.92,551,0,0,0,0,0.0
APP0003184,CUST006181,2026-01-22 17:12:04,2579.66,657,1,1,1,1,2336.11
APP0003185,CUST002764,2026-08-21 23:26:53,5116.94,595,1,0,0,0,0.0
APP0003186,CUST004021,2026-02-26 02:41:30,8298.76,624,1,1,0,0,0.0
APP0003187,CUST011695,2026-06-17 16:57:23,11982.12,556,0,0,0,0,0.0
APP0003188,CUST005321,2026-06-04 02:08:11,2541.15,561,1,1,0,0,0.0
APP0003189,CUST007745,2025-12-22 06:12:51,4008.31,610,0,0,0,0,0.0
APP0003190,CUST002233,2026-05-02 05:26:41,15721.56,654,0,0,0,0,0.0
APP0003191,CUST007175,2025-02-23 12:35:33,8140.65,448,0,0,0,0,0.0
APP0003192,CUST004507,2025-07-02 03:17:23,5392.97,722,1,1,1,1,4770.64
APP0003193,CUST002707,2026-07-03 16:48:56,13728.93,646,1,1,0,0,0.0
APP0003194,CUST010779,2025-08-10 16:16:01,5655.8,610,1,1,0,0,0.0
APP0003195,CUST004040,2025-02-05 06:01:43,18075.03,600,0,0,0,0,0.0
APP0003196,CUST000974,2026-03-18 12:06:04,6272.16,674,1,1,1,0,5708.9
APP0003197,CUST003328,2025-05-22 07:58:45,5842.45,647,0,0,0,0,0.0
APP0003198,CUST002759,2026-05-21 17:35:39,8235.85,618,1,1,0,0,0.0
APP0003199,CUST007464,2026-08-15 17:16:08,8810.62,537,1,1,1,1,8432.36
APP0003200,CUST004026,2025-01-16 14:25:33,3501.25,712,1,1,1,1,3208.26
APP0003201,CUST011034,2025-04-08 10:22:54,6586.43,563,1,1,1,1,5788.03
APP0003202,CUST000338,2025-03-24 17:01:11,5552.37,686,1,0,0,0,0.0
APP0003203,CUST002360,2025-05-15 21:06:06,8269.78,655,1,0,0,0,0.0
APP0003204,CUST011266,2025-12-01 16:38:19,6554.65,512,1,1,0,0,0.0
APP0003205,CUST002910,2026-08-23 23:47:36,13622.73,666,1,1,1,1,13179.75
APP0003206,CUST009319,2026-07-04 05:28:22,3808.78,586,1,1,1,1,3759.83
APP0003207,CUST007675,2025-03-03 08:03:58,8602.53,763,1,1,1,1,6984.22
APP0003208,CUST010317,2025-06-15 09:32:01,2210.68,692,1,1,0,0,0.0
APP0003209,CUST007186,2026-04-07 01:19:01,7161.14,649,1,0,0,0,0.0
APP0003210,CUST011456,2026-06-02 13:10:00,2782.2,675,1,0,0,0,0.0
APP0003211,CUST004989,2025-04-30 15:37:53,1472.21,559,1,1,0,0,0.0
APP0003212,CUST000479,2025-12-08 09:50:09,5660.68,652,0,0,0,0,0.0
APP0003213,CUST010213,2026-07-02 01:54:36,13587.15,780,1,1,1,1,13579.57
APP0003214,CUST002634,2025-06-05 11:56:49,4297.4,764,1,1,1,1,4217.62
APP0003215,CUST000488,2026-01-20 13:28:56,5389.96,532,1,1,0,0,0.0
APP0003216,CUST010268,2025-05-21 14:07:20,6989.44,662,1,0,0,0,0.0
APP0003217,CUST006483,2026-05-12 15:40:27,2605.54,582,1,0,0,0,0.0
APP0003218,CUST005120,2025-06-14 01:49:05,5042.01,705,1,1,1,1,4010.63
APP0003219,CUST010641,2026-06-20 03:42:31,23501.1,592,0,0,0,0,0.0
APP0003220,CUST000773,2026-03-13 09:16:32,2673.59,693,1,1,1,1,2293.16
APP0003221,CUST010910,2025-07-11 02:32:18,9234.19,672,1,1,1,1,9027.62
APP0003222,CUST001724,2025-08-20 05:49:42,16199.31,594,0,0,0,0,0.0
APP0003223,CUST009721,2026-02-27 06:20:37,13334.49,562,1,1,1,1,11333.78
APP0003224,CUST001604,2026-01-31 16:45:27,2922.64,589,1,1,1,1,2363.77
APP0003225,CUST009154,2025-03-26 17:48:03,10844.86,621,1,1,1,1,9792.2
APP0003226,CUST010346,2025-04-14 03:08:00,2262.81,600,1,1,1,1,2136.99
APP0003227,CUST007824,2025-05-01 16:12:21,4305.93,553,1,0,0,0,0.0
APP0003228,CUST000395,2025-11-18 03:06:54,16941.37,537,1,1,1,0,12972.29
APP0003229,CUST005501,2025-10-29 01:02:20,7469.53,552,0,0,0,0,0.0
APP0003230,CUST005977,2025-03-10 03:04:12,6178.37,569,1,0,0,0,0.0
APP0003231,CUST007214,2026-06-17 22:51:48,13463.81,534,1,1,1,1,12443.0
APP0003232,CUST010471,2026-01-01 08:27:17,7393.48,654,1,1,1,1,6035.01
APP0003233,CUST006503,2026-02-04 02:15:54,5584.3,520,1,1,0,0,0.0
APP0003234,CUST009393,2025-06-20 18:21:46,1371.47,699,1,1,1,1,1069.32
APP0003235,CUST007800,2025-09-13 21:11:45,4812.92,601,1,1,1,1,4174.98
APP0003236,CUST006010,2025-11-11 20:47:23,6066.86,590,1,1,1,1,6016.86
APP0003237,CUST010709,2025-06-25 19:11:37,3151.74,615,1,0,0,0,0.0
APP0003238,CUST010788,2025-04-07 01:59:58,8655.82,577,1,1,0,0,0.0
APP0003239,CUST008023,2025-10-27 12:39:21,15194.04,630,1,0,0,0,0.0
APP0003240,CUST006727,2026-01-14 15:06:33,2984.95,637,1,1,0,0,0.0
APP0003241,CUST006167,2025-03-29 15:47:21,16278.05,646,1,1,1,1,14726.96
APP0003242,CUST008938,2025-07-11 18:54:37,7102.59,524,0,0,0,0,0.0
APP0003243,CUST002696,2026-02-07 17:21:52,1000.0,670,0,0,0,0,0.0
APP0003244,CUST006902,2025-04-07 22:38:57,7101.91,595,1,1,1,1,6929.27
APP0003245,CUST008194,2025-08-31 20:31:22,5139.08,716,1,1,1,1,4553.42
APP0003246,CUST004705,2026-03-20 20:35:19,5738.4,640,1,1,0,0,0.0
APP0003247,CUST003799,2026-07-28 01:16:16,8691.53,756,1,1,0,0,0.0
APP0003248,CUST009832,2026-05-22 16:57:41,8543.13,569,1,1,0,0,0.0
APP0003249,CUST003765,2026-05-07 21:52:43,9443.77,636,1,1,1,1,9345.78
APP0003250,CUST003492,2025-07-03 15:39:03,9529.45,652,1,1,1,1,7412.09
APP0003251,CUST001981,2026-08-22 20:26:03,6228.29,756,1,1,0,0,0.0
APP0003252,CUST008348,2025-05-21 14:04:16,3818.99,657,1,1,1,1,3025.26
APP0003253,CUST009231,2026-06-12 13:21:07,5375.31,572,1,1,0,0,0.0
APP0003254,CUST008194,2025-05-18 14:21:21,1000.0,545,1,1,0,0,0.0
APP0003255,CUST008483,2026-04-14 18:56:17,4513.98,658,1,1,0,0,0.0
APP0003256,CUST011588,2026-04-04 09:10:22,9941.66,638,0,0,0,0,0.0
APP0003257,CUST008876,2025-11-02 22:09:57,7876.58,614,1,1,0,0,0.0
APP0003258,CUST006312,2026-06-09 03:02:29,2657.26,536,1,1,0,0,0.0
APP0003259,CUST011100,2025-10-03 21:01:07,6373.37,605,1,1,1,1,5705.27
APP0003260,CUST005801,2025-12-24 14:51:00,7117.93,800,1,1,1,1,6738.76
APP0003261,CUST010956,2025-02-28 08:50:33,3945.98,711,1,1,1,1,3924.57
APP0003262,CUST009471,2025-02-21 04:38:01,8885.86,727,1,1,0,0,0.0
APP0003263,CUST010159,2025-02-18 20:28:51,2457.56,660,1,1,1,1,1987.04
APP0003264,CUST004943,2026-03-14 16:17:23,2378.1,585,0,0,0,0,0.0
APP0003265,CUST004093,2025-08-02 21:50:50,3436.5,578,1,1,1,1,2693.77
APP0003266,CUST005958,2026-06-11 03:24:52,6986.93,631,1,0,0,0,0.0
APP0003267,CUST005314,2025-07-24 09:30:38,10204.59,526,0,0,0,0,0.0
APP0003268,CUST004984,2026-06-29 17:12:32,4445.85,667,1,1,1,0,3587.58
APP0003269,CUST002986,2025-02-05 07:01:53,2284.31,738,1,1,1,1,1860.48
APP0003270,CUST010418,2026-04-16 04:58:36,14274.04,734,1,1,0,0,0.0
APP0003271,CUST009042,2026-07-03 10:17:21,3796.87,564,1,1,1,1,3589.51
APP0003272,CUST003503,2025-11-30 03:33:00,2574.14,654,1,1,1,1,2377.54
APP0003273,CUST005097,2026-02-20 09:38:39,4743.11,597,1,1,1,1,4029.24
APP0003274,CUST001700,2025-09-29 04:59:13,3241.43,695,1,1,1,0,2514.75
APP0003275,CUST007114,2025-09-26 17:46:17,6015.0,496,1,1,1,1,5346.57
APP0003276,CUST001137,2026-04-24 10:33:59,6705.27,605,0,0,0,0,0.0
APP0003277,CUST009294,2025-04-17 04:08:02,7333.24,573,1,1,1,1,5552.07
APP0003278,CUST004250,2025-01-18 22:27:55,4200.88,625,1,1,1,1,3542.25
APP0003279,CUST001060,2025-06-17 05:38:51,22322.13,665,1,1,0,0,0.0
APP0003280,CUST000564,2025-02-28 15:16:41,3378.99,631,1,1,1,0,2556.09
APP0003281,CUST002297,2026-03-06 23:31:24,8006.52,636,1,1,0,0,0.0
APP0003282,CUST006049,2025-08-25 22:34:59,15908.36,691,1,0,0,0,0.0
APP0003283,CUST006303,2026-01-22 20:43:37,10913.82,536,1,1,0,0,0.0
APP0003284,CUST009640,2025-03-08 15:09:46,3612.61,586,1,1,0,0,0.0
APP0003285,CUST000707,2026-08-14 13:44:01,10907.01,548,0,0,0,0,0.0
APP0003286,CUST011017,2026-05-12 17:46:06,3693.05,717,1,1,1,1,3555.56
APP0003287,CUST000812,2026-04-07 06:00:16,13777.3,609,1,1,0,0,0.0
APP0003288,CUST010730,2025-07-28 16:37:34,4890.84,660,1,1,0,0,0.0
APP0003289,CUST009111,2026-07-30 04:40:36,4737.28,584,1,1,1,1,4491.38
APP0003290,CUST010049,2025-11-06 14:36:38,5317.38,687,1,1,1,1,4407.75
APP0003291,CUST002873,2025-05-29 17:20:44,2870.02,588,0,0,0,0,0.0
APP0003292,CUST000533,2025-10-26 15:56:19,1648.0,679,1,1,1,1,1388.56
APP0003293,CUST005444,2026-06-06 15:27:32,6747.4,785,1,1,1,1,5070.47
APP0003294,CUST002505,2026-01-17 04:29:25,22754.37,641,1,1,1,1,18640.0
APP0003295,CUST001672,2025-05-11 15:04:44,9472.66,632,1,1,1,1,7953.32
APP0003296,CUST003069,2025-11-15 16:37:21,5419.0,568,1,1,1,1,4249.1
APP0003297,CUST006641,2026-05-31 05:15:58,4034.24,651,1,1,1,1,3634.0
APP0003298,CUST005044,2025-03-03 04:13:57,7062.74,603,0,0,0,0,0.0
APP0003299,CUST010906,2026-08-12 18:06:18,6900.8,621,1,1,1,1,6604.36
APP0003300,CUST002712,2025-12-02 17:16:01,4282.95,525,1,1,1,0,3599.42
APP0003301,CUST007741,2026-06-12 11:58:22,6557.89,706,1,1,1,0,6128.59
APP0003302,CUST004005,2025-12-08 04:11:02,30647.0,568,0,0,0,0,0.0
APP0003303,CUST001180,2026-03-26 08:38:01,4829.93,659,1,1,0,0,0.0
APP0003304,CUST008695,2026-06-25 20:35:03,2344.91,655,1,1,0,0,0.0
APP0003305,CUST010691,2025-01-09 17:20:47,7948.45,631,1,1,0,0,0.0
APP0003306,CUST004537,2025-05-25 00:54:49,16196.19,624,1,1,1,1,12607.12
APP0003307,CUST011639,2025-07-29 21:16:20,6932.17,590,1,1,1,1,5652.31
APP0003308,CUST000666,2025-11-04 11:50:29,3172.08,670,1,1,1,1,3040.02
APP0003309,CUST005093,2026-08-27 09:42:31,7070.03,706,1,1,1,0,6090.19
APP0003310,CUST004835,2025-09-28 08:37:58,8237.33,645,1,1,0,0,0.0
APP0003311,CUST002867,2025-09-01 10:09:06,2517.32,589,1,1,0,0,0.0
APP0003312,CUST009520,2026-04-01 10:35:57,2007.68,610,1,1,0,0,0.0
APP0003313,CUST000234,2026-03-03 11:07:38,16676.21,630,1,1,0,0,0.0
APP0003314,CUST001389,2025-07-08 15:42:29,13116.58,682,1,1,1,1,12638.72
APP0003315,CUST004690,2025-02-23 12:11:23,2770.58,708,1,1,1,0,2188.94
APP0003316,CUST010464,2025-06-02 21:02:03,5807.28,750,1,0,0,0,0.0
APP0003317,CUST002199,2025-04-25 04:01:03,8205.15,636,0,0,0,0,0.0
APP0003318,CUST010712,2026-07-19 13:16:38,2197.62,624,0,0,0,0,0.0
APP0003319,CUST008900,2025-11-26 05:16:26,1657.23,667,1,1,1,1,1532.25
APP0003320,CUST005876,2025-01-25 13:42:20,33893.06,596,1,1,0,0,0.0
APP0003321,CUST009727,2025-11-15 20:22:08,7231.58,489,0,0,0,0,0.0
APP0003322,CUST005730,2026-05-15 19:46:59,13451.69,692,1,0,0,0,0.0
APP0003323,CUST010742,2026-08-19 00:42:59,3308.17,734,1,1,0,0,0.0
APP0003324,CUST006680,2025-08-01 13:19:09,4611.35,533,1,1,1,0,3707.54
APP0003325,CUST003642,2025-03-29 19:27:17,15730.42,692,1,1,0,0,0.0
APP0003326,CUST004151,2025-03-16 10:45:25,13284.19,612,1,1,1,0,13083.99
APP0003327,CUST008331,2025-08-13 05:16:39,4822.44,643,1,1,1,0,4037.36
APP0003328,CUST000293,2026-08-22 21:35:41,10262.02,544,0,0,0,0,0.0
APP0003329,CUST010762,2025-02-06 15:35:45,24413.89,697,1,1,1,0,18786.01
APP0003330,CUST003429,2025-08-06 22:10:55,2406.62,629,0,0,0,0,0.0
APP0003331,CUST005973,2025-05-24 07:48:02,2230.78,665,1,0,0,0,0.0
APP0003332,CUST000206,2026-02-16 19:55:28,1727.32,622,1,1,1,1,1503.75
APP0003333,CUST011715,2026-02-13 00:18:20,6005.21,702,1,1,1,1,4982.73
APP0003334,CUST008049,2025-02-13 13:07:27,18727.29,695,1,1,1,1,17186.62
APP0003335,CUST007179,2025-05-09 03:43:43,5676.75,664,1,1,0,0,0.0
APP0003336,CUST005978,2026-07-14 19:03:11,5100.26,508,1,1,1,1,4801.09
APP0003337,CUST011757,2025-09-07 08:08:25,7758.02,684,1,1,1,1,6355.37
APP0003338,CUST005577,2025-12-18 20:08:00,4488.0,661,1,1,1,0,4486.37
APP0003339,CUST005690,2025-08-14 01:02:17,11316.08,763,1,1,1,1,9625.01
APP0003340,CUST003046,2025-02-28 05:10:33,14421.92,517,0,0,0,0,0.0
APP0003341,CUST003607,2025-08-31 19:29:25,4475.82,752,1,1,1,1,3784.36
APP0003342,CUST005303,2026-04-11 12:03:59,9965.61,536,1,1,1,1,8759.77
APP0003343,CUST005491,2025-02-11 23:30:14,1644.22,688,1,1,1,1,1513.55
APP0003344,CUST002436,2026-07-06 01:24:59,6765.8,540,0,0,0,0,0.0
APP0003345,CUST007682,2025-04-17 07:20:34,6131.63,681,1,1,1,1,5292.81
APP0003346,CUST011676,2025-10-12 22:01:13,3759.33,564,1,1,1,1,3081.55
APP0003347,CUST010916,2026-08-24 13:39:08,12898.74,622,0,0,0,0,0.0
APP0003348,CUST000276,2026-02-22 11:01:52,7058.46,532,1,1,1,1,5756.95
APP0003349,CUST001547,2025-10-20 09:59:38,20438.6,475,1,1,0,0,0.0
APP0003350,CUST010725,2025-04-29 20:15:21,5240.92,632,1,0,0,0,0.0
APP0003351,CUST009920,2025-10-25 20:18:43,5611.44,584,1,1,1,1,4430.33
APP0003352,CUST003154,2025-06-16 04:17:09,2570.15,692,1,1,1,1,2316.19
APP0003353,CUST005106,2026-05-19 10:48:25,27280.79,629,1,1,1,1,23603.5
APP0003354,CUST006021,2025-04-22 19:02:54,5372.85,419,1,0,0,0,0.0
APP0003355,CUST004816,2025-06-13 22:02:39,7422.73,514,1,1,1,1,5621.9
APP0003356,CUST011693,2025-01-02 01:48:08,6008.52,694,1,1,1,1,5260.43
APP0003357,CUST003158,2026-04-01 10:17:37,14352.46,715,1,1,0,0,0.0
APP0003358,CUST011237,2026-08-17 12:36:42,72728.01,684,1,1,1,0,69573.81
APP0003359,CUST000310,2026-04-14 16:16:50,14256.73,777,1,1,1,1,14060.8
APP0003360,CUST007188,2026-02-16 01:43:37,4917.02,664,1,1,1,1,4160.03
APP0003361,CUST004060,2025-10-01 06:06:49,4538.69,577,1,1,1,1,4242.09
APP0003362,CUST008325,2026-02-20 19:08:06,9190.62,604,1,1,1,1,7873.54
APP0003363,CUST011898,2025-02-06 06:18:13,5228.75,590,1,1,1,1,5000.0
APP0003364,CUST003349,2025-10-03 16:50:58,9138.1,611,1,1,1,1,7961.61
APP0003365,CUST002360,2025-01-21 11:03:31,5875.4,580,1,1,1,1,5180.18
APP0003366,CUST002490,2025-03-28 12:52:59,2750.23,636,1,1,1,1,2382.98
APP0003367,CUST006382,2025-02-24 18:00:16,2630.32,697,1,1,1,1,2337.44
APP0003368,CUST003867,2026-05-17 05:57:39,8589.67,637,1,1,1,1,6943.64
APP0003369,CUST003981,2025-07-23 17:56:56,7936.84,609,1,1,1,1,6895.62
APP0003370,CUST002444,2025-12-25 04:49:05,5354.92,552,1,1,0,0,0.0
APP0003371,CUST001161,2026-04-05 16:57:01,4594.29,643,1,1,1,0,4270.84
APP0003372,CUST008421,2025-04-27 15:20:12,5419.24,722,1,1,1,0,4445.64
APP0003373,CUST008457,2026-06-25 22:51:03,13895.34,734,1,1,0,0,0.0
APP0003374,CUST009414,2025-03-24 03:06:31,4066.5,631,1,1,0,0,0.0
APP0003375,CUST004500,2025-01-02 05:15:25,2334.79,635,1,1,1,0,1997.15
APP0003376,CUST007741,2026-03-27 10:04:21,17585.57,560,1,1,0,0,0.0
APP0003377,CUST005122,2025-04-03 11:38:56,7595.86,550,0,0,0,0,0.0
APP0003378,CUST003971,2025-01-01 17:15:16,16214.45,653,1,0,0,0,0.0
APP0003379,CUST011239,2025-08-12 07:00:37,8687.32,677,1,1,1,0,7864.08
APP0003380,CUST006459,2026-01-08 06:01:38,9322.24,542,1,1,0,0,0.0
APP0003381,CUST010233,2025-12-22 03:09:59,3347.73,615,1,1,1,1,3174.03
APP0003382,CUST007362,2025-09-23 13:12:39,7010.64,416,0,0,0,0,0.0
APP0003383,CUST003003,2025-09-03 21:12:10,3388.18,622,1,1,0,0,0.0
APP0003384,CUST000053,2026-04-02 21:01:55,11446.2,621,1,1,0,0,0.0
APP0003385,CUST002068,2026-07-11 12:55:40,5200.22,631,1,1,1,1,5077.94
APP0003386,CUST011459,2025-06-23 23:01:26,7053.53,778,1,1,1,1,5412.68
APP0003387,CUST000695,2026-02-16 18:41:06,2693.56,579,1,1,1,1,2335.82
APP0003388,CUST006075,2025-09-12 06:44:53,4876.76,524,0,0,0,0,0.0
APP0003389,CUST009713,2026-08-03 16:28:29,2824.15,671,1,1,1,1,2121.34
APP0003390,CUST002401,2025-10-18 10:45:09,8542.26,674,1,1,1,1,8462.34
APP0003391,CUST007238,2026-08-15 03:19:30,1369.57,518,0,0,0,0,0.0
APP0003392,CUST001777,2025-12-07 21:43:29,6661.06,585,1,1,1,1,6622.46
APP0003393,CUST008293,2026-01-15 12:28:53,68081.51,580,1,1,1,0,57024.64
APP0003394,CUST005289,2026-03-11 03:40:40,2991.16,644,0,0,0,0,0.0
APP0003395,CUST008678,2025-02-03 10:21:46,18256.74,675,1,1,1,1,16558.6
APP0003396,CUST009997,2025-01-27 13:58:49,7368.35,792,1,1,1,1,7116.06
APP0003397,CUST009110,2026-05-05 11:30:09,27978.97,601,1,1,1,0,23921.44
APP0003398,CUST005755,2026-08-23 06:29:33,4284.43,566,1,1,1,0,3310.15
APP0003399,CUST007399,2025-01-29 16:46:17,10077.18,592,1,1,0,0,0.0
APP0003400,CUST003013,2025-05-23 03:22:31,6254.28,584,1,1,1,1,5098.8
APP0003401,CUST009761,2025-12-19 14:16:03,2730.48,640,0,0,0,0,0.0
APP0003402,CUST011327,2025-11-27 21:26:16,5554.58,694,1,1,1,0,4323.54
APP0003403,CUST011762,2025-11-08 23:22:36,7916.39,617,1,1,1,1,6382.79
APP0003404,CUST007632,2026-04-09 10:38:52,14966.28,607,1,1,1,1,14474.63
APP0003405,CUST003639,2025-08-20 20:16:37,2800.4,666,0,0,0,0,0.0
APP0003406,CUST000233,2025-10-10 17:54:51,5929.93,622,1,1,1,1,5304.65
APP0003407,CUST010399,2025-09-27 08:28:53,4933.19,610,1,1,0,0,0.0
APP0003408,CUST006317,2026-06-16 00:10:10,3298.66,653,1,1,1,1,3268.4
APP0003409,CUST011309,2025-09-28 21:54:12,8414.15,512,1,1,1,1,6335.11
APP0003410,CUST009700,2026-02-22 12:29:58,10196.58,537,1,1,0,0,0.0
APP0003411,CUST006268,2025-07-12 10:18:34,5890.24,525,1,1,1,1,4962.48
APP0003412,CUST000593,2025-12-16 13:38:39,5709.51,679,1,1,0,0,0.0
APP0003413,CUST009492,2025-11-08 18:36:29,4442.28,609,1,1,0,0,0.0
APP0003414,CUST009283,2026-01-30 10:12:49,9179.66,641,1,1,1,1,8021.65
APP0003415,CUST010370,2026-08-12 06:45:27,8851.65,661,1,1,1,1,8200.7
APP0003416,CUST005500,2025-12-28 14:48:47,3497.19,563,1,0,0,0,0.0
APP0003417,CUST001928,2025-05-01 03:11:26,11448.09,692,1,1,1,0,11393.87
APP0003418,CUST005028,2026-02-23 23:53:47,10813.15,635,1,1,0,0,0.0
APP0003419,CUST006996,2026-03-26 10:49:24,4040.59,624,1,0,0,0,0.0
APP0003420,CUST008850,2026-01-28 00:37:59,9719.02,669,1,1,1,1,8348.59
APP0003421,CUST011049,2025-11-27 00:34:23,23085.22,563,1,1,1,0,21554.5
APP0003422,CUST003706,2025-07-14 00:52:21,7615.54,634,1,1,1,1,5876.95
APP0003423,CUST004389,2025-03-13 00:35:24,12623.7,553,1,1,0,0,0.0
APP0003424,CUST010439,2026-02-26 19:04:26,12044.7,583,1,1,0,0,0.0
APP0003425,CUST010668,2025-07-26 16:06:13,9012.97,618,1,1,1,1,7290.7
APP0003426,CUST004851,2025-04-22 10:34:17,3321.59,704,1,1,0,0,0.0
APP0003427,CUST004531,2026-07-07 01:39:14,4494.51,601,1,1,0,0,0.0
APP0003428,CUST000291,2026-07-25 09:42:03,3436.59,759,1,1,1,1,2739.45
APP0003429,CUST007984,2025-10-06 21:41:12,4159.48,705,1,1,1,1,4099.29
APP0003430,CUST010752,2026-03-25 12:26:57,7883.7,662,1,0,0,0,0.0
APP0003431,CUST008267,2025-10-25 21:59:01,8174.42,611,1,0,0,0,0.0
APP0003432,CUST010029,2025-07-31 15:31:35,5066.74,583,1,1,0,0,0.0
APP0003433,CUST010988,2026-04-09 20:28:29,8777.98,741,1,1,1,1,8654.82
APP0003434,CUST011794,2025-05-26 07:52:51,2001.81,569,1,1,0,0,0.0
APP0003435,CUST010711,2025-07-05 13:04:16,4545.07,525,0,0,0,0,0.0
APP0003436,CUST000360,2025-02-25 08:11:24,8084.32,542,1,1,0,0,0.0
APP0003437,CUST003435,2025-01-30 12:59:01,13188.09,508,1,1,0,0,0.0
APP0003438,CUST011251,2025-03-12 01:17:54,7170.23,526,1,1,0,0,0.0
APP0003439,CUST004002,2025-04-28 01:54:39,77521.6,510,1,1,0,0,0.0
APP0003440,CUST005654,2026-06-25 15:19:36,5049.13,703,1,1,0,0,0.0
APP0003441,CUST000765,2026-05-20 04:42:56,6826.08,578,1,1,1,1,6009.11
APP0003442,CUST005418,2025-08-09 17:48:25,24255.77,647,1,1,0,0,0.0
APP0003443,CUST004057,2026-05-04 18:24:08,2006.01,614,1,1,0,0,0.0
APP0003444,CUST006968,2025-04-15 14:46:28,3487.26,591,0,0,0,0,0.0
APP0003445,CUST002686,2025-03-06 01:41:28,5031.39,707,1,1,1,1,3957.24
APP0003446,CUST000367,2025-09-24 19:47:23,16990.13,654,1,1,0,0,0.0
APP0003447,CUST003947,2025-07-29 13:20:23,10904.72,694,0,0,0,0,0.0
APP0003448,CUST005434,2025-01-10 01:27:06,18324.72,694,1,1,1,1,13773.93
APP0003449,CUST008982,2025-01-19 06:55:59,3886.55,671,1,1,0,0,0.0
APP0003450,CUST005389,2026-04-18 23:38:06,10056.22,604,0,0,0,0,0.0
APP0003451,CUST003709,2026-04-26 22:18:23,2348.42,600,1,1,1,1,2079.59
APP0003452,CUST000760,2026-07-19 06:33:07,14119.51,665,1,1,0,0,0.0
APP0003453,CUST004441,2025-03-11 11:57:19,5300.5,664,1,1,1,1,4073.58
APP0003454,CUST006163,2025-11-23 14:52:55,4766.52,667,1,1,1,1,4491.14
APP0003455,CUST009071,2025-01-10 16:41:50,3209.24,564,1,1,0,0,0.0
APP0003456,CUST010306,2025-10-02 04:30:17,8739.0,687,1,1,1,1,6952.97
APP0003457,CUST010381,2025-05-14 09:01:17,3727.1,726,1,0,0,0,0.0
APP0003458,CUST008171,2026-05-04 04:05:28,2006.24,560,1,1,1,1,1997.68
APP0003459,CUST006443,2025-12-11 09:20:40,11459.2,621,1,1,1,1,11120.6
APP0003460,CUST004274,2025-12-12 07:31:31,7721.49,585,1,1,1,0,6676.6
APP0003461,CUST000640,2025-08-29 17:40:13,5833.49,582,0,0,0,0,0.0
APP0003462,CUST010973,2026-03-06 10:54:16,6299.71,707,1,1,1,1,5433.77
APP0003463,CUST003134,2025-04-03 19:14:25,8044.61,689,1,1,0,0,0.0
APP0003464,CUST000278,2025-10-18 17:32:55,4705.56,570,1,1,1,0,3908.23
APP0003465,CUST004011,2026-07-22 20:38:30,4178.42,656,1,1,0,0,0.0
APP0003466,CUST003911,2025-09-15 00:36:51,7841.58,666,1,1,0,0,0.0
APP0003467,CUST009944,2025-07-12 02:10:07,3344.88,555,1,1,0,0,0.0
APP0003468,CUST010080,2026-08-17 13:49:54,6423.2,721,1,1,1,1,4997.03
APP0003469,CUST000214,2025-12-31 17:22:15,13990.69,725,1,1,1,1,12593.06
APP0003470,CUST006326,2025-01-23 07:22:53,8741.0,462,0,0,0,0,0.0
APP0003471,CUST000919,2025-06-17 10:30:26,2974.6,625,1,1,1,1,2302.02
APP0003472,CUST009265,2026-05-04 04:32:36,6928.99,557,1,1,1,1,5242.14
APP0003473,CUST009580,2025-11-13 12:10:12,5386.07,485,1,1,0,0,0.0
APP0003474,CUST001862,2025-06-19 08:16:59,4905.75,636,0,0,0,0,0.0
APP0003475,CUST007152,2026-02-24 11:54:21,4600.28,558,1,1,1,1,3650.05
APP0003476,CUST007101,2026-02-23 01:16:51,3491.47,460,1,1,0,0,0.0
APP0003477,CUST006007,2026-08-28 15:11:31,5135.53,623,1,1,1,1,4468.45
APP0003478,CUST011395,2026-03-26 21:27:09,3153.3,713,1,0,0,0,0.0
APP0003479,CUST004874,2026-03-06 00:49:05,3552.72,612,1,1,0,0,0.0
APP0003480,CUST010281,2026-06-10 10:37:27,4653.14,616,0,0,0,0,0.0
APP0003481,CUST005532,2025-06-03 09:24:59,8858.1,753,1,1,1,1,8259.89
APP0003482,CUST006814,2026-06-28 01:33:53,7938.78,662,1,1,0,0,0.0
APP0003483,CUST008367,2025-05-17 22:25:52,14180.7,655,1,1,0,0,0.0
APP0003484,CUST011297,2026-02-20 01:56:26,3659.89,569,1,1,1,1,2978.74
APP0003485,CUST002193,2026-02-12 20:36:48,5260.97,532,0,0,0,0,0.0
APP0003486,CUST000138,2026-05-08 00:15:30,7039.57,735,1,1,1,1,5826.04
APP0003487,CUST003156,2026-01-09 22:10:39,11083.35,612,1,1,0,0,0.0
APP0003488,CUST000565,2026-01-11 13:25:01,4003.45,648,0,0,0,0,0.0
APP0003489,CUST001825,2025-12-06 06:02:06,4877.9,706,1,1,1,1,4368.94
APP0003490,CUST000461,2026-04-20 17:01:36,2525.47,527,1,1,0,0,0.0
APP0003491,CUST001520,2026-06-30 16:09:05,10412.86,461,1,1,0,0,0.0
APP0003492,CUST000459,2026-03-10 05:10:53,10153.45,686,1,0,0,0,0.0
APP0003493,CUST009891,2025-02-26 07:58:11,10691.85,529,1,0,0,0,0.0
APP0003494,CUST002036,2026-01-02 12:02:51,12196.13,633,1,0,0,0,0.0
APP0003495,CUST004018,2025-05-20 15:25:39,2762.83,478,1,1,0,0,0.0
APP0003496,CUST000053,2025-04-01 03:07:39,7734.28,518,0,0,0,0,0.0
APP0003497,CUST000091,2026-01-09 08:46:14,5261.07,519,1,1,0,0,0.0
APP0003498,CUST003556,2025-08-04 20:03:35,6706.0,582,1,1,1,1,5610.45
APP0003499,CUST004748,2026-07-22 23:42:15,13429.17,674,1,1,0,0,0.0
APP0003500,CUST008559,2025-12-22 01:03:16,4865.61,729,1,1,0,0,0.0
APP0003501,CUST001109,2026-08-10 05:43:49,4729.64,647,1,1,1,1,4694.52
APP0003502,CUST003422,2025-10-15 20:54:03,3429.64,648,1,1,0,0,0.0
APP0003503,CUST005164,2026-08-01 02:09:54,4322.37,576,1,1,1,1,3411.08
APP0003504,CUST002653,2026-08-28 13:12:31,6375.44,512,1,1,0,0,0.0
APP0003505,CUST009713,2025-07-25 10:02:30,11811.12,633,1,1,1,1,9344.51
APP0003506,CUST004592,2025-05-16 05:51:48,5100.8,577,1,1,0,0,0.0
APP0003507,CUST006617,2025-11-11 10:25:01,1404.08,739,1,1,0,0,0.0
APP0003508,CUST000187,2025-05-05 22:38:28,1678.43,616,1,1,1,1,1573.45
APP0003509,CUST002685,2025-04-22 11:47:46,5265.71,553,0,0,0,0,0.0
APP0003510,CUST004042,2026-03-30 06:55:30,2822.0,683,1,1,0,0,0.0
APP0003511,CUST005562,2025-01-23 08:29:09,6840.92,448,1,1,0,0,0.0
APP0003512,CUST004022,2026-07-25 21:19:47,2877.05,686,1,1,1,0,2330.67
APP0003513,CUST011928,2025-08-09 16:59:48,10516.3,685,1,1,0,0,0.0
APP0003514,CUST005546,2025-10-06 20:11:04,6020.84,712,1,1,1,1,5968.84
APP0003515,CUST008539,2025-02-18 02:42:42,9029.86,590,1,1,1,1,8673.12
APP0003516,CUST006963,2025-03-23 01:17:26,4559.95,692,0,0,0,0,0.0
APP0003517,CUST010628,2025-09-22 03:06:10,4184.11,474,1,0,0,0,0.0
APP0003518,CUST000873,2025-04-15 12:26:52,14999.05,498,1,1,1,1,12982.43
APP0003519,CUST009831,2025-09-27 00:39:17,3884.01,743,1,1,1,1,2930.05
APP0003520,CUST001678,2025-11-30 20:20:10,7002.59,595,0,0,0,0,0.0
APP0003521,CUST001995,2025-05-29 22:49:26,8596.39,719,1,1,1,1,7077.19
APP0003522,CUST003823,2025-01-15 21:28:48,4762.86,580,0,0,0,0,0.0
APP0003523,CUST005764,2025-11-16 23:33:32,4412.44,590,1,1,0,0,0.0
APP0003524,CUST011776,2026-07-29 12:41:12,3593.71,549,1,1,1,1,2964.81
APP0003525,CUST003554,2025-11-08 03:05:53,6065.07,586,1,1,0,0,0.0
APP0003526,CUST009130,2025-08-05 04:48:51,2337.02,596,1,1,1,1,2079.91
APP0003527,CUST003543,2025-03-18 04:13:34,12667.07,596,1,1,1,1,10539.52
APP0003528,CUST005174,2025-07-29 04:34:52,3719.29,660,1,1,0,0,0.0
APP0003529,CUST002090,2026-02-21 15:18:28,3466.91,720,1,0,0,0,0.0
APP0003530,CUST004624,2026-02-04 07:31:30,6741.38,563,0,0,0,0,0.0
APP0003531,CUST004473,2026-04-30 10:23:43,8241.81,662,1,0,0,0,0.0
APP0003532,CUST005119,2026-03-31 09:20:43,15654.35,583,1,1,1,1,12569.64
APP0003533,CUST010382,2025-05-27 10:55:21,4930.0,583,1,1,0,0,0.0
APP0003534,CUST004855,2025-07-07 10:53:40,21011.26,581,1,1,0,0,0.0
APP0003535,CUST011841,2026-01-04 00:53:25,3465.42,680,1,1,0,0,0.0
APP0003536,CUST010976,2025-07-15 09:13:16,7428.16,528,0,0,0,0,0.0
APP0003537,CUST002038,2026-05-13 07:13:51,7812.32,553,1,1,1,1,6484.17
APP0003538,CUST006987,2025-03-18 17:36:04,7729.73,646,1,1,1,1,6388.17
APP0003539,CUST000076,2025-09-03 23:48:50,4715.7,624,1,1,1,1,4671.5
APP0003540,CUST006356,2026-03-07 16:50:27,5270.02,741,1,1,0,0,0.0
APP0003541,CUST005874,2026-02-14 23:07:40,5119.45,664,0,0,0,0,0.0
APP0003542,CUST000862,2025-10-09 03:09:34,5002.44,687,1,1,1,0,4086.97
APP0003543,CUST009541,2026-03-18 11:16:25,5306.05,543,1,1,0,0,0.0
APP0003544,CUST010316,2026-02-02 20:38:36,1558.84,691,1,0,0,0,0.0
APP0003545,CUST004246,2026-03-17 23:35:45,6456.06,707,1,1,0,0,0.0
APP0003546,CUST001662,2026-02-16 08:43:43,1532.13,518,1,1,0,0,0.0
APP0003547,CUST005100,2025-12-03 00:46:05,8406.65,614,1,1,1,1,7390.57
APP0003548,CUST005295,2025-10-03 10:16:38,7663.09,551,1,1,0,0,0.0
APP0003549,CUST010075,2026-05-10 00:45:53,4606.84,574,1,1,1,0,4080.04
APP0003550,CUST002262,2026-07-16 03:20:22,23668.53,556,1,1,1,1,19945.05
APP0003551,CUST007936,2025-10-14 17:04:09,3209.78,705,1,1,1,1,3029.82
APP0003552,CUST006937,2025-12-24 07:32:28,12017.43,562,1,1,0,0,0.0
APP0003553,CUST010452,2025-11-11 09:31:04,4421.29,744,1,1,1,1,3851.75
APP0003554,CUST011349,2025-03-09 19:00:34,7335.75,601,0,0,0,0,0.0
APP0003555,CUST000288,2025-04-23 09:03:39,4979.94,650,1,1,1,1,4500.59
APP0003556,CUST008521,2026-03-28 16:22:09,10607.41,744,1,1,0,0,0.0
APP0003557,CUST007998,2025-03-16 09:18:31,5633.28,600,1,1,1,1,5459.51
APP0003558,CUST003327,2026-05-10 04:11:35,2189.88,692,1,1,1,0,1808.97
APP0003559,CUST000585,2026-07-11 22:08:03,2354.99,585,0,0,0,0,0.0
APP0003560,CUST007503,2025-07-05 08:42:15,3217.95,566,1,1,1,1,3138.86
APP0003561,CUST003575,2025-12-22 02:02:34,3618.38,546,0,0,0,0,0.0
APP0003562,CUST000644,2025-01-18 12:29:31,4687.44,729,1,1,1,1,4654.11
APP0003563,CUST006644,2025-02-04 00:58:31,5074.45,588,1,1,0,0,0.0
APP0003564,CUST002128,2025-09-18 13:41:00,4763.34,609,1,1,0,0,0.0
APP0003565,CUST002596,2025-03-09 19:24:03,10193.72,612,1,1,0,0,0.0
APP0003566,CUST000367,2026-05-01 13:19:22,1995.38,674,0,0,0,0,0.0
APP0003567,CUST009234,2026-04-17 09:02:02,4489.35,697,1,1,1,1,4241.72
APP0003568,CUST009222,2026-06-14 19:11:51,3278.27,638,1,1,0,0,0.0
APP0003569,CUST006734,2026-03-24 11:30:51,7992.06,680,1,0,0,0,0.0
APP0003570,CUST003814,2026-03-03 02:25:44,1985.29,556,1,1,0,0,0.0
APP0003571,CUST007225,2025-12-04 10:54:17,10185.44,571,0,0,0,0,0.0
APP0003572,CUST001255,2026-08-09 05:01:18,5032.35,720,1,1,1,1,4469.76
APP0003573,CUST009387,2025-04-12 00:30:24,6635.32,592,1,1,1,1,5453.64
APP0003574,CUST001314,2025-05-23 09:57:15,5339.35,621,1,1,0,0,0.0
APP0003575,CUST005782,2025-07-22 23:25:42,4429.02,517,0,0,0,0,0.0
APP0003576,CUST010097,2025-12-21 05:02:00,14470.8,632,0,0,0,0,0.0
APP0003577,CUST005637,2025-08-02 19:56:28,2936.02,645,1,1,0,0,0.0
APP0003578,CUST011871,2026-01-01 18:08:17,12014.6,716,1,1,1,1,11848.13
APP0003579,CUST008721,2026-03-05 13:38:31,3492.01,726,1,1,1,1,2639.2
APP0003580,CUST000696,2025-08-02 15:10:31,4272.71,565,0,0,0,0,0.0
APP0003581,CUST010589,2026-07-24 00:43:48,5659.04,620,1,1,0,0,0.0
APP0003582,CUST009103,2025-05-27 13:53:33,10262.65,589,0,0,0,0,0.0
APP0003583,CUST010121,2025-11-19 16:21:23,7492.68,570,1,1,1,1,6325.08
APP0003584,CUST008556,2026-05-29 19:19:34,7206.11,639,1,1,1,1,6950.86
APP0003585,CUST003614,2026-03-28 04:36:11,8738.84,721,1,1,1,1,8397.28
APP0003586,CUST005725,2025-07-30 06:11:10,6006.26,612,1,1,1,1,5691.78
APP0003587,CUST006155,2025-05-17 02:36:07,23923.96,629,1,1,0,0,0.0
APP0003588,CUST010417,2025-05-31 15:49:55,7241.59,589,1,1,1,1,7200.02
APP0003589,CUST006126,2026-04-11 15:23:13,5111.28,580,0,0,0,0,0.0
APP0003590,CUST011843,2025-02-08 14:14:29,3827.48,495,1,1,0,0,0.0
APP0003591,CUST006395,2025-06-12 12:15:36,8194.46,669,1,1,0,0,0.0
APP0003592,CUST010105,2025-01-31 10:05:04,5670.05,654,1,1,1,1,5330.07
APP0003593,CUST004511,2026-07-16 09:14:21,4043.89,515,1,1,0,0,0.0
APP0003594,CUST003449,2025-02-07 06:13:19,5552.55,622,1,1,1,1,5085.96
APP0003595,CUST010388,2026-07-21 09:08:45,1901.44,452,1,1,0,0,0.0
APP0003596,CUST010861,2025-03-21 10:25:51,10436.58,639,0,0,0,0,0.0
APP0003597,CUST001584,2025-08-07 19:29:11,17062.78,602,0,0,0,0,0.0
APP0003598,CUST000750,2026-03-09 18:09:05,11716.84,617,1,1,1,1,9931.47
APP0003599,CUST011425,2025-06-02 15:11:18,3382.89,429,0,0,0,0,0.0
APP0003600,CUST003110,2025-10-28 15:18:23,3314.8,548,1,1,0,0,0.0
APP0003601,CUST006976,2026-04-12 20:54:35,5159.23,592,1,1,1,1,4709.14
APP0003602,CUST005636,2025-12-28 21:40:09,12093.85,637,1,1,1,1,11930.9
APP0003603,CUST006240,2025-05-21 15:31:28,5705.18,630,1,1,0,0,0.0
APP0003604,CUST004105,2025-06-16 02:27:24,25982.44,565,1,1,1,1,25096.54
APP0003605,CUST007761,2025-02-28 11:22:55,2811.65,672,1,0,0,0,0.0
APP0003606,CUST008238,2026-08-22 02:07:23,2500.54,667,1,1,1,1,2080.25
APP0003607,CUST000971,2025-02-10 18:12:36,4676.0,704,1,1,1,1,3592.98
APP0003608,CUST005080,2025-09-26 18:53:49,7313.01,608,0,0,0,0,0.0
APP0003609,CUST010215,2025-11-27 04:19:01,10606.93,665,1,1,1,1,10246.46
APP0003610,CUST007488,2025-11-01 01:28:30,6254.34,581,1,1,0,0,0.0
APP0003611,CUST001427,2026-02-20 14:23:29,15623.78,583,0,0,0,0,0.0
APP0003612,CUST006642,2025-04-19 21:18:25,2839.74,611,1,1,0,0,0.0
APP0003613,CUST005941,2026-03-28 07:45:35,2543.34,552,0,0,0,0,0.0
APP0003614,CUST003544,2025-03-07 12:08:15,10525.4,588,1,1,0,0,0.0
APP0003615,CUST009959,2025-06-03 12:53:23,7328.26,589,0,0,0,0,0.0
APP0003616,CUST011066,2025-05-05 21:55:04,11258.19,556,0,0,0,0,0.0
APP0003617,CUST011429,2025-06-29 01:38:36,7000.03,594,1,1,1,1,6122.46
APP0003618,CUST006203,2025-11-21 15:45:01,2662.06,546,0,0,0,0,0.0
APP0003619,CUST006732,2025-10-21 07:48:26,13467.48,627,1,1,0,0,0.0
APP0003620,CUST004199,2026-05-04 20:58:37,18083.72,709,1,1,1,1,14769.67
APP0003621,CUST003358,2025-10-27 15:39:22,14849.96,654,1,1,0,0,0.0
APP0003622,CUST008054,2025-05-30 12:56:11,4369.63,693,0,0,0,0,0.0
APP0003623,CUST001939,2026-02-08 21:05:28,13709.16,676,1,1,1,0,13695.63
APP0003624,CUST004629,2025-03-02 05:19:21,2785.23,538,1,1,0,0,0.0
APP0003625,CUST004702,2026-01-15 01:58:35,3931.71,602,1,1,1,1,3593.95
APP0003626,CUST004017,2026-03-05 18:16:28,2037.68,582,1,1,1,0,1832.11
APP0003627,CUST007387,2025-09-30 00:48:55,29260.97,549,0,0,0,0,0.0
APP0003628,CUST004986,2025-06-05 14:35:21,21719.69,542,1,1,0,0,0.0
APP0003629,CUST001369,2025-05-03 16:00:09,17975.84,541,0,0,0,0,0.0
APP0003630,CUST005028,2026-01-26 18:45:45,15814.31,520,0,0,0,0,0.0
APP0003631,CUST001288,2025-08-21 16:00:10,6569.75,638,1,1,0,0,0.0
APP0003632,CUST005276,2025-07-28 17:35:42,10726.22,627,1,1,0,0,0.0
APP0003633,CUST004716,2026-06-22 00:41:45,6440.26,687,1,1,1,1,5910.33
APP0003634,CUST003334,2026-04-19 11:29:36,2301.58,626,1,1,0,0,0.0
APP0003635,CUST005687,2025-11-19 18:31:43,7195.33,714,1,1,1,1,5414.35
APP0003636,CUST003489,2025-10-27 22:42:16,15182.27,721,1,1,1,1,11572.51
APP0003637,CUST009464,2025-11-23 21:31:50,3610.73,612,1,1,0,0,0.0
APP0003638,CUST005594,2025-01-23 14:15:51,4835.96,468,1,1,0,0,0.0
APP0003639,CUST001326,2026-01-26 05:33:12,5167.71,603,1,1,1,1,4176.01
APP0003640,CUST004064,2025-01-05 07:45:39,5178.81,537,1,1,0,0,0.0
APP0003641,CUST003592,2025-11-13 18:53:52,7853.94,691,1,1,1,1,6020.65
APP0003642,CUST000755,2025-11-28 23:10:12,24131.55,531,0,0,0,0,0.0
APP0003643,CUST005684,2026-08-25 03:07:42,4339.31,652,1,1,1,1,3551.86
APP0003644,CUST011868,2025-06-12 20:45:31,3054.36,586,0,0,0,0,0.0
APP0003645,CUST009828,2026-01-15 10:13:20,5741.38,454,1,1,1,1,4876.43
APP0003646,CUST002839,2025-04-14 10:05:11,9846.54,529,1,1,1,1,9132.85
APP0003647,CUST003348,2026-07-04 06:36:37,11111.1,741,1,1,1,1,8739.38
APP0003648,CUST009852,2026-06-01 06:12:45,5753.01,673,1,1,1,1,4866.41
APP0003649,CUST004148,2026-04-27 14:37:07,5545.7,439,1,1,1,0,5277.16
APP0003650,CUST004256,2025-11-01 07:29:53,4384.41,637,1,1,1,1,3921.25
APP0003651,CUST004131,2026-04-09 03:04:17,6266.75,616,1,1,1,1,5383.08
APP0003652,CUST005988,2026-03-15 19:19:36,2675.23,522,0,0,0,0,0.0
APP0003653,CUST000992,2025-10-16 19:59:17,4131.64,652,0,0,0,0,0.0
APP0003654,CUST005030,2025-01-24 15:08:51,3939.39,535,1,1,1,0,3364.25
APP0003655,CUST009251,2025-04-01 18:38:42,2782.05,640,1,1,0,0,0.0
APP0003656,CUST011855,2025-12-12 05:30:56,3314.13,601,1,0,0,0,0.0
APP0003657,CUST003676,2025-12-07 02:53:28,9036.42,800,1,1,1,1,8660.58
APP0003658,CUST003914,2025-09-07 09:25:07,4305.62,595,0,0,0,0,0.0
APP0003659,CUST010078,2025-10-12 19:53:15,5301.76,745,1,1,1,0,4973.29
APP0003660,CUST008336,2026-03-14 16:54:37,1867.24,581,1,0,0,0,0.0
APP0003661,CUST005580,2025-11-10 15:57:15,7408.7,626,1,1,1,1,5950.04
APP0003662,CUST007945,2026-01-14 00:07:05,2845.75,727,1,1,1,1,2663.15
APP0003663,CUST008146,2025-09-23 09:12:22,7232.14,464,1,1,0,0,0.0
APP0003664,CUST007657,2025-11-03 07:00:48,4694.98,631,1,1,1,0,4070.81
APP0003665,CUST007233,2025-10-20 12:45:54,9413.48,671,0,0,0,0,0.0
APP0003666,CUST008083,2026-06-20 18:28:24,2847.55,657,1,1,0,0,0.0
APP0003667,CUST003678,2025-10-29 12:26:04,11055.21,586,1,1,0,0,0.0
APP0003668,CUST011855,2026-04-04 03:31:40,9591.05,527,1,1,1,1,7213.26
APP0003669,CUST000065,2025-03-01 04:20:02,5320.08,612,1,1,0,0,0.0
APP0003670,CUST002543,2025-08-05 18:24:57,8567.51,575,1,1,1,1,7583.11
APP0003671,CUST001802,2026-04-28 20:39:43,7094.43,633,1,1,1,1,5403.63
APP0003672,CUST002737,2025-07-31 05:20:02,2592.58,565,1,1,1,1,2337.2
APP0003673,CUST008685,2026-01-08 23:50:33,4316.27,567,1,1,1,0,3967.96
APP0003674,CUST010254,2026-06-19 06:25:33,2691.67,550,1,1,0,0,0.0
APP0003675,CUST003573,2025-12-03 22:04:22,5936.43,695,1,1,1,1,5726.95
APP0003676,CUST001018,2025-10-12 23:54:37,4436.4,597,1,1,1,1,3850.41
APP0003677,CUST000049,2025-07-24 11:43:51,5894.1,736,1,1,1,1,5635.42
APP0003678,CUST001651,2026-06-06 17:25:26,9060.21,591,1,1,1,1,7730.89
APP0003679,CUST003211,2026-01-23 01:12:18,5581.42,625,1,1,1,1,5203.18
APP0003680,CUST009261,2025-08-22 20:01:36,2621.27,674,1,1,1,0,2289.84
APP0003681,CUST004445,2025-11-18 04:37:37,3263.07,694,1,1,1,1,2574.93
APP0003682,CUST007655,2026-07-29 13:38:29,4742.92,692,1,1,1,1,4344.38
APP0003683,CUST003772,2025-07-17 05:54:09,8344.1,643,0,0,0,0,0.0
APP0003684,CUST000307,2025-12-14 20:17:40,6227.18,553,1,1,1,1,5092.84
APP0003685,CUST000993,2026-01-05 06:05:19,1220.05,479,1,1,1,1,1178.41
APP0003686,CUST003999,2025-05-30 16:27:22,4852.6,711,1,1,1,0,4052.53
APP0003687,CUST002064,2025-07-26 05:08:31,3064.63,536,0,0,0,0,0.0
APP0003688,CUST009044,2026-03-03 01:33:51,2885.1,546,1,1,1,0,2512.57
APP0003689,CUST000658,2026-07-09 21:33:54,5858.13,609,1,1,1,1,4707.5
APP0003690,CUST002356,2025-10-26 05:50:02,3683.62,638,1,1,1,1,3390.77
APP0003691,CUST002934,2025-11-21 12:20:07,8432.11,591,1,1,1,1,7814.49
APP0003692,CUST008834,2025-07-20 03:27:33,4188.3,707,1,1,0,0,0.0
APP0003693,CUST005803,2025-06-27 04:29:17,2619.29,619,1,1,0,0,0.0
APP0003694,CUST007850,2025-08-12 10:13:57,4080.33,673,1,1,0,0,0.0
APP0003695,CUST007424,2025-06-05 11:56:17,17938.12,741,1,1,1,0,16556.63
APP0003696,CUST009225,2025-07-29 18:23:14,4705.0,501,1,1,0,0,0.0
APP0003697,CUST004600,2025-01-24 00:40:18,5647.47,603,0,0,0,0,0.0
APP0003698,CUST005457,2025-05-24 00:25:57,7975.91,580,1,1,1,1,6690.82
APP0003699,CUST009842,2025-05-16 21:03:18,4149.72,665,1,1,1,0,3706.04
APP0003700,CUST009282,2026-05-04 11:52:59,2636.36,668,1,1,1,1,2393.58
APP0003701,CUST009988,2025-06-07 19:11:02,12290.38,660,1,1,1,0,10760.09
APP0003702,CUST010197,2025-02-12 17:51:10,10400.67,557,0,0,0,0,0.0
APP0003703,CUST000321,2025-12-10 11:54:59,4741.0,628,1,1,1,1,3884.92
APP0003704,CUST003379,2026-06-17 12:16:54,3522.8,487,1,1,1,1,3371.86
APP0003705,CUST006641,2026-03-14 02:19:57,2788.66,718,1,1,1,0,2551.14
APP0003706,CUST011278,2025-12-24 23:06:19,3143.15,649,1,1,0,0,0.0
APP0003707,CUST005376,2026-05-03 04:32:12,22660.43,621,0,0,0,0,0.0
APP0003708,CUST005934,2025-01-30 23:47:45,8042.68,704,1,1,1,0,7483.03
APP0003709,CUST011358,2026-08-28 11:01:23,7967.54,500,1,1,0,0,0.0
APP0003710,CUST006324,2026-03-08 02:45:48,1553.31,578,1,1,0,0,0.0
APP0003711,CUST004839,2025-12-21 22:06:58,8437.03,581,0,0,0,0,0.0
APP0003712,CUST002092,2026-02-23 00:32:36,17260.17,666,1,1,1,0,14395.97
APP0003713,CUST003846,2025-01-12 12:18:40,2826.33,541,1,1,0,0,0.0
APP0003714,CUST010878,2025-08-17 03:07:35,10203.22,647,1,1,0,0,0.0
APP0003715,CUST010024,2025-01-10 07:20:53,11383.66,698,1,1,1,1,9783.52
APP0003716,CUST011018,2026-02-09 10:32:15,1202.44,593,1,1,1,1,1162.41
APP0003717,CUST006672,2025-06-03 23:15:55,5252.11,653,1,1,1,1,4452.94
APP0003718,CUST003132,2026-04-21 04:49:26,6673.27,633,1,1,1,1,6178.4
APP0003719,CUST003069,2026-05-02 00:17:37,6853.64,634,1,1,1,1,5690.34
APP0003720,CUST003531,2025-12-08 12:02:28,3386.39,632,1,0,0,0,0.0
APP0003721,CUST002363,2025-12-14 14:15:40,3435.69,646,1,1,0,0,0.0
APP0003722,CUST008059,2025-12-25 00:13:06,5400.04,624,1,1,0,0,0.0
APP0003723,CUST009334,2025-07-29 19:14:07,3309.56,603,1,1,1,1,3192.23
APP0003724,CUST002943,2025-12-29 01:34:23,34264.46,559,1,1,1,1,30767.73
APP0003725,CUST008786,2025-01-28 00:15:25,2602.34,579,1,1,0,0,0.0
APP0003726,CUST000411,2026-06-16 03:19:10,8534.59,585,1,1,0,0,0.0
APP0003727,CUST001554,2025-05-07 21:57:23,9065.28,582,1,1,0,0,0.0
APP0003728,CUST007483,2025-07-30 20:34:36,5321.98,479,1,1,0,0,0.0
APP0003729,CUST008913,2025-08-24 16:50:28,5504.78,737,1,1,1,1,4724.56
APP0003730,CUST002424,2025-08-05 10:56:45,5570.93,649,1,1,1,1,5491.11
APP0003731,CUST011050,2025-01-12 14:01:02,8209.41,588,1,0,0,0,0.0
APP0003732,CUST001908,2025-08-29 13:26:54,2402.88,494,1,1,1,1,1989.37
APP0003733,CUST010414,2026-03-06 04:55:02,2736.72,681,1,1,1,1,2175.18
APP0003734,CUST009446,2025-12-22 02:57:57,7942.97,609,0,0,0,0,0.0
APP0003735,CUST002309,2025-06-19 15:24:43,10739.6,625,1,1,1,1,8497.84
APP0003736,CUST006183,2025-11-19 20:36:25,3089.74,693,1,1,1,1,3045.69
APP0003737,CUST002157,2025-04-18 00:16:49,5092.56,686,1,1,1,1,4020.56
APP0003738,CUST011668,2026-05-20 14:05:56,13964.97,574,1,1,0,0,0.0
APP0003739,CUST008526,2025-09-24 13:21:50,6901.49,513,1,1,0,0,0.0
APP0003740,CUST010239,2025-11-15 07:29:14,5199.63,614,0,0,0,0,0.0
APP0003741,CUST007006,2026-05-10 20:14:03,6335.61,612,1,1,1,0,6156.66
APP0003742,CUST004826,2025-07-08 18:23:45,6823.09,585,1,1,1,1,6802.13
APP0003743,CUST002410,2025-05-11 07:54:35,7539.96,625,1,1,1,1,5978.53
APP0003744,CUST006080,2025-06-30 13:35:47,16572.66,608,1,1,0,0,0.0
APP0003745,CUST006934,2025-09-15 17:48:36,2310.32,740,1,1,1,1,2217.07
APP0003746,CUST011650,2025-01-06 09:03:08,6415.24,670,1,1,0,0,0.0
APP0003747,CUST002605,2025-08-02 02:33:41,10874.11,672,1,1,1,0,10200.14
APP0003748,CUST004121,2025-08-13 01:51:59,6575.6,646,1,1,1,1,5095.73
APP0003749,CUST010660,2026-03-26 17:56:30,8047.23,561,1,1,1,1,7101.02
APP0003750,CUST002125,2025-05-01 17:13:37,2481.5,658,1,1,1,1,1904.4
APP0003751,CUST003078,2025-11-22 13:04:37,2676.35,764,1,1,1,1,2342.06
APP0003752,CUST001555,2025-08-05 02:20:09,1858.04,623,1,1,0,0,0.0
APP0003753,CUST008830,2025-08-24 12:32:09,4133.97,519,1,1,0,0,0.0
APP0003754,CUST001718,2025-11-15 03:05:00,3046.16,625,1,0,0,0,0.0
APP0003755,CUST008366,2026-01-31 00:02:03,3228.0,527,1,1,1,1,2754.82
APP0003756,CUST003795,2026-02-24 09:50:38,6371.72,538,1,1,0,0,0.0
APP0003757,CUST001522,2026-01-01 04:52:11,6989.24,654,1,1,0,0,0.0
APP0003758,CUST006993,2026-06-05 22:15:26,13436.55,800,1,1,0,0,0.0
APP0003759,CUST000066,2025-12-27 08:34:45,15118.36,639,0,0,0,0,0.0
APP0003760,CUST009871,2025-07-08 02:58:46,2809.05,578,1,1,0,0,0.0
APP0003761,CUST009091,2026-02-28 16:09:50,10242.94,593,1,1,1,1,8166.78
APP0003762,CUST003825,2026-06-15 21:38:52,2895.83,633,1,1,1,1,2337.19
APP0003763,CUST004553,2026-08-03 09:44:00,3009.58,757,1,1,1,1,2586.38
APP0003764,CUST001861,2025-12-02 18:23:17,4200.67,712,1,0,0,0,0.0
APP0003765,CUST002981,2025-07-02 21:33:58,5210.06,560,1,1,1,1,3909.59
APP0003766,CUST000315,2026-08-07 08:06:29,6541.62,571,0,0,0,0,0.0
APP0003767,CUST002960,2025-11-29 22:18:41,2807.23,415,1,1,0,0,0.0
APP0003768,CUST007790,2026-04-19 08:28:31,5966.44,533,0,0,0,0,0.0
APP0003769,CUST007796,2025-04-01 22:15:13,6022.5,725,1,1,1,1,5487.89
APP0003770,CUST002369,2025-10-28 22:43:18,9948.26,670,1,1,1,1,9352.23
APP0003771,CUST006823,2025-11-10 21:32:34,5591.18,694,1,1,1,1,4648.9
APP0003772,CUST003215,2025-04-06 05:52:21,5145.1,573,1,1,0,0,0.0
APP0003773,CUST007437,2026-02-09 10:44:13,4836.36,533,1,1,0,0,0.0
APP0003774,CUST006653,2025-08-23 15:18:46,3584.18,462,1,1,0,0,0.0
APP0003775,CUST004130,2025-05-19 21:47:20,3058.01,584,0,0,0,0,0.0
APP0003776,CUST008114,2025-12-11 02:18:01,3416.91,693,1,1,1,1,2967.11
APP0003777,CUST001990,2025-12-28 03:20:36,1594.46,635,1,1,1,1,1562.18
APP0003778,CUST000362,2026-01-06 16:14:28,4857.76,607,1,1,1,1,4154.0
APP0003779,CUST003214,2025-06-11 15:00:47,2005.73,601,1,1,1,1,1743.48
APP0003780,CUST008491,2025-03-13 23:54:59,3674.58,626,1,1,1,1,3430.27
APP0003781,CUST002999,2025-06-29 10:03:00,12467.59,686,1,1,1,1,12105.49
APP0003782,CUST010187,2026-01-07 01:38:14,7013.63,666,1,1,1,1,5758.06
APP0003783,CUST002157,2025-05-14 17:46:33,7092.64,548,1,1,0,0,0.0
APP0003784,CUST006877,2025-02-20 09:21:39,3385.39,662,1,1,1,1,2649.77
APP0003785,CUST005160,2025-02-21 11:37:41,6027.99,665,0,0,0,0,0.0
APP0003786,CUST008586,2025-10-18 11:31:31,7762.84,683,1,1,0,0,0.0
APP0003787,CUST001789,2025-01-10 07:34:06,3756.96,566,1,1,0,0,0.0
APP0003788,CUST011267,2025-11-13 12:41:10,4858.13,592,1,1,1,1,4509.95
APP0003789,CUST006486,2026-02-17 16:01:48,7319.12,590,1,1,1,1,6720.44
APP0003790,CUST008855,2025-12-26 16:15:16,3019.06,660,1,1,1,1,2923.82
APP0003791,CUST002073,2025-01-31 02:13:37,3950.76,566,1,1,1,1,3221.29
APP0003792,CUST004824,2025-05-24 14:33:44,8914.16,662,1,1,0,0,0.0
APP0003793,CUST000734,2025-10-07 21:05:14,2718.72,651,0,0,0,0,0.0
APP0003794,CUST011463,2025-12-31 19:27:53,4367.37,627,0,0,0,0,0.0
APP0003795,CUST003218,2025-01-08 20:13:08,19277.73,636,1,1,1,1,16498.98
APP0003796,CUST000549,2026-04-29 15:02:41,3070.09,683,1,1,1,1,2309.97
APP0003797,CUST002296,2025-12-02 08:48:09,5587.72,585,1,1,1,0,4404.38
APP0003798,CUST000288,2025-05-19 07:43:37,5520.57,559,1,1,0,0,0.0
APP0003799,CUST002136,2025-05-13 03:40:19,5010.7,604,1,1,0,0,0.0
APP0003800,CUST005722,2025-10-11 22:06:49,3309.15,714,1,1,1,1,2677.38
APP0003801,CUST009691,2025-03-20 20:17:05,10814.74,675,0,0,0,0,0.0
APP0003802,CUST001018,2025-04-18 12:04:08,9355.8,700,1,1,0,0,0.0
APP0003803,CUST000980,2026-02-24 06:11:09,3439.98,760,1,1,1,1,3127.03
APP0003804,CUST009106,2026-01-10 04:34:49,8557.89,694,1,1,0,0,0.0
APP0003805,CUST000663,2025-03-24 11:41:16,7642.75,517,1,1,0,0,0.0
APP0003806,CUST000896,2026-01-19 00:28:01,7068.08,620,1,0,0,0,0.0
APP0003807,CUST004630,2025-01-11 17:09:10,10270.63,575,0,0,0,0,0.0
APP0003808,CUST009899,2026-04-16 08:02:13,4112.42,693,1,1,1,1,3676.44
APP0003809,CUST009451,2025-12-10 02:48:00,11801.56,563,1,1,1,0,10010.29
APP0003810,CUST009765,2025-05-24 02:41:30,3439.24,684,1,1,1,1,3316.37
APP0003811,CUST002646,2026-07-11 01:50:01,22095.26,662,1,1,1,0,21539.08
APP0003812,CUST000239,2025-05-21 04:31:08,10821.01,611,1,1,0,0,0.0
APP0003813,CUST001714,2025-07-24 00:09:20,2311.87,588,1,1,0,0,0.0
APP0003814,CUST010335,2025-09-14 11:00:37,4859.16,656,0,0,0,0,0.0
APP0003815,CUST002693,2025-09-02 08:21:56,6092.39,597,1,1,1,1,5751.43
APP0003816,CUST011785,2025-10-24 21:56:41,7169.13,559,1,1,0,0,0.0
APP0003817,CUST009877,2025-10-08 10:25:12,4288.2,618,1,1,1,1,3569.55
APP0003818,CUST008789,2025-05-26 02:45:12,10269.42,730,1,1,0,0,0.0
APP0003819,CUST001512,2025-10-17 15:47:45,9365.12,686,1,1,0,0,0.0
APP0003820,CUST006588,2026-06-11 22:42:14,16044.68,615,0,0,0,0,0.0
APP0003821,CUST006563,2026-08-27 15:42:54,1743.72,623,1,1,1,1,1700.27
APP0003822,CUST004745,2026-07-07 09:01:36,6085.76,579,1,0,0,0,0.0
APP0003823,CUST011565,2026-03-12 19:40:19,6330.31,635,1,1,1,1,5825.12
APP0003824,CUST008736,2026-03-22 08:14:16,3873.8,609,1,1,1,1,3790.99
APP0003825,CUST002916,2025-01-19 11:10:58,5059.59,555,1,1,0,0,0.0
APP0003826,CUST003208,2026-01-05 05:30:24,7741.61,597,1,0,0,0,0.0
APP0003827,CUST000194,2025-02-18 04:51:46,10949.07,489,1,1,1,1,8770.95
APP0003828,CUST006021,2025-04-02 22:20:43,10725.8,651,1,1,0,0,0.0
APP0003829,CUST006306,2026-01-02 04:29:15,3849.4,587,0,0,0,0,0.0
APP0003830,CUST000160,2025-05-21 13:39:04,10380.23,486,1,1,0,0,0.0
APP0003831,CUST006363,2025-12-30 05:58:21,8138.1,461,1,1,1,1,6972.37
APP0003832,CUST006386,2025-03-22 20:20:25,10184.21,740,1,0,0,0,0.0
APP0003833,CUST007410,2025-06-19 06:30:55,1592.52,618,1,1,0,0,0.0
APP0003834,CUST003825,2025-10-27 09:49:17,4901.98,527,1,0,0,0,0.0
APP0003835,CUST011750,2026-01-18 18:13:44,3374.55,693,1,1,0,0,0.0
APP0003836,CUST008172,2025-06-07 17:42:15,7787.93,674,1,1,1,1,7297.04
APP0003837,CUST005076,2025-11-21 20:12:21,6468.16,637,1,0,0,0,0.0
APP0003838,CUST000346,2025-10-09 20:14:23,8114.03,584,1,1,1,1,6323.7
APP0003839,CUST000263,2026-06-17 15:26:22,4257.9,640,1,1,0,0,0.0
APP0003840,CUST001840,2026-04-06 08:57:51,7107.65,603,1,1,0,0,0.0
APP0003841,CUST011480,2025-04-18 06:40:32,8085.55,758,1,1,1,0,6925.1
APP0003842,CUST002611,2025-09-21 10:32:28,2610.72,519,1,1,1,1,2236.17
APP0003843,CUST011337,2026-01-18 08:11:31,6925.63,486,1,1,0,0,0.0
APP0003844,CUST006463,2025-03-24 22:28:19,2902.81,641,0,0,0,0,0.0
APP0003845,CUST010401,2025-05-30 15:39:45,19139.88,581,1,1,0,0,0.0
APP0003846,CUST001993,2026-06-09 17:19:17,12616.91,645,1,1,1,1,12367.71
APP0003847,CUST002408,2026-01-08 00:51:28,6547.95,619,1,1,0,0,0.0
APP0003848,CUST006335,2026-05-02 07:35:36,7820.16,660,0,0,0,0,0.0
APP0003849,CUST005084,2025-04-21 22:22:43,14693.28,521,1,0,0,0,0.0
APP0003850,CUST010846,2026-05-28 20:52:15,4550.07,652,1,1,0,0,0.0
APP0003851,CUST006521,2025-06-12 14:28:13,11190.41,729,1,1,0,0,0.0
APP0003852,CUST007618,2025-02-05 09:02:51,5560.17,669,1,1,1,1,4576.2
APP0003853,CUST004591,2025-09-15 21:09:56,2005.88,664,1,1,0,0,0.0
APP0003854,CUST009252,2025-09-24 22:46:11,8914.47,689,1,1,0,0,0.0
APP0003855,CUST002335,2025-02-06 05:20:37,9279.9,664,1,1,1,0,8999.82
APP0003856,CUST009298,2025-07-17 04:07:33,3771.16,620,1,1,0,0,0.0
APP0003857,CUST004037,2025-02-12 23:18:59,6368.23,654,1,1,1,1,5022.99
APP0003858,CUST009620,2025-08-27 05:51:16,16979.95,576,1,1,1,1,15112.59
APP0003859,CUST003735,2026-04-08 03:19:57,9680.81,506,1,1,0,0,0.0
APP0003860,CUST003830,2025-09-15 07:30:57,5550.62,521,0,0,0,0,0.0
APP0003861,CUST007033,2025-07-17 22:43:43,2801.95,650,1,1,0,0,0.0
APP0003862,CUST008089,2026-03-26 00:23:08,33421.2,725,0,0,0,0,0.0
APP0003863,CUST009664,2025-04-19 13:22:39,10566.93,516,0,0,0,0,0.0
APP0003864,CUST008684,2025-08-04 19:19:10,10174.08,600,1,0,0,0,0.0
APP0003865,CUST005574,2026-03-13 17:11:56,3794.29,583,1,1,0,0,0.0
APP0003866,CUST004719,2026-08-30 03:15:48,6926.96,615,1,1,0,0,0.0
APP0003867,CUST009077,2025-08-02 08:54:12,6313.15,690,1,1,1,1,5263.0
APP0003868,CUST006995,2025-03-03 19:26:37,6484.8,743,0,0,0,0,0.0
APP0003869,CUST001275,2026-02-06 02:17:21,2239.73,654,0,0,0,0,0.0
APP0003870,CUST005255,2025-11-16 19:20:07,9253.67,683,1,1,1,1,7802.36
APP0003871,CUST003051,2025-01-29 20:26:46,11972.07,503,1,1,1,1,10232.78
APP0003872,CUST011477,2025-04-25 23:31:01,7461.95,553,1,1,0,0,0.0
APP0003873,CUST008448,2026-04-26 08:01:29,1677.19,689,1,1,0,0,0.0
APP0003874,CUST000559,2025-12-28 09:27:20,7686.77,663,1,1,0,0,0.0
APP0003875,CUST007867,2025-09-19 22:54:29,5110.12,633,1,1,0,0,0.0
APP0003876,CUST003741,2025-11-06 10:50:43,12040.86,470,0,0,0,0,0.0
APP0003877,CUST000561,2025-05-01 16:55:49,8039.51,663,1,1,1,1,6073.94
APP0003878,CUST006484,2026-07-04 16:35:03,4927.41,656,1,1,1,1,4534.19
APP0003879,CUST007954,2025-01-10 19:05:37,11438.38,712,1,1,1,1,10127.65
APP0003880,CUST001402,2026-08-07 15:49:15,3686.45,580,0,0,0,0,0.0
APP0003881,CUST002860,2026-04-05 09:32:20,7301.32,609,0,0,0,0,0.0
APP0003882,CUST010642,2026-03-13 04:07:49,5952.1,554,0,0,0,0,0.0
APP0003883,CUST001530,2026-02-24 22:06:12,1541.75,614,1,1,1,1,1353.23
APP0003884,CUST003586,2026-08-28 07:13:46,9750.67,670,1,1,1,1,8146.62
APP0003885,CUST010261,2026-07-15 07:47:10,3423.39,641,0,0,0,0,0.0
APP0003886,CUST010448,2026-07-06 06:09:36,13264.74,564,1,1,1,1,9966.57
APP0003887,CUST008531,2026-02-20 05:41:28,3991.84,574,1,1,0,0,0.0
APP0003888,CUST000401,2026-06-28 06:09:06,4040.17,532,1,0,0,0,0.0
APP0003889,CUST007879,2026-06-20 06:06:45,6527.36,668,1,1,1,1,4998.97
APP0003890,CUST004686,2026-03-30 23:33:24,9135.06,569,1,0,0,0,0.0
APP0003891,CUST010835,2025-11-28 00:04:36,12329.23,651,1,1,1,1,10998.07
APP0003892,CUST001702,2026-08-15 23:04:03,14742.62,649,1,1,1,1,11715.66
APP0003893,CUST006488,2025-03-16 04:16:38,3680.94,710,0,0,0,0,0.0
APP0003894,CUST008459,2025-01-13 20:54:50,4964.54,538,1,1,0,0,0.0
APP0003895,CUST001797,2025-08-07 13:26:25,6284.28,757,1,1,1,0,5694.0
APP0003896,CUST001204,2026-02-07 10:10:45,7095.41,701,0,0,0,0,0.0
APP0003897,CUST009722,2025-06-19 02:03:08,6993.61,489,1,1,1,1,5447.26
APP0003898,CUST005174,2025-06-26 23:02:15,3072.62,626,0,0,0,0,0.0
APP0003899,CUST005126,2026-04-27 05:08:34,1676.06,539,1,1,1,1,1258.96
APP0003900,CUST000953,2025-09-24 10:09:27,2670.28,632,1,1,1,0,2106.36
APP0003901,CUST011821,2025-04-24 09:49:10,20961.85,622,1,1,0,0,0.0
APP0003902,CUST003095,2025-05-02 21:12:51,3633.19,549,1,1,0,0,0.0
APP0003903,CUST008880,2025-12-02 09:00:54,9396.93,660,1,1,1,1,7105.46
APP0003904,CUST002117,2026-08-14 22:27:46,6047.01,440,1,1,0,0,0.0
APP0003905,CUST008925,2025-10-10 17:10:51,1509.18,464,1,1,0,0,0.0
APP0003906,CUST010126,2025-08-01 13:54:23,1403.12,572,1,1,1,1,1168.31
APP0003907,CUST011536,2025-03-01 00:32:21,7295.42,665,1,1,0,0,0.0
APP0003908,CUST006367,2025-08-08 09:45:28,10190.31,539,1,1,0,0,0.0
APP0003909,CUST011822,2025-09-18 12:24:36,5572.23,748,0,0,0,0,0.0
APP0003910,CUST003572,2025-04-14 00:18:57,8957.1,581,1,1,1,1,7663.75
APP0003911,CUST011047,2026-03-21 03:26:21,9721.05,631,1,1,1,1,7970.78
APP0003912,CUST006379,2025-11-25 06:08:40,1551.04,483,0,0,0,0,0.0
APP0003913,CUST010467,2026-02-01 22:44:15,20909.18,607,0,0,0,0,0.0
APP0003914,CUST006496,2026-08-19 22:02:43,4540.98,646,1,1,0,0,0.0
APP0003915,CUST009552,2025-10-17 21:34:57,9034.8,629,0,0,0,0,0.0
APP0003916,CUST000169,2026-03-12 07:29:48,7597.95,602,1,1,1,0,6960.28
APP0003917,CUST001076,2025-01-05 02:51:48,1596.23,600,1,1,1,1,1527.05
APP0003918,CUST003992,2026-04-10 00:29:20,4615.99,671,1,1,0,0,0.0
APP0003919,CUST011176,2026-07-11 15:51:05,8471.8,606,0,0,0,0,0.0
APP0003920,CUST004989,2026-03-12 04:03:06,5230.07,493,1,1,1,0,4511.21
APP0003921,CUST009848,2026-04-16 06:54:55,19889.38,716,1,0,0,0,0.0
APP0003922,CUST000580,2026-04-04 07:07:03,24939.42,704,1,1,1,1,21872.9
APP0003923,CUST004662,2025-05-20 02:17:11,11958.36,718,1,0,0,0,0.0
APP0003924,CUST004001,2025-08-20 01:57:31,2849.73,666,1,1,1,1,2621.97
APP0003925,CUST008710,2026-04-23 17:33:03,12986.75,642,1,1,1,1,12458.24
APP0003926,CUST006637,2026-02-25 20:05:22,2286.8,554,1,1,0,0,0.0
APP0003927,CUST003755,2025-11-03 03:18:15,3779.7,599,1,1,0,0,0.0
APP0003928,CUST002360,2025-11-11 09:54:47,8010.53,603,1,1,0,0,0.0
APP0003929,CUST001457,2025-04-14 14:49:12,15931.09,661,1,1,1,1,12720.51
APP0003930,CUST008984,2025-04-22 05:38:49,10398.42,644,1,1,1,0,8717.93
APP0003931,CUST000466,2025-05-09 14:30:04,3998.1,612,1,1,1,0,3148.68
APP0003932,CUST009286,2025-08-05 06:39:53,5594.82,584,1,1,1,1,4264.18
APP0003933,CUST005866,2025-04-20 18:28:44,14282.18,733,1,1,1,1,11326.58
APP0003934,CUST009988,2025-08-02 23:20:16,2207.23,643,1,0,0,0,0.0
APP0003935,CUST001790,2026-05-30 18:00:56,3393.97,610,1,1,0,0,0.0
APP0003936,CUST008499,2025-09-03 13:17:16,8220.63,493,0,0,0,0,0.0
APP0003937,CUST007208,2026-04-30 06:32:39,5685.76,703,1,1,1,1,4791.95
APP0003938,CUST001504,2025-04-05 03:53:22,11797.87,597,1,1,1,1,11749.05
APP0003939,CUST008872,2026-04-30 13:16:45,8950.71,545,1,0,0,0,0.0
APP0003940,CUST001788,2025-08-05 06:42:57,5551.51,566,1,1,0,0,0.0
APP0003941,CUST008813,2026-06-26 20:37:03,4049.3,688,1,1,1,1,3579.1
APP0003942,CUST008325,2025-03-06 02:38:25,13593.6,636,1,1,0,0,0.0
APP0003943,CUST003161,2025-07-24 09:50:59,1000.0,571,1,1,0,0,0.0
APP0003944,CUST005764,2025-06-06 00:09:18,1847.0,697,1,1,1,0,1793.26
APP0003945,CUST004310,2026-07-01 04:13:40,7624.35,620,1,0,0,0,0.0
APP0003946,CUST008405,2026-06-14 01:37:37,13049.16,557,1,1,0,0,0.0
APP0003947,CUST011628,2025-10-26 10:51:52,13225.3,678,1,1,1,1,10179.17
APP0003948,CUST003134,2025-05-27 04:24:50,7372.45,581,0,0,0,0,0.0
APP0003949,CUST000218,2025-04-12 13:52:49,4035.5,675,1,1,1,0,3110.91
APP0003950,CUST008909,2025-09-19 07:01:09,6306.25,673,1,0,0,0,0.0
APP0003951,CUST005400,2026-06-27 21:03:31,9657.73,710,1,1,0,0,0.0
APP0003952,CUST001800,2026-02-22 04:41:19,2301.06,631,1,1,1,1,2183.05
APP0003953,CUST010838,2025-12-20 09:49:11,20858.85,687,1,1,1,1,16481.54
APP0003954,CUST010645,2025-07-02 17:39:07,1257.26,631,1,1,0,0,0.0
APP0003955,CUST002604,2026-06-26 10:17:52,13265.4,625,1,1,0,0,0.0
APP0003956,CUST005103,2026-03-16 08:36:16,3914.06,602,1,1,1,1,3547.9
APP0003957,CUST005872,2025-09-14 09:43:03,2953.61,531,0,0,0,0,0.0
APP0003958,CUST003553,2025-04-01 00:20:29,5777.41,656,1,1,0,0,0.0
APP0003959,CUST006905,2026-04-19 11:10:17,3856.12,627,1,1,1,1,3443.15
APP0003960,CUST005894,2025-12-15 15:00:51,2980.75,676,1,1,0,0,0.0
APP0003961,CUST011718,2025-03-08 22:53:26,2067.95,800,0,0,0,0,0.0
APP0003962,CUST007756,2025-11-04 16:17:45,7544.6,690,1,0,0,0,0.0
APP0003963,CUST002236,2025-03-13 11:44:27,8951.76,544,1,1,1,0,8018.24
APP0003964,CUST011754,2026-01-15 20:00:02,7056.12,697,1,1,1,1,5794.22
APP0003965,CUST001322,2026-03-08 06:13:36,3743.81,577,1,1,1,1,3529.79
APP0003966,CUST006953,2026-06-12 13:40:18,5500.71,621,1,1,1,1,4486.37
APP0003967,CUST001397,2026-07-17 17:31:24,4377.1,572,1,1,1,1,3591.26
APP0003968,CUST005095,2025-06-29 21:33:54,4352.32,638,1,1,1,1,3708.7
APP0003969,CUST011049,2026-07-29 16:58:08,8839.43,711,1,1,1,1,7578.87
APP0003970,CUST009620,2025-12-07 07:27:29,8767.88,614,1,1,1,1,8375.34
APP0003971,CUST011211,2025-08-13 12:01:00,9757.31,473,1,1,1,1,8350.52
APP0003972,CUST010424,2025-11-20 09:56:23,10875.18,674,1,1,0,0,0.0
APP0003973,CUST006579,2025-09-13 04:02:29,16035.11,611,1,1,0,0,0.0
APP0003974,CUST006399,2026-06-27 12:22:21,15179.0,399,0,0,0,0,0.0
APP0003975,CUST010602,2025-04-05 09:36:04,5974.53,650,1,1,1,0,5696.12
APP0003976,CUST001660,2026-07-26 14:28:11,2342.58,535,1,1,1,1,1879.96
APP0003977,CUST010194,2025-12-10 07:26:08,15886.44,588,1,1,1,1,14334.35
APP0003978,CUST002531,2025-12-19 04:40:32,7628.09,534,1,1,0,0,0.0
APP0003979,CUST011051,2025-09-19 02:13:58,5317.66,634,1,1,0,0,0.0
APP0003980,CUST004404,2025-12-15 19:25:08,6118.75,774,1,1,1,1,5668.82
APP0003981,CUST005391,2026-05-31 21:55:54,14528.17,649,1,1,0,0,0.0
APP0003982,CUST011005,2026-03-22 13:30:54,3235.97,670,1,1,1,1,3147.5
APP0003983,CUST002720,2026-06-19 06:42:11,9155.13,632,1,1,1,1,8894.65
APP0003984,CUST008622,2025-09-17 21:43:15,5276.56,540,1,1,0,0,0.0
APP0003985,CUST001850,2025-11-29 08:59:06,6450.6,658,1,0,0,0,0.0
APP0003986,CUST000177,2026-06-26 11:48:04,6047.78,630,0,0,0,0,0.0
APP0003987,CUST007852,2026-06-08 15:48:35,7812.0,502,1,0,0,0,0.0
APP0003988,CUST002572,2026-05-04 22:41:13,1784.15,600,1,1,1,0,1522.76
APP0003989,CUST000798,2025-07-17 15:52:09,3440.79,691,1,1,0,0,0.0
APP0003990,CUST000844,2025-06-24 07:05:26,2556.35,729,1,1,1,1,2284.08
APP0003991,CUST009343,2026-02-01 20:40:19,12673.68,664,0,0,0,0,0.0
APP0003992,CUST004469,2026-03-10 05:10:13,4142.91,543,1,1,0,0,0.0
APP0003993,CUST009255,2025-09-11 10:30:52,4235.35,613,1,1,1,1,3761.31
APP0003994,CUST002235,2025-03-01 10:38:18,3853.79,549,1,1,0,0,0.0
APP0003995,CUST010386,2026-04-17 07:59:37,7993.91,574,1,1,1,0,6434.31
APP0003996,CUST001016,2025-05-31 06:16:08,4416.34,718,1,1,1,0,4264.48
APP0003997,CUST010090,2025-01-10 02:32:08,18422.44,593,1,1,1,1,15948.19
APP0003998,CUST010235,2025-10-20 09:29:37,23182.28,639,1,0,0,0,0.0
APP0003999,CUST010954,2026-07-26 15:23:42,7953.1,589,1,1,0,0,0.0
APP0004000,CUST002522,2026-08-27 11:18:26,10484.65,555,1,1,0,0,0.0
APP0004001,CUST009636,2026-08-30 13:05:22,13200.16,616,0,0,0,0,0.0
APP0004002,CUST006062,2026-01-06 04:43:30,4077.3,564,0,0,0,0,0.0
APP0004003,CUST006292,2025-08-22 05:17:20,6052.6,685,1,0,0,0,0.0
APP0004004,CUST008836,2026-02-13 02:27:21,4460.2,733,1,1,0,0,0.0
APP0004005,CUST009416,2025-12-22 00:43:19,6142.88,697,1,1,0,0,0.0
APP0004006,CUST011285,2025-04-16 16:38:29,3002.51,610,0,0,0,0,0.0
APP0004007,CUST001114,2026-01-13 13:26:10,16786.46,644,1,1,1,1,13794.74
APP0004008,CUST002478,2026-04-18 08:27:59,8773.85,656,1,1,1,1,8182.07
APP0004009,CUST009556,2025-08-12 03:16:20,5684.28,602,1,1,0,0,0.0
APP0004010,CUST006430,2026-03-11 11:04:51,20708.12,598,1,1,0,0,0.0
APP0004011,CUST002166,2026-04-06 23:47:15,4979.46,669,1,1,0,0,0.0
APP0004012,CUST010588,2025-10-12 03:42:16,4665.06,629,1,1,1,1,4499.17
APP0004013,CUST005023,2026-02-06 22:59:47,3975.47,783,1,1,1,1,3692.38
APP0004014,CUST006000,2025-06-01 03:43:04,3009.79,597,1,0,0,0,0.0
APP0004015,CUST010904,2025-04-25 16:20:09,13872.59,548,0,0,0,0,0.0
APP0004016,CUST006788,2025-05-01 09:51:33,9639.01,607,1,1,1,1,8587.85
APP0004017,CUST010648,2025-08-22 13:50:49,4731.19,562,1,1,1,1,4492.3
APP0004018,CUST002797,2025-03-14 16:31:28,7744.1,621,1,1,1,1,7619.73
APP0004019,CUST007315,2025-04-14 18:37:35,10440.96,629,1,1,0,0,0.0
APP0004020,CUST003796,2026-02-22 21:35:05,6009.29,620,0,0,0,0,0.0
APP0004021,CUST004188,2026-01-03 14:57:03,15323.06,650,1,1,1,1,14051.74
APP0004022,CUST009568,2026-08-11 23:24:02,18295.66,514,0,0,0,0,0.0
APP0004023,CUST005528,2026-06-03 22:53:37,3722.31,769,1,1,1,1,3258.63
APP0004024,CUST007028,2025-12-28 02:05:09,6329.61,642,1,1,0,0,0.0
APP0004025,CUST006884,2025-12-05 17:19:32,5222.1,630,1,1,1,1,4055.76
APP0004026,CUST000023,2025-07-23 05:03:47,5276.19,675,1,1,0,0,0.0
APP0004027,CUST011151,2026-08-23 18:03:17,16648.08,491,1,1,1,0,15814.03
APP0004028,CUST007367,2026-08-23 06:54:41,9292.38,581,1,1,0,0,0.0
APP0004029,CUST007967,2025-08-18 09:17:00,3728.41,601,0,0,0,0,0.0
APP0004030,CUST009787,2025-07-01 05:19:16,10584.83,579,0,0,0,0,0.0
APP0004031,CUST010891,2026-06-19 08:09:29,9657.73,650,1,0,0,0,0.0
APP0004032,CUST010430,2025-07-04 18:00:09,1430.34,569,0,0,0,0,0.0
APP0004033,CUST008860,2025-12-29 09:56:26,15918.22,682,1,1,1,1,12874.68
APP0004034,CUST001049,2026-03-19 00:16:41,9177.12,701,1,1,0,0,0.0
APP0004035,CUST001145,2025-01-25 19:07:25,3712.95,613,1,1,0,0,0.0
APP0004036,CUST005497,2026-03-20 18:33:10,6413.12,647,0,0,0,0,0.0
APP0004037,CUST011308,2026-08-29 12:57:13,8448.89,526,1,1,0,0,0.0
APP0004038,CUST011377,2026-06-16 23:36:56,2999.94,571,1,1,0,0,0.0
APP0004039,CUST010045,2026-05-06 08:50:33,13559.95,500,1,1,0,0,0.0
APP0004040,CUST009372,2025-03-06 16:53:56,11622.45,593,1,1,1,0,11423.03
APP0004041,CUST011282,2026-07-21 02:05:55,3721.54,488,1,1,0,0,0.0
APP0004042,CUST010616,2026-02-20 20:05:30,5057.04,637,1,1,1,1,4114.81
APP0004043,CUST006756,2025-09-21 03:22:19,5435.9,670,1,1,1,1,4119.92
APP0004044,CUST002755,2025-03-07 21:11:37,9080.29,593,1,1,0,0,0.0
APP0004045,CUST007942,2025-12-31 15:55:12,3510.0,670,1,1,1,1,2935.44
APP0004046,CUST007427,2025-02-15 04:00:07,32973.2,692,1,1,1,1,31107.7
APP0004047,CUST003629,2026-07-05 14:28:11,3812.65,686,1,1,1,1,3679.71
APP0004048,CUST006274,2026-07-13 08:06:48,2894.62,479,0,0,0,0,0.0
APP0004049,CUST006039,2025-02-24 16:58:24,2382.32,550,1,1,1,1,2017.23
APP0004050,CUST011015,2025-02-09 19:46:13,2547.77,582,1,1,1,1,2108.34
APP0004051,CUST009550,2025-10-09 21:14:51,7920.26,575,0,0,0,0,0.0
APP0004052,CUST002382,2025-02-07 04:25:13,3074.25,800,1,1,1,1,2845.94
APP0004053,CUST005603,2025-02-26 16:17:06,14691.24,518,1,1,0,0,0.0
APP0004054,CUST001639,2025-06-18 22:10:09,5734.35,608,0,0,0,0,0.0
APP0004055,CUST006042,2026-06-28 09:35:56,4882.37,503,1,1,0,0,0.0
APP0004056,CUST007096,2026-07-19 06:38:09,3130.49,642,1,1,1,1,2936.83
APP0004057,CUST002145,2026-07-18 16:35:33,7737.12,712,1,1,1,1,7443.83
APP0004058,CUST009718,2025-10-25 17:41:50,7619.53,520,0,0,0,0,0.0
APP0004059,CUST006605,2025-06-11 06:07:57,11699.51,719,1,1,1,1,11087.54
APP0004060,CUST004437,2026-03-07 08:01:51,1185.31,629,1,1,1,1,1174.54
APP0004061,CUST000546,2026-04-02 17:30:31,3342.35,590,0,0,0,0,0.0
APP0004062,CUST010829,2026-07-13 23:24:00,3747.91,511,0,0,0,0,0.0
APP0004063,CUST000007,2026-05-12 04:07:35,4987.84,574,1,1,1,1,4154.77
APP0004064,CUST009311,2026-02-20 17:01:36,3007.91,647,1,1,1,1,2851.64
APP0004065,CUST011617,2026-04-09 13:27:28,5116.27,627,0,0,0,0,0.0
APP0004066,CUST002503,2025-01-19 05:12:21,8586.3,617,1,1,1,1,6444.25
APP0004067,CUST009867,2026-01-25 07:22:28,21868.6,624,1,1,1,1,21537.71
APP0004068,CUST003068,2025-02-18 20:21:45,3131.65,651,1,1,1,1,2610.08
APP0004069,CUST005783,2025-10-01 02:47:46,5541.13,676,1,1,0,0,0.0
APP0004070,CUST006087,2025-08-11 06:00:58,3027.32,508,1,1,0,0,0.0
APP0004071,CUST002787,2026-04-02 23:47:04,6937.06,632,1,1,1,1,6578.82
APP0004072,CUST004120,2025-06-02 20:39:15,1694.4,683,1,1,1,1,1575.33
APP0004073,CUST010909,2026-07-22 03:57:30,5279.5,758,1,1,1,1,4207.78
APP0004074,CUST002266,2026-04-14 17:02:18,3440.65,657,1,1,1,1,3068.15
APP0004075,CUST010313,2025-07-04 08:45:05,4360.63,661,1,1,0,0,0.0
APP0004076,CUST011596,2025-11-06 03:42:23,10883.22,635,0,0,0,0,0.0
APP0004077,CUST001835,2025-09-26 07:56:29,5495.15,561,1,1,1,1,4165.29
APP0004078,CUST002177,2026-06-24 03:45:04,6667.33,575,0,0,0,0,0.0
APP0004079,CUST010300,2025-06-14 12:10:23,5273.8,550,1,1,1,1,4881.58
APP0004080,CUST005636,2026-08-13 18:31:46,4653.13,639,1,1,1,1,4108.61
APP0004081,CUST006732,2025-11-08 22:04:10,3382.56,589,0,0,0,0,0.0
APP0004082,CUST010711,2026-01-27 16:16:15,1391.59,609,1,1,0,0,0.0
APP0004083,CUST008110,2025-02-27 15:11:36,20613.41,677,1,1,1,1,19190.87
APP0004084,CUST010765,2025-04-25 11:36:16,3422.15,519,1,1,1,1,3274.15
APP0004085,CUST005404,2025-01-01 10:01:46,2454.74,627,1,0,0,0,0.0
APP0004086,CUST009287,2025-11-10 07:12:25,3847.95,764,1,1,0,0,0.0
APP0004087,CUST001515,2025-12-17 20:33:28,16326.45,452,1,1,0,0,0.0
APP0004088,CUST009841,2026-05-04 01:05:43,18564.49,601,1,1,0,0,0.0
APP0004089,CUST004967,2026-02-12 07:38:36,13769.93,581,1,1,0,0,0.0
APP0004090,CUST006707,2025-01-21 13:22:59,2657.79,728,1,1,1,1,2305.81
APP0004091,CUST002221,2026-02-04 13:48:20,3744.6,732,1,1,0,0,0.0
APP0004092,CUST008601,2026-06-06 12:57:36,8467.96,582,1,1,1,1,8127.99
APP0004093,CUST002737,2026-01-04 02:56:22,5659.87,689,1,1,1,1,5063.53
APP0004094,CUST003832,2025-04-09 05:43:44,6493.15,617,0,0,0,0,0.0
APP0004095,CUST007611,2025-07-11 14:35:51,7628.98,568,1,0,0,0,0.0
APP0004096,CUST011975,2025-01-31 02:31:09,8843.02,638,1,1,1,0,8360.06
APP0004097,CUST003811,2026-06-28 17:29:16,4029.25,607,1,1,1,0,3668.68
APP0004098,CUST004806,2026-08-08 18:49:24,4873.21,590,0,0,0,0,0.0
APP0004099,CUST009921,2026-02-08 14:43:45,21985.25,536,1,1,0,0,0.0
APP0004100,CUST004692,2026-08-27 04:54:51,4849.28,533,1,1,1,1,3918.37
APP0004101,CUST007532,2026-02-13 08:11:23,2521.57,554,1,1,0,0,0.0
APP0004102,CUST009584,2026-02-10 04:29:32,3406.33,565,1,1,1,0,3341.86
APP0004103,CUST005818,2025-06-11 03:58:45,3799.79,581,1,1,0,0,0.0
APP0004104,CUST005453,2026-05-21 14:57:36,2572.03,587,1,1,1,1,2234.96
APP0004105,CUST009482,2025-03-25 02:18:25,2085.19,629,1,1,0,0,0.0
APP0004106,CUST007735,2025-12-24 07:38:51,5519.11,626,1,1,0,0,0.0
APP0004107,CUST008916,2025-05-08 07:43:00,5630.24,633,1,1,0,0,0.0
APP0004108,CUST010816,2025-08-02 02:36:23,4550.49,580,1,1,1,1,3899.63
APP0004109,CUST002979,2025-07-17 15:02:28,4551.45,606,0,0,0,0,0.0
APP0004110,CUST004261,2026-07-08 12:01:06,4811.65,686,1,0,0,0,0.0
APP0004111,CUST009945,2026-04-18 00:53:37,4433.63,439,1,1,1,0,4109.99
APP0004112,CUST010661,2026-02-21 13:45:28,4086.16,662,1,1,1,1,3100.04
APP0004113,CUST003900,2025-05-24 19:38:19,7353.57,643,1,0,0,0,0.0
APP0004114,CUST005126,2025-06-25 00:55:11,3284.33,660,1,1,1,1,2799.44
APP0004115,CUST003830,2025-05-09 18:17:07,10247.72,659,1,1,1,0,8780.9
APP0004116,CUST004413,2026-05-15 23:39:52,6343.05,693,1,1,1,1,5804.45
APP0004117,CUST002103,2025-07-21 03:38:29,3610.35,642,1,1,1,0,3421.52
APP0004118,CUST008044,2025-01-16 06:29:55,4020.67,515,1,1,1,1,3555.77
APP0004119,CUST002908,2025-07-17 23:25:47,20770.05,644,1,1,1,1,16160.38
APP0004120,CUST005209,2025-05-18 07:25:12,3137.12,536,0,0,0,0,0.0
APP0004121,CUST002047,2026-01-24 14:01:28,7819.14,619,0,0,0,0,0.0
APP0004122,CUST003117,2025-09-11 19:46:44,6066.48,659,1,1,0,0,0.0
APP0004123,CUST009152,2026-02-24 00:51:02,9522.48,528,1,1,1,1,8110.89
APP0004124,CUST004130,2025-03-20 07:18:36,16324.18,504,1,1,0,0,0.0
APP0004125,CUST008673,2025-09-23 02:06:58,1852.7,519,0,0,0,0,0.0
APP0004126,CUST011502,2026-01-25 12:41:26,2495.38,555,1,1,0,0,0.0
APP0004127,CUST006136,2025-04-08 05:32:13,2515.47,654,1,1,1,1,1998.86
APP0004128,CUST011678,2026-05-18 15:59:26,7111.22,698,1,1,0,0,0.0
APP0004129,CUST004179,2025-08-23 10:23:10,4648.27,568,1,1,0,0,0.0
APP0004130,CUST003435,2026-04-28 16:49:36,9903.52,607,0,0,0,0,0.0
APP0004131,CUST008091,2026-03-15 05:15:38,1504.11,625,1,1,0,0,0.0
APP0004132,CUST004011,2025-08-15 08:30:14,11473.5,662,1,0,0,0,0.0
APP0004133,CUST005526,2026-07-31 22:08:11,6218.84,427,1,1,0,0,0.0
APP0004134,CUST008486,2025-07-04 09:26:37,1379.84,645,1,1,1,1,1198.59
APP0004135,CUST006886,2025-11-08 10:46:36,4733.36,564,1,1,0,0,0.0
APP0004136,CUST003145,2025-07-13 08:35:42,1757.31,547,1,1,0,0,0.0
APP0004137,CUST006674,2025-03-19 15:22:56,18797.91,593,1,1,1,0,17537.52
APP0004138,CUST000286,2025-03-20 07:40:57,3613.14,554,1,1,0,0,0.0
APP0004139,CUST001201,2026-05-30 21:04:49,8758.07,562,1,1,0,0,0.0
APP0004140,CUST009580,2026-08-17 20:10:53,3488.04,548,1,1,0,0,0.0
APP0004141,CUST004432,2026-03-21 15:03:11,26213.4,684,1,1,1,0,20869.36
APP0004142,CUST001832,2025-04-12 16:04:53,11401.28,659,1,1,1,1,11045.42
APP0004143,CUST003228,2025-05-27 15:28:42,5150.38,666,1,1,0,0,0.0
APP0004144,CUST003520,2025-10-27 16:51:14,9021.37,603,1,1,0,0,0.0
APP0004145,CUST001189,2026-06-06 09:22:37,3700.94,686,1,1,0,0,0.0
APP0004146,CUST004134,2026-03-06 22:47:09,10764.48,478,0,0,0,0,0.0
APP0004147,CUST009813,2025-02-06 22:28:07,7553.4,643,0,0,0,0,0.0
APP0004148,CUST010659,2026-06-18 14:44:12,11121.18,747,1,1,1,1,8941.2
APP0004149,CUST009835,2025-11-01 02:32:54,17985.78,614,1,1,0,0,0.0
APP0004150,CUST010161,2025-12-14 07:32:54,3986.94,555,0,0,0,0,0.0
APP0004151,CUST008850,2025-11-15 02:46:24,8362.12,570,1,1,1,1,8015.13
APP0004152,CUST010802,2026-06-30 04:19:53,6775.34,537,1,1,0,0,0.0
APP0004153,CUST008974,2025-11-07 15:57:04,19323.64,767,1,1,1,1,18277.15
APP0004154,CUST002233,2025-04-28 15:56:55,9048.93,578,0,0,0,0,0.0
APP0004155,CUST010280,2026-05-28 08:39:01,12345.48,544,1,1,0,0,0.0
APP0004156,CUST008922,2025-12-03 10:30:42,14705.41,646,1,1,1,1,13334.72
APP0004157,CUST007034,2025-04-13 16:42:30,4381.71,730,1,1,1,0,3746.38
APP0004158,CUST009347,2025-01-21 11:13:55,7913.47,702,1,1,1,1,5973.57
APP0004159,CUST010463,2026-05-11 02:18:39,5191.74,627,1,1,1,1,4718.02
APP0004160,CUST002261,2026-05-23 10:34:59,2139.01,612,0,0,0,0,0.0
APP0004161,CUST008223,2026-06-29 20:28:29,8019.68,586,1,1,1,1,6881.43
APP0004162,CUST010645,2026-04-11 02:35:12,4660.31,582,1,1,0,0,0.0
APP0004163,CUST009447,2025-11-23 05:24:36,11430.67,508,0,0,0,0,0.0
APP0004164,CUST011144,2026-02-05 04:25:46,10588.53,717,1,1,0,0,0.0
APP0004165,CUST011886,2025-07-22 03:46:25,13491.25,602,1,1,1,1,13288.23
APP0004166,CUST001533,2026-05-28 19:37:33,8984.62,689,1,0,0,0,0.0
APP0004167,CUST001346,2026-08-27 20:05:21,6237.71,641,1,1,1,1,5193.61
APP0004168,CUST001355,2025-10-06 19:54:21,8909.72,635,0,0,0,0,0.0
APP0004169,CUST004534,2025-12-06 17:26:12,8195.61,668,1,1,1,1,6635.77
APP0004170,CUST006896,2026-08-17 06:19:45,5547.61,712,0,0,0,0,0.0
APP0004171,CUST001424,2025-12-28 10:51:55,6702.91,579,1,1,0,0,0.0
APP0004172,CUST004283,2025-12-12 05:44:50,10095.93,643,0,0,0,0,0.0
APP0004173,CUST004339,2025-07-19 17:03:25,5736.55,670,1,1,1,1,4427.82
APP0004174,CUST003600,2026-07-26 23:02:06,4145.26,707,1,1,1,1,3738.12
APP0004175,CUST004576,2025-02-16 14:06:34,8316.09,668,1,1,1,1,7192.98
APP0004176,CUST004909,2025-08-22 02:49:13,14623.46,579,0,0,0,0,0.0
APP0004177,CUST000677,2025-10-10 15:45:25,5208.82,616,1,1,0,0,0.0
APP0004178,CUST009105,2025-03-23 19:19:41,3248.73,671,0,0,0,0,0.0
APP0004179,CUST000891,2026-01-23 05:19:11,1609.75,588,1,1,1,1,1310.99
APP0004180,CUST005361,2025-10-01 03:20:20,20068.41,656,1,1,1,1,16507.66
APP0004181,CUST009635,2026-02-24 15:50:00,4592.37,730,1,1,1,0,3756.03
APP0004182,CUST011545,2025-10-24 14:00:32,3922.25,711,1,1,1,1,3269.25
APP0004183,CUST004024,2026-05-17 16:19:24,4648.64,662,1,1,0,0,0.0
APP0004184,CUST009041,2025-03-04 19:52:04,2594.46,716,1,1,0,0,0.0
APP0004185,CUST002739,2025-07-30 13:18:34,5575.39,733,1,1,1,1,4500.06
APP0004186,CUST001919,2025-05-23 10:20:35,4312.43,562,1,1,1,1,4222.99
APP0004187,CUST002402,2025-11-23 12:39:17,4699.24,628,1,1,1,1,4148.04
APP0004188,CUST005120,2026-07-14 13:31:56,5806.93,638,1,1,0,0,0.0
APP0004189,CUST004765,2026-06-02 01:41:52,4761.55,554,1,1,1,1,4484.36
APP0004190,CUST005043,2025-12-04 22:13:01,6885.16,678,1,1,1,1,5298.36
APP0004191,CUST011599,2026-03-23 23:38:58,16532.83,637,1,1,1,1,14096.45
APP0004192,CUST009834,2025-12-31 15:24:38,1505.47,657,1,1,1,1,1152.5
APP0004193,CUST001782,2025-12-19 06:46:18,6373.6,694,1,1,1,1,4925.25
APP0004194,CUST003998,2025-09-21 14:23:15,4826.69,676,1,1,1,1,4527.06
APP0004195,CUST006155,2026-07-23 07:26:09,4692.01,517,0,0,0,0,0.0
APP0004196,CUST011684,2025-07-09 21:58:20,6366.59,569,1,1,1,1,5092.94
APP0004197,CUST005033,2025-11-14 20:09:39,5486.34,507,1,1,0,0,0.0
APP0004198,CUST006123,2026-03-23 19:02:57,7601.15,665,1,1,1,1,7584.52
APP0004199,CUST004926,2025-09-11 15:12:56,2867.72,473,0,0,0,0,0.0
APP0004200,CUST009971,2025-02-04 00:27:33,6190.62,545,0,0,0,0,0.0
APP0004201,CUST001569,2025-03-07 04:48:55,3168.23,652,1,0,0,0,0.0
APP0004202,CUST001792,2025-05-02 19:23:30,3676.96,608,1,1,1,1,2948.33
APP0004203,CUST003084,2025-10-15 16:50:58,16696.25,705,1,1,0,0,0.0
APP0004204,CUST005989,2025-03-19 06:35:31,2907.69,504,1,1,0,0,0.0
APP0004205,CUST011317,2025-12-29 21:36:19,4409.33,591,1,1,0,0,0.0
APP0004206,CUST002256,2025-07-10 08:58:59,3472.11,651,0,0,0,0,0.0
APP0004207,CUST010995,2026-05-02 06:56:25,5654.33,658,1,1,0,0,0.0
APP0004208,CUST003631,2026-01-19 13:59:52,6245.05,548,1,1,0,0,0.0
APP0004209,CUST000231,2025-08-01 20:45:03,6115.72,743,1,1,1,1,5523.81
APP0004210,CUST010636,2025-07-30 11:53:48,13204.52,703,1,1,0,0,0.0
APP0004211,CUST008709,2026-04-22 12:01:41,11658.65,584,1,1,1,0,9011.78
APP0004212,CUST006641,2026-05-22 00:09:30,9179.62,668,1,1,1,1,8214.72
APP0004213,CUST009829,2026-03-31 19:56:22,4622.16,549,0,0,0,0,0.0
APP0004214,CUST011070,2026-04-01 23:43:49,6897.41,581,1,0,0,0,0.0
APP0004215,CUST001972,2026-03-06 14:55:08,4047.65,596,1,1,0,0,0.0
APP0004216,CUST011619,2025-11-26 13:55:54,6828.8,566,1,1,0,0,0.0
APP0004217,CUST001693,2025-05-01 02:14:46,9363.94,645,1,0,0,0,0.0
APP0004218,CUST001854,2026-08-17 03:29:44,3454.45,490,1,1,0,0,0.0
APP0004219,CUST007637,2025-03-01 02:24:32,3506.1,677,1,1,0,0,0.0
APP0004220,CUST004001,2025-08-07 16:00:44,11488.58,740,1,1,1,1,11447.76
APP0004221,CUST004985,2025-07-07 10:56:33,3959.68,617,1,1,1,1,3699.95
APP0004222,CUST008994,2025-11-21 15:25:24,3007.93,557,1,1,1,1,2367.15
APP0004223,CUST009012,2025-01-01 01:46:48,3176.65,625,0,0,0,0,0.0
APP0004224,CUST009944,2026-07-02 16:42:40,3476.39,762,1,1,1,1,2744.72
APP0004225,CUST004623,2025-09-09 16:46:32,10378.68,632,1,1,1,0,10119.64
APP0004226,CUST010317,2025-07-26 12:06:26,3285.89,679,1,1,1,0,2631.87
APP0004227,CUST005035,2026-08-24 02:13:18,5254.68,720,1,1,1,1,4643.87
APP0004228,CUST007513,2026-08-19 17:28:24,12224.47,683,1,1,1,0,11900.82
APP0004229,CUST008657,2025-04-10 15:35:45,3005.36,619,1,1,1,1,2842.77
APP0004230,CUST006371,2025-07-03 15:36:00,5488.85,655,1,1,0,0,0.0
APP0004231,CUST002289,2025-10-11 15:19:30,7122.38,658,1,1,0,0,0.0
APP0004232,CUST000102,2026-03-29 11:30:10,10199.46,551,1,1,1,1,9806.35
APP0004233,CUST002441,2025-01-10 05:34:24,9422.56,602,1,1,1,1,8463.29
APP0004234,CUST003008,2025-01-02 23:50:11,1784.18,542,0,0,0,0,0.0
APP0004235,CUST002690,2025-06-13 07:31:13,11367.23,800,1,1,1,1,10348.86
APP0004236,CUST009759,2025-11-13 04:49:50,7624.7,611,1,1,1,0,6754.22
APP0004237,CUST004229,2025-06-03 21:58:30,10858.0,679,1,1,1,1,8230.43
APP0004238,CUST010224,2025-07-15 08:50:45,1769.22,510,0,0,0,0,0.0
APP0004239,CUST001108,2025-10-11 20:18:47,5634.62,628,1,1,0,0,0.0
APP0004240,CUST006938,2025-12-11 13:38:36,7309.03,645,1,1,0,0,0.0
APP0004241,CUST007686,2025-03-15 14:57:46,1067.6,715,1,1,1,0,932.87
APP0004242,CUST002068,2025-02-27 12:28:28,9981.11,667,1,0,0,0,0.0
APP0004243,CUST008072,2025-10-21 04:25:23,3256.01,681,1,1,1,1,2520.76
APP0004244,CUST001322,2026-03-17 19:27:28,2719.24,615,1,1,1,1,2601.79
APP0004245,CUST006413,2025-12-21 20:39:44,11795.87,520,1,0,0,0,0.0
APP0004246,CUST011252,2026-05-12 14:23:53,3991.94,619,1,1,1,1,3717.8
APP0004247,CUST000463,2026-06-01 14:21:00,7641.27,727,1,1,1,1,5968.5
APP0004248,CUST007793,2026-03-07 22:58:23,14574.28,632,1,1,1,1,11489.5
APP0004249,CUST010014,2025-03-21 18:37:59,5071.35,741,1,1,1,1,4504.26
APP0004250,CUST009856,2026-01-31 23:18:28,9585.87,555,1,1,1,1,8274.73
APP0004251,CUST000797,2025-04-30 11:28:53,6291.95,677,1,1,0,0,0.0
APP0004252,CUST006700,2025-01-20 23:18:36,12567.67,662,1,1,1,0,11701.63
APP0004253,CUST003515,2025-04-02 19:37:47,10013.66,719,1,1,1,1,8003.18
APP0004254,CUST005820,2026-01-05 21:56:05,3216.73,694,1,1,1,0,2891.38
APP0004255,CUST004543,2025-05-19 07:47:58,19384.91,604,1,1,0,0,0.0
APP0004256,CUST009131,2025-08-08 07:16:23,8080.01,563,1,1,1,1,6755.91
APP0004257,CUST003672,2026-05-01 06:45:30,16386.2,634,1,1,0,0,0.0
APP0004258,CUST003376,2025-05-16 14:47:09,12396.37,448,0,0,0,0,0.0
APP0004259,CUST009717,2025-02-24 07:11:29,3629.17,722,1,1,1,1,2853.91
APP0004260,CUST003956,2025-02-17 11:18:38,8416.87,559,1,1,1,1,7210.86
APP0004261,CUST003577,2025-08-05 17:10:42,3682.92,600,1,1,1,1,3011.24
APP0004262,CUST005620,2025-06-03 10:37:03,4891.11,482,0,0,0,0,0.0
APP0004263,CUST011175,2025-05-15 17:49:00,4260.58,643,1,1,1,1,4125.86
APP0004264,CUST011474,2025-07-23 14:09:08,9112.93,588,1,1,1,1,7519.69
APP0004265,CUST007223,2026-07-29 04:54:45,4474.93,536,1,1,0,0,0.0
APP0004266,CUST002593,2026-06-14 22:58:29,5255.09,696,1,1,1,1,4296.96
APP0004267,CUST011772,2026-04-17 06:06:46,7619.83,497,1,1,0,0,0.0
APP0004268,CUST001538,2025-12-31 06:58:03,5758.13,664,1,1,0,0,0.0
APP0004269,CUST009137,2025-06-25 16:13:51,40168.9,559,1,1,0,0,0.0
APP0004270,CUST010864,2026-01-04 14:13:27,8872.4,559,1,1,0,0,0.0
APP0004271,CUST004168,2025-10-08 02:41:54,4806.56,588,1,1,1,0,4576.25
APP0004272,CUST008590,2026-03-16 04:02:14,3702.42,779,1,1,1,1,2859.88
APP0004273,CUST004734,2025-04-18 06:32:54,14429.08,779,1,0,0,0,0.0
APP0004274,CUST011141,2025-07-11 15:09:02,6998.08,547,1,1,0,0,0.0
APP0004275,CUST002008,2025-08-18 12:44:19,9729.31,699,1,1,0,0,0.0
APP0004276,CUST000845,2026-07-16 23:30:18,11822.41,588,1,1,1,0,11506.01
APP0004277,CUST007849,2025-10-22 17:47:03,5670.72,616,1,1,0,0,0.0
APP0004278,CUST009590,2026-03-22 11:39:53,11300.9,500,1,1,1,1,9315.79
APP0004279,CUST002173,2025-01-02 16:24:20,4745.6,630,1,1,0,0,0.0
APP0004280,CUST009296,2026-01-22 04:23:42,6659.91,527,0,0,0,0,0.0
APP0004281,CUST006540,2026-05-20 09:54:30,9832.32,616,1,1,1,1,8800.61
APP0004282,CUST004612,2026-06-28 12:00:02,9281.44,629,1,1,0,0,0.0
APP0004283,CUST010157,2025-07-12 23:17:01,2340.6,544,1,1,1,1,1948.9
APP0004284,CUST009152,2026-03-28 16:09:53,10103.41,504,1,1,0,0,0.0
APP0004285,CUST003502,2025-01-31 03:08:38,7237.64,729,0,0,0,0,0.0
APP0004286,CUST002879,2026-01-14 13:26:45,4810.03,708,1,1,1,1,4536.77
APP0004287,CUST001465,2026-06-10 00:50:59,2155.24,651,1,1,1,1,2118.71
APP0004288,CUST008492,2025-07-24 00:52:58,12495.39,481,1,1,1,1,10661.05
APP0004289,CUST002639,2025-01-28 19:22:54,4129.27,666,1,1,1,0,3917.03
APP0004290,CUST005835,2026-06-10 15:36:21,9399.93,585,1,1,0,0,0.0
APP0004291,CUST000167,2025-09-22 01:14:02,10339.8,608,0,0,0,0,0.0
APP0004292,CUST001699,2026-05-25 06:37:03,3243.02,609,1,1,1,1,3019.88
APP0004293,CUST008023,2025-08-31 13:44:58,8627.52,654,1,1,0,0,0.0
APP0004294,CUST010481,2025-04-19 06:09:14,3913.59,623,1,1,0,0,0.0
APP0004295,CUST003885,2025-09-21 02:03:51,7382.41,525,1,1,1,1,7295.87
APP0004296,CUST000140,2026-03-08 16:58:54,5463.23,755,1,1,1,1,5369.46
APP0004297,CUST011470,2025-04-19 05:17:40,7421.4,534,1,0,0,0,0.0
APP0004298,CUST000257,2026-03-03 05:36:59,3500.74,747,1,0,0,0,0.0
APP0004299,CUST000262,2026-05-17 00:38:24,8237.3,583,1,1,1,1,6859.02
APP0004300,CUST009421,2025-08-06 06:02:13,7672.52,585,1,1,0,0,0.0
APP0004301,CUST004305,2025-04-26 11:04:27,8136.47,661,0,0,0,0,0.0
APP0004302,CUST011411,2025-02-17 16:00:57,4060.03,663,1,0,0,0,0.0
APP0004303,CUST001092,2026-05-22 18:48:33,13488.32,609,1,1,0,0,0.0
APP0004304,CUST011198,2026-02-22 05:02:04,7363.86,476,1,1,1,1,6235.51
APP0004305,CUST002157,2025-02-26 13:17:35,3195.78,707,1,1,0,0,0.0
APP0004306,CUST005752,2026-04-24 21:12:36,7140.18,466,1,1,0,0,0.0
APP0004307,CUST008304,2025-12-07 08:43:06,5027.53,644,1,1,1,1,4943.85
APP0004308,CUST008325,2025-04-04 10:53:37,5854.49,699,1,1,1,0,5579.77
APP0004309,CUST007183,2025-04-30 13:27:56,2851.87,632,0,0,0,0,0.0
APP0004310,CUST005546,2025-10-19 06:39:48,3276.22,527,0,0,0,0,0.0
APP0004311,CUST001818,2025-10-26 07:52:14,11248.0,579,0,0,0,0,0.0
APP0004312,CUST002252,2025-03-24 03:45:22,10639.82,527,1,1,1,1,10254.29
APP0004313,CUST003124,2025-12-27 12:17:39,5274.09,612,1,1,0,0,0.0
APP0004314,CUST009650,2025-04-20 09:43:49,10261.32,578,1,1,0,0,0.0
APP0004315,CUST008351,2026-07-09 18:20:09,4237.49,767,1,1,1,1,3213.99
APP0004316,CUST010284,2026-02-01 21:16:15,4801.49,680,1,1,1,1,3736.69
APP0004317,CUST009143,2025-05-25 20:45:47,3718.77,546,0,0,0,0,0.0
APP0004318,CUST000158,2025-05-26 05:57:18,15123.77,619,1,1,1,1,13921.73
APP0004319,CUST010534,2025-10-15 13:53:58,3605.58,529,1,1,0,0,0.0
APP0004320,CUST001504,2025-07-12 17:55:19,3518.74,651,1,1,0,0,0.0
APP0004321,CUST000989,2026-01-03 14:00:10,9159.76,680,1,1,0,0,0.0
APP0004322,CUST010187,2025-06-20 22:36:18,2709.57,607,1,1,1,1,2063.57
APP0004323,CUST011882,2025-10-15 21:35:51,9796.62,600,1,1,1,1,8752.12
APP0004324,CUST009537,2025-07-05 17:18:51,2687.98,595,1,1,0,0,0.0
APP0004325,CUST005486,2026-03-24 06:44:53,1841.99,731,1,1,1,1,1581.5
APP0004326,CUST000155,2026-08-16 12:08:01,6666.1,534,1,1,0,0,0.0
APP0004327,CUST006341,2025-03-23 17:23:55,7552.6,669,1,1,1,0,7370.13
APP0004328,CUST000202,2025-01-11 03:04:38,6246.42,414,1,1,0,0,0.0
APP0004329,CUST009443,2025-04-17 07:44:05,2247.4,608,1,0,0,0,0.0
APP0004330,CUST010756,2025-04-30 17:39:29,10552.04,510,1,0,0,0,0.0
APP0004331,CUST005993,2026-01-19 05:07:27,7379.99,674,0,0,0,0,0.0
APP0004332,CUST007196,2025-12-31 17:07:32,1540.6,603,1,1,1,1,1521.52
APP0004333,CUST001311,2025-07-27 19:35:24,1083.34,640,1,1,0,0,0.0
APP0004334,CUST003291,2026-05-02 12:20:41,2347.22,600,1,1,1,1,1953.3
APP0004335,CUST003687,2026-02-28 14:37:38,2501.57,678,1,0,0,0,0.0
APP0004336,CUST011362,2026-04-22 15:48:42,5424.42,570,1,1,0,0,0.0
APP0004337,CUST004859,2026-01-07 13:51:19,16948.48,603,0,0,0,0,0.0
APP0004338,CUST009778,2025-10-08 12:16:12,6098.43,572,0,0,0,0,0.0
APP0004339,CUST001448,2026-05-02 22:33:42,8872.82,683,1,1,1,1,8164.53
APP0004340,CUST011626,2025-05-20 09:37:26,2706.37,549,1,1,0,0,0.0
APP0004341,CUST003360,2026-04-03 03:47:36,1684.65,493,1,1,0,0,0.0
APP0004342,CUST009612,2025-05-21 21:45:21,38418.54,656,1,1,1,1,35734.1
APP0004343,CUST000552,2025-01-23 05:37:47,22821.9,489,1,1,0,0,0.0
APP0004344,CUST009044,2025-05-31 00:18:16,13193.41,546,0,0,0,0,0.0
APP0004345,CUST003296,2025-05-18 03:05:05,6740.0,520,1,1,0,0,0.0
APP0004346,CUST011608,2025-05-17 22:59:04,5477.06,479,1,1,0,0,0.0
APP0004347,CUST010839,2026-08-26 19:09:36,3083.29,480,1,1,1,1,2581.05
APP0004348,CUST008999,2025-10-16 11:26:26,1712.68,782,1,1,1,0,1568.98
APP0004349,CUST011769,2025-04-15 07:53:29,5077.58,540,1,1,1,1,5047.91
APP0004350,CUST011941,2025-07-03 16:32:12,10183.32,556,1,1,0,0,0.0
APP0004351,CUST003041,2025-08-24 02:38:09,7262.67,474,1,1,1,1,7036.36
APP0004352,CUST003094,2025-02-15 22:33:16,3223.97,583,1,0,0,0,0.0
APP0004353,CUST005554,2026-08-20 03:42:28,3476.77,647,1,1,0,0,0.0
APP0004354,CUST005442,2025-04-11 01:17:57,6552.84,575,1,1,1,1,5951.65
APP0004355,CUST008639,2026-01-25 16:25:20,7697.96,600,1,1,0,0,0.0
APP0004356,CUST007835,2025-10-14 00:29:10,7301.58,589,1,1,1,1,6523.55
APP0004357,CUST003675,2026-08-17 22:37:42,2229.0,556,1,0,0,0,0.0
APP0004358,CUST011774,2025-10-13 23:09:27,6457.1,580,1,1,0,0,0.0
APP0004359,CUST001552,2025-06-06 19:03:01,1739.79,641,1,0,0,0,0.0
APP0004360,CUST001375,2026-06-17 17:26:12,4588.62,573,1,0,0,0,0.0
APP0004361,CUST010794,2025-06-01 15:47:54,4215.18,523,0,0,0,0,0.0
APP0004362,CUST001884,2026-01-17 12:40:09,1977.15,673,1,1,0,0,0.0
APP0004363,CUST000203,2025-12-28 19:10:18,6717.29,764,1,1,1,0,6111.91
APP0004364,CUST000745,2025-01-22 11:43:45,5731.79,662,1,1,0,0,0.0
APP0004365,CUST000965,2025-10-09 14:45:20,2860.78,584,0,0,0,0,0.0
APP0004366,CUST002643,2025-05-20 04:29:32,5911.55,501,0,0,0,0,0.0
APP0004367,CUST008764,2025-01-02 02:34:21,2119.48,543,1,1,1,1,1803.48
APP0004368,CUST003169,2025-02-21 22:05:46,2067.91,648,1,1,1,1,1735.39
APP0004369,CUST009253,2026-02-07 20:22:01,3784.81,597,1,1,0,0,0.0
APP0004370,CUST003755,2025-08-05 08:48:50,9596.47,574,1,1,1,1,8505.96
APP0004371,CUST003405,2025-12-11 06:33:30,4080.16,729,1,1,0,0,0.0
APP0004372,CUST004537,2025-06-01 01:21:33,2062.11,666,1,1,0,0,0.0
APP0004373,CUST003381,2025-07-27 18:40:24,6082.32,552,1,1,0,0,0.0
APP0004374,CUST009562,2025-07-23 12:21:00,4759.4,674,1,0,0,0,0.0
APP0004375,CUST001768,2025-07-25 22:48:25,9141.5,700,1,1,0,0,0.0
APP0004376,CUST006082,2025-10-28 02:40:36,11999.54,574,0,0,0,0,0.0
APP0004377,CUST002925,2025-04-13 15:44:39,1588.93,659,1,1,1,1,1275.52
APP0004378,CUST008435,2025-09-09 06:57:20,13394.66,631,1,0,0,0,0.0
APP0004379,CUST001402,2025-06-12 17:38:12,11394.03,656,0,0,0,0,0.0
APP0004380,CUST006556,2026-02-16 13:06:00,4414.51,648,1,1,1,1,3406.3
APP0004381,CUST007846,2026-04-12 21:01:41,3683.23,501,1,1,0,0,0.0
APP0004382,CUST004617,2025-02-05 18:54:10,6113.65,457,1,1,1,1,4605.21
APP0004383,CUST003688,2026-03-20 03:27:09,1596.2,627,1,1,1,1,1307.0
APP0004384,CUST006504,2025-04-04 21:33:54,6416.58,534,1,1,1,1,5750.36
APP0004385,CUST006924,2026-08-14 06:20:13,3802.7,718,1,1,1,0,3338.67
APP0004386,CUST000257,2026-03-17 14:26:28,9850.93,677,1,0,0,0,0.0
APP0004387,CUST006277,2025-06-18 07:29:36,5580.64,752,1,1,1,1,4966.15
APP0004388,CUST006372,2025-12-20 23:02:56,2912.02,548,1,1,1,0,2236.12
APP0004389,CUST004102,2026-01-29 17:24:30,5917.17,633,1,1,1,1,5876.27
APP0004390,CUST011312,2026-08-06 13:27:19,27138.47,596,1,1,0,0,0.0
APP0004391,CUST003100,2025-08-24 15:41:47,3470.5,725,1,1,1,1,3044.27
APP0004392,CUST008738,2026-02-19 17:56:21,6354.46,641,1,1,0,0,0.0
APP0004393,CUST006201,2026-03-04 22:01:58,11305.26,524,1,1,1,1,8611.02
APP0004394,CUST008767,2025-09-11 15:04:17,11966.04,711,1,1,1,1,11870.7
APP0004395,CUST008157,2025-10-21 05:20:21,10404.42,608,1,1,0,0,0.0
APP0004396,CUST002308,2025-08-28 04:07:05,27121.92,472,1,0,0,0,0.0
APP0004397,CUST001826,2025-01-18 00:13:09,6237.11,604,1,1,1,0,5048.0
APP0004398,CUST004809,2025-09-13 00:01:47,3016.83,671,1,1,1,0,2970.07
APP0004399,CUST008252,2025-05-04 16:27:04,1700.56,496,0,0,0,0,0.0
APP0004400,CUST003332,2026-03-07 10:29:39,19472.9,613,1,1,1,1,17517.41
APP0004401,CUST007751,2026-01-11 00:46:04,6901.58,660,0,0,0,0,0.0
APP0004402,CUST002797,2026-05-14 16:16:24,2773.36,732,1,1,1,0,2425.41
APP0004403,CUST002105,2025-02-26 12:51:21,11575.73,670,1,0,0,0,0.0
APP0004404,CUST003436,2025-05-27 07:39:24,3726.54,529,1,1,1,1,3327.15
APP0004405,CUST007785,2025-08-22 01:36:43,3811.63,703,0,0,0,0,0.0
APP0004406,CUST001820,2026-08-25 17:53:50,7264.81,642,1,1,1,1,5727.44
APP0004407,CUST008237,2026-07-09 15:38:54,4057.02,619,1,1,0,0,0.0
APP0004408,CUST010041,2025-11-15 06:34:51,8592.84,553,1,0,0,0,0.0
APP0004409,CUST003511,2026-07-02 07:06:42,9428.49,691,1,1,1,1,7816.48
APP0004410,CUST002676,2025-05-21 19:22:18,4787.17,626,1,1,1,1,3808.99
APP0004411,CUST007417,2025-01-23 20:01:04,1696.42,598,0,0,0,0,0.0
APP0004412,CUST007356,2025-04-16 05:40:02,7007.54,550,1,1,0,0,0.0
APP0004413,CUST004875,2025-05-25 10:43:35,4730.86,601,1,1,1,0,3757.63
APP0004414,CUST005675,2025-12-11 08:42:51,16052.45,613,0,0,0,0,0.0
APP0004415,CUST003004,2025-11-16 21:21:58,1000.0,745,1,1,1,1,946.63
APP0004416,CUST003422,2026-07-01 22:16:29,6380.8,725,1,1,1,1,5158.6
APP0004417,CUST001622,2026-07-30 08:56:47,10224.68,505,0,0,0,0,0.0
APP0004418,CUST011020,2025-02-04 02:07:03,3996.27,639,1,1,1,1,3573.54
APP0004419,CUST008270,2025-03-02 00:58:49,3089.01,523,1,1,1,0,2589.93
APP0004420,CUST004011,2025-01-02 02:12:42,10504.49,668,1,1,1,1,8120.65
APP0004421,CUST007942,2026-07-24 10:36:33,27531.44,577,1,1,0,0,0.0
APP0004422,CUST003444,2026-01-28 02:45:59,8661.28,627,1,1,1,1,6773.97
APP0004423,CUST011222,2026-04-21 01:26:27,3965.79,640,1,1,1,0,3560.48
APP0004424,CUST007788,2026-06-28 16:20:28,7645.85,605,1,1,1,1,6355.46
APP0004425,CUST007197,2026-03-04 06:39:09,2117.81,614,1,1,1,1,1816.02
APP0004426,CUST000848,2025-09-02 00:13:55,3720.57,723,1,1,0,0,0.0
APP0004427,CUST010714,2025-05-14 12:09:41,5524.78,599,1,1,0,0,0.0
APP0004428,CUST007599,2025-05-12 12:19:40,6992.32,531,1,1,0,0,0.0
APP0004429,CUST005422,2026-05-27 03:01:42,3980.34,589,1,1,0,0,0.0
APP0004430,CUST008246,2025-04-08 16:38:40,3476.84,600,1,1,1,1,3322.28
APP0004431,CUST007841,2026-08-27 23:45:22,3478.8,645,1,1,1,1,3135.17
APP0004432,CUST006006,2026-07-02 13:39:58,3499.58,628,1,0,0,0,0.0
APP0004433,CUST007972,2025-03-28 04:52:52,2812.12,594,1,1,0,0,0.0
APP0004434,CUST003302,2025-04-10 11:41:42,13757.13,649,1,0,0,0,0.0
APP0004435,CUST001349,2025-05-29 21:49:40,8257.59,797,1,1,1,1,7465.89
APP0004436,CUST005503,2026-03-21 05:00:24,2362.12,719,1,1,1,1,2321.38
APP0004437,CUST005273,2025-10-17 07:36:48,6893.14,596,1,1,1,1,6790.95
APP0004438,CUST000475,2025-02-11 07:51:16,3620.63,723,1,1,1,1,3368.75
APP0004439,CUST009435,2026-02-06 04:46:33,1212.5,607,1,1,0,0,0.0
APP0004440,CUST007929,2025-02-16 08:17:15,3505.11,487,1,1,0,0,0.0
APP0004441,CUST006361,2025-05-08 19:18:50,5980.93,658,1,1,1,1,4637.22
APP0004442,CUST008420,2026-08-12 18:02:48,3999.62,604,0,0,0,0,0.0
APP0004443,CUST010361,2025-03-20 02:48:53,4259.25,545,1,1,1,1,4084.13
APP0004444,CUST011519,2025-01-24 00:37:45,16808.2,689,1,1,0,0,0.0
APP0004445,CUST002821,2025-02-20 14:58:16,6118.13,620,1,1,1,1,4653.94
APP0004446,CUST010822,2025-06-06 05:07:17,14258.47,650,1,1,1,1,13819.67
APP0004447,CUST003684,2025-11-10 04:01:28,6656.39,480,1,1,1,0,5109.19
APP0004448,CUST000798,2025-11-09 10:45:33,2036.38,646,0,0,0,0,0.0
APP0004449,CUST008642,2025-10-30 04:15:53,18746.94,555,1,1,0,0,0.0
APP0004450,CUST010585,2025-04-21 09:49:20,5286.23,660,1,1,1,1,4117.69
APP0004451,CUST006884,2026-07-20 05:28:13,13560.44,666,1,1,0,0,0.0
APP0004452,CUST005147,2025-12-05 12:52:01,7944.72,695,1,1,1,1,7942.47
APP0004453,CUST000927,2026-06-26 06:53:27,4919.57,570,1,1,1,1,3834.85
APP0004454,CUST009135,2026-06-09 12:04:47,2147.85,616,1,1,1,1,1818.05
APP0004455,CUST002789,2025-11-23 02:17:18,5016.65,612,1,1,0,0,0.0
APP0004456,CUST011503,2025-06-16 09:36:48,6493.42,637,1,1,1,1,5404.95
APP0004457,CUST000401,2026-08-16 11:10:40,4714.33,607,1,0,0,0,0.0
APP0004458,CUST001768,2025-12-25 00:35:06,3900.29,621,1,1,1,1,3002.99
APP0004459,CUST010127,2026-05-16 01:39:22,7267.15,631,0,0,0,0,0.0
APP0004460,CUST004803,2025-12-03 04:51:50,14137.15,717,1,1,1,1,11800.52
APP0004461,CUST010031,2025-08-08 02:20:56,4333.68,800,1,1,1,0,3758.71
APP0004462,CUST005605,2025-08-30 10:04:51,10186.98,660,1,1,1,1,8282.62
APP0004463,CUST004545,2025-12-07 19:50:12,2513.47,711,1,1,1,0,2093.53
APP0004464,CUST009407,2025-02-21 11:02:31,10736.82,547,1,1,0,0,0.0
APP0004465,CUST010823,2026-01-18 02:26:07,13212.95,699,1,1,0,0,0.0
APP0004466,CUST003223,2026-03-29 07:11:41,7479.71,683,1,1,1,1,6592.31
APP0004467,CUST003065,2026-04-24 11:04:12,4150.34,606,1,1,0,0,0.0
APP0004468,CUST005422,2025-03-25 21:20:27,3080.34,672,1,0,0,0,0.0
APP0004469,CUST005688,2025-12-25 06:22:53,4936.8,619,0,0,0,0,0.0
APP0004470,CUST006169,2026-05-13 05:47:28,9293.1,638,1,1,1,0,8065.84
APP0004471,CUST007479,2025-01-11 18:21:49,4089.78,579,1,1,0,0,0.0
APP0004472,CUST008795,2025-07-22 16:44:03,4011.8,613,1,1,0,0,0.0
APP0004473,CUST002803,2025-06-12 10:55:21,6574.12,519,1,1,0,0,0.0
APP0004474,CUST002465,2025-04-18 15:01:44,8853.46,595,1,1,1,0,6727.99
APP0004475,CUST007864,2025-10-20 21:49:26,2645.28,608,0,0,0,0,0.0
APP0004476,CUST010403,2026-04-07 00:57:44,3476.03,615,1,1,0,0,0.0
APP0004477,CUST001407,2025-01-04 11:39:18,6641.66,536,1,1,1,1,5375.65
APP0004478,CUST004864,2026-04-10 07:18:39,6151.96,567,1,1,0,0,0.0
APP0004479,CUST004745,2025-11-04 04:20:08,3975.51,587,1,1,1,1,3685.24
APP0004480,CUST006060,2026-05-09 14:25:19,7738.9,705,1,1,1,1,6626.9
APP0004481,CUST005947,2025-02-25 12:05:24,20339.1,644,0,0,0,0,0.0
APP0004482,CUST009494,2025-09-10 02:09:40,3710.68,609,1,1,1,1,3443.86
APP0004483,CUST002077,2026-04-16 09:47:40,11391.39,628,1,1,1,1,11131.03
APP0004484,CUST011202,2026-04-16 16:23:05,7786.35,584,1,1,1,0,6776.02
APP0004485,CUST007801,2026-02-22 17:05:42,7787.52,730,1,1,1,1,7564.13
APP0004486,CUST007455,2025-07-06 05:59:26,5119.23,545,1,1,0,0,0.0
APP0004487,CUST004861,2026-06-17 21:04:47,6329.17,505,0,0,0,0,0.0
APP0004488,CUST000057,2026-03-13 23:15:09,12414.6,658,1,1,0,0,0.0
APP0004489,CUST002086,2025-10-15 09:18:05,3364.56,483,1,1,0,0,0.0
APP0004490,CUST005697,2025-06-08 02:48:55,3995.22,544,1,1,1,1,3568.84
APP0004491,CUST008747,2026-05-12 06:48:15,6581.14,440,0,0,0,0,0.0
APP0004492,CUST007808,2025-03-14 17:47:19,1717.7,544,1,1,1,1,1360.15
APP0004493,CUST000821,2026-04-16 22:19:30,14666.75,679,1,1,1,1,13298.27
APP0004494,CUST006089,2026-04-12 09:15:50,4413.48,574,1,0,0,0,0.0
APP0004495,CUST004053,2025-09-26 16:15:00,3208.93,603,0,0,0,0,0.0
APP0004496,CUST003200,2026-06-05 03:35:36,18089.66,622,1,1,1,1,17229.11
APP0004497,CUST003607,2025-02-16 03:02:29,4436.96,675,1,1,1,0,3817.24
APP0004498,CUST005189,2025-09-22 08:06:20,6159.92,641,1,1,0,0,0.0
APP0004499,CUST008558,2025-02-22 11:53:51,7418.64,447,1,1,1,1,6502.38
APP0004500,CUST001611,2025-08-04 13:02:14,2640.78,623,0,0,0,0,0.0
APP0004501,CUST000966,2025-06-25 15:31:03,3026.58,621,1,1,0,0,0.0
APP0004502,CUST011645,2025-01-01 09:07:43,2904.32,495,1,1,1,1,2848.15
APP0004503,CUST003099,2026-01-07 22:33:21,2299.71,550,1,1,0,0,0.0
APP0004504,CUST002926,2025-03-23 15:24:00,3314.31,666,1,1,1,1,2534.46
APP0004505,CUST001510,2026-08-03 20:16:19,4936.62,645,1,1,0,0,0.0
APP0004506,CUST007966,2025-03-11 22:58:33,1438.99,596,1,1,1,1,1330.93
APP0004507,CUST005789,2026-07-06 21:44:45,6836.82,483,1,1,1,1,6256.78
APP0004508,CUST004407,2025-01-23 17:19:27,8164.8,453,0,0,0,0,0.0
APP0004509,CUST008207,2026-02-14 10:46:03,6025.06,510,1,1,0,0,0.0
APP0004510,CUST011993,2025-11-14 13:46:29,2853.21,526,1,1,0,0,0.0
APP0004511,CUST006495,2026-03-12 11:25:33,4458.15,434,1,1,0,0,0.0
APP0004512,CUST009658,2025-08-24 13:36:46,11669.34,491,1,1,0,0,0.0
APP0004513,CUST004346,2025-03-25 15:29:58,4459.69,692,1,1,1,0,3780.74
APP0004514,CUST010661,2025-10-08 08:58:31,12490.76,548,1,1,0,0,0.0
APP0004515,CUST002023,2025-11-04 14:36:07,11200.12,624,1,0,0,0,0.0
APP0004516,CUST002692,2025-03-27 18:34:12,3354.09,667,1,0,0,0,0.0
APP0004517,CUST011698,2025-05-23 02:10:14,10680.11,626,1,1,0,0,0.0
APP0004518,CUST003057,2026-03-02 16:26:22,5666.93,471,0,0,0,0,0.0
APP0004519,CUST005275,2026-06-28 12:14:08,11009.4,576,1,1,1,1,8469.79
APP0004520,CUST000651,2025-05-24 08:36:57,12524.69,612,1,0,0,0,0.0
APP0004521,CUST009867,2026-03-22 05:32:53,18660.85,555,1,1,0,0,0.0
APP0004522,CUST004699,2026-07-06 10:24:57,3345.63,679,1,1,1,1,2958.48
APP0004523,CUST007073,2025-08-30 12:52:54,15206.08,798,1,1,1,1,14983.11
APP0004524,CUST003902,2025-04-29 02:48:42,1892.51,725,1,1,1,1,1836.17
APP0004525,CUST004724,2026-02-19 22:12:31,6023.05,524,1,1,0,0,0.0
APP0004526,CUST000560,2025-11-25 03:15:13,5358.34,686,1,1,0,0,0.0
APP0004527,CUST010745,2025-07-01 20:01:50,6778.88,573,1,1,1,1,6692.91
APP0004528,CUST001987,2025-05-31 22:55:27,8056.26,433,1,1,1,1,6266.13
APP0004529,CUST006878,2025-06-23 04:00:27,5196.97,617,1,1,0,0,0.0
APP0004530,CUST006165,2026-02-17 19:29:11,16027.71,656,1,1,1,1,15905.83
APP0004531,CUST008177,2026-01-01 01:07:26,5483.64,708,1,1,1,1,5127.8
APP0004532,CUST010610,2025-08-29 06:36:36,8594.58,753,1,1,1,1,8200.12
APP0004533,CUST003527,2025-03-03 16:15:44,8849.16,645,1,1,1,1,8553.4
APP0004534,CUST007568,2025-04-17 03:06:08,3381.89,612,0,0,0,0,0.0
APP0004535,CUST003405,2026-06-12 08:01:30,3720.84,710,1,1,1,1,3419.16
APP0004536,CUST010307,2026-02-22 20:17:21,5422.45,641,1,1,1,1,4918.62
APP0004537,CUST010823,2025-02-11 21:23:06,7234.8,606,1,0,0,0,0.0
APP0004538,CUST006879,2025-07-26 23:26:15,6102.26,537,1,1,1,1,5070.84
APP0004539,CUST002999,2026-05-01 22:04:40,4604.75,627,1,1,1,1,4021.15
APP0004540,CUST011985,2026-01-25 05:14:23,4302.62,708,0,0,0,0,0.0
APP0004541,CUST010834,2026-06-13 14:58:28,8708.74,603,1,1,1,1,8156.42
APP0004542,CUST004929,2025-01-10 07:08:15,4352.01,365,1,1,0,0,0.0
APP0004543,CUST011643,2026-08-24 01:45:23,1382.26,574,1,0,0,0,0.0
APP0004544,CUST011631,2025-07-15 09:52:57,2562.79,607,1,1,0,0,0.0
APP0004545,CUST002538,2025-09-04 19:36:19,1887.13,663,0,0,0,0,0.0
APP0004546,CUST001285,2025-05-28 21:29:05,14292.92,674,1,1,1,1,11212.03
APP0004547,CUST004834,2026-03-29 08:25:50,17253.49,463,1,1,1,1,15058.23
APP0004548,CUST003669,2025-11-11 13:10:01,10266.04,666,1,1,0,0,0.0
APP0004549,CUST007048,2025-05-21 07:52:57,4430.17,549,1,1,0,0,0.0
APP0004550,CUST001529,2025-09-09 11:25:18,8290.6,509,1,1,1,1,6966.39
APP0004551,CUST002702,2025-12-29 09:48:53,3601.02,602,1,1,1,0,2815.46
APP0004552,CUST003883,2025-12-08 07:17:51,3538.19,612,1,1,1,1,3487.17
APP0004553,CUST000553,2025-06-30 03:38:28,24884.53,543,1,1,0,0,0.0
APP0004554,CUST002130,2026-01-06 18:02:15,14731.0,568,1,1,0,0,0.0
APP0004555,CUST011617,2025-03-22 11:06:08,4610.7,506,0,0,0,0,0.0
APP0004556,CUST009697,2025-03-10 10:06:42,2700.55,543,1,1,1,1,2566.42
APP0004557,CUST002484,2025-08-16 09:01:19,3503.48,471,1,1,0,0,0.0
APP0004558,CUST008396,2025-02-27 19:39:05,10006.12,741,1,1,1,1,9995.22
APP0004559,CUST009403,2026-04-05 18:02:03,4722.52,679,1,1,1,1,3570.39
APP0004560,CUST009829,2025-01-29 02:32:13,3862.75,707,1,1,1,1,3425.7
APP0004561,CUST000412,2026-02-12 22:50:55,10234.34,695,1,1,1,0,8168.49
APP0004562,CUST010358,2025-11-26 01:30:30,5291.66,695,1,1,1,1,4502.65
APP0004563,CUST006250,2026-07-04 19:44:00,15062.1,564,1,1,1,0,13958.48
APP0004564,CUST002674,2025-07-23 07:47:13,4787.07,721,1,1,0,0,0.0
APP0004565,CUST001999,2025-08-12 23:15:51,9927.56,588,1,0,0,0,0.0
APP0004566,CUST010298,2026-06-11 18:02:26,8705.67,547,1,1,1,1,7656.38
APP0004567,CUST001562,2025-03-30 12:20:02,11224.35,608,1,1,0,0,0.0
APP0004568,CUST011122,2025-03-21 01:52:27,5300.57,705,1,1,0,0,0.0
APP0004569,CUST007700,2026-07-08 04:16:31,2317.97,575,0,0,0,0,0.0
APP0004570,CUST001399,2025-07-04 23:41:58,3592.65,560,1,1,0,0,0.0
APP0004571,CUST001087,2025-11-18 04:25:47,3167.97,614,1,1,0,0,0.0
APP0004572,CUST000596,2025-04-24 11:54:09,2852.76,727,1,1,1,1,2236.16
APP0004573,CUST008383,2025-11-15 23:12:15,3764.08,544,1,1,0,0,0.0
APP0004574,CUST011629,2025-02-21 00:34:42,7341.14,678,1,1,1,1,7334.25
APP0004575,CUST006244,2026-06-14 06:29:42,11545.26,610,1,1,0,0,0.0
APP0004576,CUST006522,2026-05-10 19:24:50,3642.87,517,1,1,1,1,2786.47
APP0004577,CUST010594,2026-02-17 12:26:31,3625.44,686,1,1,1,1,3348.43
APP0004578,CUST004628,2025-06-06 05:02:27,5376.27,544,1,1,0,0,0.0
APP0004579,CUST009201,2025-06-07 17:53:41,3816.62,684,1,1,1,1,3557.01
APP0004580,CUST010385,2026-06-14 10:04:04,12024.55,636,1,1,1,0,9250.94
APP0004581,CUST005875,2026-07-23 06:02:44,3074.05,800,1,1,1,1,2400.05
APP0004582,CUST011729,2025-11-23 12:49:02,7056.73,624,1,1,0,0,0.0
APP0004583,CUST002151,2025-01-12 15:39:39,6040.75,467,1,1,0,0,0.0
APP0004584,CUST001136,2025-08-21 20:55:48,6928.51,735,1,1,0,0,0.0
APP0004585,CUST009438,2025-07-12 17:04:09,5041.24,639,1,1,1,1,4562.43
APP0004586,CUST008919,2025-05-25 08:32:57,4525.1,775,1,1,1,1,4306.84
APP0004587,CUST010565,2025-12-19 15:21:36,5203.53,630,1,1,1,1,4838.85
APP0004588,CUST010526,2025-05-18 20:45:36,7112.43,699,1,1,0,0,0.0
APP0004589,CUST010290,2026-04-16 15:25:49,5686.09,692,1,1,0,0,0.0
APP0004590,CUST005074,2026-06-24 15:35:22,6607.46,535,1,1,0,0,0.0
APP0004591,CUST010512,2025-03-20 10:16:12,7174.39,587,0,0,0,0,0.0
APP0004592,CUST009704,2025-10-06 13:09:16,6391.03,545,1,1,0,0,0.0
APP0004593,CUST000934,2026-06-23 09:12:39,1683.24,665,1,1,0,0,0.0
APP0004594,CUST005401,2026-03-10 15:45:17,5683.72,658,0,0,0,0,0.0
APP0004595,CUST010930,2026-08-03 22:27:30,5546.13,616,1,1,1,1,5109.63
APP0004596,CUST001854,2026-02-04 16:05:15,18977.51,605,1,1,1,1,18517.17
APP0004597,CUST009961,2026-04-29 10:17:46,6749.74,644,0,0,0,0,0.0
APP0004598,CUST005439,2025-10-10 21:13:07,9056.48,642,1,1,0,0,0.0
APP0004599,CUST003437,2025-10-29 20:41:49,27286.0,584,1,1,0,0,0.0
APP0004600,CUST001925,2025-09-25 17:35:24,2288.16,547,0,0,0,0,0.0
APP0004601,CUST011857,2025-02-19 00:13:46,5879.11,741,1,1,1,1,4812.43
APP0004602,CUST002606,2025-01-06 08:04:20,18529.69,637,0,0,0,0,0.0
APP0004603,CUST011300,2026-04-28 18:06:58,18290.19,617,1,1,0,0,0.0
APP0004604,CUST001487,2026-05-19 02:40:40,5556.03,545,1,1,1,1,5105.57
APP0004605,CUST002083,2026-05-24 11:08:14,7670.14,591,1,1,1,0,6958.64
APP0004606,CUST002882,2025-08-17 01:28:55,3603.59,690,1,1,1,1,3120.84
APP0004607,CUST008536,2025-05-19 23:43:15,7863.32,701,1,1,1,0,6522.87
APP0004608,CUST000988,2025-11-08 08:07:15,4795.8,662,0,0,0,0,0.0
APP0004609,CUST002607,2025-07-08 02:02:28,9859.18,550,1,1,0,0,0.0
APP0004610,CUST000395,2025-09-11 05:54:34,6491.87,774,1,0,0,0,0.0
APP0004611,CUST010528,2025-05-28 21:19:06,5484.15,451,1,1,0,0,0.0
APP0004612,CUST001550,2025-01-29 20:47:03,4003.41,579,1,1,0,0,0.0
APP0004613,CUST005006,2026-05-07 18:57:08,3598.35,578,1,1,1,0,3279.67
APP0004614,CUST005584,2025-06-16 07:24:40,5928.13,584,1,1,0,0,0.0
APP0004615,CUST009813,2025-01-05 12:51:26,9636.97,525,0,0,0,0,0.0
APP0004616,CUST009657,2025-03-16 12:46:43,4710.88,608,1,1,1,0,4413.96
APP0004617,CUST008499,2026-03-29 01:08:06,3406.92,661,1,1,0,0,0.0
APP0004618,CUST011522,2025-09-12 04:10:07,5663.83,590,1,1,0,0,0.0
APP0004619,CUST000556,2025-01-08 17:25:17,2869.5,450,1,1,1,1,2529.39
APP0004620,CUST001894,2025-12-26 10:42:14,3447.32,498,1,1,1,0,2633.09
APP0004621,CUST000220,2025-07-08 05:59:45,4873.09,589,0,0,0,0,0.0
APP0004622,CUST004668,2026-04-28 19:50:13,7475.31,469,1,1,0,0,0.0
APP0004623,CUST000329,2026-03-19 23:43:55,1532.04,642,1,1,1,1,1514.53
APP0004624,CUST006227,2025-07-26 15:53:32,14945.51,740,1,1,1,1,12044.37
APP0004625,CUST004808,2025-04-08 21:08:49,14264.78,589,0,0,0,0,0.0
APP0004626,CUST008119,2025-08-26 23:12:06,2579.79,510,0,0,0,0,0.0
APP0004627,CUST008719,2025-11-08 13:16:13,7579.39,511,1,1,1,1,7491.63
APP0004628,CUST002583,2025-12-06 00:37:56,7934.18,582,1,0,0,0,0.0
APP0004629,CUST000075,2025-05-31 00:15:12,9081.75,572,1,1,0,0,0.0
APP0004630,CUST011268,2026-05-22 13:02:28,1997.39,649,1,0,0,0,0.0
APP0004631,CUST004490,2025-01-21 03:05:13,4794.06,518,1,1,1,1,4435.88
APP0004632,CUST011723,2026-06-07 02:13:36,5877.37,543,0,0,0,0,0.0
APP0004633,CUST010598,2026-01-02 21:04:50,9021.78,644,1,1,0,0,0.0
APP0004634,CUST004714,2025-10-09 10:28:28,22582.14,704,1,1,0,0,0.0
APP0004635,CUST010938,2025-08-10 13:28:38,6738.58,682,1,1,1,1,5877.66
APP0004636,CUST010317,2025-03-13 23:11:07,7408.71,627,0,0,0,0,0.0
APP0004637,CUST009700,2026-07-07 12:19:09,5823.89,607,1,1,0,0,0.0
APP0004638,CUST002365,2026-02-23 19:47:01,3468.27,665,1,1,0,0,0.0
APP0004639,CUST000829,2025-05-27 04:15:48,5111.88,570,1,1,1,1,3880.13
APP0004640,CUST008111,2025-07-02 07:33:30,3383.71,624,1,1,0,0,0.0
APP0004641,CUST003589,2026-07-18 04:13:40,6777.37,415,1,1,1,0,5343.95
APP0004642,CUST011669,2025-11-14 01:31:40,9734.82,644,1,1,0,0,0.0
APP0004643,CUST003715,2025-06-21 07:17:44,4832.44,633,1,1,1,1,3823.69
APP0004644,CUST008142,2026-04-11 19:25:39,4898.51,751,1,0,0,0,0.0
APP0004645,CUST010592,2025-02-06 23:06:17,11170.61,721,1,0,0,0,0.0
APP0004646,CUST001393,2025-05-12 12:09:41,9245.83,687,1,1,1,1,7003.38
APP0004647,CUST009948,2025-03-03 19:58:17,9567.43,621,1,1,1,1,8062.99
APP0004648,CUST002189,2025-10-07 21:52:56,17964.77,523,1,1,1,1,16967.71
APP0004649,CUST009335,2026-04-14 01:01:48,1777.69,681,1,1,1,0,1570.38
APP0004650,CUST005736,2026-01-14 23:06:00,6915.93,643,1,1,1,1,6820.97
APP0004651,CUST009000,2025-07-10 07:19:30,15100.31,536,1,1,1,1,14603.4
APP0004652,CUST002638,2026-04-28 03:01:19,3104.79,621,1,1,0,0,0.0
APP0004653,CUST006671,2025-07-05 03:06:03,3277.37,666,1,1,1,1,2813.79
APP0004654,CUST001550,2026-01-05 18:47:43,5721.33,760,1,1,1,0,4780.09
APP0004655,CUST002568,2025-12-03 08:15:45,4458.02,664,1,1,1,0,4437.52
APP0004656,CUST010860,2026-04-09 05:02:23,4064.54,531,1,1,1,1,3508.55
APP0004657,CUST011856,2026-03-08 20:12:26,4122.12,770,1,0,0,0,0.0
APP0004658,CUST005759,2026-05-25 15:56:34,5569.63,532,1,1,0,0,0.0
APP0004659,CUST002112,2026-08-23 04:37:27,8113.88,662,1,1,1,1,7752.57
APP0004660,CUST006901,2026-01-29 03:10:33,5777.38,506,1,1,1,0,4693.76
APP0004661,CUST004257,2025-02-17 06:40:30,5011.11,607,1,1,0,0,0.0
APP0004662,CUST000354,2026-06-10 08:13:20,9286.62,639,1,1,1,1,6984.29
APP0004663,CUST011946,2025-09-06 19:57:45,9534.1,513,0,0,0,0,0.0
APP0004664,CUST008342,2025-08-11 20:39:41,1181.81,539,1,1,1,1,1156.41
APP0004665,CUST001958,2025-02-02 19:26:44,2382.98,651,0,0,0,0,0.0
APP0004666,CUST002588,2026-08-24 18:08:19,23453.23,702,1,1,0,0,0.0
APP0004667,CUST009499,2026-05-02 23:59:51,2688.82,557,1,1,0,0,0.0
APP0004668,CUST005964,2026-07-05 06:07:45,5548.0,601,0,0,0,0,0.0
APP0004669,CUST008250,2025-09-15 12:50:45,4491.05,722,1,1,1,0,4267.96
APP0004670,CUST007602,2026-04-02 02:27:31,8032.9,733,1,1,0,0,0.0
APP0004671,CUST009161,2025-02-20 17:58:55,7314.83,710,1,1,1,1,6740.39
APP0004672,CUST006130,2025-11-06 19:10:47,8766.33,579,1,1,1,1,8271.85
APP0004673,CUST005425,2025-01-26 03:29:18,23597.21,564,1,1,1,1,22724.16
APP0004674,CUST008930,2026-08-03 08:04:56,4333.47,659,1,0,0,0,0.0
APP0004675,CUST004109,2025-05-02 09:45:31,7483.3,641,1,1,0,0,0.0
APP0004676,CUST001294,2026-04-10 10:12:27,4376.16,656,1,1,0,0,0.0
APP0004677,CUST005084,2025-08-21 23:02:43,2889.84,625,1,1,1,1,2820.64
APP0004678,CUST009012,2025-06-04 01:05:20,8771.86,718,1,0,0,0,0.0
APP0004679,CUST006146,2025-03-21 20:35:18,3491.07,619,1,1,0,0,0.0
APP0004680,CUST006845,2025-09-24 13:04:20,4058.1,638,0,0,0,0,0.0
APP0004681,CUST005444,2026-05-05 20:01:42,3938.94,692,0,0,0,0,0.0
APP0004682,CUST007160,2026-03-19 04:06:54,2467.53,606,0,0,0,0,0.0
APP0004683,CUST010643,2026-07-16 11:55:27,13892.07,518,1,1,0,0,0.0
APP0004684,CUST003230,2025-11-27 16:49:44,6693.16,637,0,0,0,0,0.0
APP0004685,CUST004277,2025-04-15 14:01:33,4060.37,633,1,1,1,1,3916.53
APP0004686,CUST010151,2025-06-20 11:29:08,6128.18,681,0,0,0,0,0.0
APP0004687,CUST002885,2025-08-09 02:15:04,4404.42,745,1,1,1,0,4012.31
APP0004688,CUST000195,2026-07-30 14:51:10,16486.67,703,1,1,1,1,14593.86
APP0004689,CUST008828,2025-06-11 15:58:22,4365.57,707,1,1,1,1,4065.44
APP0004690,CUST002126,2025-02-15 01:09:48,25456.98,639,1,1,1,1,19501.42
APP0004691,CUST001757,2025-09-01 08:45:56,4458.67,629,1,1,1,1,4080.89
APP0004692,CUST011195,2025-08-01 08:44:49,3579.47,797,1,1,1,1,3501.97
APP0004693,CUST006013,2026-06-12 04:22:46,1676.02,607,1,1,1,0,1419.31
APP0004694,CUST010100,2025-10-29 16:47:00,2154.08,573,1,1,1,1,1961.12
APP0004695,CUST010900,2025-04-12 13:18:15,8931.62,553,1,1,1,1,7109.56
APP0004696,CUST009773,2025-12-18 20:49:29,1299.33,697,1,1,1,1,1080.42
APP0004697,CUST010983,2026-07-05 00:48:56,13146.99,567,1,1,1,1,11413.11
APP0004698,CUST010848,2026-05-22 02:21:52,6406.54,475,1,1,0,0,0.0
APP0004699,CUST001973,2025-12-29 05:42:15,1110.78,649,1,1,1,1,967.11
APP0004700,CUST000145,2026-02-13 02:08:20,1985.81,618,1,1,1,1,1639.38
APP0004701,CUST000693,2025-10-21 13:56:49,6700.72,631,1,1,1,1,5475.74
APP0004702,CUST000650,2025-04-29 17:59:38,8899.71,619,1,1,1,1,7597.63
APP0004703,CUST002657,2025-04-28 21:57:59,4638.21,398,1,1,0,0,0.0
APP0004704,CUST010460,2025-03-15 22:37:21,9843.23,423,0,0,0,0,0.0
APP0004705,CUST001692,2025-08-25 04:12:56,8336.66,659,1,0,0,0,0.0
APP0004706,CUST007191,2026-05-11 07:45:26,3953.92,591,1,1,0,0,0.0
APP0004707,CUST010691,2025-01-20 00:55:11,15625.97,471,1,1,1,1,14097.6
APP0004708,CUST000497,2026-07-26 17:51:37,8934.67,489,1,1,0,0,0.0
APP0004709,CUST003323,2026-06-17 07:59:31,8222.2,673,1,1,0,0,0.0
APP0004710,CUST006216,2026-07-27 06:58:35,2531.47,614,0,0,0,0,0.0
APP0004711,CUST002336,2026-08-07 17:41:55,8752.06,569,1,1,1,1,8493.98
APP0004712,CUST001944,2026-07-14 17:49:48,3560.45,559,0,0,0,0,0.0
APP0004713,CUST000099,2025-05-23 03:53:46,3838.07,490,1,1,0,0,0.0
APP0004714,CUST008711,2026-07-28 03:08:01,4415.29,588,1,1,1,1,3764.89
APP0004715,CUST001071,2025-12-19 08:16:39,4043.76,623,1,1,0,0,0.0
APP0004716,CUST007450,2025-09-26 19:36:35,12687.94,729,1,1,1,0,11725.63
APP0004717,CUST001613,2025-06-09 05:41:01,7407.26,627,1,1,1,1,7235.33
APP0004718,CUST004061,2025-12-30 23:13:40,7826.64,603,1,1,0,0,0.0
APP0004719,CUST009523,2025-03-13 01:38:35,7888.7,623,0,0,0,0,0.0
APP0004720,CUST009904,2025-11-24 13:45:37,6914.2,679,1,0,0,0,0.0
APP0004721,CUST001433,2025-08-24 18:44:52,16408.96,711,1,1,1,1,12455.16
APP0004722,CUST011798,2026-03-22 19:32:25,3054.61,662,1,1,1,0,2533.18
APP0004723,CUST008856,2026-06-29 18:55:53,20539.82,751,1,1,0,0,0.0
APP0004724,CUST000222,2026-05-11 11:42:02,12300.92,611,1,1,0,0,0.0
APP0004725,CUST009362,2025-10-30 00:35:06,4034.72,541,0,0,0,0,0.0
APP0004726,CUST011372,2025-09-10 19:48:17,10507.74,584,1,1,1,1,8983.31
APP0004727,CUST002680,2025-12-14 09:42:42,1623.6,552,0,0,0,0,0.0
APP0004728,CUST011030,2025-03-03 03:21:07,7390.31,689,1,1,0,0,0.0
APP0004729,CUST005170,2025-06-30 06:08:56,4133.55,725,1,0,0,0,0.0
APP0004730,CUST006682,2026-01-23 06:33:01,2690.86,603,0,0,0,0,0.0
APP0004731,CUST006270,2025-12-08 13:58:29,11592.92,675,1,1,1,1,9086.98
APP0004732,CUST007701,2025-07-27 04:37:49,2198.17,716,1,1,0,0,0.0
APP0004733,CUST003705,2025-11-09 01:08:22,3562.24,564,1,1,1,0,3474.11
APP0004734,CUST002083,2026-05-13 12:41:28,2268.9,641,1,0,0,0,0.0
APP0004735,CUST006711,2025-01-23 12:48:26,8413.85,612,1,1,1,1,6512.74
APP0004736,CUST000917,2026-06-27 10:14:49,7094.92,703,1,1,0,0,0.0
APP0004737,CUST011973,2026-01-05 22:16:58,6709.63,721,1,1,1,0,5291.31
APP0004738,CUST010762,2026-01-14 05:11:22,6932.57,590,1,1,0,0,0.0
APP0004739,CUST003413,2026-07-06 19:03:23,9102.26,579,1,1,0,0,0.0
APP0004740,CUST000899,2025-06-04 06:08:43,5560.65,622,1,1,1,1,4809.34
APP0004741,CUST000504,2026-03-11 18:11:10,3540.28,629,0,0,0,0,0.0
APP0004742,CUST003516,2025-07-23 10:21:18,3709.13,658,1,1,0,0,0.0
APP0004743,CUST002668,2025-07-20 07:52:04,6595.8,581,0,0,0,0,0.0
APP0004744,CUST007805,2025-06-15 09:26:12,2265.82,611,1,1,0,0,0.0
APP0004745,CUST005272,2025-07-30 12:25:07,11685.04,502,1,1,0,0,0.0
APP0004746,CUST008177,2025-02-22 09:09:19,3740.9,621,1,1,0,0,0.0
APP0004747,CUST003461,2025-04-17 04:10:28,4156.63,489,1,1,1,1,3610.45
APP0004748,CUST009884,2025-12-06 22:22:07,7270.4,534,1,1,0,0,0.0
APP0004749,CUST008661,2025-01-15 01:16:53,33014.46,629,1,1,1,1,29650.24
APP0004750,CUST004216,2025-04-25 12:10:43,9553.88,590,1,1,0,0,0.0
APP0004751,CUST011915,2025-05-02 07:44:51,5314.23,450,1,1,0,0,0.0
APP0004752,CUST008794,2025-05-25 06:03:38,21568.69,482,1,1,0,0,0.0
APP0004753,CUST000854,2026-03-05 19:26:24,2798.52,683,1,1,1,0,2762.33
APP0004754,CUST011862,2025-11-16 20:18:06,19035.85,573,1,1,1,1,15260.06
APP0004755,CUST007868,2026-07-15 07:11:09,11170.15,640,1,1,1,1,8566.4
APP0004756,CUST010968,2025-03-02 07:56:58,12119.85,548,0,0,0,0,0.0
APP0004757,CUST010017,2025-03-27 03:36:39,12675.24,668,1,1,1,1,10809.61
APP0004758,CUST006257,2025-08-23 13:05:20,4907.39,596,1,1,0,0,0.0
APP0004759,CUST006646,2025-09-14 04:28:10,7454.21,686,1,1,1,1,6818.27
APP0004760,CUST004596,2025-04-08 07:29:52,1705.33,561,1,1,0,0,0.0
APP0004761,CUST010429,2025-09-13 23:36:50,7301.32,692,1,1,1,1,6416.43
APP0004762,CUST001334,2025-07-20 04:44:28,6796.9,539,1,1,0,0,0.0
APP0004763,CUST009853,2025-08-09 18:51:53,4586.34,659,1,1,0,0,0.0
APP0004764,CUST007330,2025-10-24 00:02:06,9910.14,668,1,0,0,0,0.0
APP0004765,CUST011069,2026-04-13 16:15:07,11210.12,656,1,0,0,0,0.0
APP0004766,CUST003271,2026-05-06 18:40:07,7361.57,551,1,1,1,1,5768.79
APP0004767,CUST008960,2025-06-22 19:09:07,10743.94,494,1,1,0,0,0.0
APP0004768,CUST003404,2025-05-25 01:49:34,6462.83,622,1,1,1,0,5849.4
APP0004769,CUST002006,2025-03-30 18:41:03,6590.7,440,0,0,0,0,0.0
APP0004770,CUST000869,2025-06-22 02:08:37,10592.38,472,1,1,1,1,9413.73
APP0004771,CUST005550,2025-06-24 22:04:31,5379.21,668,1,0,0,0,0.0
APP0004772,CUST001675,2025-11-30 09:59:55,5667.65,638,1,1,1,1,5499.8
APP0004773,CUST002577,2025-10-24 12:26:21,9630.27,629,1,1,0,0,0.0
APP0004774,CUST005919,2026-07-01 20:37:58,4245.8,507,1,1,1,1,3952.19
APP0004775,CUST001750,2026-05-28 11:29:06,4721.18,595,1,1,1,1,4077.19
APP0004776,CUST011706,2026-02-20 04:57:50,1160.95,614,1,0,0,0,0.0
APP0004777,CUST009801,2025-04-13 09:08:08,4759.91,659,1,1,0,0,0.0
APP0004778,CUST001394,2026-07-01 07:51:02,4917.28,576,1,1,0,0,0.0
APP0004779,CUST010258,2025-12-04 03:17:38,4484.21,653,0,0,0,0,0.0
APP0004780,CUST000719,2026-01-14 11:44:56,4733.82,551,1,1,0,0,0.0
APP0004781,CUST007530,2026-07-04 23:02:45,5518.27,582,1,1,0,0,0.0
APP0004782,CUST001739,2025-09-10 05:55:07,8308.4,615,0,0,0,0,0.0
APP0004783,CUST001256,2025-11-28 12:42:32,3728.72,580,1,1,1,1,3701.71
APP0004784,CUST006127,2026-01-29 11:49:35,6279.24,537,0,0,0,0,0.0
APP0004785,CUST004435,2026-01-02 06:34:08,2385.39,623,1,1,1,1,1881.38
APP0004786,CUST007373,2026-05-14 18:37:49,9403.33,591,0,0,0,0,0.0
APP0004787,CUST005534,2025-01-30 14:57:26,8855.62,634,1,1,1,1,7884.47
APP0004788,CUST008661,2025-03-04 01:55:10,4694.23,637,1,1,1,1,4524.09
APP0004789,CUST004550,2026-04-27 05:56:50,9760.48,581,1,1,1,1,9077.25
APP0004790,CUST011208,2025-10-03 02:30:26,13925.48,627,0,0,0,0,0.0
APP0004791,CUST001107,2025-11-01 20:48:43,5617.45,607,1,1,0,0,0.0
APP0004792,CUST007967,2025-02-01 05:47:18,5915.89,590,1,1,1,1,4498.92
APP0004793,CUST003779,2025-01-22 05:25:10,2621.33,686,1,1,1,1,2303.72
APP0004794,CUST009386,2025-10-28 15:24:38,2917.42,539,0,0,0,0,0.0
APP0004795,CUST008737,2025-12-31 07:07:18,4246.96,546,1,1,1,0,4020.44
APP0004796,CUST003872,2025-04-22 15:27:35,9956.26,681,1,1,0,0,0.0
APP0004797,CUST011152,2025-08-27 20:32:03,2547.53,675,1,1,1,1,2293.95
APP0004798,CUST004389,2025-07-26 04:01:15,6271.95,627,0,0,0,0,0.0
APP0004799,CUST004389,2026-05-20 17:55:41,11405.96,593,0,0,0,0,0.0
APP0004800,CUST006619,2025-07-22 03:09:38,9024.53,515,0,0,0,0,0.0
APP0004801,CUST002436,2026-05-14 00:52:24,3932.46,645,1,0,0,0,0.0
APP0004802,CUST000066,2025-01-13 08:26:47,23873.45,729,1,1,1,1,18254.98
APP0004803,CUST000560,2026-06-20 14:40:46,4481.83,570,1,1,1,1,3809.54
APP0004804,CUST002658,2025-05-18 03:26:46,3682.1,611,0,0,0,0,0.0
APP0004805,CUST005024,2026-05-06 05:14:57,2972.44,643,1,1,0,0,0.0
APP0004806,CUST000387,2026-03-21 08:50:37,9382.05,542,1,1,0,0,0.0
APP0004807,CUST008201,2025-09-02 11:14:47,8602.33,597,1,1,0,0,0.0
APP0004808,CUST002346,2025-01-26 05:09:01,6569.24,541,0,0,0,0,0.0
APP0004809,CUST005287,2026-06-18 01:05:03,6356.64,618,1,0,0,0,0.0
APP0004810,CUST002689,2025-06-15 22:47:32,6990.11,693,1,1,0,0,0.0
APP0004811,CUST001368,2025-06-14 06:25:43,6279.16,625,1,1,1,1,5114.09
APP0004812,CUST005377,2025-04-21 01:50:20,16029.69,595,1,1,0,0,0.0
APP0004813,CUST008827,2026-05-12 15:44:35,7743.06,637,1,1,1,1,6865.15
APP0004814,CUST003428,2026-01-12 02:42:36,2096.87,523,0,0,0,0,0.0
APP0004815,CUST004601,2026-04-08 11:37:40,3755.24,711,1,1,1,1,3010.09
APP0004816,CUST001785,2025-03-10 17:29:01,13380.04,691,0,0,0,0,0.0
APP0004817,CUST004592,2026-05-08 18:39:34,5112.48,617,0,0,0,0,0.0
APP0004818,CUST009441,2026-05-16 23:34:14,12942.4,644,1,1,1,1,10243.43
APP0004819,CUST011241,2025-08-08 00:12:39,2939.73,642,1,1,0,0,0.0
APP0004820,CUST006402,2026-03-04 11:57:07,19300.42,608,1,1,1,1,14899.79
APP0004821,CUST008302,2025-08-24 16:37:02,1550.51,631,1,1,0,0,0.0
APP0004822,CUST005966,2025-10-19 13:48:17,4923.16,532,1,1,1,1,4598.87
APP0004823,CUST003617,2025-07-01 06:53:11,10956.11,597,0,0,0,0,0.0
APP0004824,CUST000207,2025-09-14 11:34:35,1697.78,603,1,1,1,1,1558.9
APP0004825,CUST004187,2025-09-13 23:31:30,14724.85,632,1,1,1,1,12894.04
APP0004826,CUST009202,2026-02-12 17:11:57,4618.22,591,1,1,1,1,4109.49
APP0004827,CUST011872,2025-08-19 05:23:41,6136.27,591,1,1,0,0,0.0
APP0004828,CUST002130,2025-01-02 22:35:13,10599.23,536,1,1,0,0,0.0
APP0004829,CUST003805,2026-05-13 01:42:01,5978.26,698,1,1,1,1,4830.01
APP0004830,CUST004852,2025-07-13 20:49:37,14164.21,680,1,1,1,1,13021.47
APP0004831,CUST003273,2025-11-04 06:59:12,10651.05,609,0,0,0,0,0.0
APP0004832,CUST003027,2026-08-27 19:24:15,6902.45,669,1,1,0,0,0.0
APP0004833,CUST006799,2025-05-22 13:58:08,2130.28,643,0,0,0,0,0.0
APP0004834,CUST010815,2025-09-29 07:26:17,2190.07,639,0,0,0,0,0.0
APP0004835,CUST006053,2025-04-19 12:24:42,3902.03,739,1,0,0,0,0.0
APP0004836,CUST008217,2026-03-26 18:11:01,3687.31,439,0,0,0,0,0.0
APP0004837,CUST007689,2026-07-14 23:03:19,6370.51,656,1,1,1,1,5683.23
APP0004838,CUST008206,2025-06-30 00:50:56,2425.2,538,1,1,1,1,2208.26
APP0004839,CUST009113,2026-04-21 21:56:17,10089.74,566,1,1,1,1,8447.93
APP0004840,CUST006853,2026-07-06 06:54:31,10873.76,619,1,1,0,0,0.0
APP0004841,CUST002057,2025-04-05 15:55:25,15551.54,545,1,1,0,0,0.0
APP0004842,CUST000735,2025-12-10 11:23:18,3533.67,581,1,1,0,0,0.0
APP0004843,CUST005826,2025-12-19 11:10:13,21764.25,408,1,1,0,0,0.0
APP0004844,CUST008633,2025-03-08 23:19:23,5038.0,676,0,0,0,0,0.0
APP0004845,CUST010809,2025-07-07 17:24:55,4402.11,673,1,1,0,0,0.0
APP0004846,CUST003686,2026-05-17 11:03:05,7431.92,544,1,1,1,1,6496.29
APP0004847,CUST002457,2025-10-11 20:40:05,4015.3,596,1,1,1,1,3943.06
APP0004848,CUST008553,2025-10-22 20:14:49,5583.39,692,1,1,1,0,4390.12
APP0004849,CUST008771,2026-03-20 15:45:33,5482.27,631,1,1,1,0,5299.96
APP0004850,CUST000297,2025-06-06 07:26:23,8286.39,734,1,1,1,1,7765.81
APP0004851,CUST009692,2025-11-24 07:32:16,4329.84,716,1,1,1,1,3882.19
APP0004852,CUST004761,2025-06-11 19:36:40,5591.06,475,0,0,0,0,0.0
APP0004853,CUST010904,2026-07-26 02:32:02,4189.84,627,1,1,1,1,3821.81
APP0004854,CUST000568,2025-09-18 21:02:37,2113.9,547,1,1,1,1,1719.37
APP0004855,CUST008866,2025-02-15 22:22:13,4617.97,676,1,1,1,1,3919.74
APP0004856,CUST006195,2026-07-28 15:32:53,5505.18,627,1,1,1,1,5432.94
APP0004857,CUST004781,2025-02-19 03:53:45,13614.35,526,1,1,0,0,0.0
APP0004858,CUST009430,2025-09-18 13:15:27,7585.09,616,1,1,1,1,5849.03
APP0004859,CUST006839,2025-05-31 14:15:59,4819.35,455,0,0,0,0,0.0
APP0004860,CUST004765,2025-02-21 14:46:39,7604.77,588,1,1,1,1,6826.94
APP0004861,CUST011489,2026-06-27 01:13:05,10250.28,554,0,0,0,0,0.0
APP0004862,CUST001780,2026-07-12 15:00:59,6588.91,593,1,1,0,0,0.0
APP0004863,CUST006235,2026-05-27 23:09:17,2755.72,621,1,1,0,0,0.0
APP0004864,CUST011488,2026-05-17 17:47:22,2778.75,583,1,0,0,0,0.0
APP0004865,CUST006179,2025-04-14 15:45:49,1807.91,534,1,1,1,1,1415.28
APP0004866,CUST002787,2026-08-07 21:47:18,7490.61,507,1,1,0,0,0.0
APP0004867,CUST006808,2025-05-10 18:51:05,4449.59,599,1,0,0,0,0.0
APP0004868,CUST005525,2025-08-10 05:56:45,9972.83,683,1,1,1,0,9925.76
APP0004869,CUST011706,2025-03-12 15:55:55,7859.13,559,0,0,0,0,0.0
APP0004870,CUST001643,2025-03-13 23:45:02,4556.06,535,1,0,0,0,0.0
APP0004871,CUST007848,2025-03-30 22:21:59,7981.08,716,1,1,1,1,6652.7
APP0004872,CUST010586,2026-08-12 03:22:15,9073.29,535,1,1,1,1,7229.35
APP0004873,CUST001057,2026-07-31 16:15:41,5954.61,584,1,1,0,0,0.0
APP0004874,CUST001654,2025-09-10 05:00:01,5847.02,689,1,1,1,1,5097.3
APP0004875,CUST012000,2025-05-19 13:46:26,21755.04,648,1,1,1,1,18400.84
APP0004876,CUST002054,2025-01-19 07:05:01,5837.71,472,0,0,0,0,0.0
APP0004877,CUST001789,2025-05-24 22:01:12,3306.31,704,1,1,1,1,2535.29
APP0004878,CUST003880,2025-03-14 11:23:44,4810.16,657,1,1,0,0,0.0
APP0004879,CUST008268,2025-04-17 01:47:30,6051.36,706,1,0,0,0,0.0
APP0004880,CUST010717,2026-05-05 05:41:18,11532.62,665,1,1,0,0,0.0
APP0004881,CUST005622,2025-07-11 13:49:00,14194.2,755,1,1,1,1,12135.65
APP0004882,CUST011572,2025-04-05 15:25:15,2504.7,586,1,1,1,1,1943.18
APP0004883,CUST009978,2026-05-31 14:06:25,2429.29,569,0,0,0,0,0.0
APP0004884,CUST008060,2025-10-14 22:03:22,12803.69,620,1,1,1,1,12613.18
APP0004885,CUST011824,2026-01-11 11:21:13,10316.75,478,1,1,1,1,8061.63
APP0004886,CUST003411,2025-11-29 00:47:51,4235.44,575,1,1,0,0,0.0
APP0004887,CUST011419,2025-06-27 11:22:56,9864.83,711,1,1,0,0,0.0
APP0004888,CUST004318,2026-05-08 14:18:28,3216.44,575,1,1,0,0,0.0
APP0004889,CUST004446,2026-06-25 16:43:37,7671.52,564,1,1,1,1,7309.72
APP0004890,CUST006608,2025-11-25 19:43:41,6133.11,674,0,0,0,0,0.0
APP0004891,CUST004741,2025-09-05 10:02:15,9063.86,606,1,1,0,0,0.0
APP0004892,CUST009381,2025-05-13 03:11:57,3551.64,559,1,1,0,0,0.0
APP0004893,CUST003817,2025-11-10 14:49:35,5438.63,587,1,1,0,0,0.0
APP0004894,CUST006132,2025-04-07 20:26:40,4940.63,711,1,1,1,1,4158.2
APP0004895,CUST010551,2025-07-08 18:03:33,6067.46,693,1,0,0,0,0.0
APP0004896,CUST005860,2025-01-08 05:51:32,13171.64,603,1,1,1,1,12768.34
APP0004897,CUST004646,2025-08-31 12:55:10,7862.87,543,0,0,0,0,0.0
APP0004898,CUST004478,2025-12-06 14:18:34,1966.78,592,1,1,1,1,1750.45
APP0004899,CUST005467,2026-03-23 23:56:13,6734.87,587,1,1,1,0,5188.68
APP0004900,CUST000183,2026-02-27 02:15:40,4086.53,654,1,1,1,1,3831.47
APP0004901,CUST011873,2025-09-18 09:15:59,10101.47,604,1,1,0,0,0.0
APP0004902,CUST007602,2026-06-16 09:38:39,11263.39,562,1,1,1,1,10818.92
APP0004903,CUST001901,2025-09-24 03:47:36,2827.42,659,1,1,1,1,2289.99
APP0004904,CUST004725,2025-05-14 07:01:35,6274.52,673,1,1,1,1,5042.28
APP0004905,CUST003256,2025-02-15 07:19:28,24340.36,679,1,1,1,1,22474.65
APP0004906,CUST008596,2026-04-03 04:58:04,2530.1,534,0,0,0,0,0.0
APP0004907,CUST011643,2026-06-21 13:25:17,4331.49,499,0,0,0,0,0.0
APP0004908,CUST009891,2025-11-26 05:54:16,4874.59,623,1,1,1,1,3939.45
APP0004909,CUST002860,2026-04-27 20:33:41,6235.4,578,1,1,1,1,6217.59
APP0004910,CUST011898,2025-11-13 05:43:10,2594.39,621,1,1,0,0,0.0
APP0004911,CUST009150,2025-01-02 07:14:21,8248.29,547,1,1,0,0,0.0
APP0004912,CUST005038,2026-02-10 23:36:42,3318.26,667,1,1,1,1,2789.66
APP0004913,CUST005137,2025-09-05 07:30:11,10896.57,746,1,1,0,0,0.0
APP0004914,CUST008894,2026-05-25 01:54:50,2299.76,586,0,0,0,0,0.0
APP0004915,CUST008453,2026-06-27 12:39:22,9551.22,588,1,1,0,0,0.0
APP0004916,CUST007530,2026-08-30 16:04:54,2706.45,676,1,1,0,0,0.0
APP0004917,CUST003101,2025-07-17 21:13:05,7009.7,479,1,0,0,0,0.0
APP0004918,CUST000098,2025-10-30 02:29:56,15705.11,506,1,1,0,0,0.0
APP0004919,CUST004806,2026-06-21 05:45:50,7106.43,565,0,0,0,0,0.0
APP0004920,CUST009802,2025-11-02 21:12:05,2443.95,552,1,0,0,0,0.0
APP0004921,CUST001499,2026-02-02 12:18:40,1165.97,714,1,1,1,0,1041.28
APP0004922,CUST010721,2025-11-07 11:02:40,3778.28,613,1,1,1,1,2875.22
APP0004923,CUST005299,2025-05-12 10:02:31,8525.07,485,0,0,0,0,0.0
APP0004924,CUST009145,2025-09-21 20:14:19,9743.58,712,0,0,0,0,0.0
APP0004925,CUST004756,2026-08-06 11:56:48,4780.36,753,1,1,1,1,3887.98
APP0004926,CUST002813,2026-06-13 01:40:02,2580.48,623,1,1,0,0,0.0
APP0004927,CUST001411,2025-05-14 14:04:28,8642.59,561,1,1,0,0,0.0
APP0004928,CUST010592,2026-07-10 05:44:29,9388.81,514,1,1,1,1,8754.37
APP0004929,CUST003432,2025-07-16 03:19:48,3456.25,524,1,1,0,0,0.0
APP0004930,CUST004881,2025-04-01 07:25:21,3626.05,724,1,1,1,1,3060.5
APP0004931,CUST007351,2025-02-15 12:53:05,4216.71,513,1,1,1,1,3304.38
APP0004932,CUST004204,2025-03-31 23:57:24,6009.02,576,1,1,0,0,0.0
APP0004933,CUST005082,2026-07-07 10:35:08,14943.99,519,1,1,0,0,0.0
APP0004934,CUST011554,2025-12-04 07:26:37,2730.63,530,1,1,1,1,2082.43
APP0004935,CUST002537,2025-01-25 11:55:59,4258.0,582,1,1,0,0,0.0
APP0004936,CUST011949,2025-02-15 14:34:01,5203.84,503,1,1,0,0,0.0
APP0004937,CUST010018,2025-09-04 22:11:29,4935.02,691,1,1,0,0,0.0
APP0004938,CUST000630,2026-06-13 06:00:56,1903.42,620,1,1,1,1,1565.99
APP0004939,CUST005701,2026-04-22 10:25:25,22618.05,637,1,1,1,1,20390.61
APP0004940,CUST007970,2025-11-19 03:00:45,3391.3,658,1,1,0,0,0.0
APP0004941,CUST004263,2025-03-21 19:46:58,12614.2,529,0,0,0,0,0.0
APP0004942,CUST006881,2026-06-10 16:17:46,4901.69,666,1,1,1,1,3815.43
APP0004943,CUST009437,2025-11-18 14:33:22,4503.02,548,0,0,0,0,0.0
APP0004944,CUST008998,2026-07-15 14:21:02,5902.26,499,1,1,0,0,0.0
APP0004945,CUST005763,2026-01-27 01:26:53,9937.55,598,1,1,1,0,8180.97
APP0004946,CUST008260,2026-07-28 04:45:23,3306.81,694,1,1,0,0,0.0
APP0004947,CUST001946,2025-12-03 06:02:27,11461.19,525,1,1,1,1,10388.13
APP0004948,CUST002799,2026-08-13 00:30:45,2406.49,515,1,1,0,0,0.0
APP0004949,CUST008534,2025-03-10 23:47:15,1123.0,732,1,1,1,1,1063.68
APP0004950,CUST003647,2025-09-12 07:47:12,11027.9,548,1,1,1,0,8348.42
APP0004951,CUST005551,2025-06-28 23:10:40,2332.73,669,1,1,0,0,0.0
APP0004952,CUST010292,2025-04-10 12:11:36,18115.69,732,1,1,1,0,14887.31
APP0004953,CUST007773,2025-02-18 15:39:53,3351.93,531,0,0,0,0,0.0
APP0004954,CUST005291,2025-03-24 05:37:16,1855.19,678,1,1,0,0,0.0
APP0004955,CUST003607,2025-08-26 05:14:56,5107.39,800,1,1,1,1,4073.3
APP0004956,CUST000513,2026-06-12 06:52:28,2318.09,604,0,0,0,0,0.0
APP0004957,CUST005282,2025-05-07 17:42:13,28158.5,747,1,1,1,1,23328.56
APP0004958,CUST007531,2026-06-17 18:15:18,19291.98,637,0,0,0,0,0.0
APP0004959,CUST008662,2025-02-24 07:42:44,10983.82,633,1,1,0,0,0.0
APP0004960,CUST004753,2025-07-03 00:43:09,9324.35,740,1,1,1,1,8999.52
APP0004961,CUST008200,2025-03-21 02:02:08,2110.05,535,0,0,0,0,0.0
APP0004962,CUST003175,2025-09-19 16:41:27,12208.96,670,1,1,1,1,10367.9
APP0004963,CUST004261,2025-03-10 00:15:53,5430.43,680,1,1,1,1,4814.83
APP0004964,CUST007508,2025-04-29 00:43:49,8542.49,561,1,1,0,0,0.0
APP0004965,CUST006232,2025-07-02 10:46:15,2972.57,701,1,0,0,0,0.0
APP0004966,CUST008276,2025-02-22 05:18:22,12749.6,502,1,1,0,0,0.0
APP0004967,CUST011254,2026-08-27 05:35:50,2017.42,478,1,1,0,0,0.0
APP0004968,CUST004051,2026-02-10 19:37:24,12604.78,612,1,1,0,0,0.0
APP0004969,CUST000362,2025-08-06 16:59:32,2027.45,477,1,1,1,0,1639.97
APP0004970,CUST011145,2025-05-04 13:02:34,5543.56,659,1,0,0,0,0.0
APP0004971,CUST011210,2025-03-07 06:53:34,2106.13,528,1,1,1,1,1849.1
APP0004972,CUST007644,2026-07-23 08:44:49,8072.5,693,1,1,0,0,0.0
APP0004973,CUST000099,2026-05-03 14:04:13,12130.21,435,0,0,0,0,0.0
APP0004974,CUST006420,2026-07-23 07:13:42,1821.94,627,1,1,1,1,1621.13
APP0004975,CUST008330,2025-09-07 14:40:26,1895.59,586,1,1,0,0,0.0
APP0004976,CUST011256,2025-06-10 00:02:09,7998.05,601,1,1,1,1,7537.93
APP0004977,CUST005096,2025-05-30 05:17:55,7325.48,645,1,0,0,0,0.0
APP0004978,CUST001783,2026-06-05 17:34:07,2430.85,672,1,1,1,1,1909.26
APP0004979,CUST005296,2025-05-05 10:24:31,9305.31,599,1,1,1,1,9047.27
APP0004980,CUST010637,2025-08-15 01:23:07,4201.74,619,0,0,0,0,0.0
APP0004981,CUST008915,2025-12-11 11:38:23,3277.07,568,1,1,1,1,2832.26
APP0004982,CUST001289,2026-05-24 22:38:56,1750.53,568,1,1,0,0,0.0
APP0004983,CUST010724,2026-01-14 22:51:28,4290.59,669,1,0,0,0,0.0
APP0004984,CUST000768,2026-01-03 16:47:51,2955.07,517,1,1,1,0,2309.08
APP0004985,CUST007077,2026-05-04 11:52:02,1997.24,610,0,0,0,0,0.0
APP0004986,CUST004779,2026-06-28 20:29:00,4027.93,686,1,1,1,1,3992.53
APP0004987,CUST003854,2025-11-26 12:47:51,3812.98,566,0,0,0,0,0.0
APP0004988,CUST010235,2026-02-12 01:18:02,6693.95,724,1,1,1,1,6135.59
APP0004989,CUST009958,2025-05-27 18:14:01,13187.06,577,1,1,1,1,12715.18
APP0004990,CUST008839,2025-10-18 07:08:23,4294.35,634,1,1,1,1,4224.88
APP0004991,CUST008482,2025-04-07 15:41:28,10169.88,547,1,1,1,1,7940.87
APP0004992,CUST003042,2025-05-12 14:08:59,4352.73,561,1,1,0,0,0.0
APP0004993,CUST000109,2026-08-08 02:32:42,1264.21,523,1,1,1,1,1030.56
APP0004994,CUST009926,2025-02-24 05:01:19,3994.12,504,0,0,0,0,0.0
APP0004995,CUST011769,2025-08-12 10:11:58,18957.3,629,1,1,0,0,0.0
APP0004996,CUST000447,2026-04-21 01:24:26,5728.1,681,1,0,0,0,0.0
APP0004997,CUST007634,2026-01-10 02:55:44,6434.55,716,1,1,1,0,6284.62
APP0004998,CUST004347,2026-01-14 01:52:22,9211.39,553,0,0,0,0,0.0
APP0004999,CUST001069,2025-05-03 17:25:00,16164.39,685,1,1,1,1,12978.5
APP0005000,CUST008418,2026-02-27 03:35:30,3709.63,502,1,0,0,0,0.0
APP0005001,CUST005360,2026-08-26 17:08:29,6296.2,737,1,1,0,0,0.0
APP0005002,CUST007842,2026-05-21 09:16:01,4137.56,544,0,0,0,0,0.0
APP0005003,CUST010851,2026-05-23 02:19:07,8815.22,630,1,1,0,0,0.0
APP0005004,CUST001090,2025-05-25 04:17:49,3405.93,578,0,0,0,0,0.0
APP0005005,CUST008069,2025-01-11 15:45:02,3473.3,639,1,1,1,0,3401.45
APP0005006,CUST003916,2026-05-24 00:12:13,3782.92,620,1,1,1,1,2840.72
APP0005007,CUST004297,2026-01-14 06:44:55,16629.64,557,1,1,1,1,13488.53
APP0005008,CUST010281,2026-08-23 01:47:26,3643.12,706,1,1,1,1,2847.78
APP0005009,CUST006808,2025-03-07 02:17:08,3394.87,567,1,1,0,0,0.0
APP0005010,CUST000689,2026-04-12 07:21:57,33402.41,758,1,1,1,0,25105.79
APP0005011,CUST003943,2026-08-28 15:23:04,9726.6,654,1,1,0,0,0.0
APP0005012,CUST008340,2025-05-19 05:37:26,5048.53,535,0,0,0,0,0.0
APP0005013,CUST006115,2025-12-17 18:28:41,3512.92,611,1,1,1,1,2809.91
APP0005014,CUST009691,2025-04-23 23:52:11,3276.4,583,1,1,0,0,0.0
APP0005015,CUST010923,2025-04-03 20:47:34,5031.96,565,1,1,0,0,0.0
APP0005016,CUST003472,2025-04-11 09:12:36,4961.02,478,0,0,0,0,0.0
APP0005017,CUST011966,2025-02-02 10:15:25,3159.39,693,0,0,0,0,0.0
APP0005018,CUST008625,2025-12-25 22:18:18,9048.18,547,1,0,0,0,0.0
APP0005019,CUST000039,2026-03-02 08:33:21,6237.76,654,1,1,1,0,5261.68
APP0005020,CUST008278,2026-02-13 10:42:29,8503.06,608,1,1,1,1,6791.45
APP0005021,CUST008370,2025-05-16 21:03:15,6499.22,596,1,1,0,0,0.0
APP0005022,CUST010854,2025-11-25 08:55:41,15164.06,385,0,0,0,0,0.0
APP0005023,CUST004085,2026-07-22 20:48:05,4368.7,703,1,1,0,0,0.0
APP0005024,CUST001130,2025-08-15 23:52:55,9048.11,667,1,1,1,1,7799.23
APP0005025,CUST002141,2025-06-20 02:46:08,4863.44,708,1,1,1,1,3714.72
APP0005026,CUST011179,2025-06-12 06:09:42,4195.1,682,1,1,0,0,0.0
APP0005027,CUST001257,2025-07-09 01:11:03,1652.44,634,0,0,0,0,0.0
APP0005028,CUST006481,2026-03-10 15:54:21,3942.05,553,1,1,1,0,3445.52
APP0005029,CUST003649,2026-04-29 05:09:11,13030.75,668,0,0,0,0,0.0
APP0005030,CUST006972,2026-07-27 11:32:25,17944.46,512,1,1,0,0,0.0
APP0005031,CUST008703,2025-10-03 11:09:15,14183.79,666,1,1,1,1,11340.96
APP0005032,CUST000160,2026-03-27 03:05:50,3546.35,637,1,1,1,1,3260.99
APP0005033,CUST007468,2025-11-27 17:09:17,10009.7,556,1,1,1,1,9109.5
APP0005034,CUST011390,2026-05-03 14:55:16,5736.79,683,1,0,0,0,0.0
APP0005035,CUST000510,2026-02-15 06:57:37,4625.01,496,1,1,0,0,0.0
APP0005036,CUST002669,2025-11-24 17:07:00,5242.57,695,1,0,0,0,0.0
APP0005037,CUST000817,2025-03-09 03:45:20,2507.47,533,1,1,0,0,0.0
APP0005038,CUST005374,2026-04-17 02:21:05,7603.89,636,1,0,0,0,0.0
APP0005039,CUST010212,2025-09-20 11:57:16,13609.28,636,1,1,1,1,11137.99
APP0005040,CUST011845,2026-07-08 13:11:47,3927.66,665,1,1,0,0,0.0
APP0005041,CUST010924,2025-04-22 06:14:19,11950.9,800,1,1,1,1,9180.66
APP0005042,CUST009271,2026-04-21 12:00:10,12622.98,615,1,1,1,1,9704.69
APP0005043,CUST011869,2025-06-06 05:21:54,6975.1,606,1,1,0,0,0.0
APP0005044,CUST004344,2025-06-02 12:16:07,6380.9,535,1,1,1,0,4870.96
APP0005045,CUST001851,2026-05-02 17:12:51,7488.17,505,1,1,1,1,5931.01
APP0005046,CUST000165,2026-01-25 12:22:49,9149.79,614,1,1,1,1,7428.64
APP0005047,CUST005438,2025-09-08 20:58:37,5550.39,637,1,1,1,1,5142.72
APP0005048,CUST005621,2025-01-03 18:18:57,2795.98,615,1,1,0,0,0.0
APP0005049,CUST001721,2025-07-11 16:02:09,14754.39,668,1,1,1,0,12685.64
APP0005050,CUST004721,2026-06-27 07:14:19,11423.5,648,1,1,1,1,10641.64
APP0005051,CUST010181,2026-01-19 06:06:52,1000.0,726,1,1,1,1,755.35
APP0005052,CUST002197,2025-02-27 15:30:35,10357.37,536,1,1,0,0,0.0
APP0005053,CUST001037,2025-10-27 09:40:01,1768.97,727,1,1,1,0,1520.55
APP0005054,CUST009118,2026-02-19 23:07:00,7221.49,591,0,0,0,0,0.0
APP0005055,CUST008667,2025-05-10 23:43:09,6032.18,620,1,1,1,1,4928.01
APP0005056,CUST009684,2025-11-26 17:55:53,3275.03,678,1,1,1,0,2820.7
APP0005057,CUST002826,2025-12-07 19:09:29,25676.76,611,0,0,0,0,0.0
APP0005058,CUST000266,2026-07-18 15:14:13,8544.36,671,1,1,1,1,8500.1
APP0005059,CUST010208,2025-11-26 03:21:53,6239.07,646,1,1,0,0,0.0
APP0005060,CUST000391,2025-10-30 11:15:28,5682.46,641,1,1,0,0,0.0
APP0005061,CUST007089,2025-05-29 23:39:03,12502.7,549,1,1,0,0,0.0
APP0005062,CUST001091,2025-07-08 15:52:20,9270.82,590,1,1,0,0,0.0
APP0005063,CUST007954,2026-04-20 13:14:22,6833.72,610,1,1,1,1,5327.49
APP0005064,CUST000061,2026-08-26 03:39:59,21059.29,643,0,0,0,0,0.0
APP0005065,CUST005872,2026-03-01 00:52:25,2826.44,704,1,1,1,1,2505.6
APP0005066,CUST009106,2026-05-16 18:01:34,9992.19,641,1,0,0,0,0.0
APP0005067,CUST002093,2025-02-11 07:25:14,12485.61,607,1,1,1,1,11951.62
APP0005068,CUST007449,2025-06-28 07:15:35,7172.13,597,0,0,0,0,0.0
APP0005069,CUST011561,2026-01-03 11:09:37,8938.36,673,1,1,1,1,7918.67
APP0005070,CUST011059,2025-04-18 08:34:28,13806.3,567,1,1,1,1,13561.77
APP0005071,CUST006195,2025-06-23 16:14:46,10426.4,625,1,1,1,1,10212.29
APP0005072,CUST009629,2026-06-14 06:33:33,7351.91,642,1,1,1,1,6381.28
APP0005073,CUST003840,2026-07-27 05:09:19,2996.1,624,0,0,0,0,0.0
APP0005074,CUST008055,2026-01-09 23:55:54,8353.34,689,1,1,1,1,8297.14
APP0005075,CUST000331,2025-04-11 07:12:22,4920.46,563,1,1,0,0,0.0
APP0005076,CUST001908,2025-05-26 05:58:33,14022.96,482,0,0,0,0,0.0
APP0005077,CUST005627,2026-06-07 04:48:35,9529.93,565,1,1,1,1,7201.65
APP0005078,CUST011312,2025-08-09 02:24:16,9651.23,639,1,1,1,1,8148.22
APP0005079,CUST007438,2026-07-14 22:52:54,5966.49,648,1,1,1,0,4871.15
APP0005080,CUST001605,2025-01-15 21:50:15,6439.35,686,1,1,1,1,4898.14
APP0005081,CUST004902,2026-05-01 00:35:52,4401.82,545,1,1,1,1,4155.37
APP0005082,CUST000921,2025-06-20 19:59:56,2812.18,687,1,1,0,0,0.0
APP0005083,CUST006884,2026-01-28 19:15:55,5881.5,633,1,1,0,0,0.0
APP0005084,CUST004021,2026-01-03 08:27:31,42021.72,526,1,1,1,1,33678.93
APP0005085,CUST008600,2026-05-16 01:39:40,8893.28,560,0,0,0,0,0.0
APP0005086,CUST000914,2026-06-09 14:41:47,7129.21,759,1,1,1,0,6641.01
APP0005087,CUST011296,2025-10-05 19:23:38,8520.85,736,1,1,1,1,8361.04
APP0005088,CUST006613,2025-02-03 19:45:27,6078.34,479,1,1,0,0,0.0
APP0005089,CUST007185,2026-05-26 17:54:39,4893.08,696,1,1,0,0,0.0
APP0005090,CUST010665,2026-07-09 11:39:58,3116.52,662,1,1,0,0,0.0
APP0005091,CUST004732,2026-01-08 23:26:23,3708.63,733,1,1,0,0,0.0
APP0005092,CUST008583,2025-09-03 15:31:44,2138.92,566,1,1,1,1,1650.9
APP0005093,CUST009347,2025-12-20 23:00:33,3641.22,553,1,1,0,0,0.0
APP0005094,CUST010452,2025-06-10 22:10:56,11435.2,575,1,1,0,0,0.0
APP0005095,CUST003893,2026-07-20 03:43:55,4116.67,569,1,1,1,1,3408.84
APP0005096,CUST003778,2025-05-04 12:51:40,14859.79,575,1,1,1,1,11574.92
APP0005097,CUST007149,2026-05-10 01:30:34,9041.95,745,1,1,1,1,6886.97
APP0005098,CUST000992,2025-06-29 14:27:56,11004.51,576,1,1,0,0,0.0
APP0005099,CUST003448,2025-03-06 06:55:39,16529.07,662,1,1,1,1,15416.67
APP0005100,CUST005645,2026-02-28 01:31:02,4626.3,544,1,1,1,1,4117.97
APP0005101,CUST009652,2025-05-24 13:39:46,1198.7,675,1,0,0,0,0.0
APP0005102,CUST006903,2025-10-08 21:50:59,8637.98,475,1,1,0,0,0.0
APP0005103,CUST008171,2025-09-13 21:39:56,5519.71,628,0,0,0,0,0.0
APP0005104,CUST001562,2025-12-25 12:29:28,4743.58,585,1,1,1,1,4136.96
APP0005105,CUST002983,2026-02-03 15:02:06,2139.78,649,1,1,1,1,1664.31
APP0005106,CUST008122,2026-07-29 09:58:59,8297.32,567,0,0,0,0,0.0
APP0005107,CUST010151,2026-07-18 14:18:42,2594.79,659,1,1,1,1,2159.4
APP0005108,CUST009883,2025-01-10 09:24:00,12889.99,573,1,1,0,0,0.0
APP0005109,CUST005079,2026-02-21 12:12:34,24296.64,555,1,1,0,0,0.0
APP0005110,CUST006112,2026-08-24 05:32:02,31366.48,717,1,1,0,0,0.0
APP0005111,CUST007767,2025-08-14 03:32:43,3617.5,642,1,1,0,0,0.0
APP0005112,CUST001426,2025-07-14 04:37:04,4144.88,541,1,1,0,0,0.0
APP0005113,CUST002883,2026-04-30 07:36:06,8491.92,668,1,1,1,1,6967.9
APP0005114,CUST000571,2025-07-04 09:56:52,5885.84,605,1,1,1,1,4703.49
APP0005115,CUST000030,2026-03-11 13:46:52,3198.69,572,0,0,0,0,0.0
APP0005116,CUST010506,2025-12-19 12:11:39,3970.79,543,1,1,0,0,0.0
APP0005117,CUST004850,2025-11-16 05:25:21,4852.37,566,0,0,0,0,0.0
APP0005118,CUST010620,2025-05-10 02:47:15,2589.47,609,1,1,1,1,2556.74
APP0005119,CUST008891,2026-03-29 12:17:25,4133.2,592,1,1,1,1,3324.57
APP0005120,CUST002825,2025-09-20 23:41:14,2700.04,530,0,0,0,0,0.0
APP0005121,CUST001624,2026-03-14 00:28:27,1000.0,578,1,1,1,1,761.83
APP0005122,CUST001553,2026-01-15 22:47:37,9740.26,678,1,1,0,0,0.0
APP0005123,CUST005421,2025-01-06 10:42:32,9464.16,651,0,0,0,0,0.0
APP0005124,CUST008386,2025-06-09 14:51:03,9608.81,667,1,1,1,1,7709.27
APP0005125,CUST008523,2026-05-01 17:22:57,22568.86,489,1,1,0,0,0.0
APP0005126,CUST006287,2025-04-12 05:53:58,15259.1,619,1,1,0,0,0.0
APP0005127,CUST000791,2025-06-24 23:42:36,6810.55,609,1,1,0,0,0.0
APP0005128,CUST001822,2025-07-22 21:57:46,9193.03,800,1,1,1,1,7359.06
APP0005129,CUST003222,2025-01-14 11:58:11,4841.22,631,1,1,1,1,4362.3
APP0005130,CUST004784,2025-08-16 00:39:30,18740.49,571,1,1,0,0,0.0
APP0005131,CUST005425,2026-07-09 20:40:20,3980.99,680,1,1,0,0,0.0
APP0005132,CUST006950,2025-04-19 03:16:21,24895.32,771,1,1,1,1,20580.88
APP0005133,CUST004421,2026-06-30 09:07:26,1464.99,700,0,0,0,0,0.0
APP0005134,CUST002220,2026-05-24 17:58:37,3314.11,624,0,0,0,0,0.0
APP0005135,CUST002115,2025-05-22 00:28:30,8029.1,649,0,0,0,0,0.0
APP0005136,CUST008244,2025-02-20 18:57:10,2487.71,534,0,0,0,0,0.0
APP0005137,CUST007023,2026-01-22 01:19:53,14303.7,620,1,1,1,1,11653.83
APP0005138,CUST004690,2026-04-13 06:25:44,6398.39,528,1,1,0,0,0.0
APP0005139,CUST011124,2026-02-03 00:32:31,11414.7,585,1,1,1,0,10100.16
APP0005140,CUST011141,2025-11-26 21:34:45,8808.34,565,1,1,1,0,6897.52
APP0005141,CUST001552,2026-03-26 23:44:24,6655.14,607,1,1,1,1,6365.8
APP0005142,CUST007555,2025-05-21 19:44:07,7058.94,620,1,1,1,1,6737.1
APP0005143,CUST009248,2025-08-03 20:03:28,3303.5,565,0,0,0,0,0.0
APP0005144,CUST010443,2026-05-13 23:24:36,11760.49,657,1,1,0,0,0.0
APP0005145,CUST008821,2026-04-21 03:10:33,3153.65,655,1,1,1,1,2540.72
APP0005146,CUST007850,2025-02-06 14:29:47,3879.12,696,1,1,1,0,3775.82
APP0005147,CUST002042,2025-11-19 10:39:26,24239.86,629,1,1,1,1,21931.3
APP0005148,CUST004497,2025-02-11 22:45:37,7574.29,670,1,1,1,1,6922.76
APP0005149,CUST010331,2025-05-15 22:19:16,6522.07,761,0,0,0,0,0.0
APP0005150,CUST009480,2026-08-02 00:55:04,5722.43,639,0,0,0,0,0.0
APP0005151,CUST006528,2026-03-28 12:00:37,9747.91,800,1,1,0,0,0.0
APP0005152,CUST002584,2026-08-30 22:53:00,3675.97,569,1,1,0,0,0.0
APP0005153,CUST001785,2025-12-21 11:30:43,9574.08,617,1,1,0,0,0.0
APP0005154,CUST009087,2026-05-27 23:17:10,2984.69,800,1,1,0,0,0.0
APP0005155,CUST010097,2025-01-13 14:00:07,2956.87,603,1,0,0,0,0.0
APP0005156,CUST009169,2026-08-29 18:04:47,8645.95,467,1,1,0,0,0.0
APP0005157,CUST011849,2025-06-10 03:30:44,9415.01,575,0,0,0,0,0.0
APP0005158,CUST007370,2025-07-12 12:54:18,4081.69,629,1,0,0,0,0.0
APP0005159,CUST009394,2025-05-24 19:55:27,19761.72,690,1,1,0,0,0.0
APP0005160,CUST009289,2025-11-16 04:40:28,8275.82,569,1,1,0,0,0.0
APP0005161,CUST004553,2025-12-18 07:45:53,6135.42,630,1,1,0,0,0.0
APP0005162,CUST005066,2026-05-17 18:26:35,4377.7,557,1,1,0,0,0.0
APP0005163,CUST003481,2025-04-24 09:24:58,8857.38,646,1,1,1,1,8447.84
APP0005164,CUST008953,2026-01-30 18:37:47,11241.72,609,0,0,0,0,0.0
APP0005165,CUST000290,2026-05-23 08:05:54,7808.09,658,1,1,1,0,6605.8
APP0005166,CUST010469,2025-08-03 04:39:23,35800.87,597,1,0,0,0,0.0
APP0005167,CUST000645,2026-05-15 01:12:56,9875.36,645,0,0,0,0,0.0
APP0005168,CUST010655,2026-06-05 23:27:55,16917.79,562,1,1,0,0,0.0
APP0005169,CUST004647,2026-04-13 20:41:04,4018.76,780,1,1,1,1,3537.45
APP0005170,CUST005213,2025-01-16 04:47:28,3918.84,592,0,0,0,0,0.0
APP0005171,CUST002414,2025-07-31 14:04:17,20755.75,584,1,1,0,0,0.0
APP0005172,CUST008396,2025-02-03 21:40:00,3542.77,518,1,1,0,0,0.0
APP0005173,CUST001897,2025-05-11 01:02:49,17200.07,656,1,1,1,1,15340.13
APP0005174,CUST008698,2026-03-24 22:28:12,11539.92,623,1,1,1,1,10382.63
APP0005175,CUST004551,2025-12-31 11:19:36,2399.46,624,1,1,1,1,1850.16
APP0005176,CUST008128,2026-04-24 14:47:11,4558.8,529,1,1,0,0,0.0
APP0005177,CUST010041,2025-01-18 08:54:18,7176.97,626,1,1,0,0,0.0
APP0005178,CUST004926,2026-04-25 09:24:09,11210.73,641,1,1,1,1,8902.51
APP0005179,CUST000069,2026-06-27 07:58:15,12653.28,616,1,1,1,1,9747.75
APP0005180,CUST004752,2025-12-29 06:28:36,7371.93,644,1,1,1,1,7015.15
APP0005181,CUST004284,2025-04-20 18:44:49,3275.69,573,1,1,1,0,3096.44
APP0005182,CUST000102,2026-03-05 08:47:22,5672.19,617,0,0,0,0,0.0
APP0005183,CUST002575,2025-10-24 17:26:06,8845.5,725,1,1,1,1,6727.26
APP0005184,CUST008436,2026-01-23 19:47:22,2755.8,543,0,0,0,0,0.0
APP0005185,CUST002927,2025-05-11 10:29:56,20557.71,710,1,1,1,0,18913.14
APP0005186,CUST010177,2025-04-04 22:41:29,2997.29,516,1,1,0,0,0.0
APP0005187,CUST006606,2026-04-26 01:24:44,6792.72,577,1,1,1,1,5420.78
APP0005188,CUST011347,2025-08-07 15:08:01,12388.34,684,1,1,1,0,10284.31
APP0005189,CUST005626,2025-02-17 15:33:16,9577.99,678,1,1,1,0,8378.79
APP0005190,CUST005489,2026-07-05 08:16:41,28119.71,497,0,0,0,0,0.0
APP0005191,CUST003896,2026-02-28 07:33:10,1552.21,599,1,1,0,0,0.0
APP0005192,CUST006364,2026-08-24 19:12:51,8204.37,614,1,1,1,1,7032.81
APP0005193,CUST011820,2026-06-23 09:36:33,5479.35,659,1,1,0,0,0.0
APP0005194,CUST001203,2025-09-26 13:34:40,7150.58,641,1,1,0,0,0.0
APP0005195,CUST003286,2025-10-08 21:14:51,1706.61,705,1,1,1,0,1385.89
APP0005196,CUST010535,2026-07-19 06:40:36,7132.0,703,1,1,0,0,0.0
APP0005197,CUST002390,2025-08-04 15:39:52,2858.8,658,1,1,1,1,2173.67
APP0005198,CUST011609,2025-05-05 15:44:28,8985.77,692,1,0,0,0,0.0
APP0005199,CUST001758,2025-03-10 18:46:11,6223.72,603,1,0,0,0,0.0
APP0005200,CUST000077,2026-04-11 21:55:04,7652.82,664,1,1,1,1,7125.78
APP0005201,CUST003863,2025-02-07 22:57:50,9723.79,672,1,1,0,0,0.0
APP0005202,CUST006859,2026-07-14 21:45:14,7755.89,470,1,1,0,0,0.0
APP0005203,CUST002990,2026-05-16 07:21:13,2930.1,689,1,1,1,1,2462.64
APP0005204,CUST009175,2025-10-17 12:31:39,6037.42,612,0,0,0,0,0.0
APP0005205,CUST006746,2026-01-01 03:20:57,5365.78,617,1,1,1,1,4273.71
APP0005206,CUST002932,2025-02-26 18:08:04,9864.17,691,1,1,0,0,0.0
APP0005207,CUST010580,2025-05-04 22:32:48,7705.04,516,1,1,0,0,0.0
APP0005208,CUST001239,2025-07-14 11:13:14,4202.83,627,1,1,0,0,0.0
APP0005209,CUST002430,2026-04-07 03:45:10,5804.5,585,1,1,0,0,0.0
APP0005210,CUST005648,2026-07-04 17:44:45,2245.39,713,1,1,1,1,1776.75
APP0005211,CUST011915,2026-06-26 13:38:57,5312.1,640,0,0,0,0,0.0
APP0005212,CUST002676,2025-08-14 12:05:15,7627.83,560,1,1,0,0,0.0
APP0005213,CUST003798,2025-03-31 16:00:25,7074.68,729,1,1,0,0,0.0
APP0005214,CUST000797,2025-09-10 08:13:59,4762.11,546,0,0,0,0,0.0
APP0005215,CUST006885,2025-12-21 01:49:42,4597.77,730,1,1,1,1,4088.03
APP0005216,CUST009853,2026-07-09 09:18:07,2518.59,649,1,1,0,0,0.0
APP0005217,CUST005204,2025-09-25 11:37:38,3276.33,520,1,1,0,0,0.0
APP0005218,CUST002149,2026-06-04 10:59:43,3562.47,549,1,1,0,0,0.0
APP0005219,CUST000969,2025-05-21 02:12:59,3904.57,690,1,1,1,1,3776.55
APP0005220,CUST010619,2025-06-09 15:08:19,4055.45,753,0,0,0,0,0.0
APP0005221,CUST011093,2025-11-17 11:37:35,5251.8,709,1,1,1,0,4694.58
APP0005222,CUST002522,2025-06-18 01:14:13,5431.37,663,1,1,1,1,4983.26
APP0005223,CUST005697,2025-08-29 09:59:45,2245.39,541,1,1,1,1,1918.14
APP0005224,CUST002184,2026-04-12 20:13:46,19365.46,697,1,1,1,1,18771.07
APP0005225,CUST003609,2026-05-05 04:56:48,4273.21,619,1,1,1,1,3870.38
APP0005226,CUST010957,2025-02-22 05:20:42,5590.32,741,1,0,0,0,0.0
APP0005227,CUST001300,2026-05-31 13:32:29,1718.58,679,1,1,1,1,1582.89
APP0005228,CUST011100,2025-02-02 07:26:41,3644.88,543,1,1,1,1,3590.86
APP0005229,CUST001019,2025-11-29 07:25:11,1367.27,524,1,1,0,0,0.0
APP0005230,CUST010153,2026-08-24 07:51:29,5989.63,567,0,0,0,0,0.0
APP0005231,CUST001760,2025-03-14 03:02:01,12910.96,591,0,0,0,0,0.0
APP0005232,CUST007110,2026-08-10 05:23:40,5229.22,653,1,0,0,0,0.0
APP0005233,CUST008989,2026-08-08 23:09:18,25527.45,590,1,1,1,1,19769.66
APP0005234,CUST003371,2025-12-28 02:19:32,12667.39,544,0,0,0,0,0.0
APP0005235,CUST006232,2026-03-03 05:37:05,3298.39,594,1,0,0,0,0.0
APP0005236,CUST000482,2025-08-15 07:44:16,2762.67,636,1,1,0,0,0.0
APP0005237,CUST000876,2025-01-09 07:03:01,8288.53,570,1,1,0,0,0.0
APP0005238,CUST002911,2025-11-01 15:08:42,6233.65,689,1,1,1,1,5302.85
APP0005239,CUST002373,2025-03-18 08:27:32,12622.56,774,1,1,1,1,10437.63
APP0005240,CUST003477,2026-07-24 22:47:27,11686.84,632,1,1,1,1,11587.07
APP0005241,CUST010796,2025-07-10 03:41:15,9905.02,621,0,0,0,0,0.0
APP0005242,CUST004235,2025-05-14 04:01:29,8823.49,568,1,1,1,0,8510.99
APP0005243,CUST010084,2025-05-11 06:21:18,4138.78,653,1,1,1,1,3224.71
APP0005244,CUST001703,2025-11-23 20:19:40,2206.63,653,1,1,1,1,2015.87
APP0005245,CUST010909,2025-10-21 05:29:32,12684.82,639,1,1,1,1,11798.45
APP0005246,CUST004905,2026-06-30 03:25:42,17125.39,636,1,1,1,1,16728.83
APP0005247,CUST007585,2025-05-25 14:15:35,2934.45,600,0,0,0,0,0.0
APP0005248,CUST009499,2025-03-04 16:41:07,4410.01,800,1,1,1,1,3828.75
APP0005249,CUST005742,2026-02-18 01:37:47,5434.2,549,0,0,0,0,0.0
APP0005250,CUST008150,2025-04-15 07:55:54,4442.55,629,0,0,0,0,0.0
APP0005251,CUST009606,2025-03-23 13:10:41,4226.57,605,1,1,1,1,3764.69
APP0005252,CUST010479,2025-01-06 09:48:53,5846.8,547,1,1,1,1,4904.93
APP0005253,CUST006756,2026-05-08 15:30:34,13289.36,686,1,1,1,1,10032.24
APP0005254,CUST006467,2025-11-13 14:45:32,6916.66,788,1,1,1,1,6065.19
APP0005255,CUST007522,2026-05-14 00:51:41,9518.5,721,1,1,0,0,0.0
APP0005256,CUST008316,2025-10-10 14:14:03,4941.26,646,1,1,1,1,3912.42
APP0005257,CUST006717,2025-05-06 11:28:12,4347.97,490,1,1,1,1,4106.56
APP0005258,CUST000316,2026-01-25 15:37:03,2125.14,658,1,1,1,1,1801.8
APP0005259,CUST005488,2026-02-15 19:37:54,5638.0,710,1,1,1,0,4436.56
APP0005260,CUST011154,2025-09-27 11:50:55,3838.65,498,1,0,0,0,0.0
APP0005261,CUST005493,2026-07-30 01:30:17,5140.63,734,1,1,0,0,0.0
APP0005262,CUST010388,2026-01-11 23:03:32,6021.09,602,0,0,0,0,0.0
APP0005263,CUST004365,2026-08-23 22:56:42,10787.44,675,1,0,0,0,0.0
APP0005264,CUST005193,2026-02-23 09:19:45,2965.59,567,1,0,0,0,0.0
APP0005265,CUST000859,2026-08-16 07:32:54,13274.3,620,1,1,0,0,0.0
APP0005266,CUST001245,2026-08-14 20:32:06,16902.68,606,0,0,0,0,0.0
APP0005267,CUST000112,2025-05-15 16:29:33,14151.46,607,1,1,1,1,10966.75
APP0005268,CUST006568,2025-02-24 14:15:58,15012.16,585,1,1,0,0,0.0
APP0005269,CUST002180,2025-02-08 06:08:02,5641.05,564,1,1,1,1,5302.18
APP0005270,CUST006955,2025-11-04 02:16:49,9437.65,704,1,1,1,1,7762.54
APP0005271,CUST007471,2026-08-01 17:50:51,6803.78,724,1,1,0,0,0.0
APP0005272,CUST002485,2025-11-08 01:27:53,6119.35,516,1,1,1,1,5489.9
APP0005273,CUST008108,2025-08-20 18:43:42,6199.82,598,0,0,0,0,0.0
APP0005274,CUST009356,2025-05-08 19:27:39,9063.14,747,1,1,1,1,8728.85
APP0005275,CUST005517,2025-09-08 19:40:04,7835.51,800,1,1,1,0,6605.86
APP0005276,CUST000515,2026-08-17 02:07:31,13659.68,724,1,1,1,1,10679.66
APP0005277,CUST010662,2026-06-11 22:33:04,13383.0,637,1,1,0,0,0.0
APP0005278,CUST009038,2026-02-16 04:08:37,5294.51,620,1,1,1,1,4906.23
APP0005279,CUST000758,2026-07-13 23:14:23,8475.65,706,1,1,1,1,7732.08
APP0005280,CUST006771,2025-12-01 01:32:29,7864.75,606,1,1,0,0,0.0
APP0005281,CUST009265,2025-07-30 21:22:43,3274.22,585,1,1,0,0,0.0
APP0005282,CUST004863,2026-04-26 08:27:02,7008.46,629,0,0,0,0,0.0
APP0005283,CUST003924,2025-08-23 23:09:42,9840.25,631,1,1,1,1,9151.47
APP0005284,CUST000746,2025-06-29 07:38:39,9936.68,646,1,0,0,0,0.0
APP0005285,CUST009221,2025-06-03 15:48:02,3076.18,640,1,1,1,1,2830.35
APP0005286,CUST001448,2026-05-17 13:46:03,7070.58,614,1,1,1,1,6103.59
APP0005287,CUST001567,2026-05-11 09:27:06,3472.17,676,1,1,0,0,0.0
APP0005288,CUST010060,2026-03-27 20:03:51,8174.18,699,1,1,0,0,0.0
APP0005289,CUST010556,2026-01-03 00:20:29,6273.87,471,1,1,0,0,0.0
APP0005290,CUST004824,2025-08-02 18:27:29,8007.53,651,1,1,0,0,0.0
APP0005291,CUST003945,2025-09-28 22:28:40,2804.13,539,0,0,0,0,0.0
APP0005292,CUST002380,2025-07-18 06:17:23,6002.36,602,1,1,0,0,0.0
APP0005293,CUST003588,2025-05-16 16:50:06,2338.96,696,1,1,1,0,2015.32
APP0005294,CUST003528,2025-11-07 01:16:45,13996.11,663,1,1,1,1,12186.7
APP0005295,CUST008384,2025-09-03 13:51:03,10353.87,585,1,1,0,0,0.0
APP0005296,CUST010178,2025-03-21 09:47:32,10428.36,581,1,0,0,0,0.0
APP0005297,CUST002603,2026-08-04 06:15:10,4586.01,764,1,1,1,1,4450.13
APP0005298,CUST001187,2025-06-28 12:48:31,4941.62,545,1,1,0,0,0.0
APP0005299,CUST002343,2025-03-02 15:59:04,9106.37,561,1,1,1,1,8592.72
APP0005300,CUST008162,2025-08-01 21:27:24,6144.65,599,1,1,1,1,5885.11
APP0005301,CUST002927,2025-08-04 06:30:32,9618.45,576,1,1,1,1,7551.26
APP0005302,CUST000650,2025-11-21 08:25:47,5005.96,543,1,1,1,1,4005.07
APP0005303,CUST000199,2026-02-24 17:07:34,10609.41,592,1,0,0,0,0.0
APP0005304,CUST006143,2025-06-25 11:17:53,5708.84,576,1,1,0,0,0.0
APP0005305,CUST005572,2025-07-17 11:30:00,9800.91,540,1,1,0,0,0.0
APP0005306,CUST007654,2026-08-22 03:05:16,1993.83,778,1,1,1,1,1539.12
APP0005307,CUST010280,2026-01-24 11:55:39,9861.12,682,1,1,1,1,7689.39
APP0005308,CUST010452,2025-07-23 17:31:23,2766.57,494,0,0,0,0,0.0
APP0005309,CUST006321,2025-08-16 19:31:35,5500.28,620,1,1,0,0,0.0
APP0005310,CUST011081,2025-01-19 22:20:09,3292.22,618,1,1,1,0,3201.75
APP0005311,CUST002852,2025-12-19 00:07:46,5928.6,700,1,1,0,0,0.0
APP0005312,CUST000412,2025-05-11 06:37:50,7690.51,420,1,1,0,0,0.0
APP0005313,CUST011172,2026-01-25 17:50:24,4195.11,620,1,1,1,0,3372.06
APP0005314,CUST011814,2025-07-25 13:13:17,6339.36,522,0,0,0,0,0.0
APP0005315,CUST003618,2026-01-29 22:58:24,5568.97,714,1,1,1,0,4795.26
APP0005316,CUST001586,2025-03-21 07:19:47,4013.44,615,1,1,1,1,3683.51
APP0005317,CUST007963,2026-08-19 03:21:47,9070.61,599,1,0,0,0,0.0
APP0005318,CUST010738,2025-04-01 21:43:23,6542.03,692,0,0,0,0,0.0
APP0005319,CUST004315,2025-04-20 12:46:40,12540.52,606,0,0,0,0,0.0
APP0005320,CUST002427,2025-02-17 15:56:52,11241.6,570,1,1,0,0,0.0
APP0005321,CUST003592,2025-11-19 15:12:51,15061.04,574,1,1,1,1,13371.14
APP0005322,CUST011985,2025-02-23 08:36:02,22595.92,655,1,1,0,0,0.0
APP0005323,CUST006426,2026-03-20 12:08:51,3241.87,652,1,0,0,0,0.0
APP0005324,CUST001118,2025-07-18 00:53:02,17715.98,671,1,1,1,0,17585.31
APP0005325,CUST003219,2025-12-05 16:16:13,3304.69,647,1,1,0,0,0.0
APP0005326,CUST009350,2025-08-12 21:58:48,4142.85,613,1,1,1,1,3853.38
APP0005327,CUST002307,2025-08-24 00:18:02,14635.18,653,0,0,0,0,0.0
APP0005328,CUST009069,2025-07-27 13:46:11,10452.85,682,1,1,0,0,0.0
APP0005329,CUST009078,2026-06-23 17:55:54,3435.71,564,1,1,0,0,0.0
APP0005330,CUST004490,2025-07-23 00:43:41,15138.74,439,0,0,0,0,0.0
APP0005331,CUST010276,2025-09-22 21:18:44,4986.69,582,0,0,0,0,0.0
APP0005332,CUST001065,2025-12-02 09:58:40,9877.67,734,0,0,0,0,0.0
APP0005333,CUST008360,2025-10-28 01:16:37,14276.87,690,1,1,1,1,13311.42
APP0005334,CUST002766,2025-10-02 06:26:42,6197.16,671,1,1,1,1,5747.51
APP0005335,CUST008789,2026-08-20 08:13:39,15607.34,628,1,1,0,0,0.0
APP0005336,CUST003922,2025-03-23 11:00:11,5741.21,650,1,1,0,0,0.0
APP0005337,CUST006271,2025-12-20 07:00:18,6975.46,583,1,1,0,0,0.0
APP0005338,CUST004663,2025-08-31 10:56:22,14604.0,577,1,1,1,0,12649.06
APP0005339,CUST006373,2025-05-07 09:43:29,3390.31,727,1,1,1,1,3362.66
APP0005340,CUST002034,2025-06-07 02:25:51,3952.58,595,1,1,1,1,3152.29
APP0005341,CUST007908,2025-05-30 23:02:57,6575.06,659,0,0,0,0,0.0
APP0005342,CUST000776,2025-07-09 17:14:00,17343.81,663,1,0,0,0,0.0
APP0005343,CUST008134,2025-05-07 04:55:45,8007.77,523,1,1,1,1,7010.19
APP0005344,CUST010048,2026-07-25 09:10:36,23500.39,638,1,0,0,0,0.0
APP0005345,CUST008442,2025-02-19 09:17:41,3151.77,587,1,1,1,1,2752.98
APP0005346,CUST010123,2025-09-20 08:04:46,6817.29,706,1,1,1,0,6524.48
APP0005347,CUST001806,2026-06-20 11:10:42,5216.09,503,1,1,0,0,0.0
APP0005348,CUST005054,2026-06-19 14:12:56,7480.78,496,1,1,0,0,0.0
APP0005349,CUST005776,2026-08-15 02:29:50,3439.78,705,1,1,1,1,3087.41
APP0005350,CUST008385,2025-02-11 07:53:03,4083.5,664,1,0,0,0,0.0
APP0005351,CUST008978,2026-06-04 14:19:43,3644.24,658,1,1,1,1,3279.04
APP0005352,CUST007361,2025-09-29 21:17:39,2174.97,704,1,1,1,0,1750.36
APP0005353,CUST010647,2025-07-12 16:16:06,10388.77,600,1,1,0,0,0.0
APP0005354,CUST001340,2025-06-17 18:37:13,7305.39,754,1,1,0,0,0.0
APP0005355,CUST001610,2025-10-29 03:18:29,1254.58,521,1,1,0,0,0.0
APP0005356,CUST012000,2025-01-03 10:02:28,5632.83,590,1,1,1,1,5407.81
APP0005357,CUST005883,2025-09-18 10:15:23,16826.43,651,1,1,0,0,0.0
APP0005358,CUST000387,2026-06-17 19:26:47,5964.9,535,1,1,0,0,0.0
APP0005359,CUST000037,2026-08-13 20:58:29,3873.68,643,1,1,1,0,3426.96
APP0005360,CUST001217,2025-07-13 18:01:31,8372.66,712,1,1,1,1,7478.29
APP0005361,CUST006264,2026-04-07 00:52:39,3290.18,665,1,0,0,0,0.0
APP0005362,CUST000036,2025-06-16 09:10:06,3375.01,661,1,1,1,0,3194.86
APP0005363,CUST011421,2026-04-16 02:37:13,4087.2,492,0,0,0,0,0.0
APP0005364,CUST002702,2026-01-26 20:26:36,4619.63,579,1,0,0,0,0.0
APP0005365,CUST007579,2025-03-15 14:51:11,3192.24,593,1,1,1,1,2541.24
APP0005366,CUST009865,2025-10-10 09:33:07,9246.06,619,1,1,1,1,7735.94
APP0005367,CUST002005,2026-02-06 08:20:48,3639.78,586,1,1,0,0,0.0
APP0005368,CUST003686,2026-02-05 19:14:52,12555.05,576,1,1,1,1,10370.69
APP0005369,CUST003478,2025-08-20 20:23:57,11565.59,572,1,1,0,0,0.0
APP0005370,CUST010205,2025-02-10 08:05:27,24027.92,650,1,1,0,0,0.0
APP0005371,CUST009200,2026-07-19 22:13:30,5523.77,682,1,1,1,1,4991.66
APP0005372,CUST005595,2025-04-18 10:39:48,6502.01,686,1,1,1,1,5318.25
APP0005373,CUST006953,2026-06-12 15:00:04,11423.77,728,1,1,1,1,9709.84
APP0005374,CUST011716,2026-04-29 00:06:56,6132.29,651,1,1,1,0,5594.81
APP0005375,CUST003949,2025-10-04 20:30:04,3842.29,538,0,0,0,0,0.0
APP0005376,CUST000777,2026-01-30 15:10:54,2802.63,657,1,1,1,1,2366.78
APP0005377,CUST002741,2026-03-04 04:39:24,6814.72,666,1,1,1,0,5798.94
APP0005378,CUST003398,2025-05-02 00:01:48,8848.9,618,1,1,1,0,6998.64
APP0005379,CUST007654,2026-01-27 21:46:14,8754.37,667,1,1,0,0,0.0
APP0005380,CUST005773,2025-02-12 06:06:18,7140.14,600,1,1,0,0,0.0
APP0005381,CUST003095,2025-03-13 22:55:21,7223.27,664,0,0,0,0,0.0
APP0005382,CUST000732,2025-03-01 12:18:04,4475.33,595,1,1,0,0,0.0
APP0005383,CUST010073,2025-12-12 23:53:13,5560.59,514,1,1,0,0,0.0
APP0005384,CUST004282,2025-06-04 22:32:53,7232.09,800,1,1,1,1,6871.03
APP0005385,CUST011751,2026-04-18 13:05:26,3222.89,613,0,0,0,0,0.0
APP0005386,CUST010008,2025-03-27 11:07:55,5431.52,679,1,1,0,0,0.0
APP0005387,CUST005132,2025-01-05 06:35:13,2689.53,745,1,1,1,1,2460.92
APP0005388,CUST009538,2025-06-18 07:23:02,7593.72,536,1,1,0,0,0.0
APP0005389,CUST011630,2025-04-14 07:08:29,6037.82,498,1,1,1,1,5650.98
APP0005390,CUST010853,2026-06-09 11:08:30,4070.01,514,1,1,1,1,3221.0
APP0005391,CUST006271,2026-03-12 18:48:01,5600.71,594,1,1,1,1,5120.0
APP0005392,CUST009904,2026-05-16 20:49:45,15005.8,706,1,1,1,1,11739.26
APP0005393,CUST002424,2026-06-13 14:04:00,3746.85,635,1,1,1,1,3334.79
APP0005394,CUST001618,2025-10-30 05:57:15,4556.51,491,1,1,0,0,0.0
APP0005395,CUST000233,2026-07-10 20:26:10,4048.47,683,1,1,0,0,0.0
APP0005396,CUST007614,2025-07-23 09:10:52,5909.76,536,0,0,0,0,0.0
APP0005397,CUST008581,2025-02-23 11:09:39,5615.76,494,0,0,0,0,0.0
APP0005398,CUST003471,2025-06-15 21:32:29,6791.22,737,1,1,1,1,6144.89
APP0005399,CUST006337,2026-03-02 17:04:35,5589.49,677,1,1,1,1,4735.27
APP0005400,CUST011119,2025-08-21 17:20:50,7978.01,723,1,1,1,1,7633.79
APP0005401,CUST005679,2025-10-01 13:27:28,3429.32,590,1,1,1,1,2897.49
APP0005402,CUST001750,2026-05-21 08:51:05,1955.88,520,1,1,1,1,1696.55
APP0005403,CUST011419,2025-08-13 23:34:41,3187.72,486,1,1,1,1,3168.38
APP0005404,CUST005677,2025-01-15 02:25:34,6110.0,701,1,1,1,1,4583.71
APP0005405,CUST007356,2025-04-06 05:26:56,6180.21,687,1,1,0,0,0.0
APP0005406,CUST006028,2025-10-02 20:39:06,4599.78,605,0,0,0,0,0.0
APP0005407,CUST000339,2025-12-09 18:24:44,5143.94,627,1,1,1,1,4288.57
APP0005408,CUST003828,2025-03-12 22:31:01,3868.61,658,0,0,0,0,0.0
APP0005409,CUST008452,2025-03-23 02:00:34,8089.43,567,1,1,1,1,7125.75
APP0005410,CUST000749,2026-07-03 05:34:25,5895.4,493,1,1,1,1,5337.54
APP0005411,CUST009294,2026-06-22 01:39:52,11341.93,638,1,1,1,1,8691.68
APP0005412,CUST005394,2026-03-24 17:51:55,3208.91,584,1,0,0,0,0.0
APP0005413,CUST004597,2026-02-17 19:27:18,2539.87,615,0,0,0,0,0.0
APP0005414,CUST002310,2025-06-17 16:38:54,6506.02,656,0,0,0,0,0.0
APP0005415,CUST005530,2026-07-02 04:13:51,4613.27,608,1,1,1,1,4022.4
APP0005416,CUST005095,2026-05-04 13:04:33,5547.57,633,1,1,1,1,5022.34
APP0005417,CUST009565,2026-03-07 20:41:21,2323.86,730,1,1,1,0,2319.0
APP0005418,CUST000088,2025-11-27 04:47:08,8061.47,649,1,1,1,1,7691.19
APP0005419,CUST010862,2025-11-12 09:17:56,4628.97,575,1,1,1,1,4370.46
APP0005420,CUST007024,2025-03-21 22:29:44,4251.39,525,1,1,0,0,0.0
APP0005421,CUST000335,2025-01-19 08:23:06,1828.94,687,1,1,0,0,0.0
APP0005422,CUST011500,2026-07-02 15:49:39,22926.27,660,1,1,0,0,0.0
APP0005423,CUST003212,2025-11-27 20:23:51,3094.48,592,1,1,0,0,0.0
APP0005424,CUST003929,2025-12-23 16:24:24,18250.34,525,1,1,0,0,0.0
APP0005425,CUST008469,2025-03-10 10:16:55,2055.09,551,1,1,1,1,1686.23
APP0005426,CUST007599,2026-01-13 16:10:07,14875.52,454,0,0,0,0,0.0
APP0005427,CUST008851,2025-03-26 19:40:55,5679.31,560,1,1,0,0,0.0
APP0005428,CUST001394,2025-10-17 16:15:49,3341.16,715,1,1,1,1,2618.74
APP0005429,CUST004722,2025-03-19 10:14:54,5691.57,631,1,1,1,0,4391.96
APP0005430,CUST000335,2026-03-11 03:54:55,5172.05,587,1,1,1,1,4837.23
APP0005431,CUST006911,2025-01-14 11:38:59,8868.77,613,0,0,0,0,0.0
APP0005432,CUST008141,2025-08-28 10:52:06,7847.4,641,1,1,1,1,6975.29
APP0005433,CUST000172,2025-08-20 11:05:21,6831.74,620,1,0,0,0,0.0
APP0005434,CUST002981,2025-10-22 05:05:54,2971.12,499,1,1,0,0,0.0
APP0005435,CUST010824,2026-01-10 06:31:32,9861.54,699,1,1,0,0,0.0
APP0005436,CUST002072,2025-09-16 23:16:44,3276.51,667,1,1,0,0,0.0
APP0005437,CUST000721,2026-04-20 16:13:26,5008.58,727,1,1,0,0,0.0
APP0005438,CUST008601,2025-09-07 18:35:03,12161.92,547,1,0,0,0,0.0
APP0005439,CUST005000,2026-02-11 19:38:09,15464.33,422,0,0,0,0,0.0
APP0005440,CUST011504,2025-04-12 02:05:59,3486.44,690,1,1,0,0,0.0
APP0005441,CUST010943,2025-08-27 07:42:51,9239.67,636,1,1,0,0,0.0
APP0005442,CUST011391,2025-12-31 02:00:54,4224.95,542,0,0,0,0,0.0
APP0005443,CUST007485,2025-09-26 03:59:43,18204.0,620,0,0,0,0,0.0
APP0005444,CUST005670,2025-09-19 08:58:54,10703.31,523,1,1,0,0,0.0
APP0005445,CUST005769,2026-07-01 09:56:13,3884.63,678,1,1,0,0,0.0
APP0005446,CUST008890,2026-04-12 10:02:09,4794.6,586,1,1,1,1,4792.84
APP0005447,CUST011061,2026-07-13 12:11:44,9131.64,678,0,0,0,0,0.0
APP0005448,CUST000945,2026-01-27 15:32:39,1000.0,519,1,1,0,0,0.0
APP0005449,CUST009443,2026-04-22 04:26:47,15394.93,744,1,1,1,1,13336.91
APP0005450,CUST000958,2025-11-30 23:31:33,9692.64,548,1,1,1,1,7907.3
APP0005451,CUST011808,2025-12-08 07:59:18,34925.86,561,0,0,0,0,0.0
APP0005452,CUST003744,2026-07-01 13:22:15,4391.3,585,1,1,1,1,3806.54
APP0005453,CUST007621,2026-04-21 18:46:45,8580.04,677,1,1,0,0,0.0
APP0005454,CUST002932,2026-08-25 13:48:10,6392.0,692,1,1,1,0,5895.8
APP0005455,CUST008284,2025-10-01 03:41:12,6986.47,633,1,1,1,0,6792.17
APP0005456,CUST009155,2026-04-04 23:36:57,9304.82,712,1,1,1,1,8072.77
APP0005457,CUST008733,2026-07-17 23:56:51,9797.49,666,1,1,0,0,0.0
APP0005458,CUST004444,2026-02-25 23:56:55,1564.24,515,1,1,0,0,0.0
APP0005459,CUST000727,2025-06-23 05:22:23,2521.19,568,1,1,0,0,0.0
APP0005460,CUST000185,2025-04-01 22:45:20,5075.93,550,1,1,1,1,3810.43
APP0005461,CUST004276,2025-12-26 23:46:00,4676.75,564,1,1,1,1,4051.18
APP0005462,CUST008667,2025-02-03 06:53:00,7653.82,618,1,1,0,0,0.0
APP0005463,CUST004174,2025-04-28 08:49:34,9303.12,611,1,1,0,0,0.0
APP0005464,CUST008091,2025-08-11 02:07:35,14226.59,602,1,1,1,0,12486.45
APP0005465,CUST001431,2025-10-25 20:36:39,13908.3,577,1,1,1,1,12116.74
APP0005466,CUST010147,2025-08-18 16:39:24,4958.15,678,1,1,1,1,4469.28
APP0005467,CUST006182,2025-04-08 06:12:17,11815.67,527,0,0,0,0,0.0
APP0005468,CUST008757,2025-10-01 12:24:36,2458.84,717,1,1,1,1,1870.74
APP0005469,CUST000073,2026-04-14 07:06:03,9347.58,582,1,1,0,0,0.0
APP0005470,CUST007666,2025-08-14 18:37:38,19325.25,620,1,1,0,0,0.0
APP0005471,CUST006457,2026-01-09 13:55:07,9947.45,657,1,1,0,0,0.0
APP0005472,CUST004931,2025-02-17 01:49:51,8492.48,628,0,0,0,0,0.0
APP0005473,CUST010042,2026-03-14 14:20:25,3073.44,679,1,1,0,0,0.0
APP0005474,CUST011832,2025-06-05 05:24:02,4485.9,563,1,0,0,0,0.0
APP0005475,CUST002560,2026-06-06 09:17:10,3429.17,641,1,1,1,1,3115.76
APP0005476,CUST005487,2026-02-25 13:25:04,8738.7,666,1,1,1,1,8175.28
APP0005477,CUST003831,2025-03-14 21:42:00,2928.53,623,1,1,1,1,2679.95
APP0005478,CUST002385,2025-09-20 11:33:42,2484.43,606,1,1,0,0,0.0
APP0005479,CUST007212,2025-11-29 00:17:08,13538.17,687,1,1,1,1,12198.18
APP0005480,CUST007706,2026-06-07 07:48:46,10379.78,589,1,1,1,1,9254.64
APP0005481,CUST004053,2025-01-26 08:50:12,8188.55,582,1,1,1,1,7021.21
APP0005482,CUST002538,2025-11-01 06:49:50,15167.28,513,1,0,0,0,0.0
APP0005483,CUST009472,2025-06-08 20:03:31,14549.78,747,1,1,0,0,0.0
APP0005484,CUST008208,2025-09-13 13:50:29,4014.6,676,0,0,0,0,0.0
APP0005485,CUST001696,2026-03-07 10:47:17,5472.46,570,1,1,1,0,5004.5
APP0005486,CUST008436,2026-08-25 16:47:45,2378.14,589,1,1,0,0,0.0
APP0005487,CUST001398,2025-05-18 11:08:03,8845.65,619,1,0,0,0,0.0
APP0005488,CUST009258,2026-07-31 23:27:24,5192.77,622,1,1,1,1,4074.31
APP0005489,CUST001121,2026-04-25 21:47:19,15980.75,639,1,1,1,1,14076.89
APP0005490,CUST001846,2025-08-07 03:41:29,4736.35,727,1,1,0,0,0.0
APP0005491,CUST010245,2025-06-21 00:52:20,5298.11,639,1,1,0,0,0.0
APP0005492,CUST000378,2025-09-18 05:42:10,12902.39,639,1,1,1,0,11229.06
APP0005493,CUST002576,2025-11-09 05:24:51,4001.78,528,1,1,1,1,3841.98
APP0005494,CUST000136,2026-01-30 14:56:28,10182.71,549,0,0,0,0,0.0
APP0005495,CUST008225,2025-06-01 18:49:51,3367.65,599,1,1,1,1,2986.36
APP0005496,CUST005401,2025-09-04 23:15:16,6373.05,611,1,1,1,1,5420.58
APP0005497,CUST009567,2025-12-04 05:05:45,22711.33,718,1,1,0,0,0.0
APP0005498,CUST010100,2026-08-16 09:59:24,8986.16,558,1,1,1,1,7983.64
APP0005499,CUST001926,2026-02-15 22:18:45,9268.66,683,1,1,1,1,8760.21
APP0005500,CUST000848,2026-08-21 14:51:50,6372.05,568,1,1,1,1,5743.87
APP0005501,CUST011854,2026-01-16 08:52:39,4968.2,639,1,1,0,0,0.0
APP0005502,CUST009749,2025-03-05 05:22:56,4703.58,617,1,1,0,0,0.0
APP0005503,CUST001315,2025-04-14 05:24:24,2949.37,666,1,1,1,1,2936.67
APP0005504,CUST006959,2025-06-05 04:16:47,12070.11,798,1,1,1,1,9472.44
APP0005505,CUST005198,2026-08-01 12:23:09,16796.22,496,1,1,1,1,14800.54
APP0005506,CUST008960,2025-10-08 15:10:36,5486.08,526,1,1,0,0,0.0
APP0005507,CUST002150,2025-10-30 10:29:18,2033.14,800,1,1,1,1,1664.14
APP0005508,CUST007441,2025-09-17 12:17:43,11011.51,597,1,1,0,0,0.0
APP0005509,CUST003459,2026-08-03 09:44:48,7040.01,498,0,0,0,0,0.0
APP0005510,CUST006200,2026-08-18 00:07:47,5977.25,692,1,1,1,1,5902.34
APP0005511,CUST002303,2025-12-26 21:43:35,4275.68,652,1,1,0,0,0.0
APP0005512,CUST011213,2025-08-16 07:38:26,7104.49,518,1,1,0,0,0.0
APP0005513,CUST002836,2026-01-01 16:52:24,7906.8,511,1,0,0,0,0.0
APP0005514,CUST001185,2026-06-06 17:32:23,19246.8,461,0,0,0,0,0.0
APP0005515,CUST007345,2025-11-09 09:46:58,2667.83,627,0,0,0,0,0.0
APP0005516,CUST006517,2026-01-02 16:12:24,1867.28,643,0,0,0,0,0.0
APP0005517,CUST010000,2025-08-13 09:21:47,5659.55,519,0,0,0,0,0.0
APP0005518,CUST000775,2025-11-12 15:46:02,8927.7,603,1,1,0,0,0.0
APP0005519,CUST011520,2025-04-28 06:50:04,10868.54,663,1,1,0,0,0.0
APP0005520,CUST002272,2026-08-27 14:53:17,16189.13,680,1,1,1,1,15487.33
APP0005521,CUST010182,2026-05-06 02:36:31,3520.44,639,0,0,0,0,0.0
APP0005522,CUST011636,2025-05-15 09:19:51,7284.79,615,1,1,1,1,5821.84
APP0005523,CUST004263,2025-02-27 14:04:40,3773.48,689,1,1,1,1,3104.63
APP0005524,CUST007121,2025-09-02 01:23:07,3946.17,633,1,1,0,0,0.0
APP0005525,CUST009390,2025-06-27 14:37:21,4601.7,723,1,1,1,1,3987.88
APP0005526,CUST003172,2025-10-04 04:00:37,15713.06,579,1,1,1,1,15522.59
APP0005527,CUST001155,2025-04-16 06:29:38,7538.32,684,1,1,1,1,6968.76
APP0005528,CUST004266,2025-09-22 01:58:09,8882.74,495,1,1,1,0,8582.54
APP0005529,CUST002332,2026-04-27 22:41:54,2576.31,715,1,1,1,1,2318.76
APP0005530,CUST009625,2026-02-18 19:16:35,4880.07,599,1,1,1,1,4334.38
APP0005531,CUST011358,2025-11-30 09:19:03,8732.52,694,1,1,0,0,0.0
APP0005532,CUST009876,2025-06-15 08:44:40,6713.19,668,1,1,1,1,6426.09
APP0005533,CUST008392,2026-03-04 01:02:29,4437.2,526,1,1,0,0,0.0
APP0005534,CUST008682,2026-03-18 08:37:20,12634.06,731,1,1,1,1,11517.88
APP0005535,CUST010503,2026-08-05 17:02:06,4331.53,593,1,0,0,0,0.0
APP0005536,CUST006253,2025-05-18 05:13:20,10603.86,641,1,1,0,0,0.0
APP0005537,CUST010876,2025-01-25 10:38:44,8337.08,571,0,0,0,0,0.0
APP0005538,CUST010735,2025-01-25 20:40:32,10837.1,580,0,0,0,0,0.0
APP0005539,CUST004695,2026-03-01 07:15:47,7032.72,658,1,1,1,1,6747.47
APP0005540,CUST007242,2025-08-17 21:10:25,38168.8,798,1,1,1,1,28819.23
APP0005541,CUST003342,2026-06-08 18:08:49,7322.27,657,1,1,1,1,6051.34
APP0005542,CUST003455,2026-06-28 15:06:02,5231.85,588,1,1,0,0,0.0
APP0005543,CUST000774,2025-01-14 03:33:30,1359.98,618,1,1,1,1,1103.23
APP0005544,CUST002291,2026-04-29 09:42:42,6812.45,616,1,1,1,0,5575.15
APP0005545,CUST006117,2025-04-15 06:50:45,6155.37,775,1,1,1,0,4773.14
APP0005546,CUST004710,2026-05-24 18:36:13,5037.67,613,1,1,0,0,0.0
APP0005547,CUST002943,2025-03-20 15:24:46,6299.87,702,1,1,1,1,4815.53
APP0005548,CUST004896,2025-10-25 07:29:17,3336.68,665,1,1,0,0,0.0
APP0005549,CUST010355,2026-03-11 00:47:21,13034.54,581,1,1,1,1,12295.8
APP0005550,CUST008063,2025-05-28 12:06:27,8945.65,492,1,0,0,0,0.0
APP0005551,CUST010007,2025-07-16 14:52:55,8637.62,596,1,1,0,0,0.0
APP0005552,CUST000679,2025-02-22 03:49:43,1830.44,653,1,1,1,1,1389.89
APP0005553,CUST000255,2025-10-05 13:12:09,2442.18,594,1,1,1,1,2248.61
APP0005554,CUST005828,2025-01-18 17:24:15,5005.56,677,1,1,0,0,0.0
APP0005555,CUST001833,2026-06-22 14:45:50,10209.28,657,1,1,1,1,9186.6
APP0005556,CUST004678,2025-09-20 12:04:09,5747.13,536,0,0,0,0,0.0
APP0005557,CUST001141,2026-03-17 02:44:07,4290.86,615,1,1,1,1,4248.65
APP0005558,CUST003108,2025-05-14 10:48:24,2657.34,499,0,0,0,0,0.0
APP0005559,CUST004737,2025-05-29 12:42:20,9776.53,687,1,1,1,0,8652.91
APP0005560,CUST009441,2025-04-30 18:13:42,7679.81,647,1,1,1,0,7105.84
APP0005561,CUST009612,2025-04-25 11:08:03,2629.03,491,1,1,1,1,2452.06
APP0005562,CUST003707,2025-10-09 04:07:35,5425.82,714,1,1,0,0,0.0
APP0005563,CUST006178,2026-04-17 12:26:22,4413.7,654,1,1,0,0,0.0
APP0005564,CUST007953,2025-07-10 13:26:37,3047.9,470,1,0,0,0,0.0
APP0005565,CUST007503,2026-04-29 21:27:14,2561.6,769,1,1,1,1,1981.84
APP0005566,CUST007357,2026-07-27 01:55:57,8481.09,580,0,0,0,0,0.0
APP0005567,CUST009399,2026-08-29 13:36:16,6500.61,697,1,1,1,0,6050.93
APP0005568,CUST011965,2026-08-27 19:25:43,5648.37,709,1,1,1,1,5508.51
APP0005569,CUST001392,2025-07-16 21:18:12,2722.36,668,1,1,0,0,0.0
APP0005570,CUST005618,2026-01-19 15:42:07,10416.58,687,1,1,1,1,7812.97
APP0005571,CUST002520,2025-10-05 01:42:06,11244.43,523,1,1,0,0,0.0
APP0005572,CUST007424,2026-08-07 19:49:27,10002.99,597,1,1,0,0,0.0
APP0005573,CUST008101,2025-06-23 21:28:41,2868.83,622,1,1,1,0,2583.41
APP0005574,CUST003613,2026-07-01 20:44:30,8534.8,413,1,1,0,0,0.0
APP0005575,CUST007735,2025-10-11 07:08:39,2722.03,642,1,1,0,0,0.0
APP0005576,CUST009312,2025-05-03 18:53:16,2355.48,752,1,1,1,1,2095.44
APP0005577,CUST001645,2025-09-27 04:07:29,2335.32,800,1,1,0,0,0.0
APP0005578,CUST001509,2025-10-23 17:27:27,6850.38,602,0,0,0,0,0.0
APP0005579,CUST005740,2026-01-21 17:26:17,5463.68,668,1,1,0,0,0.0
APP0005580,CUST011038,2025-01-31 10:30:44,15378.76,617,0,0,0,0,0.0
APP0005581,CUST000017,2025-07-24 20:29:24,8370.98,655,1,1,0,0,0.0
APP0005582,CUST010429,2025-12-08 19:50:04,8295.16,629,1,1,1,1,7545.07
APP0005583,CUST009336,2025-10-27 20:15:01,19246.87,631,1,1,1,0,15507.72
APP0005584,CUST004952,2025-11-18 18:37:10,3457.42,617,1,1,0,0,0.0
APP0005585,CUST006014,2025-01-23 00:44:51,7892.34,559,1,0,0,0,0.0
APP0005586,CUST011296,2025-02-03 09:33:19,7083.52,567,1,1,1,0,6106.99
APP0005587,CUST002549,2026-04-23 08:17:26,3757.68,504,1,1,0,0,0.0
APP0005588,CUST008489,2025-11-22 03:08:36,11792.47,519,1,0,0,0,0.0
APP0005589,CUST008111,2026-03-08 21:14:26,3756.32,690,1,1,1,1,3628.74
APP0005590,CUST003803,2025-10-17 14:28:35,9666.76,666,1,1,1,1,7769.67
APP0005591,CUST010958,2025-07-15 08:09:40,3665.73,547,1,0,0,0,0.0
APP0005592,CUST005550,2025-05-24 21:45:58,1990.63,649,1,1,1,1,1603.12
APP0005593,CUST000174,2026-04-25 07:32:04,8378.18,552,1,1,1,1,6866.94
APP0005594,CUST006068,2025-03-19 08:15:10,11355.6,746,1,1,1,0,10519.09
APP0005595,CUST000920,2025-06-21 03:50:58,4976.34,554,1,1,1,0,4240.99
APP0005596,CUST005021,2025-08-16 08:06:57,5245.38,538,1,1,1,1,4970.52
APP0005597,CUST007079,2025-10-07 21:05:18,5556.56,624,1,1,0,0,0.0
APP0005598,CUST002495,2025-06-12 15:14:15,12158.29,586,1,1,0,0,0.0
APP0005599,CUST010351,2025-03-17 06:37:29,18749.17,506,0,0,0,0,0.0
APP0005600,CUST004959,2026-08-18 20:47:52,16728.88,644,1,0,0,0,0.0
APP0005601,CUST010559,2025-08-10 06:46:45,5493.93,481,1,1,0,0,0.0
APP0005602,CUST003073,2025-10-31 21:39:08,14335.26,571,1,1,1,1,13939.92
APP0005603,CUST004068,2025-02-11 04:28:02,4979.29,573,0,0,0,0,0.0
APP0005604,CUST005806,2026-08-03 04:32:19,7807.73,572,1,1,0,0,0.0
APP0005605,CUST011047,2026-06-11 23:41:37,4721.46,728,1,1,0,0,0.0
APP0005606,CUST005415,2026-05-05 08:51:59,12038.82,642,0,0,0,0,0.0
APP0005607,CUST003470,2026-06-12 16:12:33,5746.8,519,0,0,0,0,0.0
APP0005608,CUST000327,2026-04-26 21:05:52,4940.0,563,1,1,0,0,0.0
APP0005609,CUST000070,2025-07-03 16:12:28,1943.08,572,1,1,0,0,0.0
APP0005610,CUST004282,2025-02-09 22:56:46,3878.74,523,1,1,0,0,0.0
APP0005611,CUST001701,2026-08-09 18:32:04,3707.23,448,0,0,0,0,0.0
APP0005612,CUST011626,2025-04-09 10:05:26,3825.81,696,1,1,1,1,3284.03
APP0005613,CUST011985,2026-05-23 22:39:27,3314.35,534,0,0,0,0,0.0
APP0005614,CUST001060,2025-05-26 18:39:29,6385.51,641,1,1,0,0,0.0
APP0005615,CUST010107,2025-05-31 19:54:32,7648.08,527,1,1,1,1,5770.66
APP0005616,CUST005840,2025-11-06 01:31:51,1798.69,644,1,1,1,1,1732.63
APP0005617,CUST011825,2026-06-02 12:29:30,7880.85,477,1,1,0,0,0.0
APP0005618,CUST004651,2026-04-22 18:24:47,9143.14,672,1,1,1,1,8475.78
APP0005619,CUST003094,2025-01-20 22:31:49,32735.6,709,1,1,0,0,0.0
APP0005620,CUST001094,2026-04-06 18:18:34,10364.44,661,1,1,1,1,9183.73
APP0005621,CUST007064,2025-01-25 13:06:35,8547.99,484,1,1,0,0,0.0
APP0005622,CUST001503,2026-07-10 10:52:18,7714.03,669,1,1,1,1,7138.4
APP0005623,CUST009590,2026-05-23 14:27:55,5934.59,716,1,1,1,1,5681.74
APP0005624,CUST009801,2025-03-11 13:40:53,16856.09,644,1,1,0,0,0.0
APP0005625,CUST007234,2025-02-16 18:58:03,5588.46,590,1,1,0,0,0.0
APP0005626,CUST004907,2025-05-04 02:29:15,3509.81,565,1,1,1,1,3400.38
APP0005627,CUST003952,2026-02-15 07:03:29,14576.4,654,1,1,1,1,12874.72
APP0005628,CUST008932,2026-06-14 05:28:47,3073.95,497,1,1,0,0,0.0
APP0005629,CUST010484,2025-05-01 16:14:42,7396.74,757,1,1,0,0,0.0
APP0005630,CUST006794,2025-07-19 14:46:03,3349.32,599,1,1,1,1,2749.27
APP0005631,CUST003354,2026-06-01 17:15:06,8106.9,693,1,1,0,0,0.0
APP0005632,CUST001458,2026-07-31 14:13:31,1884.41,643,0,0,0,0,0.0
APP0005633,CUST004007,2025-08-30 19:45:28,4957.51,631,1,1,0,0,0.0
APP0005634,CUST003093,2026-03-15 09:02:49,10817.24,552,1,1,0,0,0.0
APP0005635,CUST007408,2026-03-12 12:45:14,22968.84,576,1,1,0,0,0.0
APP0005636,CUST007991,2025-11-05 17:30:09,8618.79,715,1,1,1,1,8258.3
APP0005637,CUST007130,2026-07-07 04:23:06,12136.49,628,1,1,0,0,0.0
APP0005638,CUST009919,2026-07-19 21:03:49,7843.58,562,1,1,0,0,0.0
APP0005639,CUST010207,2025-10-08 21:38:29,4369.9,521,1,1,1,0,3867.33
APP0005640,CUST000099,2025-12-16 15:48:49,7622.98,648,1,1,0,0,0.0
APP0005641,CUST009927,2025-08-27 07:39:59,3269.27,616,1,1,1,1,2538.72
APP0005642,CUST007737,2026-04-13 01:50:58,3940.43,459,0,0,0,0,0.0
APP0005643,CUST009777,2025-02-07 22:42:54,3049.63,609,1,1,0,0,0.0
APP0005644,CUST000411,2026-07-07 19:57:47,3844.05,588,1,1,1,1,3214.53
APP0005645,CUST004265,2025-06-02 07:26:04,1879.97,695,0,0,0,0,0.0
APP0005646,CUST011209,2026-05-10 20:04:19,5069.88,645,1,0,0,0,0.0
APP0005647,CUST000391,2026-08-02 15:36:09,3351.39,609,1,1,1,1,3021.37
APP0005648,CUST009908,2026-04-22 08:39:04,4538.87,778,1,1,1,0,4275.49
APP0005649,CUST003892,2025-04-23 01:09:18,16769.73,542,0,0,0,0,0.0
APP0005650,CUST002506,2025-03-06 18:47:37,18772.06,610,0,0,0,0,0.0
APP0005651,CUST010662,2025-11-23 16:11:38,3491.07,542,0,0,0,0,0.0
APP0005652,CUST010479,2026-02-28 23:31:03,5839.99,685,1,1,1,1,5047.05
APP0005653,CUST003652,2025-03-20 19:59:06,14470.12,639,1,1,1,1,12923.73
APP0005654,CUST000313,2026-06-15 07:27:36,2553.66,560,1,1,0,0,0.0
APP0005655,CUST006347,2025-02-08 04:22:52,10238.96,453,1,1,0,0,0.0
APP0005656,CUST004494,2026-08-29 17:03:32,4188.49,649,1,1,0,0,0.0
APP0005657,CUST005699,2026-08-13 13:58:34,8185.14,728,1,1,1,1,6518.1
APP0005658,CUST003133,2026-07-29 08:25:26,11259.74,544,0,0,0,0,0.0
APP0005659,CUST005574,2025-09-11 23:41:53,4171.44,583,1,1,1,1,3814.96
APP0005660,CUST003908,2025-08-14 07:18:52,9070.52,651,1,1,0,0,0.0
APP0005661,CUST002298,2026-05-19 02:59:34,8417.57,732,1,1,1,1,6741.4
APP0005662,CUST006356,2026-04-22 13:39:47,11821.6,576,1,1,0,0,0.0
APP0005663,CUST009978,2025-05-02 01:50:33,2249.46,568,1,1,1,1,1952.41
APP0005664,CUST010262,2025-08-20 07:56:06,4194.55,658,1,1,1,0,3946.27
APP0005665,CUST006945,2026-03-03 12:16:05,3593.78,560,1,1,0,0,0.0
APP0005666,CUST006298,2025-06-02 00:11:14,2665.64,458,1,1,1,1,2328.64
APP0005667,CUST001297,2026-06-16 21:44:49,9636.89,569,1,1,0,0,0.0
APP0005668,CUST002264,2026-07-06 21:58:55,15329.04,741,1,0,0,0,0.0
APP0005669,CUST002276,2026-06-28 07:32:01,3170.6,603,0,0,0,0,0.0
APP0005670,CUST010088,2025-11-12 03:54:39,2932.91,579,1,1,0,0,0.0
APP0005671,CUST003908,2025-12-19 12:40:12,8654.55,747,1,1,0,0,0.0
APP0005672,CUST011387,2025-02-24 13:57:20,8740.76,491,1,1,0,0,0.0
APP0005673,CUST000901,2025-06-03 02:51:42,4038.84,747,1,1,1,1,3033.43
APP0005674,CUST011557,2026-03-22 03:51:00,13681.29,611,0,0,0,0,0.0
APP0005675,CUST004165,2026-01-19 10:06:05,5810.5,610,1,1,0,0,0.0
APP0005676,CUST009043,2026-01-24 03:41:38,4690.92,668,1,1,1,1,3830.28
APP0005677,CUST003289,2025-08-10 04:29:42,4512.66,659,1,1,1,1,3389.67
APP0005678,CUST008488,2025-11-10 10:25:25,2480.71,487,1,1,1,1,2215.1
APP0005679,CUST001482,2026-06-16 09:22:01,1395.07,711,1,1,1,0,1169.2
APP0005680,CUST005602,2025-04-25 13:43:58,5789.91,694,1,1,1,1,4951.03
APP0005681,CUST009574,2025-04-08 15:56:48,3119.58,800,1,1,1,1,2354.57
APP0005682,CUST003269,2026-07-27 04:45:47,19790.15,700,1,1,1,1,18131.23
APP0005683,CUST008975,2025-12-19 00:34:01,5565.58,541,1,1,1,1,5170.1
APP0005684,CUST006231,2026-07-06 23:23:28,8415.24,556,1,1,1,1,7188.89
APP0005685,CUST007210,2026-07-11 08:19:07,2898.23,651,0,0,0,0,0.0
APP0005686,CUST006867,2025-03-15 01:43:57,5337.74,633,0,0,0,0,0.0
APP0005687,CUST004836,2026-02-15 20:55:49,9363.73,645,1,1,1,1,7852.95
APP0005688,CUST007416,2026-02-05 06:44:51,5391.66,635,1,1,0,0,0.0
APP0005689,CUST007750,2025-03-01 14:28:24,6226.08,591,1,1,0,0,0.0
APP0005690,CUST008304,2026-05-29 20:48:39,2578.6,615,1,0,0,0,0.0
APP0005691,CUST008465,2025-05-23 13:22:09,6392.5,705,0,0,0,0,0.0
APP0005692,CUST006703,2025-12-07 17:08:10,7588.31,713,1,1,1,0,6953.51
APP0005693,CUST003077,2026-03-09 00:02:17,10998.12,614,0,0,0,0,0.0
APP0005694,CUST003267,2025-09-16 12:56:34,10676.5,594,0,0,0,0,0.0
APP0005695,CUST010308,2025-05-03 02:26:19,7281.05,659,1,1,1,1,5925.15
APP0005696,CUST010568,2025-03-15 06:10:50,6243.41,699,1,1,1,1,5902.9
APP0005697,CUST011476,2025-02-07 02:08:50,2699.62,532,1,1,0,0,0.0
APP0005698,CUST006816,2026-03-06 14:39:30,3931.48,763,1,1,1,1,3596.31
APP0005699,CUST009349,2026-05-26 14:14:43,8237.41,669,1,1,1,1,6268.04
APP0005700,CUST010911,2026-07-11 02:45:36,13092.2,515,1,1,1,1,10331.73
APP0005701,CUST004391,2026-07-28 05:18:19,3572.88,538,1,1,1,0,2742.27
APP0005702,CUST000215,2025-08-25 10:45:28,5438.03,614,1,1,1,1,4983.18
APP0005703,CUST004447,2025-02-18 14:19:28,13276.06,619,1,1,0,0,0.0
APP0005704,CUST003218,2026-06-17 03:47:07,9091.89,544,1,1,1,1,8173.84
APP0005705,CUST010148,2025-02-08 07:05:56,11963.7,559,1,1,0,0,0.0
APP0005706,CUST008601,2025-08-28 03:12:37,10623.54,566,1,1,1,1,10322.54
APP0005707,CUST007996,2025-04-18 19:22:11,8464.91,564,1,1,0,0,0.0
APP0005708,CUST011744,2025-10-10 21:13:54,12964.92,764,1,1,1,1,12619.68
APP0005709,CUST005508,2026-08-13 16:11:43,3052.97,622,1,1,0,0,0.0
APP0005710,CUST001230,2025-11-26 12:36:42,4943.08,661,1,1,0,0,0.0
APP0005711,CUST000487,2025-09-01 18:52:42,8666.03,655,1,1,1,0,8073.33
APP0005712,CUST006677,2025-11-11 17:18:20,10489.79,674,1,1,1,1,9144.26
APP0005713,CUST009631,2026-03-05 20:17:33,10635.19,610,1,1,1,1,8469.94
APP0005714,CUST009132,2026-01-12 07:30:19,5757.16,559,1,1,1,1,5664.39
APP0005715,CUST001916,2026-04-11 01:12:21,2253.11,625,1,1,1,0,1993.15
APP0005716,CUST005172,2025-11-26 11:24:12,4162.14,581,1,1,0,0,0.0
APP0005717,CUST006514,2025-12-13 09:40:13,7281.79,717,1,1,1,1,6228.77
APP0005718,CUST004020,2025-06-30 03:06:48,17754.93,645,1,1,1,1,16098.04
APP0005719,CUST010406,2025-08-26 22:58:46,4040.54,573,1,1,1,1,4023.79
APP0005720,CUST007021,2026-07-14 19:18:58,4474.63,621,1,1,1,1,3967.96
APP0005721,CUST000702,2025-02-16 12:19:11,6485.13,644,0,0,0,0,0.0
APP0005722,CUST001748,2025-12-28 16:09:34,5229.51,662,1,1,1,1,4880.18
APP0005723,CUST006249,2025-08-15 18:23:36,5437.21,713,1,0,0,0,0.0
APP0005724,CUST002381,2025-07-31 06:24:56,5838.06,575,1,1,0,0,0.0
APP0005725,CUST009681,2026-04-03 00:51:21,4104.69,655,1,1,0,0,0.0
APP0005726,CUST007336,2026-08-05 05:23:55,5057.68,543,1,1,1,1,4240.16
APP0005727,CUST008437,2025-02-10 09:28:52,12502.84,663,1,1,1,0,9401.18
APP0005728,CUST002021,2025-06-03 12:00:26,5418.13,607,1,1,0,0,0.0
APP0005729,CUST003968,2025-10-12 05:28:59,11217.79,500,0,0,0,0,0.0
APP0005730,CUST000197,2025-05-21 01:24:59,9997.5,800,1,1,1,1,8952.94
APP0005731,CUST003590,2025-05-08 06:43:02,1981.53,574,0,0,0,0,0.0
APP0005732,CUST005553,2025-12-30 18:43:50,7366.37,593,0,0,0,0,0.0
APP0005733,CUST007798,2025-10-07 06:36:44,3036.69,535,1,1,0,0,0.0
APP0005734,CUST002654,2025-03-09 21:29:22,9069.33,634,1,1,0,0,0.0
APP0005735,CUST001783,2025-10-03 08:31:32,14608.84,565,0,0,0,0,0.0
APP0005736,CUST011279,2026-08-01 17:45:42,2499.6,659,1,1,0,0,0.0
APP0005737,CUST008253,2026-02-14 07:47:05,3032.55,503,1,1,1,1,2624.74
APP0005738,CUST000956,2025-01-03 16:16:59,7354.32,648,1,0,0,0,0.0
APP0005739,CUST007294,2026-01-08 23:54:54,20245.08,593,1,1,0,0,0.0
APP0005740,CUST010632,2026-02-22 08:50:14,4939.2,754,1,1,1,1,4917.5
APP0005741,CUST011838,2025-10-22 17:11:26,2607.42,651,1,1,0,0,0.0
APP0005742,CUST011433,2025-07-31 21:56:24,15028.96,718,1,1,1,1,13941.72
APP0005743,CUST000339,2025-04-03 21:16:40,5970.71,724,1,1,1,1,5051.05
APP0005744,CUST011408,2026-06-28 20:15:09,4124.12,677,1,1,1,1,3194.26
APP0005745,CUST011644,2025-06-27 08:07:50,11977.83,552,1,1,1,1,11591.37
APP0005746,CUST008093,2025-02-14 14:54:24,1000.0,639,1,1,1,1,926.72
APP0005747,CUST002409,2025-09-12 06:33:03,11527.89,664,1,1,1,1,11502.6
APP0005748,CUST009088,2025-10-11 00:13:59,14381.34,532,1,1,0,0,0.0
APP0005749,CUST004084,2026-05-23 02:46:29,5922.45,698,1,1,1,1,5454.34
APP0005750,CUST008545,2026-02-05 22:18:46,18504.13,572,1,1,1,1,14156.68
APP0005751,CUST002155,2025-07-25 12:28:15,7431.83,606,1,1,0,0,0.0
APP0005752,CUST009033,2025-11-20 22:09:27,8310.26,587,1,1,0,0,0.0
APP0005753,CUST010843,2025-11-03 19:24:04,12441.94,576,1,1,1,0,12064.08
APP0005754,CUST005529,2025-05-31 08:42:38,1492.8,619,1,1,1,1,1247.27
APP0005755,CUST001125,2025-11-21 05:25:06,3198.99,546,1,1,0,0,0.0
APP0005756,CUST008612,2025-09-16 10:41:58,9484.31,619,1,0,0,0,0.0
APP0005757,CUST010766,2025-12-31 13:17:36,2509.77,578,0,0,0,0,0.0
APP0005758,CUST007190,2026-05-23 00:20:01,7380.43,593,1,1,1,1,7143.4
APP0005759,CUST009194,2025-12-24 07:07:37,3778.18,502,1,1,0,0,0.0
APP0005760,CUST001051,2026-04-01 22:04:59,3819.45,652,0,0,0,0,0.0
APP0005761,CUST008616,2025-06-10 01:08:25,7709.46,594,1,0,0,0,0.0
APP0005762,CUST006088,2026-03-13 10:19:11,5393.61,611,1,1,0,0,0.0
APP0005763,CUST010971,2025-03-03 22:36:51,2606.78,632,0,0,0,0,0.0
APP0005764,CUST005013,2026-02-26 02:31:27,6554.15,564,1,1,0,0,0.0
APP0005765,CUST002966,2025-07-03 03:05:37,1543.86,412,1,1,1,1,1487.07
APP0005766,CUST007538,2025-06-28 04:07:29,3750.51,622,1,1,1,1,3315.84
APP0005767,CUST000802,2026-04-26 00:24:28,10966.77,624,1,1,1,0,8538.96
APP0005768,CUST000384,2026-03-04 12:36:29,9912.62,694,1,1,1,1,7607.12
APP0005769,CUST008060,2025-03-10 15:10:11,6723.29,779,1,1,0,0,0.0
APP0005770,CUST001409,2025-07-21 03:01:00,3272.16,642,1,1,0,0,0.0
APP0005771,CUST010893,2025-05-19 17:41:04,10394.74,569,1,1,0,0,0.0
APP0005772,CUST002755,2026-04-22 09:32:19,6238.77,615,1,1,1,1,5927.06
APP0005773,CUST004189,2025-08-23 16:10:25,6329.64,715,1,1,0,0,0.0
APP0005774,CUST011556,2026-04-15 13:26:37,18487.72,662,1,1,1,1,15840.05
APP0005775,CUST000469,2026-08-06 21:02:12,4528.3,504,1,1,1,1,3684.26
APP0005776,CUST003566,2025-09-01 12:40:26,12527.88,625,1,1,1,0,12292.76
APP0005777,CUST008620,2025-11-08 19:01:39,3660.42,728,1,1,1,1,2923.78
APP0005778,CUST007694,2025-08-20 03:42:12,1098.69,632,1,1,0,0,0.0
APP0005779,CUST003324,2026-06-14 05:35:11,12418.52,662,0,0,0,0,0.0
APP0005780,CUST002028,2026-05-09 04:45:27,3563.0,672,1,1,1,1,3217.2
APP0005781,CUST003835,2025-05-06 01:00:37,10889.73,785,1,1,0,0,0.0
APP0005782,CUST001824,2025-11-30 02:25:38,11615.53,577,1,1,0,0,0.0
APP0005783,CUST007653,2025-04-23 06:49:47,3701.37,591,1,1,1,0,3472.4
APP0005784,CUST002305,2026-02-06 15:50:11,6707.51,552,1,1,1,1,5357.65
APP0005785,CUST001537,2026-07-24 13:10:25,10051.29,642,1,1,1,1,7592.69
APP0005786,CUST002331,2025-06-23 02:28:36,13307.97,756,1,1,0,0,0.0
APP0005787,CUST009844,2025-03-01 01:20:24,1827.04,544,0,0,0,0,0.0
APP0005788,CUST009794,2025-07-14 02:55:11,3948.51,613,1,1,1,0,3443.54
APP0005789,CUST009772,2026-05-30 17:43:38,5993.39,590,1,0,0,0,0.0
APP0005790,CUST002423,2025-05-03 02:16:48,16069.65,676,1,1,1,1,13283.58
APP0005791,CUST007410,2025-11-02 20:53:06,6902.32,629,1,1,1,1,6589.95
APP0005792,CUST009305,2026-03-22 17:58:58,8050.16,648,1,1,1,1,7855.29
APP0005793,CUST003574,2025-06-08 06:45:56,7448.23,679,1,0,0,0,0.0
APP0005794,CUST004238,2025-12-13 18:37:51,9013.34,661,0,0,0,0,0.0
APP0005795,CUST008917,2025-04-02 03:21:29,13059.71,492,1,1,0,0,0.0
APP0005796,CUST009209,2026-06-15 22:22:13,5376.03,688,1,1,1,1,4215.17
APP0005797,CUST002007,2025-03-19 01:30:25,12294.09,601,1,1,1,1,9879.1
APP0005798,CUST000170,2025-12-04 09:03:31,8090.48,549,0,0,0,0,0.0
APP0005799,CUST001897,2025-10-08 01:48:25,3296.84,581,1,1,1,1,3137.76
APP0005800,CUST001111,2025-06-12 20:25:59,6863.27,530,1,1,0,0,0.0
APP0005801,CUST011201,2025-06-21 04:29:14,7123.05,521,1,1,0,0,0.0
APP0005802,CUST011547,2026-05-13 09:05:38,12139.2,624,1,1,1,1,11103.33
APP0005803,CUST006196,2025-07-15 21:00:50,5933.88,694,1,1,1,1,5667.13
APP0005804,CUST008483,2026-03-19 07:43:34,2875.12,626,0,0,0,0,0.0
APP0005805,CUST002052,2025-08-29 11:48:57,17032.56,670,1,1,1,1,13758.84
APP0005806,CUST005281,2025-11-14 23:40:01,10287.4,484,0,0,0,0,0.0
APP0005807,CUST002962,2026-06-13 20:24:33,8988.64,572,0,0,0,0,0.0
APP0005808,CUST011564,2026-03-17 02:20:27,32570.84,714,1,1,1,1,29338.22
APP0005809,CUST007347,2025-08-03 18:42:12,4170.35,577,1,0,0,0,0.0
APP0005810,CUST004377,2025-11-21 02:30:56,10508.23,681,1,1,1,1,8254.42
APP0005811,CUST002130,2025-06-10 09:38:48,6863.35,538,0,0,0,0,0.0
APP0005812,CUST000228,2026-03-03 05:59:47,12841.14,581,1,1,0,0,0.0
APP0005813,CUST000952,2026-02-02 21:34:21,6265.76,497,1,0,0,0,0.0
APP0005814,CUST007540,2026-06-03 18:02:53,9005.19,722,1,1,1,1,7487.37
APP0005815,CUST007126,2025-09-17 10:04:07,4691.15,637,0,0,0,0,0.0
APP0005816,CUST006607,2025-03-21 16:33:36,7803.6,564,1,1,0,0,0.0
APP0005817,CUST009968,2025-11-01 11:28:11,6893.94,753,1,1,1,0,5277.86
APP0005818,CUST001031,2026-02-22 08:32:55,6810.28,612,0,0,0,0,0.0
APP0005819,CUST002162,2025-08-03 09:38:11,4450.84,636,1,1,0,0,0.0
APP0005820,CUST000414,2025-04-25 01:25:28,3734.09,568,1,0,0,0,0.0
APP0005821,CUST006083,2026-04-11 12:34:07,2837.42,788,1,1,1,1,2649.39
APP0005822,CUST001203,2026-03-23 15:01:04,7623.68,674,1,1,1,1,7615.16
APP0005823,CUST001709,2026-03-27 07:40:41,7878.19,655,1,1,1,1,6773.95
APP0005824,CUST007856,2025-12-25 22:35:26,2270.42,568,1,1,1,0,1996.5
APP0005825,CUST011299,2026-05-20 01:15:05,2819.48,606,1,1,1,1,2605.86
APP0005826,CUST001167,2025-02-02 03:26:37,13406.53,551,1,1,1,0,10293.78
APP0005827,CUST011701,2025-07-22 07:25:05,16949.23,580,1,1,0,0,0.0
APP0005828,CUST011675,2025-07-02 23:11:48,4517.32,677,1,0,0,0,0.0
APP0005829,CUST010442,2026-04-15 19:22:04,3401.93,627,1,1,1,1,3126.76
APP0005830,CUST008277,2025-05-13 05:49:46,5718.47,602,1,0,0,0,0.0
APP0005831,CUST010961,2025-04-22 10:18:48,5272.3,515,0,0,0,0,0.0
APP0005832,CUST004396,2025-11-22 02:19:36,15678.1,787,1,1,1,1,13490.84
APP0005833,CUST004227,2026-02-14 01:51:35,3974.44,796,1,1,1,1,3475.94
APP0005834,CUST004319,2026-07-03 17:47:24,3317.22,518,1,1,1,0,3277.44
APP0005835,CUST009469,2025-11-16 05:50:01,4199.72,717,1,1,0,0,0.0
APP0005836,CUST005626,2026-04-05 02:56:15,4092.9,518,1,1,1,1,3499.05
APP0005837,CUST010053,2026-05-09 21:52:38,19829.5,602,0,0,0,0,0.0
APP0005838,CUST010753,2025-12-12 05:54:48,9468.56,558,1,1,0,0,0.0
APP0005839,CUST000006,2025-03-01 21:38:30,10758.25,483,0,0,0,0,0.0
APP0005840,CUST004809,2026-06-21 15:48:37,4929.72,660,1,1,1,1,4574.72
APP0005841,CUST007305,2026-06-18 03:06:38,11199.71,569,1,1,0,0,0.0
APP0005842,CUST003829,2026-02-26 09:55:54,16079.82,689,1,1,1,1,13294.15
APP0005843,CUST009479,2026-08-22 08:12:05,4566.99,638,1,1,1,1,3788.32
APP0005844,CUST008472,2025-03-12 20:10:53,5688.05,505,1,1,0,0,0.0
APP0005845,CUST001740,2025-07-16 22:16:59,2329.36,580,1,0,0,0,0.0
APP0005846,CUST006172,2026-01-20 03:49:19,11518.28,635,1,1,0,0,0.0
APP0005847,CUST005272,2025-08-05 23:42:28,6696.92,585,1,1,0,0,0.0
APP0005848,CUST000195,2025-07-24 16:58:43,4926.95,508,1,1,0,0,0.0
APP0005849,CUST009335,2025-04-02 13:51:25,11763.45,649,0,0,0,0,0.0
APP0005850,CUST000769,2026-04-14 18:55:57,6473.87,604,0,0,0,0,0.0
APP0005851,CUST003530,2025-11-26 13:30:55,6413.72,354,0,0,0,0,0.0
APP0005852,CUST006973,2026-02-11 23:18:01,8786.96,643,1,1,1,0,8589.61
APP0005853,CUST001581,2025-12-25 05:49:23,4547.32,710,1,1,1,1,3912.2
APP0005854,CUST008243,2026-02-14 17:10:53,3104.12,743,1,1,1,1,2948.23
APP0005855,CUST010651,2025-10-07 03:53:18,9709.04,558,1,0,0,0,0.0
APP0005856,CUST001127,2026-07-04 17:49:32,6772.73,590,1,1,0,0,0.0
APP0005857,CUST005565,2026-07-25 03:38:57,5874.07,677,1,1,1,1,4777.01
APP0005858,CUST006222,2025-10-22 14:55:54,7118.61,681,1,1,1,1,5858.72
APP0005859,CUST010832,2025-02-14 18:19:16,15118.09,565,1,1,1,1,14584.76
APP0005860,CUST001685,2025-07-28 19:13:02,5760.4,545,0,0,0,0,0.0
APP0005861,CUST008596,2025-04-07 05:48:40,2776.14,646,0,0,0,0,0.0
APP0005862,CUST002343,2025-04-10 03:10:38,7717.04,744,1,1,1,0,7404.75
APP0005863,CUST010919,2025-12-16 07:38:06,11611.44,697,0,0,0,0,0.0
APP0005864,CUST002363,2025-10-07 04:01:06,13417.37,621,1,1,1,1,12532.85
APP0005865,CUST000017,2026-03-22 10:26:48,8718.89,583,0,0,0,0,0.0
APP0005866,CUST001574,2025-07-28 22:27:33,4610.02,538,0,0,0,0,0.0
APP0005867,CUST005411,2025-11-20 21:33:01,5090.74,744,1,1,0,0,0.0
APP0005868,CUST011578,2026-05-16 12:23:02,6536.59,675,1,1,1,1,5313.42
APP0005869,CUST011596,2025-11-19 10:23:26,6660.13,662,1,1,1,1,5234.22
APP0005870,CUST001894,2026-08-02 04:29:20,7595.46,732,1,0,0,0,0.0
APP0005871,CUST004469,2025-04-23 12:28:21,16830.85,571,1,0,0,0,0.0
APP0005872,CUST010596,2025-07-18 21:02:04,7874.5,562,0,0,0,0,0.0
APP0005873,CUST006616,2025-09-02 09:28:21,6885.95,522,0,0,0,0,0.0
APP0005874,CUST007293,2025-07-29 13:27:33,7047.4,713,0,0,0,0,0.0
APP0005875,CUST006661,2026-08-09 11:53:41,8786.06,556,0,0,0,0,0.0
APP0005876,CUST007656,2025-12-11 03:30:09,1913.31,674,1,1,0,0,0.0
APP0005877,CUST010903,2025-07-07 06:52:30,3041.57,531,1,1,0,0,0.0
APP0005878,CUST002480,2026-04-10 13:27:33,6312.67,632,1,1,1,1,5152.76
APP0005879,CUST002303,2025-01-17 05:20:05,5235.32,577,1,1,0,0,0.0
APP0005880,CUST011548,2025-07-13 23:52:01,9702.33,608,0,0,0,0,0.0
APP0005881,CUST004600,2025-10-12 23:53:20,13769.28,599,1,1,1,1,12147.48
APP0005882,CUST011910,2025-09-16 16:22:54,7060.92,539,1,1,0,0,0.0
APP0005883,CUST000736,2025-12-26 21:59:26,7055.91,679,1,1,1,0,6373.6
APP0005884,CUST002537,2025-03-21 06:32:51,5520.07,563,1,1,1,1,5025.77
APP0005885,CUST011531,2025-03-09 07:58:14,3137.93,596,1,0,0,0,0.0
APP0005886,CUST007246,2025-06-19 09:07:55,4667.12,599,1,1,1,1,4179.58
APP0005887,CUST000308,2025-03-07 07:42:15,2653.57,741,1,1,1,1,2515.74
APP0005888,CUST009450,2025-01-29 20:16:33,4526.62,532,1,1,0,0,0.0
APP0005889,CUST000136,2025-11-06 09:30:38,21595.1,523,1,1,1,1,20251.06
APP0005890,CUST006877,2025-05-09 16:21:51,17001.84,630,1,1,1,1,13593.96
APP0005891,CUST006057,2026-07-27 17:40:01,7733.28,549,1,1,1,0,6761.31
APP0005892,CUST010516,2025-08-12 04:18:31,2903.11,606,1,1,0,0,0.0
APP0005893,CUST005249,2025-10-25 23:42:08,11129.52,672,1,1,1,1,8351.94
APP0005894,CUST007188,2025-07-05 14:51:14,7857.3,710,1,1,0,0,0.0
APP0005895,CUST007233,2025-11-06 05:03:02,1930.67,634,1,0,0,0,0.0
APP0005896,CUST011236,2026-01-21 04:33:51,14527.01,546,1,0,0,0,0.0
APP0005897,CUST010654,2025-04-24 21:27:40,4688.57,574,1,1,1,1,4400.36
APP0005898,CUST001904,2026-03-21 07:12:30,6653.97,679,1,1,0,0,0.0
APP0005899,CUST004030,2025-08-02 23:52:40,3288.88,759,1,1,1,1,2564.29
APP0005900,CUST010693,2025-04-22 03:36:51,36034.46,620,1,1,1,1,32421.9
APP0005901,CUST005038,2025-10-17 07:49:34,20430.34,630,0,0,0,0,0.0
APP0005902,CUST001862,2025-09-06 16:43:36,5914.16,531,1,1,1,1,5313.45
APP0005903,CUST009722,2025-07-21 19:55:47,10665.0,603,0,0,0,0,0.0
APP0005904,CUST000844,2025-05-22 07:45:01,12677.26,539,0,0,0,0,0.0
APP0005905,CUST001066,2026-07-05 07:38:32,3590.96,703,1,1,1,1,3208.57
APP0005906,CUST007411,2025-09-16 00:41:01,7793.67,668,1,1,0,0,0.0
APP0005907,CUST002823,2026-07-15 05:14:52,3977.57,629,0,0,0,0,0.0
APP0005908,CUST007744,2026-06-19 22:57:57,2836.92,583,0,0,0,0,0.0
APP0005909,CUST004591,2025-10-03 23:28:35,6518.35,575,1,1,1,0,5937.13
APP0005910,CUST010938,2025-09-08 10:42:07,34622.51,628,1,1,1,1,33683.71
APP0005911,CUST007452,2026-02-10 10:47:42,1888.81,632,1,1,0,0,0.0
APP0005912,CUST006780,2025-03-31 13:56:46,16189.2,677,1,1,1,1,16187.35
APP0005913,CUST009087,2025-05-30 00:38:01,7218.85,688,1,1,0,0,0.0
APP0005914,CUST004372,2025-01-29 16:44:02,4612.2,557,1,1,0,0,0.0
APP0005915,CUST002873,2025-01-26 00:16:38,6450.74,642,1,1,1,1,5171.62
APP0005916,CUST002238,2026-06-26 17:55:12,7370.65,610,1,0,0,0,0.0
APP0005917,CUST002205,2025-09-21 15:51:56,7051.2,554,1,1,0,0,0.0
APP0005918,CUST001470,2025-03-04 08:34:46,5526.71,543,0,0,0,0,0.0
APP0005919,CUST011524,2025-09-06 06:45:35,3073.33,555,1,1,1,1,2802.11
APP0005920,CUST008373,2025-12-11 00:33:17,4258.09,545,1,1,0,0,0.0
APP0005921,CUST010225,2025-09-11 14:01:58,4886.26,644,1,1,0,0,0.0
APP0005922,CUST010705,2025-03-04 08:11:08,3186.26,524,0,0,0,0,0.0
APP0005923,CUST001571,2026-05-13 20:46:47,3513.22,573,1,1,0,0,0.0
APP0005924,CUST002171,2026-06-30 01:08:41,12107.51,581,1,1,0,0,0.0
APP0005925,CUST009074,2025-02-03 01:38:39,9670.01,759,1,1,1,1,8579.52
APP0005926,CUST006017,2025-01-15 18:59:52,3167.08,617,0,0,0,0,0.0
APP0005927,CUST008107,2025-11-10 04:34:41,4306.18,632,0,0,0,0,0.0
APP0005928,CUST001778,2026-04-24 10:17:19,9453.05,564,1,1,0,0,0.0
APP0005929,CUST005719,2025-01-07 12:04:08,3671.53,546,1,1,1,1,2786.58
APP0005930,CUST007403,2025-02-28 05:33:52,2099.02,569,1,1,0,0,0.0
APP0005931,CUST000375,2026-03-10 19:16:13,6445.22,800,1,1,1,1,5666.64
APP0005932,CUST010356,2025-05-23 11:45:13,10054.52,555,1,1,1,1,9581.52
APP0005933,CUST005913,2025-03-03 17:04:02,10719.82,562,1,1,1,1,10260.7
APP0005934,CUST009859,2025-04-13 14:09:42,1095.61,595,1,1,0,0,0.0
APP0005935,CUST002944,2026-01-27 19:15:40,1297.8,572,1,1,1,0,985.25
APP0005936,CUST000231,2026-02-14 03:20:29,12481.06,627,1,1,1,0,11462.48
APP0005937,CUST010014,2025-01-09 14:29:15,11942.38,689,1,1,1,1,9233.25
APP0005938,CUST005808,2025-03-20 13:10:27,4000.3,532,1,1,0,0,0.0
APP0005939,CUST001610,2025-06-16 22:27:42,8053.01,708,0,0,0,0,0.0
APP0005940,CUST011670,2025-12-04 13:42:29,2179.71,604,1,0,0,0,0.0
APP0005941,CUST001939,2026-01-19 08:13:49,11343.99,469,1,1,0,0,0.0
APP0005942,CUST007090,2025-03-30 22:20:08,2950.95,590,1,0,0,0,0.0
APP0005943,CUST005911,2025-08-19 04:15:47,19722.55,653,1,1,1,1,19404.4
APP0005944,CUST005489,2025-05-08 03:19:49,4880.3,520,1,1,1,0,4414.91
APP0005945,CUST010422,2026-06-03 22:22:59,3314.99,538,1,1,1,1,2564.66
APP0005946,CUST005626,2025-08-01 03:26:06,3168.42,674,1,1,0,0,0.0
APP0005947,CUST001565,2026-02-21 18:09:12,10080.64,699,0,0,0,0,0.0
APP0005948,CUST001244,2026-04-25 01:06:33,20012.95,679,1,1,1,1,15509.62
APP0005949,CUST004050,2025-03-05 14:06:54,5221.01,614,1,1,0,0,0.0
APP0005950,CUST010151,2026-05-16 15:46:10,5747.23,662,1,1,1,0,4661.09
APP0005951,CUST000268,2025-01-09 04:08:46,6144.32,578,1,1,0,0,0.0
APP0005952,CUST006273,2025-12-25 06:55:03,7515.95,623,0,0,0,0,0.0
APP0005953,CUST007656,2026-02-13 14:30:22,8365.8,639,0,0,0,0,0.0
APP0005954,CUST006866,2026-02-10 07:46:27,1167.58,723,1,1,0,0,0.0
APP0005955,CUST000535,2026-07-18 22:06:24,8646.18,665,1,1,1,1,7591.11
APP0005956,CUST001632,2025-10-06 07:26:38,8502.13,645,1,1,1,1,7923.95
APP0005957,CUST011155,2026-04-23 11:07:48,5343.25,679,0,0,0,0,0.0
APP0005958,CUST000675,2025-04-15 15:43:30,2858.73,616,1,1,1,1,2386.58
APP0005959,CUST009131,2025-08-18 09:05:38,2895.31,630,1,1,0,0,0.0
APP0005960,CUST010605,2026-03-03 05:30:19,12949.74,508,0,0,0,0,0.0
APP0005961,CUST008298,2025-04-12 12:54:03,2976.99,625,1,1,1,1,2247.67
APP0005962,CUST011529,2025-04-01 15:27:26,3489.35,566,1,1,1,1,2889.79
APP0005963,CUST004548,2026-01-28 14:24:46,1408.7,553,1,1,1,1,1331.93
APP0005964,CUST004119,2025-07-01 15:13:01,9582.38,665,1,1,1,1,7861.53
APP0005965,CUST007008,2025-04-21 00:21:13,4533.74,546,1,1,0,0,0.0
APP0005966,CUST008355,2025-09-28 03:46:13,6060.98,442,1,1,1,1,4625.66
APP0005967,CUST002823,2026-07-29 09:57:22,17329.05,800,1,1,1,1,15871.36
APP0005968,CUST003515,2025-03-08 19:48:41,8506.41,491,0,0,0,0,0.0
APP0005969,CUST005811,2026-05-19 22:36:41,5182.03,581,0,0,0,0,0.0
APP0005970,CUST002234,2026-08-06 19:57:53,9458.81,594,1,1,0,0,0.0
APP0005971,CUST003709,2025-12-07 04:13:08,3343.48,510,1,1,0,0,0.0
APP0005972,CUST008141,2025-07-06 06:57:38,14657.23,655,1,1,1,0,13804.22
APP0005973,CUST001552,2025-10-12 14:57:47,21633.37,688,1,1,1,1,17784.68
APP0005974,CUST007926,2026-01-04 09:18:34,5701.6,539,0,0,0,0,0.0
APP0005975,CUST011443,2025-12-27 13:41:15,11131.22,665,1,1,0,0,0.0
APP0005976,CUST005692,2025-05-30 05:14:48,8569.5,601,1,1,1,1,8054.65
APP0005977,CUST005688,2026-08-13 02:36:18,7660.86,678,1,1,1,1,6483.93
APP0005978,CUST008485,2026-04-05 10:14:03,6478.49,724,1,1,0,0,0.0
APP0005979,CUST002759,2026-06-13 20:05:26,2954.36,655,1,1,0,0,0.0
APP0005980,CUST009117,2026-07-16 20:47:51,8523.89,587,1,1,0,0,0.0
APP0005981,CUST011390,2025-06-13 14:43:03,7072.26,531,1,0,0,0,0.0
APP0005982,CUST009938,2025-07-31 21:52:19,5716.98,640,1,1,1,1,5491.54
APP0005983,CUST008415,2026-06-27 22:30:41,2137.85,520,0,0,0,0,0.0
APP0005984,CUST006683,2026-05-06 20:12:49,12465.57,477,1,1,1,1,11234.18
APP0005985,CUST009865,2025-09-07 01:39:49,5112.71,555,1,1,1,1,3975.08
APP0005986,CUST001221,2025-04-20 12:07:44,10791.47,526,1,1,1,1,8780.68
APP0005987,CUST003446,2026-01-24 18:37:00,7162.14,661,0,0,0,0,0.0
APP0005988,CUST010757,2025-08-15 10:59:52,7843.26,594,1,1,0,0,0.0
APP0005989,CUST004939,2025-09-29 01:35:19,20000.91,756,1,0,0,0,0.0
APP0005990,CUST007673,2025-06-03 12:44:53,2495.81,664,1,1,1,1,2455.39
APP0005991,CUST009394,2025-08-03 03:23:57,2443.15,602,1,0,0,0,0.0
APP0005992,CUST003933,2025-01-07 18:45:56,14219.18,744,1,1,1,1,13958.37
APP0005993,CUST006267,2026-04-01 07:33:03,3334.04,562,1,1,0,0,0.0
APP0005994,CUST005584,2025-04-08 15:26:30,14543.04,679,1,1,1,1,10943.34
APP0005995,CUST005019,2025-01-25 01:24:42,5368.59,650,1,0,0,0,0.0
APP0005996,CUST003326,2025-05-15 05:49:54,8901.69,619,0,0,0,0,0.0
APP0005997,CUST000193,2025-02-28 19:37:44,68149.1,568,1,1,0,0,0.0
APP0005998,CUST004490,2025-12-24 12:25:42,4803.19,618,1,1,0,0,0.0
APP0005999,CUST006670,2025-07-14 21:07:12,10117.08,531,1,1,1,1,9024.3
APP0006000,CUST011603,2026-04-17 08:35:06,10057.31,602,1,1,1,1,9341.47
APP0006001,CUST006868,2026-07-06 04:22:20,8446.41,539,1,1,0,0,0.0
APP0006002,CUST004347,2025-07-30 10:12:27,4693.95,591,1,1,1,1,4201.51
APP0006003,CUST005841,2025-12-24 14:19:13,5583.15,624,1,1,0,0,0.0
APP0006004,CUST006282,2026-06-10 15:57:28,7339.37,600,1,1,1,1,5838.37
APP0006005,CUST001865,2025-02-25 20:30:01,4352.93,611,1,1,0,0,0.0
APP0006006,CUST010909,2025-11-22 10:19:01,1364.26,550,1,1,0,0,0.0
APP0006007,CUST004492,2026-04-17 20:51:38,2937.6,627,1,0,0,0,0.0
APP0006008,CUST009679,2025-07-20 07:20:45,9324.17,572,0,0,0,0,0.0
APP0006009,CUST000225,2025-06-02 00:55:38,9460.33,633,1,1,1,1,9233.12
APP0006010,CUST005008,2025-05-04 00:31:53,3060.61,674,0,0,0,0,0.0
APP0006011,CUST000485,2025-10-09 19:02:52,3993.57,752,1,1,1,0,3508.19
APP0006012,CUST009244,2025-08-06 09:59:50,14885.29,589,1,1,0,0,0.0
APP0006013,CUST009039,2026-02-23 12:36:12,8257.62,628,0,0,0,0,0.0
APP0006014,CUST008743,2025-11-17 13:03:20,4340.73,535,0,0,0,0,0.0
APP0006015,CUST009092,2026-01-17 22:47:26,10901.52,734,1,1,1,1,9215.86
APP0006016,CUST003283,2025-11-14 21:46:23,7406.55,605,1,1,1,1,6637.91
APP0006017,CUST010325,2025-08-04 21:55:52,2391.51,544,1,1,0,0,0.0
APP0006018,CUST007001,2026-08-26 19:00:40,11928.44,598,1,1,0,0,0.0
APP0006019,CUST003737,2025-09-25 08:46:20,3411.07,622,1,1,0,0,0.0
APP0006020,CUST011099,2026-07-26 04:44:13,3112.85,627,1,0,0,0,0.0
APP0006021,CUST005944,2026-01-13 15:03:14,10114.24,467,0,0,0,0,0.0
APP0006022,CUST008501,2025-09-25 08:47:51,8655.71,629,1,1,1,1,6516.62
APP0006023,CUST000468,2025-05-20 18:07:54,5808.27,800,1,1,1,1,4523.58
APP0006024,CUST001837,2026-05-18 23:04:21,10879.06,706,1,1,1,1,10573.8
APP0006025,CUST002919,2025-03-02 12:18:23,21248.56,714,1,1,0,0,0.0
APP0006026,CUST007910,2025-09-03 01:10:02,14415.65,557,1,1,0,0,0.0
APP0006027,CUST001258,2025-08-22 16:20:38,8436.0,726,1,1,0,0,0.0
APP0006028,CUST011914,2026-04-23 10:15:15,7325.6,696,0,0,0,0,0.0
APP0006029,CUST006066,2026-02-12 02:17:14,4072.77,674,1,1,1,1,3198.98
APP0006030,CUST002561,2025-01-06 18:00:43,3746.78,570,0,0,0,0,0.0
APP0006031,CUST008072,2026-01-27 17:45:47,3386.58,706,1,1,0,0,0.0
APP0006032,CUST007550,2026-04-08 02:44:52,11337.79,693,1,1,0,0,0.0
APP0006033,CUST005209,2025-03-14 23:40:25,4093.13,688,0,0,0,0,0.0
APP0006034,CUST009316,2026-04-15 15:34:59,4962.21,566,0,0,0,0,0.0
APP0006035,CUST003479,2026-05-17 18:39:36,6231.2,618,1,1,0,0,0.0
APP0006036,CUST002255,2025-11-25 04:10:18,9687.52,594,1,1,1,1,9387.97
APP0006037,CUST007912,2025-05-15 20:49:13,8245.38,646,1,1,1,1,7173.58
APP0006038,CUST001588,2026-06-12 20:02:22,2376.4,614,1,1,0,0,0.0
APP0006039,CUST006680,2025-07-23 20:39:32,9410.54,696,1,1,0,0,0.0
APP0006040,CUST008056,2026-08-07 16:19:27,4647.43,662,1,1,1,1,4593.92
APP0006041,CUST004560,2026-08-10 16:02:56,5198.1,552,1,1,0,0,0.0
APP0006042,CUST007095,2026-06-12 20:52:03,4285.31,777,1,1,1,1,3970.69
APP0006043,CUST007884,2026-01-16 21:38:00,4028.69,652,1,1,1,1,3333.25
APP0006044,CUST008278,2026-04-19 03:13:09,8520.14,659,0,0,0,0,0.0
APP0006045,CUST003280,2025-03-19 00:55:53,5364.42,669,1,1,0,0,0.0
APP0006046,CUST001758,2025-11-25 10:24:00,3659.77,529,1,1,1,1,3213.52
APP0006047,CUST009564,2026-07-18 21:23:05,5553.94,595,1,1,1,0,4976.71
APP0006048,CUST009420,2025-12-19 06:19:24,9047.45,795,1,1,1,1,8160.27
APP0006049,CUST000980,2026-06-15 18:51:34,11626.09,594,1,1,1,1,10725.77
APP0006050,CUST002072,2025-08-06 00:30:26,45180.88,629,1,1,1,0,44766.09
APP0006051,CUST009700,2025-12-16 16:32:11,8861.91,619,0,0,0,0,0.0
APP0006052,CUST005925,2025-05-28 04:40:00,1687.85,690,1,1,0,0,0.0
APP0006053,CUST004889,2026-07-09 13:07:30,2187.84,485,1,1,0,0,0.0
APP0006054,CUST009663,2026-08-18 09:57:32,5537.17,629,0,0,0,0,0.0
APP0006055,CUST009276,2025-06-27 07:03:56,4165.9,610,1,1,1,0,3865.45
APP0006056,CUST005694,2025-08-13 13:03:49,2976.31,635,1,1,1,1,2917.08
APP0006057,CUST005818,2026-04-14 21:53:41,11628.49,603,1,1,0,0,0.0
APP0006058,CUST010320,2025-05-25 00:01:55,2574.53,507,1,1,0,0,0.0
APP0006059,CUST002852,2026-06-25 11:44:25,15078.21,689,1,1,1,1,12235.45
APP0006060,CUST003242,2026-04-29 02:00:38,5745.59,633,0,0,0,0,0.0
APP0006061,CUST010580,2026-07-03 00:25:02,9050.93,560,1,1,1,1,8640.4
APP0006062,CUST004583,2026-04-10 12:03:08,7030.35,632,1,1,1,1,7014.93
APP0006063,CUST000780,2025-01-08 08:35:32,7177.23,540,1,1,0,0,0.0
APP0006064,CUST000060,2025-09-30 13:24:31,17423.03,701,1,1,0,0,0.0
APP0006065,CUST001535,2025-09-25 13:50:41,3182.42,729,1,1,1,0,2666.82
APP0006066,CUST006795,2026-08-02 13:34:37,9257.83,589,1,1,0,0,0.0
APP0006067,CUST011145,2025-07-30 06:53:54,9314.59,541,1,1,0,0,0.0
APP0006068,CUST000055,2025-08-02 06:57:17,6305.02,724,1,1,1,1,6282.06
APP0006069,CUST005754,2026-08-06 09:17:29,8135.69,587,1,0,0,0,0.0
APP0006070,CUST009367,2026-04-01 11:23:10,6160.92,550,1,1,0,0,0.0
APP0006071,CUST008397,2026-04-27 03:41:02,2919.62,572,1,1,0,0,0.0
APP0006072,CUST002421,2025-10-20 16:40:43,3797.93,645,1,1,1,0,3405.38
APP0006073,CUST002905,2025-12-12 14:02:33,4489.39,679,1,1,1,0,4017.04
APP0006074,CUST002225,2025-01-14 12:41:38,2706.76,608,1,1,0,0,0.0
APP0006075,CUST010677,2025-10-08 11:21:39,6975.64,692,0,0,0,0,0.0
APP0006076,CUST008342,2025-12-08 20:37:54,12503.43,609,1,1,0,0,0.0
APP0006077,CUST000119,2025-03-14 01:02:19,5148.93,665,0,0,0,0,0.0
APP0006078,CUST007241,2025-03-05 18:55:12,6983.28,719,1,1,0,0,0.0
APP0006079,CUST001466,2025-01-24 03:13:35,4705.91,538,1,1,0,0,0.0
APP0006080,CUST008218,2026-03-25 04:52:58,7713.03,667,1,1,0,0,0.0
APP0006081,CUST004207,2025-08-16 08:13:56,2603.74,648,1,1,1,1,2370.21
APP0006082,CUST008933,2026-03-15 18:16:30,3308.98,686,1,1,1,1,2679.52
APP0006083,CUST003335,2026-08-05 07:37:47,10038.64,584,1,1,1,0,7811.34
APP0006084,CUST005455,2026-05-19 11:33:55,1000.0,752,1,1,1,1,846.2
APP0006085,CUST002998,2026-03-17 11:48:29,5433.86,668,1,1,1,0,5178.47
APP0006086,CUST010164,2025-06-26 22:38:43,8287.21,562,1,1,0,0,0.0
APP0006087,CUST011011,2025-11-04 10:33:27,14796.98,543,1,1,0,0,0.0
APP0006088,CUST001855,2025-08-25 22:00:07,6442.39,569,1,1,1,1,6122.23
APP0006089,CUST000399,2025-08-08 00:24:15,4831.92,641,1,1,1,1,3942.1
APP0006090,CUST008194,2025-06-28 12:30:14,33474.47,642,1,1,1,1,29667.49
APP0006091,CUST006535,2025-09-05 16:45:44,1980.13,531,1,1,1,1,1643.8
APP0006092,CUST005122,2025-05-19 11:53:30,12176.29,517,0,0,0,0,0.0
APP0006093,CUST007013,2026-07-09 20:28:23,1000.0,582,0,0,0,0,0.0
APP0006094,CUST010904,2025-02-24 20:27:54,3811.33,695,1,1,1,1,3184.83
APP0006095,CUST001766,2025-10-27 20:19:21,10323.91,517,1,0,0,0,0.0
APP0006096,CUST010842,2025-06-30 04:59:02,7440.77,759,1,1,1,0,7075.22
APP0006097,CUST001646,2026-02-12 14:16:54,13595.67,570,1,1,1,1,10803.47
APP0006098,CUST006462,2025-09-12 18:37:48,3511.41,557,1,1,1,0,3020.03
APP0006099,CUST002650,2025-12-26 03:08:37,11104.1,603,1,1,0,0,0.0
APP0006100,CUST010705,2026-01-29 16:33:35,14022.83,682,1,1,1,1,13207.16
APP0006101,CUST003625,2026-05-20 15:24:21,1887.54,492,1,1,1,1,1674.16
APP0006102,CUST004077,2026-06-01 09:50:11,3650.3,721,1,1,1,1,3635.26
APP0006103,CUST011526,2025-04-05 16:15:50,3109.16,690,1,1,1,1,3069.24
APP0006104,CUST006021,2025-11-09 17:03:53,5650.05,622,1,1,1,1,4899.17
APP0006105,CUST010327,2026-08-26 13:48:27,6468.97,543,0,0,0,0,0.0
APP0006106,CUST006007,2025-08-26 22:28:21,8130.17,635,1,1,1,1,7033.79
APP0006107,CUST009579,2026-06-04 08:20:15,8756.67,602,0,0,0,0,0.0
APP0006108,CUST009433,2025-11-16 14:41:02,4623.4,658,1,1,0,0,0.0
APP0006109,CUST000991,2025-12-24 11:29:14,2284.04,671,1,0,0,0,0.0
APP0006110,CUST010105,2025-01-13 17:32:31,2079.24,674,1,1,1,1,1616.72
APP0006111,CUST003065,2026-05-07 08:28:31,15074.54,538,1,1,0,0,0.0
APP0006112,CUST002993,2026-02-04 11:59:34,5329.29,614,1,1,1,1,4768.39
APP0006113,CUST010679,2025-12-08 13:23:04,6569.87,600,0,0,0,0,0.0
APP0006114,CUST001120,2025-02-19 23:20:20,5626.36,573,0,0,0,0,0.0
APP0006115,CUST008450,2026-01-09 19:40:43,3023.89,653,1,1,1,1,2756.81
APP0006116,CUST002991,2025-02-14 01:15:54,4600.84,586,1,1,0,0,0.0
APP0006117,CUST000924,2025-10-27 12:32:34,8400.46,623,1,0,0,0,0.0
APP0006118,CUST002214,2026-03-22 15:25:55,5725.66,563,1,0,0,0,0.0
APP0006119,CUST009861,2026-03-26 06:37:53,3912.76,685,1,1,1,1,3882.73
APP0006120,CUST007790,2025-12-24 11:04:16,11917.26,478,1,0,0,0,0.0
APP0006121,CUST003701,2025-02-24 23:17:50,3493.76,530,1,1,1,0,2992.82
APP0006122,CUST001932,2026-07-26 22:20:59,6487.01,711,1,1,1,1,6145.81
APP0006123,CUST004224,2025-11-05 01:57:33,3924.86,746,1,1,0,0,0.0
APP0006124,CUST008488,2025-08-11 07:42:56,5372.01,627,1,1,1,0,4036.04
APP0006125,CUST009064,2025-01-10 00:37:29,8060.0,619,1,1,1,1,6195.51
APP0006126,CUST006181,2026-02-22 13:17:15,9968.2,726,0,0,0,0,0.0
APP0006127,CUST005597,2026-06-19 20:35:37,9647.91,588,0,0,0,0,0.0
APP0006128,CUST002247,2025-05-19 12:03:55,10543.54,800,1,1,1,1,9178.53
APP0006129,CUST002590,2026-01-09 07:40:11,3132.87,718,1,1,1,1,2427.38
APP0006130,CUST001030,2026-03-10 22:20:57,15799.29,661,1,1,0,0,0.0
APP0006131,CUST001010,2025-03-20 13:06:32,13801.96,608,1,1,1,0,10698.68
APP0006132,CUST004036,2026-07-16 10:48:42,3994.55,654,1,1,1,1,3342.84
APP0006133,CUST004722,2026-04-16 05:52:56,5333.55,536,1,1,0,0,0.0
APP0006134,CUST002629,2025-12-27 13:49:49,7156.68,532,1,1,1,1,6565.8
APP0006135,CUST003272,2026-01-07 05:12:03,2820.36,596,1,1,0,0,0.0
APP0006136,CUST009751,2026-08-27 11:11:18,2990.63,651,0,0,0,0,0.0
APP0006137,CUST006211,2026-06-01 09:47:46,7404.09,601,1,1,1,1,6697.98
APP0006138,CUST001258,2026-03-08 12:57:28,9256.42,641,1,1,1,0,7551.94
APP0006139,CUST010622,2026-06-07 04:49:13,4686.82,595,1,1,1,1,3827.43
APP0006140,CUST010454,2025-02-04 20:58:30,2752.57,554,1,1,0,0,0.0
APP0006141,CUST006474,2025-01-05 08:04:17,5179.2,738,1,1,1,1,4430.51
APP0006142,CUST007048,2026-02-28 04:33:16,5137.4,753,1,1,1,1,4901.54
APP0006143,CUST006239,2025-09-14 12:30:50,11389.04,577,1,1,0,0,0.0
APP0006144,CUST006886,2026-08-30 21:28:33,4477.59,672,1,1,1,1,4092.64
APP0006145,CUST003619,2026-04-24 07:59:03,7194.28,628,1,0,0,0,0.0
APP0006146,CUST001368,2025-01-18 14:07:05,3159.31,573,0,0,0,0,0.0
APP0006147,CUST009730,2025-04-05 17:24:01,10582.22,525,1,1,1,1,8445.35
APP0006148,CUST007117,2025-01-22 22:05:00,3646.8,635,1,0,0,0,0.0
APP0006149,CUST005182,2025-09-03 20:29:26,12264.09,573,1,1,0,0,0.0
APP0006150,CUST004062,2025-10-04 04:57:23,10867.48,695,1,1,1,1,8487.61
APP0006151,CUST011255,2025-01-14 01:47:57,15758.97,716,1,1,1,0,13119.01
APP0006152,CUST006579,2026-07-07 15:07:24,6920.93,612,1,1,1,1,6501.57
APP0006153,CUST010076,2025-10-28 19:23:34,8143.71,644,1,1,1,1,7249.2
APP0006154,CUST008067,2025-06-05 12:43:19,4489.42,641,0,0,0,0,0.0
APP0006155,CUST007690,2026-02-12 07:03:50,4803.95,718,1,1,0,0,0.0
APP0006156,CUST000831,2026-01-23 22:05:53,4799.34,680,1,1,0,0,0.0
APP0006157,CUST000566,2026-05-22 13:34:53,3753.37,767,1,1,1,1,3737.89
APP0006158,CUST008246,2025-05-22 17:27:00,8625.67,606,1,1,1,1,7298.58
APP0006159,CUST009828,2026-07-10 16:20:35,6290.12,524,1,0,0,0,0.0
APP0006160,CUST002770,2026-04-28 21:46:15,5383.31,513,1,0,0,0,0.0
APP0006161,CUST002558,2025-08-30 11:29:01,3174.63,663,1,1,1,1,2678.56
APP0006162,CUST002525,2026-01-29 06:46:58,7578.67,506,1,1,0,0,0.0
APP0006163,CUST006890,2026-08-24 18:23:09,1764.17,733,1,1,1,0,1363.25
APP0006164,CUST011104,2026-02-05 05:11:57,12406.81,439,1,1,0,0,0.0
APP0006165,CUST008007,2026-01-31 06:33:04,4895.66,586,0,0,0,0,0.0
APP0006166,CUST001148,2026-01-01 21:09:17,6746.25,587,0,0,0,0,0.0
APP0006167,CUST011621,2025-03-14 15:10:19,5876.46,508,1,1,1,0,5821.47
APP0006168,CUST004884,2026-06-13 04:59:32,5012.47,594,1,0,0,0,0.0
APP0006169,CUST004674,2025-06-30 03:56:29,13273.43,614,1,1,1,1,10787.75
APP0006170,CUST006617,2025-06-22 12:11:09,8368.34,558,0,0,0,0,0.0
APP0006171,CUST011921,2026-06-09 07:58:50,4321.57,710,1,1,1,1,4231.84
APP0006172,CUST008815,2025-08-29 08:57:02,22931.87,690,1,1,1,1,18367.64
APP0006173,CUST001636,2025-09-05 15:47:59,8345.68,557,1,1,0,0,0.0
APP0006174,CUST003296,2026-08-04 17:54:33,2192.79,669,1,1,1,1,2140.49
APP0006175,CUST000646,2025-06-24 06:51:37,1680.61,633,1,0,0,0,0.0
APP0006176,CUST011700,2025-10-31 13:13:18,2155.41,568,1,1,0,0,0.0
APP0006177,CUST003579,2025-02-21 08:07:56,6928.51,726,1,1,1,1,5343.57
APP0006178,CUST006473,2026-01-02 12:33:26,6887.87,652,1,1,1,1,5814.35
APP0006179,CUST002544,2025-09-26 20:18:56,8345.86,456,1,1,0,0,0.0
APP0006180,CUST007496,2025-10-21 02:35:13,6643.23,374,1,1,1,1,5917.43
APP0006181,CUST001730,2025-05-31 02:47:23,9585.52,723,1,1,1,1,8003.57
APP0006182,CUST011158,2025-11-20 14:57:48,8043.16,517,1,1,1,1,6971.47
APP0006183,CUST011069,2026-05-07 03:57:08,3956.02,618,1,1,1,1,3895.4
APP0006184,CUST002105,2025-06-30 14:34:21,7188.32,615,1,1,1,1,6140.08
APP0006185,CUST002074,2025-01-18 17:39:21,3243.44,740,1,1,0,0,0.0
APP0006186,CUST000055,2025-11-10 01:34:42,6219.34,729,1,1,1,0,5576.83
APP0006187,CUST003156,2026-03-30 16:19:09,7675.63,588,1,1,1,1,6893.58
APP0006188,CUST011710,2026-03-28 05:57:42,7628.8,640,1,1,1,1,6421.1
APP0006189,CUST007882,2025-02-03 10:54:33,6806.75,634,1,0,0,0,0.0
APP0006190,CUST002959,2026-04-01 01:42:26,6964.05,581,1,1,1,1,6264.27
APP0006191,CUST009776,2025-01-30 18:42:27,7572.37,619,1,1,0,0,0.0
APP0006192,CUST007410,2025-12-25 01:39:18,2717.8,574,1,1,1,0,2406.34
APP0006193,CUST006197,2025-10-27 03:50:29,8607.32,595,0,0,0,0,0.0
APP0006194,CUST008335,2025-07-18 03:53:51,5872.81,708,1,1,1,1,5519.9
APP0006195,CUST008242,2025-03-11 01:52:09,4795.66,615,1,1,0,0,0.0
APP0006196,CUST004883,2026-02-18 21:56:12,20815.1,628,1,1,1,1,18035.69
APP0006197,CUST005816,2026-02-23 03:04:29,10263.77,641,1,1,1,1,8410.51
APP0006198,CUST011257,2025-10-09 09:28:59,5217.98,665,1,1,1,1,4579.69
APP0006199,CUST001101,2026-06-28 00:15:08,1350.32,529,1,1,1,1,1171.55
APP0006200,CUST006580,2025-02-25 08:59:15,4850.45,669,0,0,0,0,0.0
APP0006201,CUST003623,2026-06-04 13:35:02,3715.48,568,1,1,0,0,0.0
APP0006202,CUST008321,2026-04-24 18:46:26,18218.16,555,1,1,0,0,0.0
APP0006203,CUST007002,2026-07-08 10:09:15,9883.39,631,1,1,1,1,7688.92
APP0006204,CUST008332,2025-01-06 13:57:59,2402.48,617,0,0,0,0,0.0
APP0006205,CUST002100,2025-08-19 21:52:09,10248.88,604,1,1,0,0,0.0
APP0006206,CUST000868,2025-05-28 21:49:48,3183.99,659,1,1,1,0,3065.59
APP0006207,CUST004909,2025-10-10 01:47:02,6455.27,625,1,1,0,0,0.0
APP0006208,CUST005898,2025-12-24 00:43:34,16686.22,573,1,1,1,1,13781.65
APP0006209,CUST006033,2026-08-24 08:52:27,2920.51,727,1,1,1,1,2212.41
APP0006210,CUST000942,2026-05-07 12:15:13,3071.02,607,1,0,0,0,0.0
APP0006211,CUST007140,2026-03-14 17:12:38,2258.0,605,1,1,0,0,0.0
APP0006212,CUST009913,2025-02-01 10:13:32,36763.33,681,1,1,0,0,0.0
APP0006213,CUST005218,2026-02-20 01:42:43,7165.74,426,1,0,0,0,0.0
APP0006214,CUST007736,2025-10-11 07:44:40,10012.16,645,0,0,0,0,0.0
APP0006215,CUST010713,2025-02-12 14:08:37,1648.59,578,1,1,0,0,0.0
APP0006216,CUST010155,2026-08-17 09:17:19,26156.01,694,0,0,0,0,0.0
APP0006217,CUST011154,2025-09-17 12:21:45,10956.31,686,1,1,1,1,9888.41
APP0006218,CUST011528,2026-06-17 07:55:17,10129.91,652,1,1,1,1,7968.52
APP0006219,CUST008512,2025-09-05 09:08:21,3388.67,682,1,1,1,1,3325.04
APP0006220,CUST006439,2026-04-13 13:16:07,6304.79,537,1,1,0,0,0.0
APP0006221,CUST004930,2025-10-29 15:18:53,1737.13,548,1,1,0,0,0.0
APP0006222,CUST007051,2025-07-10 05:04:57,5060.91,800,1,1,1,1,4533.7
APP0006223,CUST009751,2026-04-30 02:38:10,5512.4,668,1,1,0,0,0.0
APP0006224,CUST002366,2025-08-15 11:55:49,2528.37,633,0,0,0,0,0.0
APP0006225,CUST001682,2025-07-30 22:10:55,4286.63,758,1,1,1,1,3810.1
APP0006226,CUST008152,2026-07-01 07:13:30,5749.79,692,1,1,0,0,0.0
APP0006227,CUST011243,2026-05-02 15:23:03,4858.57,618,1,1,1,1,4759.71
APP0006228,CUST007899,2025-02-06 05:31:26,10350.46,618,1,1,1,0,8115.16
APP0006229,CUST002514,2026-08-26 16:34:37,9744.79,735,1,1,1,1,9292.57
APP0006230,CUST010325,2026-08-13 19:38:53,7725.51,674,1,1,1,1,7579.93
APP0006231,CUST009518,2025-06-21 18:09:05,20765.32,669,1,1,1,1,19495.75
APP0006232,CUST003767,2025-08-22 11:19:31,5720.43,692,1,0,0,0,0.0
APP0006233,CUST005893,2026-07-02 08:29:48,4465.51,589,1,0,0,0,0.0
APP0006234,CUST005520,2025-05-14 20:46:16,3338.94,526,1,1,1,1,2916.12
APP0006235,CUST009247,2026-04-23 23:06:17,10707.49,505,0,0,0,0,0.0
APP0006236,CUST006147,2025-01-02 12:02:22,4490.36,672,1,1,1,1,4055.17
APP0006237,CUST002182,2025-03-10 05:51:05,4063.24,679,1,0,0,0,0.0
APP0006238,CUST000540,2025-08-19 13:33:12,4737.33,633,1,0,0,0,0.0
APP0006239,CUST003971,2026-07-19 01:20:38,15970.69,550,1,1,1,1,14560.14
APP0006240,CUST006126,2026-06-21 12:36:09,6647.24,499,1,1,0,0,0.0
APP0006241,CUST008465,2026-02-05 08:55:51,4112.81,622,1,1,1,1,3556.59
APP0006242,CUST003925,2025-08-28 04:26:46,6094.21,770,1,1,1,1,4929.86
APP0006243,CUST006247,2026-01-18 09:54:39,11616.69,521,0,0,0,0,0.0
APP0006244,CUST004539,2025-01-03 00:29:13,2962.84,587,1,1,0,0,0.0
APP0006245,CUST009090,2026-01-21 08:20:50,10959.16,556,1,0,0,0,0.0
APP0006246,CUST008286,2026-06-29 01:08:56,5437.76,632,1,1,1,0,5152.01
APP0006247,CUST011408,2026-01-26 16:29:24,2567.01,608,1,1,1,1,2432.18
APP0006248,CUST011856,2025-06-14 17:37:14,8974.28,598,0,0,0,0,0.0
APP0006249,CUST007950,2026-07-02 21:48:04,1388.1,678,1,1,0,0,0.0
APP0006250,CUST008580,2026-05-13 23:27:26,18411.2,587,1,1,0,0,0.0
APP0006251,CUST006656,2025-04-26 17:21:36,9593.42,606,1,0,0,0,0.0
APP0006252,CUST010753,2026-02-05 13:54:01,10016.35,687,0,0,0,0,0.0
APP0006253,CUST008160,2026-01-21 07:23:50,7524.5,654,1,1,1,1,5719.35
APP0006254,CUST007823,2025-11-02 04:18:03,14403.07,648,1,1,1,1,11595.61
APP0006255,CUST005677,2026-01-10 21:53:48,3541.77,581,1,1,1,1,2736.15
APP0006256,CUST005498,2025-02-21 19:14:42,13938.36,531,1,1,1,1,13334.73
APP0006257,CUST004383,2025-09-16 06:35:36,7016.45,624,0,0,0,0,0.0
APP0006258,CUST004536,2025-05-08 20:34:46,10300.95,630,1,1,1,1,9577.75
APP0006259,CUST011092,2025-05-01 03:13:18,3960.34,571,1,1,1,1,3345.38
APP0006260,CUST005089,2025-09-21 22:57:42,5609.11,570,1,1,1,0,4423.96
APP0006261,CUST007381,2026-01-25 21:54:40,20223.12,586,0,0,0,0,0.0
APP0006262,CUST000413,2025-05-12 02:10:37,7298.74,620,1,1,1,1,6231.88
APP0006263,CUST005983,2025-08-25 22:30:17,2385.58,761,1,1,1,1,1877.41
APP0006264,CUST006952,2025-05-20 01:45:53,14229.22,644,0,0,0,0,0.0
APP0006265,CUST009531,2026-08-15 09:23:56,6876.24,548,0,0,0,0,0.0
APP0006266,CUST011132,2026-01-03 20:32:45,5412.97,571,1,1,0,0,0.0
APP0006267,CUST000616,2025-08-25 01:18:49,6576.42,695,1,1,0,0,0.0
APP0006268,CUST007474,2026-06-21 01:45:03,9217.56,662,1,1,1,1,7032.58
APP0006269,CUST002878,2026-05-29 22:31:35,4146.46,668,1,1,0,0,0.0
APP0006270,CUST009903,2025-01-18 06:33:05,18051.32,637,1,1,0,0,0.0
APP0006271,CUST010942,2025-12-17 09:13:03,1804.56,660,0,0,0,0,0.0
APP0006272,CUST004607,2026-01-29 13:14:13,1359.39,515,0,0,0,0,0.0
APP0006273,CUST007420,2026-08-03 07:40:19,4625.58,536,0,0,0,0,0.0
APP0006274,CUST009895,2025-02-06 23:01:44,6762.34,689,0,0,0,0,0.0
APP0006275,CUST010908,2025-04-24 05:31:03,3768.91,507,1,1,0,0,0.0
APP0006276,CUST008217,2025-04-09 00:58:04,6026.34,594,1,1,1,1,5330.21
APP0006277,CUST006120,2025-07-14 06:47:42,1819.06,577,0,0,0,0,0.0
APP0006278,CUST000304,2025-01-10 17:55:56,6928.06,722,1,1,0,0,0.0
APP0006279,CUST010715,2025-08-08 16:30:14,6481.08,535,1,1,0,0,0.0
APP0006280,CUST009141,2026-04-19 18:35:41,3417.68,713,1,1,1,1,2765.77
APP0006281,CUST004609,2026-06-21 13:09:31,2053.72,594,1,1,1,0,2052.62
APP0006282,CUST010461,2025-11-25 04:31:27,13335.69,581,1,0,0,0,0.0
APP0006283,CUST001575,2025-06-12 23:28:13,12692.44,629,1,1,0,0,0.0
APP0006284,CUST005641,2026-01-16 02:29:49,5720.94,668,1,1,1,1,4301.05
APP0006285,CUST003126,2025-12-07 03:40:57,6411.76,492,1,1,0,0,0.0
APP0006286,CUST007401,2025-05-01 07:38:09,9901.07,586,1,1,0,0,0.0
APP0006287,CUST000273,2025-07-25 02:43:14,6912.16,595,1,0,0,0,0.0
APP0006288,CUST002229,2026-04-22 10:59:09,1380.18,602,1,1,1,1,1317.63
APP0006289,CUST010483,2026-05-02 15:17:36,5499.33,556,1,1,0,0,0.0
APP0006290,CUST003253,2025-08-07 22:17:50,3461.66,585,0,0,0,0,0.0
APP0006291,CUST007329,2025-11-27 02:33:09,3902.84,640,1,1,0,0,0.0
APP0006292,CUST004126,2025-02-22 19:55:19,4474.87,684,1,1,0,0,0.0
APP0006293,CUST008517,2025-12-19 15:27:06,8459.4,508,1,1,0,0,0.0
APP0006294,CUST009600,2025-12-15 23:53:08,4958.62,670,1,1,1,1,4052.51
APP0006295,CUST005141,2026-02-25 05:17:39,8479.54,556,0,0,0,0,0.0
APP0006296,CUST004822,2025-12-05 12:26:27,3234.82,755,1,1,1,1,2503.36
APP0006297,CUST007969,2026-08-03 08:09:37,4015.17,524,1,1,1,1,3430.52
APP0006298,CUST004331,2025-07-03 09:29:58,3581.64,644,1,1,1,1,3165.52
APP0006299,CUST007669,2026-03-22 00:58:48,10828.79,662,1,1,1,1,10619.83
APP0006300,CUST004339,2025-02-23 22:53:00,4532.13,571,0,0,0,0,0.0
APP0006301,CUST004928,2025-11-03 16:20:24,3675.4,459,1,1,0,0,0.0
APP0006302,CUST004594,2025-11-05 14:20:49,9449.66,642,1,0,0,0,0.0
APP0006303,CUST009304,2026-01-10 11:51:32,8578.09,698,1,1,0,0,0.0
APP0006304,CUST002446,2026-03-12 14:06:05,7371.8,512,1,1,0,0,0.0
APP0006305,CUST001406,2026-05-05 21:56:27,4358.46,675,0,0,0,0,0.0
APP0006306,CUST006151,2026-02-11 10:26:13,4349.98,719,0,0,0,0,0.0
APP0006307,CUST010057,2025-12-15 22:06:54,21507.22,748,1,1,0,0,0.0
APP0006308,CUST004680,2025-04-26 17:15:34,4198.37,652,1,1,1,1,3337.48
APP0006309,CUST009875,2026-05-10 07:17:46,6910.72,609,1,0,0,0,0.0
APP0006310,CUST011415,2026-08-08 04:16:45,3810.6,519,0,0,0,0,0.0
APP0006311,CUST002945,2025-10-29 14:19:39,4287.79,636,1,0,0,0,0.0
APP0006312,CUST009584,2025-12-11 06:05:31,5022.12,696,1,1,1,1,4203.79
APP0006313,CUST006816,2025-08-30 23:23:19,6538.75,678,1,1,0,0,0.0
APP0006314,CUST006459,2026-05-02 00:39:21,22678.77,633,1,1,0,0,0.0
APP0006315,CUST009169,2026-02-04 15:03:19,14303.01,648,1,1,0,0,0.0
APP0006316,CUST011450,2025-10-14 20:55:17,9536.94,688,1,1,1,1,9294.4
APP0006317,CUST002710,2025-04-03 19:19:10,9462.48,700,1,1,1,1,8552.31
APP0006318,CUST007915,2026-06-29 00:02:29,2497.13,678,1,1,1,1,2029.89
APP0006319,CUST002902,2025-08-11 13:39:40,1005.53,663,1,0,0,0,0.0
APP0006320,CUST005074,2026-03-31 20:55:47,15424.14,687,1,0,0,0,0.0
APP0006321,CUST003062,2025-05-13 08:58:27,5291.74,601,1,1,1,1,4619.9
APP0006322,CUST001209,2025-08-25 11:32:15,4334.9,675,1,1,0,0,0.0
APP0006323,CUST004119,2026-07-13 14:01:19,10405.76,637,1,1,0,0,0.0
APP0006324,CUST007203,2025-06-24 04:23:45,3189.46,637,1,1,1,1,2804.81
APP0006325,CUST010552,2025-06-29 11:41:13,8059.07,676,1,1,1,0,7884.62
APP0006326,CUST003948,2025-03-03 01:15:27,10116.18,510,1,1,1,1,8425.69
APP0006327,CUST011263,2026-07-18 08:47:24,1946.45,745,1,1,0,0,0.0
APP0006328,CUST001026,2026-03-29 12:26:14,6989.56,634,1,1,1,0,6324.91
APP0006329,CUST001884,2026-02-09 14:39:13,4886.63,689,1,1,1,1,4184.54
APP0006330,CUST008648,2026-04-07 02:42:37,5315.06,641,1,1,1,1,4669.49
APP0006331,CUST007846,2025-05-18 12:55:47,2736.67,549,1,0,0,0,0.0
APP0006332,CUST001743,2025-09-17 00:42:05,7504.74,493,0,0,0,0,0.0
APP0006333,CUST001677,2025-10-14 06:34:41,3863.59,699,1,1,1,1,3074.35
APP0006334,CUST000687,2025-03-28 02:32:19,1919.68,593,1,1,0,0,0.0
APP0006335,CUST002167,2025-07-11 00:53:23,6347.71,648,0,0,0,0,0.0
APP0006336,CUST008136,2025-12-03 03:07:26,1627.22,455,0,0,0,0,0.0
APP0006337,CUST008761,2026-08-03 08:17:58,4790.81,511,1,1,0,0,0.0
APP0006338,CUST010846,2026-08-08 12:14:08,6491.0,665,1,1,1,0,5980.16
APP0006339,CUST001755,2025-08-28 23:37:51,4010.34,624,1,1,0,0,0.0
APP0006340,CUST006214,2025-08-29 05:17:41,7050.42,537,0,0,0,0,0.0
APP0006341,CUST008317,2026-03-25 20:13:47,11892.79,625,0,0,0,0,0.0
APP0006342,CUST009571,2026-02-20 04:52:28,14304.65,615,0,0,0,0,0.0
APP0006343,CUST009304,2025-07-10 22:19:43,5138.96,650,1,1,1,1,4650.28
APP0006344,CUST008627,2025-03-20 19:21:55,2898.88,601,1,1,1,1,2807.18
APP0006345,CUST007619,2025-12-10 00:35:24,8242.26,506,1,1,1,0,7223.94
APP0006346,CUST002102,2025-02-01 08:38:26,5799.09,583,1,1,1,1,4741.27
APP0006347,CUST011302,2026-01-11 02:33:40,4372.19,404,1,1,0,0,0.0
APP0006348,CUST006108,2025-03-22 02:03:02,2751.08,644,0,0,0,0,0.0
APP0006349,CUST004653,2025-01-06 22:56:24,4267.05,622,1,1,1,1,4115.79
APP0006350,CUST000971,2025-01-29 18:54:27,3356.3,597,1,1,1,1,3251.27
APP0006351,CUST004755,2025-10-27 16:54:00,3058.38,658,1,0,0,0,0.0
APP0006352,CUST000613,2026-03-12 17:14:00,15247.39,618,1,1,1,1,14631.6
APP0006353,CUST009352,2025-05-23 14:07:20,2280.51,513,1,0,0,0,0.0
APP0006354,CUST001112,2025-05-14 12:17:59,11824.33,692,0,0,0,0,0.0
APP0006355,CUST008995,2025-02-25 03:10:38,2451.45,624,1,1,1,1,2259.37
APP0006356,CUST010232,2025-08-31 22:25:44,4558.12,581,1,1,1,1,3789.27
APP0006357,CUST000040,2025-09-21 05:55:18,9230.53,582,1,1,1,1,6977.92
APP0006358,CUST003978,2026-03-05 04:59:34,6774.2,526,1,1,0,0,0.0
APP0006359,CUST002720,2026-04-21 22:01:23,4410.49,627,1,1,0,0,0.0
APP0006360,CUST002110,2026-01-30 18:11:29,3383.7,562,1,1,0,0,0.0
APP0006361,CUST003090,2026-01-26 01:41:21,22469.95,578,1,1,0,0,0.0
APP0006362,CUST000956,2025-04-06 09:09:37,3346.92,559,1,1,1,1,3026.99
APP0006363,CUST002592,2026-08-07 17:17:30,4339.34,550,1,1,1,1,3708.21
APP0006364,CUST009039,2026-03-15 20:55:46,19384.46,599,1,1,0,0,0.0
APP0006365,CUST007097,2026-03-25 12:04:46,6783.06,702,1,1,1,1,6375.76
APP0006366,CUST000129,2025-12-08 07:29:15,5512.27,682,1,1,1,1,4696.54
APP0006367,CUST008476,2026-06-25 16:42:36,9602.53,606,1,0,0,0,0.0
APP0006368,CUST007349,2025-10-06 17:31:36,5426.73,620,1,1,1,1,4637.34
APP0006369,CUST005726,2026-06-12 18:26:49,1970.69,570,0,0,0,0,0.0
APP0006370,CUST011049,2025-01-14 16:07:06,3164.75,611,1,1,0,0,0.0
APP0006371,CUST005670,2026-03-10 00:24:12,3268.48,612,1,1,1,1,3231.68
APP0006372,CUST002861,2025-11-22 18:21:29,5530.52,556,1,1,0,0,0.0
APP0006373,CUST003302,2025-10-08 12:03:52,3298.97,645,1,1,1,1,3237.33
APP0006374,CUST010006,2026-06-10 11:08:49,5101.85,600,1,1,1,1,4891.55
APP0006375,CUST011902,2026-04-13 03:55:49,2287.32,515,1,1,0,0,0.0
APP0006376,CUST001413,2025-07-26 18:58:22,6630.9,558,1,1,0,0,0.0
APP0006377,CUST011430,2026-03-30 01:27:14,9865.8,546,1,1,0,0,0.0
APP0006378,CUST008592,2025-09-16 05:44:23,3789.44,560,1,1,0,0,0.0
APP0006379,CUST009640,2026-06-09 20:24:47,3984.86,583,1,1,0,0,0.0
APP0006380,CUST007373,2026-06-29 03:06:34,6804.17,645,1,1,0,0,0.0
APP0006381,CUST011996,2026-06-30 20:27:24,5954.43,686,1,1,1,1,5845.73
APP0006382,CUST000136,2025-06-02 10:13:13,4663.74,708,1,1,1,1,4372.68
APP0006383,CUST005640,2026-01-12 01:05:28,2611.99,641,1,0,0,0,0.0
APP0006384,CUST002035,2025-10-25 21:49:01,7861.24,633,1,1,0,0,0.0
APP0006385,CUST002739,2025-03-08 05:52:30,12398.9,705,1,1,1,1,10618.58
APP0006386,CUST001892,2025-02-23 18:30:47,3120.56,720,1,1,1,1,2494.87
APP0006387,CUST003502,2025-05-07 13:16:39,4210.03,541,0,0,0,0,0.0
APP0006388,CUST007105,2025-04-07 02:29:42,12269.03,514,0,0,0,0,0.0
APP0006389,CUST001631,2025-05-11 18:04:25,5173.48,502,1,1,1,1,3955.74
APP0006390,CUST003619,2025-09-17 12:33:00,6306.83,677,1,1,1,1,5589.47
APP0006391,CUST010379,2025-06-10 03:18:36,11966.03,535,1,1,1,0,11548.97
APP0006392,CUST009123,2025-11-09 23:53:11,5180.9,613,1,1,0,0,0.0
APP0006393,CUST007473,2025-05-11 21:34:01,10809.86,651,1,1,1,1,9491.21
APP0006394,CUST009426,2025-07-13 18:38:04,6869.17,513,0,0,0,0,0.0
APP0006395,CUST005007,2026-08-10 08:33:00,9122.54,698,1,1,0,0,0.0
APP0006396,CUST010753,2025-05-20 06:41:52,2272.29,608,0,0,0,0,0.0
APP0006397,CUST009571,2025-07-22 06:12:01,7003.34,713,1,0,0,0,0.0
APP0006398,CUST010949,2025-11-30 08:54:24,5677.26,668,1,1,0,0,0.0
APP0006399,CUST010525,2025-04-17 20:06:40,2556.01,660,1,1,1,1,2010.3
APP0006400,CUST002564,2025-03-30 17:00:54,8333.33,608,1,1,1,1,7513.64
APP0006401,CUST006901,2025-06-28 13:30:25,5867.45,643,1,1,1,0,5278.87
APP0006402,CUST010742,2026-02-04 13:53:12,1000.0,488,1,1,1,1,754.52
APP0006403,CUST006276,2026-08-01 21:04:34,7749.43,648,1,1,0,0,0.0
APP0006404,CUST005256,2026-07-15 05:28:53,5386.05,598,1,1,0,0,0.0
APP0006405,CUST009171,2025-05-06 03:32:44,2643.11,651,1,0,0,0,0.0
APP0006406,CUST011412,2025-04-21 01:08:03,3034.73,664,0,0,0,0,0.0
APP0006407,CUST003310,2025-08-28 15:23:55,3709.01,593,0,0,0,0,0.0
APP0006408,CUST010702,2025-12-16 01:53:10,1973.75,601,1,1,0,0,0.0
APP0006409,CUST001995,2026-02-19 09:25:19,7761.3,652,0,0,0,0,0.0
APP0006410,CUST011844,2025-05-01 22:58:51,5969.56,653,0,0,0,0,0.0
APP0006411,CUST008411,2025-02-16 08:53:55,13406.65,658,0,0,0,0,0.0
APP0006412,CUST006198,2025-12-13 16:37:05,2133.11,565,1,1,1,1,2075.7
APP0006413,CUST007161,2025-06-14 00:46:48,10377.76,663,1,1,1,1,8604.19
APP0006414,CUST007661,2025-01-29 06:42:06,3971.52,622,1,1,1,1,3184.63
APP0006415,CUST003410,2025-09-13 01:14:26,12388.55,715,1,1,1,1,10257.42
APP0006416,CUST004578,2025-02-26 22:00:20,7341.25,703,1,0,0,0,0.0
APP0006417,CUST004156,2025-11-29 14:38:13,3383.19,613,1,1,0,0,0.0
APP0006418,CUST003428,2026-05-21 22:10:02,2477.13,665,1,1,0,0,0.0
APP0006419,CUST000726,2026-01-17 20:43:17,10084.35,637,1,0,0,0,0.0
APP0006420,CUST006935,2025-05-18 07:07:59,16056.35,608,1,1,0,0,0.0
APP0006421,CUST002426,2026-04-11 09:00:20,5681.36,695,1,1,0,0,0.0
APP0006422,CUST009905,2025-09-06 21:20:48,24038.11,583,1,1,0,0,0.0
APP0006423,CUST005784,2026-04-09 21:36:09,13239.5,565,1,1,1,1,10358.68
APP0006424,CUST010246,2025-06-25 06:28:47,12690.95,659,1,1,0,0,0.0
APP0006425,CUST000024,2025-04-19 03:47:26,2208.84,617,1,1,1,1,2017.86
APP0006426,CUST003823,2025-09-04 03:17:21,3543.05,616,1,1,0,0,0.0
APP0006427,CUST003923,2026-08-14 20:08:17,1375.9,540,1,1,0,0,0.0
APP0006428,CUST001143,2026-01-27 04:38:31,8535.08,623,1,1,1,1,6596.72
APP0006429,CUST007565,2025-05-01 19:37:54,5056.31,660,1,1,1,1,4911.15
APP0006430,CUST009201,2025-09-05 03:33:32,7151.16,668,1,1,1,1,7045.56
APP0006431,CUST010336,2025-04-18 03:18:45,4935.41,700,1,1,0,0,0.0
APP0006432,CUST005979,2025-06-22 22:15:12,6572.83,535,1,1,0,0,0.0
APP0006433,CUST001086,2026-04-07 12:01:50,1866.81,674,1,1,1,0,1837.09
APP0006434,CUST006754,2026-08-19 21:18:51,4363.21,569,1,1,1,1,3647.63
APP0006435,CUST003599,2025-03-24 02:25:07,5328.6,603,0,0,0,0,0.0
APP0006436,CUST002341,2025-09-18 12:18:16,3317.4,622,1,1,0,0,0.0
APP0006437,CUST004091,2026-02-18 14:37:11,10782.25,623,1,1,1,1,8354.08
APP0006438,CUST010020,2025-05-28 00:49:49,3630.13,589,0,0,0,0,0.0
APP0006439,CUST001535,2025-11-09 14:22:28,4441.33,524,1,1,1,1,4159.1
APP0006440,CUST006776,2025-06-07 23:06:07,6579.45,626,1,1,1,0,5803.67
APP0006441,CUST003373,2025-08-15 00:25:36,8920.23,567,1,1,1,0,7964.18
APP0006442,CUST001558,2025-05-24 07:35:31,4403.91,536,1,1,0,0,0.0
APP0006443,CUST011047,2025-12-10 02:07:22,3257.41,428,0,0,0,0,0.0
APP0006444,CUST002226,2025-05-30 03:43:49,7206.45,542,1,1,1,1,5458.14
APP0006445,CUST005173,2025-07-04 19:14:52,5279.58,592,0,0,0,0,0.0
APP0006446,CUST008510,2025-05-19 10:49:42,5612.16,675,1,1,1,1,5388.24
APP0006447,CUST005460,2025-11-22 06:10:56,13245.37,600,1,1,1,1,10043.74
APP0006448,CUST009802,2026-01-28 04:11:07,4335.98,601,1,1,0,0,0.0
APP0006449,CUST002572,2025-07-06 14:09:02,4008.1,647,1,1,1,1,3665.18
APP0006450,CUST004058,2026-01-29 23:30:36,5912.87,596,1,1,0,0,0.0
APP0006451,CUST006125,2025-06-06 01:08:25,3126.4,728,1,1,1,1,2568.2
APP0006452,CUST011733,2025-05-30 08:38:20,2603.17,643,1,1,0,0,0.0
APP0006453,CUST000598,2026-04-23 13:03:55,6864.22,677,1,1,1,1,6712.99
APP0006454,CUST002857,2026-08-30 00:22:40,16672.67,553,1,1,1,1,14076.46
APP0006455,CUST008770,2025-12-20 14:08:19,23313.48,541,0,0,0,0,0.0
APP0006456,CUST011764,2025-03-30 22:06:05,3138.64,550,1,1,1,0,2861.82
APP0006457,CUST008015,2025-10-06 23:21:48,2415.27,650,1,1,1,1,1878.35
APP0006458,CUST000297,2025-11-14 23:24:10,7912.96,656,1,0,0,0,0.0
APP0006459,CUST011419,2025-06-26 04:06:16,5687.4,631,0,0,0,0,0.0
APP0006460,CUST011662,2026-04-04 02:31:50,6152.51,604,1,1,1,1,4771.46
APP0006461,CUST003148,2026-06-17 00:05:23,12087.76,705,1,1,1,0,11818.74
APP0006462,CUST005380,2026-06-14 06:22:28,3838.21,693,1,1,1,0,3447.45
APP0006463,CUST000355,2025-09-21 04:38:51,8737.15,520,0,0,0,0,0.0
APP0006464,CUST003518,2026-01-07 03:49:51,4969.04,606,1,1,0,0,0.0
APP0006465,CUST001895,2026-05-29 19:54:28,14389.74,571,0,0,0,0,0.0
APP0006466,CUST001086,2025-08-20 00:11:22,2788.88,585,1,1,0,0,0.0
APP0006467,CUST010697,2025-04-12 00:11:04,2102.16,620,1,1,1,1,2034.42
APP0006468,CUST008775,2026-07-29 17:18:34,5908.16,691,1,1,1,1,4837.05
APP0006469,CUST007602,2025-05-18 20:52:46,6969.0,591,1,1,0,0,0.0
APP0006470,CUST007960,2025-09-22 16:39:30,5621.94,678,1,1,1,1,4223.35
APP0006471,CUST000363,2025-10-07 12:42:19,8591.82,651,1,1,0,0,0.0
APP0006472,CUST007357,2025-02-25 00:11:55,3099.38,618,1,1,1,1,2664.98
APP0006473,CUST009774,2026-05-04 22:20:43,15767.11,570,1,1,0,0,0.0
APP0006474,CUST000273,2026-01-15 02:50:15,3844.98,478,0,0,0,0,0.0
APP0006475,CUST007326,2026-06-20 10:47:33,8862.96,564,1,1,0,0,0.0
APP0006476,CUST008722,2025-06-28 01:07:01,12601.98,632,0,0,0,0,0.0
APP0006477,CUST009309,2025-11-10 04:38:09,7430.37,579,1,1,1,1,6058.9
APP0006478,CUST006963,2026-06-22 16:33:47,2950.01,624,1,1,1,1,2877.42
APP0006479,CUST003011,2025-05-01 12:50:44,4031.92,587,0,0,0,0,0.0
APP0006480,CUST010091,2025-07-17 22:17:08,7253.95,562,1,1,1,1,5758.61
APP0006481,CUST006517,2026-08-13 07:33:48,19728.65,631,1,1,0,0,0.0
APP0006482,CUST002048,2026-05-24 12:55:20,8275.24,547,1,1,1,1,8037.46
APP0006483,CUST008772,2025-06-17 11:10:32,3945.98,618,1,1,0,0,0.0
APP0006484,CUST001176,2025-06-02 05:42:05,3645.5,570,1,1,1,0,2962.77
APP0006485,CUST007433,2026-02-28 11:09:17,6992.56,638,1,1,1,1,6393.32
APP0006486,CUST001685,2026-08-11 05:17:49,5331.95,545,1,1,1,1,4357.27
APP0006487,CUST002860,2025-11-28 07:11:05,2478.52,589,1,1,1,1,2326.27
APP0006488,CUST000965,2025-04-07 23:14:27,7019.95,663,1,1,0,0,0.0
APP0006489,CUST010095,2026-02-04 19:37:29,21550.52,723,1,1,1,1,19020.26
APP0006490,CUST005318,2026-04-20 21:49:00,6628.88,673,1,1,0,0,0.0
APP0006491,CUST004528,2026-01-11 06:35:14,30870.09,679,1,1,1,1,28575.79
APP0006492,CUST011683,2025-03-19 10:16:34,5013.3,542,1,0,0,0,0.0
APP0006493,CUST000468,2025-04-20 21:35:34,7250.12,466,1,1,0,0,0.0
APP0006494,CUST002525,2026-01-23 22:00:08,4740.0,708,1,1,0,0,0.0
APP0006495,CUST008284,2025-12-06 07:52:03,12753.03,659,1,1,0,0,0.0
APP0006496,CUST009770,2026-02-20 11:33:32,2355.6,556,0,0,0,0,0.0
APP0006497,CUST001179,2025-04-24 11:29:55,3254.8,403,1,1,0,0,0.0
APP0006498,CUST009878,2025-02-17 07:17:20,7442.76,584,1,1,1,1,7292.74
APP0006499,CUST001435,2025-07-19 07:55:50,6985.74,650,1,1,0,0,0.0
APP0006500,CUST007374,2025-03-07 20:43:03,5409.85,555,1,1,1,0,4897.74
APP0006501,CUST010298,2025-10-26 07:39:03,2395.75,560,1,1,0,0,0.0
APP0006502,CUST002018,2025-02-17 00:51:28,7488.92,743,1,1,1,1,6831.03
APP0006503,CUST001155,2025-11-06 00:11:34,5327.63,542,1,1,0,0,0.0
APP0006504,CUST000083,2026-04-12 14:13:02,9340.55,569,0,0,0,0,0.0
APP0006505,CUST002812,2025-07-14 12:33:17,15987.84,619,1,1,1,1,12896.94
APP0006506,CUST006847,2025-11-11 22:52:08,10463.85,665,1,1,1,1,8542.15
APP0006507,CUST003182,2026-05-28 18:42:29,2395.99,512,0,0,0,0,0.0
APP0006508,CUST002594,2025-03-10 16:50:23,3317.06,555,1,1,0,0,0.0
APP0006509,CUST011255,2026-03-27 10:16:02,11491.25,752,1,1,1,0,9216.45
APP0006510,CUST003064,2026-04-12 19:11:01,10502.24,611,1,1,0,0,0.0
APP0006511,CUST005783,2025-01-23 01:07:43,10498.96,692,1,1,0,0,0.0
APP0006512,CUST005390,2025-04-29 15:26:06,3527.4,613,1,1,1,1,3242.42
APP0006513,CUST001528,2025-05-22 00:03:26,7368.9,599,1,1,1,0,6489.8
APP0006514,CUST003403,2026-06-07 11:05:29,3999.61,561,1,1,1,1,3239.5
APP0006515,CUST003771,2025-06-09 17:32:34,5118.48,622,1,1,1,1,4222.14
APP0006516,CUST010322,2025-12-17 01:48:27,19357.11,640,1,1,1,1,14562.04
APP0006517,CUST006586,2026-03-30 16:57:18,10962.47,559,1,1,0,0,0.0
APP0006518,CUST007209,2025-01-02 17:05:26,12565.05,631,1,1,0,0,0.0
APP0006519,CUST004788,2026-03-04 15:42:46,15409.88,651,1,1,1,1,12886.95
APP0006520,CUST002972,2025-05-30 12:37:13,11304.82,594,0,0,0,0,0.0
APP0006521,CUST009896,2026-06-29 09:00:02,3131.38,705,1,1,1,1,2567.4
APP0006522,CUST011310,2025-12-13 06:07:00,7787.89,549,1,1,1,1,6210.28
APP0006523,CUST003471,2026-07-08 14:43:23,5627.27,767,1,1,0,0,0.0
APP0006524,CUST000841,2026-04-14 02:04:01,2695.89,760,1,1,0,0,0.0
APP0006525,CUST000828,2025-06-10 18:56:03,4275.14,637,1,1,1,0,3478.86
APP0006526,CUST008019,2026-05-03 23:54:32,3981.01,579,1,1,1,0,3125.3
APP0006527,CUST001980,2026-05-26 15:44:08,6621.48,621,1,1,1,1,6495.02
APP0006528,CUST007593,2025-02-21 01:44:51,21203.25,643,1,1,1,1,17297.67
APP0006529,CUST007717,2025-07-26 11:33:33,10643.3,665,1,1,1,1,8634.6
APP0006530,CUST000944,2026-02-28 05:05:59,3192.09,595,1,1,1,1,3011.34
APP0006531,CUST009009,2026-01-22 21:33:19,10959.89,557,0,0,0,0,0.0
APP0006532,CUST002829,2025-11-21 15:07:31,11773.56,744,1,1,0,0,0.0
APP0006533,CUST005523,2026-05-10 17:59:39,2225.74,589,1,1,1,1,2091.78
APP0006534,CUST010169,2026-01-18 19:17:19,16147.78,731,1,1,0,0,0.0
APP0006535,CUST001808,2025-03-15 17:02:23,10834.71,539,1,1,0,0,0.0
APP0006536,CUST006270,2026-04-15 23:22:28,19301.06,617,1,1,1,1,18025.46
APP0006537,CUST010568,2025-07-29 17:27:19,3567.43,583,1,1,0,0,0.0
APP0006538,CUST004514,2026-07-26 13:19:33,24510.47,487,1,0,0,0,0.0
APP0006539,CUST002799,2025-03-21 00:18:53,12209.63,586,1,0,0,0,0.0
APP0006540,CUST000191,2025-06-24 11:35:23,8201.04,543,0,0,0,0,0.0
APP0006541,CUST009516,2025-11-27 20:24:54,4958.06,578,1,1,1,1,4860.38
APP0006542,CUST000068,2026-06-06 05:22:57,4438.7,628,1,1,0,0,0.0
APP0006543,CUST011018,2025-09-21 12:41:17,10799.85,573,1,1,0,0,0.0
APP0006544,CUST000365,2025-09-20 18:19:18,11165.26,544,0,0,0,0,0.0
APP0006545,CUST008482,2026-01-12 21:02:53,1759.37,668,1,1,1,1,1630.58
APP0006546,CUST011071,2026-03-19 12:02:08,10125.13,622,0,0,0,0,0.0
APP0006547,CUST006720,2026-04-07 08:27:55,4169.27,543,0,0,0,0,0.0
APP0006548,CUST007981,2025-03-10 20:26:40,3416.44,724,1,1,1,1,2838.61
APP0006549,CUST007426,2026-05-18 09:29:15,2178.56,705,1,1,1,1,2095.5
APP0006550,CUST000416,2025-07-14 16:16:20,5939.32,613,1,1,1,0,5043.26
APP0006551,CUST006734,2026-02-25 18:05:15,3033.44,659,1,1,1,0,2533.56
APP0006552,CUST009963,2025-08-01 05:01:32,4539.33,630,1,0,0,0,0.0
APP0006553,CUST011753,2025-12-21 22:16:34,7633.32,609,1,1,1,1,6994.48
APP0006554,CUST010635,2025-07-30 02:39:28,2877.95,587,1,1,1,1,2282.24
APP0006555,CUST003156,2025-05-16 01:33:34,7668.2,620,1,1,0,0,0.0
APP0006556,CUST002876,2025-06-01 00:34:00,1725.67,600,1,1,1,1,1412.02
APP0006557,CUST011459,2026-01-24 13:20:14,7202.69,613,0,0,0,0,0.0
APP0006558,CUST001513,2026-05-30 22:19:26,4519.4,583,1,1,0,0,0.0
APP0006559,CUST002139,2025-03-10 11:19:08,9417.85,676,1,1,1,1,8611.31
APP0006560,CUST009233,2025-03-08 05:57:16,10120.14,592,1,1,0,0,0.0
APP0006561,CUST006101,2025-06-17 08:58:43,8072.36,757,1,0,0,0,0.0
APP0006562,CUST011763,2025-06-30 08:20:26,11167.01,664,1,1,1,1,8784.79
APP0006563,CUST003535,2025-11-09 23:28:42,8282.41,430,1,1,1,1,7131.44
APP0006564,CUST006097,2025-04-18 01:56:57,4107.54,583,1,1,1,1,3310.22
APP0006565,CUST007433,2026-03-21 02:14:04,9544.93,416,1,1,0,0,0.0
APP0006566,CUST001843,2025-11-06 01:29:59,12606.76,689,1,1,1,1,12047.05
APP0006567,CUST010039,2025-05-03 04:58:07,11123.59,571,0,0,0,0,0.0
APP0006568,CUST002511,2025-02-13 06:18:22,10319.68,615,1,1,1,0,8342.25
APP0006569,CUST010090,2025-03-01 15:32:13,8174.98,554,1,1,0,0,0.0
APP0006570,CUST005816,2026-02-21 23:29:41,7120.4,675,1,1,0,0,0.0
APP0006571,CUST002832,2025-11-18 21:41:08,9347.89,553,1,0,0,0,0.0
APP0006572,CUST003517,2025-03-09 04:42:16,5645.43,730,1,1,1,1,4939.94
APP0006573,CUST006690,2026-01-23 12:17:51,7014.22,531,0,0,0,0,0.0
APP0006574,CUST002894,2026-06-15 06:13:52,1967.82,568,1,1,1,1,1576.94
APP0006575,CUST011548,2025-01-26 17:10:52,6774.61,646,1,1,1,1,6161.5
APP0006576,CUST004144,2026-06-29 09:24:12,9389.17,622,0,0,0,0,0.0
APP0006577,CUST007715,2025-09-13 09:14:11,4972.35,470,0,0,0,0,0.0
APP0006578,CUST003663,2025-05-10 09:45:58,3569.63,504,1,1,1,1,2893.6
APP0006579,CUST007436,2025-12-06 13:27:59,1871.39,498,1,1,0,0,0.0
APP0006580,CUST001188,2025-12-18 06:57:51,40343.55,578,1,1,1,1,39479.63
APP0006581,CUST009993,2025-07-13 09:10:37,4024.84,643,1,1,1,1,3219.74
APP0006582,CUST002062,2025-12-26 12:23:54,2769.38,612,1,0,0,0,0.0
APP0006583,CUST002872,2025-01-28 15:47:34,6053.49,598,1,1,1,1,6023.45
APP0006584,CUST003179,2025-09-10 18:46:13,9904.67,621,1,1,0,0,0.0
APP0006585,CUST000697,2025-03-21 09:02:03,6590.22,659,1,1,1,1,5905.74
APP0006586,CUST007351,2025-09-16 02:54:14,10657.07,628,1,1,1,1,10640.44
APP0006587,CUST003618,2026-08-27 14:32:59,6564.59,713,1,1,1,0,5512.58
APP0006588,CUST003573,2025-07-30 22:57:00,5983.55,735,1,1,1,1,4719.07
APP0006589,CUST005522,2025-10-08 08:46:53,6559.12,623,1,1,1,1,5386.25
APP0006590,CUST004760,2026-03-14 07:50:02,1878.97,703,1,1,1,1,1543.07
APP0006591,CUST001433,2025-11-12 12:11:33,10825.77,581,1,1,1,1,8295.22
APP0006592,CUST010811,2026-05-12 12:06:04,6897.5,472,0,0,0,0,0.0
APP0006593,CUST003208,2026-03-14 22:10:32,2567.6,651,1,1,1,1,2379.34
APP0006594,CUST011236,2025-07-20 18:54:50,2645.05,592,1,1,1,1,2598.29
APP0006595,CUST003042,2026-05-28 07:24:32,5365.92,529,1,1,1,1,4568.63
APP0006596,CUST004019,2026-03-01 04:43:35,1538.68,568,1,1,0,0,0.0
APP0006597,CUST006210,2026-03-10 03:22:59,8899.43,800,1,0,0,0,0.0
APP0006598,CUST011590,2026-03-20 11:59:25,4551.82,616,1,0,0,0,0.0
APP0006599,CUST008610,2026-02-10 14:50:47,6453.41,640,1,1,1,1,6044.33
APP0006600,CUST009755,2025-10-08 10:21:54,9639.58,758,1,1,1,1,7674.04
APP0006601,CUST004185,2025-10-26 15:51:48,8451.4,688,1,0,0,0,0.0
APP0006602,CUST006691,2026-05-15 16:28:22,12673.18,529,1,1,1,1,12130.26
APP0006603,CUST000339,2025-05-07 14:26:18,6297.37,623,1,1,1,1,5295.85
APP0006604,CUST010456,2025-08-24 18:52:24,4550.18,595,1,1,1,1,3646.91
APP0006605,CUST008874,2025-09-23 14:19:24,4718.05,699,1,1,1,1,4647.85
APP0006606,CUST003699,2025-01-12 21:48:26,17098.58,527,0,0,0,0,0.0
APP0006607,CUST000208,2025-01-22 23:39:21,6649.48,584,1,1,1,1,5507.68
APP0006608,CUST008294,2025-01-02 19:45:23,12985.41,628,0,0,0,0,0.0
APP0006609,CUST010987,2025-11-11 07:17:48,5240.14,699,1,1,1,1,4301.17
APP0006610,CUST000910,2026-06-22 09:34:54,4985.37,542,0,0,0,0,0.0
APP0006611,CUST005966,2025-01-07 13:28:33,6275.24,597,1,1,1,0,5807.25
APP0006612,CUST008392,2025-03-02 09:11:45,4198.67,553,1,1,0,0,0.0
APP0006613,CUST008760,2025-05-19 17:06:09,6299.84,569,0,0,0,0,0.0
APP0006614,CUST001922,2026-07-30 16:38:12,3441.48,471,1,1,0,0,0.0
APP0006615,CUST003603,2026-08-09 12:03:03,3730.16,587,1,0,0,0,0.0
APP0006616,CUST007139,2025-09-07 23:03:16,18738.36,612,1,1,0,0,0.0
APP0006617,CUST005478,2025-01-26 03:37:20,6375.39,625,1,1,1,1,5182.39
APP0006618,CUST008331,2025-09-15 16:06:46,6323.26,456,1,1,0,0,0.0
APP0006619,CUST009764,2025-02-12 23:40:42,3233.71,652,1,1,0,0,0.0
APP0006620,CUST006440,2025-06-09 13:02:17,6451.21,679,1,1,1,1,5878.68
APP0006621,CUST004296,2025-11-10 07:42:01,2606.66,671,1,1,1,1,2258.78
APP0006622,CUST003008,2025-02-12 18:20:45,7521.96,661,1,1,1,1,5733.23
APP0006623,CUST000705,2026-04-12 21:53:13,5330.51,641,1,1,1,1,4836.83
APP0006624,CUST004762,2025-12-25 18:11:00,14746.11,692,1,1,1,1,11089.08
APP0006625,CUST003088,2026-01-13 17:28:37,5342.18,680,1,1,0,0,0.0
APP0006626,CUST002779,2025-06-17 05:44:05,3827.28,635,1,1,1,1,3504.52
APP0006627,CUST009769,2025-03-06 12:27:21,1846.0,587,0,0,0,0,0.0
APP0006628,CUST008228,2025-05-28 14:59:54,5344.88,682,1,1,0,0,0.0
APP0006629,CUST000702,2026-05-18 05:48:52,3762.09,550,1,0,0,0,0.0
APP0006630,CUST008177,2026-04-15 19:06:58,2914.75,665,1,1,0,0,0.0
APP0006631,CUST005740,2026-02-19 06:43:24,8009.55,674,1,1,1,1,7836.92
APP0006632,CUST002289,2026-06-21 19:06:36,7882.29,635,1,1,1,0,7097.17
APP0006633,CUST011389,2025-11-15 17:37:30,8270.98,578,1,1,0,0,0.0
APP0006634,CUST009703,2026-06-05 20:36:38,6775.32,570,0,0,0,0,0.0
APP0006635,CUST010923,2025-03-19 02:56:31,3411.87,504,0,0,0,0,0.0
APP0006636,CUST005370,2025-05-21 12:13:34,11225.15,635,1,1,1,1,10508.8
APP0006637,CUST004232,2025-06-20 09:52:46,4860.97,608,0,0,0,0,0.0
APP0006638,CUST006778,2025-10-13 06:18:52,10223.63,569,1,1,0,0,0.0
APP0006639,CUST010950,2025-01-15 11:58:50,5857.42,612,0,0,0,0,0.0
APP0006640,CUST010443,2026-03-08 11:13:54,12639.29,688,1,1,0,0,0.0
APP0006641,CUST002523,2025-08-26 12:12:19,9765.53,732,1,1,1,1,8468.62
APP0006642,CUST006765,2026-06-04 07:40:05,19245.14,588,1,1,1,1,14874.47
APP0006643,CUST010164,2025-09-21 03:57:24,5808.45,637,1,0,0,0,0.0
APP0006644,CUST006700,2025-04-22 21:58:08,9958.42,667,1,1,1,1,7654.55
APP0006645,CUST010321,2025-12-12 06:01:57,3830.07,616,1,1,1,1,3395.16
APP0006646,CUST006297,2026-04-08 22:00:52,7069.85,656,1,1,1,1,7065.71
APP0006647,CUST004215,2026-01-21 19:14:05,6707.4,655,1,1,0,0,0.0
APP0006648,CUST010216,2025-03-02 09:29:22,12876.22,800,1,1,1,1,11112.57
APP0006649,CUST010037,2026-07-08 23:59:13,3115.74,669,1,1,0,0,0.0
APP0006650,CUST000564,2026-07-12 17:53:35,11565.9,595,1,1,1,1,9671.91
APP0006651,CUST003014,2026-01-01 06:10:33,2395.91,655,1,1,0,0,0.0
APP0006652,CUST003515,2026-05-17 20:32:59,5534.16,597,1,1,0,0,0.0
APP0006653,CUST010882,2025-03-15 03:14:23,8350.15,620,1,1,1,1,6988.04
APP0006654,CUST006814,2026-07-16 15:58:55,5456.19,702,1,1,0,0,0.0
APP0006655,CUST003073,2026-04-01 03:40:44,10210.19,682,1,1,1,1,7781.27
APP0006656,CUST000504,2025-09-04 13:42:23,2585.26,667,0,0,0,0,0.0
APP0006657,CUST002419,2026-01-10 16:24:37,8733.38,723,1,1,1,1,6976.02
APP0006658,CUST004642,2026-06-11 19:58:43,3355.65,545,1,1,1,1,2782.13
APP0006659,CUST011348,2026-03-23 11:22:35,17273.83,599,0,0,0,0,0.0
APP0006660,CUST010041,2026-06-10 16:22:01,4055.32,724,0,0,0,0,0.0
APP0006661,CUST007876,2025-11-19 15:52:43,4953.42,599,1,1,0,0,0.0
APP0006662,CUST001564,2026-06-23 22:41:05,5109.35,574,0,0,0,0,0.0
APP0006663,CUST006363,2025-07-24 03:44:10,3692.78,604,1,1,0,0,0.0
APP0006664,CUST007831,2025-08-29 06:57:53,10288.41,522,1,1,0,0,0.0
APP0006665,CUST000165,2026-07-21 12:15:38,4815.49,552,1,1,0,0,0.0
APP0006666,CUST008616,2025-11-15 02:00:57,11167.65,634,1,1,1,0,10084.88
APP0006667,CUST005448,2025-01-26 04:41:24,10339.26,649,1,1,1,1,9123.33
APP0006668,CUST003373,2026-05-04 05:26:40,3500.07,740,1,1,1,1,3340.05
APP0006669,CUST010252,2026-02-20 21:25:36,10572.59,601,1,1,0,0,0.0
APP0006670,CUST002584,2026-07-24 18:18:05,4046.93,691,1,1,1,1,3375.73
APP0006671,CUST006246,2025-07-13 06:01:42,4485.55,457,1,1,0,0,0.0
APP0006672,CUST004837,2026-01-18 02:57:25,2189.29,640,1,1,0,0,0.0
APP0006673,CUST009245,2026-04-15 07:38:30,9692.42,654,1,1,0,0,0.0
APP0006674,CUST003788,2025-03-02 21:11:18,3248.29,657,1,1,1,1,2945.36
APP0006675,CUST009821,2025-08-12 05:02:58,2670.4,589,1,1,1,0,2127.71
APP0006676,CUST009695,2025-07-13 08:40:39,2676.98,728,1,1,1,1,2052.39
APP0006677,CUST003444,2025-05-22 10:01:43,6378.65,658,1,1,1,1,5936.88
APP0006678,CUST001869,2026-05-07 19:19:49,6685.66,527,0,0,0,0,0.0
APP0006679,CUST010795,2025-12-26 22:59:33,9091.81,570,1,0,0,0,0.0
APP0006680,CUST004965,2025-02-13 22:36:09,3967.99,599,1,1,0,0,0.0
APP0006681,CUST002401,2025-11-16 21:22:44,22474.72,623,1,1,1,1,21561.78
APP0006682,CUST004090,2025-05-07 03:53:45,25913.63,603,1,1,1,1,23571.42
APP0006683,CUST001449,2026-01-07 06:12:51,7212.93,663,1,1,1,1,5805.83
APP0006684,CUST000783,2025-01-03 18:35:34,3658.78,580,1,1,1,0,2971.66
APP0006685,CUST008031,2025-12-24 03:42:00,13645.75,638,0,0,0,0,0.0
APP0006686,CUST002925,2025-11-06 21:21:54,3311.96,506,1,1,1,1,3026.8
APP0006687,CUST005539,2025-02-26 18:56:08,12711.28,689,1,1,1,1,10593.72
APP0006688,CUST010736,2026-02-16 17:57:39,20279.59,744,1,1,1,1,19386.86
APP0006689,CUST008373,2025-10-28 14:13:30,5049.8,667,1,1,1,1,3966.82
APP0006690,CUST002424,2026-08-19 09:38:23,4386.06,780,1,0,0,0,0.0
APP0006691,CUST010030,2025-11-10 10:40:44,4666.49,577,1,1,1,1,4120.86
APP0006692,CUST000516,2025-09-23 09:48:51,5241.63,652,1,1,1,0,5104.08
APP0006693,CUST009751,2026-03-13 10:51:25,2570.54,537,1,0,0,0,0.0
APP0006694,CUST000331,2025-03-20 08:53:51,8619.69,671,1,1,1,1,7254.59
APP0006695,CUST003950,2026-05-31 00:39:19,17340.23,689,1,1,1,1,17267.51
APP0006696,CUST010115,2025-08-21 06:37:01,11260.29,671,1,1,0,0,0.0
APP0006697,CUST009084,2025-10-24 20:36:04,4347.03,660,1,1,0,0,0.0
APP0006698,CUST004781,2025-05-29 10:29:43,9180.91,704,1,1,1,1,7805.72
APP0006699,CUST011691,2026-03-01 07:29:48,13151.47,599,1,1,0,0,0.0
APP0006700,CUST003175,2026-02-28 01:37:40,11750.73,567,1,1,0,0,0.0
APP0006701,CUST000767,2025-02-05 09:44:17,5448.69,659,1,1,1,1,4702.64
APP0006702,CUST001742,2025-05-23 20:29:04,15094.49,598,1,1,1,1,13985.44
APP0006703,CUST008013,2025-07-23 11:11:00,5852.85,657,1,1,1,1,5140.13
APP0006704,CUST007356,2025-06-26 14:23:12,1207.02,663,1,1,1,1,1141.12
APP0006705,CUST000400,2026-01-27 15:32:47,1068.49,572,1,1,0,0,0.0
APP0006706,CUST008630,2026-02-20 00:41:17,3562.69,586,1,1,1,1,2867.81
APP0006707,CUST001763,2026-07-06 23:15:32,14801.6,439,0,0,0,0,0.0
APP0006708,CUST003561,2025-11-01 10:14:49,9154.78,624,1,1,1,1,8364.32
APP0006709,CUST009784,2025-05-30 21:03:42,7153.49,578,1,1,1,1,5801.97
APP0006710,CUST002200,2025-08-27 07:29:53,9170.95,661,1,1,0,0,0.0
APP0006711,CUST001957,2025-10-03 18:54:42,7362.52,613,1,1,0,0,0.0
APP0006712,CUST003811,2025-11-01 08:35:05,8683.76,781,1,1,1,0,8352.14
APP0006713,CUST010313,2025-05-24 04:34:24,6039.92,657,1,1,1,1,5202.73
APP0006714,CUST011071,2026-02-26 21:29:09,1918.25,648,1,1,0,0,0.0
APP0006715,CUST005479,2026-03-27 02:48:19,1733.86,750,1,1,1,0,1683.83
APP0006716,CUST000194,2026-07-28 21:16:46,6524.17,632,0,0,0,0,0.0
APP0006717,CUST008072,2026-03-21 13:57:08,5390.39,726,1,0,0,0,0.0
APP0006718,CUST009075,2026-04-26 12:59:18,8854.54,576,1,1,0,0,0.0
APP0006719,CUST001372,2025-06-04 02:33:47,10165.88,549,1,1,1,1,8726.06
APP0006720,CUST008968,2025-01-12 22:48:37,12487.96,670,1,1,1,1,11191.86
APP0006721,CUST009855,2026-02-02 22:10:26,10351.33,655,1,1,0,0,0.0
APP0006722,CUST010233,2026-04-29 10:28:40,5518.8,575,1,1,0,0,0.0
APP0006723,CUST005900,2025-08-24 15:28:17,5481.64,775,1,0,0,0,0.0
APP0006724,CUST010309,2025-04-30 12:29:41,5509.98,716,1,1,1,1,4516.5
APP0006725,CUST000707,2026-04-29 11:24:14,4758.05,615,1,1,0,0,0.0
APP0006726,CUST005672,2026-08-04 10:30:46,5048.75,646,1,1,0,0,0.0
APP0006727,CUST007480,2025-09-01 08:08:26,7557.39,578,1,1,0,0,0.0
APP0006728,CUST005767,2025-02-18 23:57:06,8105.58,654,1,1,1,1,6721.81
APP0006729,CUST004955,2025-09-29 21:12:32,5294.11,595,1,1,1,1,4644.07
APP0006730,CUST006918,2025-09-13 06:51:11,14654.53,615,1,1,1,1,14612.35
APP0006731,CUST007822,2026-07-07 13:23:25,1719.62,604,0,0,0,0,0.0
APP0006732,CUST002192,2026-06-24 08:52:13,4367.48,565,1,1,1,1,3673.5
APP0006733,CUST009084,2025-02-18 21:35:14,5374.07,560,1,1,0,0,0.0
APP0006734,CUST011478,2025-12-14 23:03:54,2446.74,663,1,0,0,0,0.0
APP0006735,CUST002879,2025-07-25 22:49:29,18170.02,654,1,1,1,1,15539.75
APP0006736,CUST006227,2026-07-22 18:53:35,7925.29,624,1,1,1,1,6365.0
APP0006737,CUST000534,2025-10-08 13:45:49,1695.18,677,1,1,1,1,1674.7
APP0006738,CUST001205,2026-06-16 12:44:38,7628.04,532,1,1,0,0,0.0
APP0006739,CUST010258,2026-03-29 10:18:09,5336.15,709,1,1,1,1,4002.54
APP0006740,CUST008385,2025-10-05 21:07:02,5100.41,655,1,1,1,1,4395.5
APP0006741,CUST003706,2025-04-26 01:41:30,3188.58,651,0,0,0,0,0.0
APP0006742,CUST000506,2026-06-17 04:25:57,10067.62,554,1,1,0,0,0.0
APP0006743,CUST007211,2025-04-05 18:39:01,5920.06,567,1,1,1,1,5022.79
APP0006744,CUST006156,2026-08-16 01:11:43,12808.51,717,1,1,0,0,0.0
APP0006745,CUST003656,2025-05-05 05:59:22,23926.94,646,1,1,1,1,19307.41
APP0006746,CUST008703,2026-03-25 10:56:27,4523.95,731,1,1,1,1,4439.32
APP0006747,CUST001981,2025-07-11 07:23:50,6711.39,704,1,0,0,0,0.0
APP0006748,CUST009096,2026-08-24 03:03:55,19846.72,629,1,1,0,0,0.0
APP0006749,CUST006816,2026-04-08 09:11:13,5817.19,625,1,1,1,0,5549.73
APP0006750,CUST007708,2026-04-05 05:15:27,6439.35,710,1,1,1,0,6011.11
APP0006751,CUST004802,2026-05-13 16:14:47,7164.6,673,1,1,1,1,6638.97
APP0006752,CUST003412,2025-04-18 23:27:52,12354.77,695,1,1,1,1,9477.31
APP0006753,CUST005262,2026-04-09 18:04:26,9631.99,648,0,0,0,0,0.0
APP0006754,CUST007925,2026-02-26 11:37:17,5402.48,691,1,1,1,0,4749.92
APP0006755,CUST010689,2026-02-17 15:43:16,3400.94,577,1,1,0,0,0.0
APP0006756,CUST006595,2025-04-05 01:38:34,6590.4,584,1,1,0,0,0.0
APP0006757,CUST001803,2025-06-10 14:34:12,4156.26,597,1,1,1,1,3972.49
APP0006758,CUST006152,2025-10-14 12:43:55,5570.75,627,1,1,1,1,4736.94
APP0006759,CUST001767,2025-10-18 05:06:24,13702.2,664,1,1,1,1,10399.65
APP0006760,CUST006823,2026-01-22 15:43:19,6353.73,719,1,1,0,0,0.0
APP0006761,CUST001026,2025-01-21 04:41:41,7225.58,693,1,1,0,0,0.0
APP0006762,CUST005715,2026-04-08 21:11:36,7129.13,539,1,1,0,0,0.0
APP0006763,CUST004199,2026-05-06 19:56:21,7914.84,642,1,1,1,1,7055.66
APP0006764,CUST007950,2025-12-04 10:51:25,9290.57,570,0,0,0,0,0.0
APP0006765,CUST004919,2026-08-28 19:08:39,6021.49,590,1,1,0,0,0.0
APP0006766,CUST007149,2026-02-06 11:56:58,5767.25,565,1,1,0,0,0.0
APP0006767,CUST001253,2026-04-24 05:56:12,22596.74,486,1,1,0,0,0.0
APP0006768,CUST009120,2026-04-01 03:40:49,1785.87,658,1,1,1,1,1544.35
APP0006769,CUST001198,2026-03-31 14:17:52,3989.62,635,1,1,0,0,0.0
APP0006770,CUST007394,2026-04-10 09:53:03,10060.11,653,1,1,1,1,9752.43
APP0006771,CUST010912,2026-04-06 09:25:21,2900.94,706,1,1,1,1,2635.17
APP0006772,CUST006606,2025-10-19 15:29:31,4417.42,668,1,1,1,1,4302.5
APP0006773,CUST007608,2026-01-30 08:55:02,5266.89,676,1,1,0,0,0.0
APP0006774,CUST001780,2025-09-26 01:17:51,17220.98,490,1,1,1,1,14110.58
APP0006775,CUST010954,2025-09-26 21:37:01,3842.23,647,1,1,1,0,3814.41
APP0006776,CUST001999,2025-08-06 15:53:55,7034.04,633,1,1,0,0,0.0
APP0006777,CUST006808,2025-02-11 13:46:48,3166.05,659,1,1,1,1,2396.82
APP0006778,CUST009314,2025-01-30 06:56:01,7431.13,635,1,1,1,0,6863.53
APP0006779,CUST007793,2026-06-02 13:48:20,3744.19,629,1,1,1,0,3060.84
APP0006780,CUST007547,2026-01-07 02:24:55,2753.3,632,1,0,0,0,0.0
APP0006781,CUST007197,2025-09-15 07:54:49,5981.29,765,1,1,1,1,5679.78
APP0006782,CUST003632,2026-03-31 20:05:58,6731.57,698,1,1,1,1,6537.02
APP0006783,CUST004082,2025-08-10 14:48:00,4084.14,659,1,1,1,1,3800.89
APP0006784,CUST003226,2026-08-14 09:05:34,2638.56,693,1,1,1,0,2143.31
APP0006785,CUST001366,2025-03-06 21:54:43,5050.03,637,1,1,1,0,5017.59
APP0006786,CUST000893,2026-04-02 20:07:41,7767.98,653,1,1,0,0,0.0
APP0006787,CUST000446,2025-04-14 20:37:45,14770.97,767,1,1,1,0,13531.14
APP0006788,CUST003004,2025-06-14 17:40:31,5492.05,701,1,1,1,1,5176.31
APP0006789,CUST005352,2025-10-03 10:19:47,4346.75,674,1,1,1,1,4342.9
APP0006790,CUST011633,2026-03-12 22:35:38,2595.93,604,0,0,0,0,0.0
APP0006791,CUST006006,2025-05-25 23:54:08,8997.73,603,1,1,1,1,8803.24
APP0006792,CUST006043,2025-06-25 21:12:53,4122.69,563,1,1,0,0,0.0
APP0006793,CUST008353,2025-09-10 07:57:45,4177.92,448,1,1,0,0,0.0
APP0006794,CUST009557,2025-05-31 13:45:20,3256.71,573,1,1,1,1,3011.5
APP0006795,CUST003973,2025-05-11 14:57:55,10683.86,655,1,1,0,0,0.0
APP0006796,CUST009025,2025-11-30 07:17:18,5917.76,742,1,1,1,1,5597.66
APP0006797,CUST007830,2025-03-31 17:12:59,7093.31,579,1,1,1,1,6099.45
APP0006798,CUST002030,2026-08-20 20:25:32,9245.91,591,0,0,0,0,0.0
APP0006799,CUST002302,2026-03-16 14:23:12,6706.55,800,1,1,0,0,0.0
APP0006800,CUST002716,2025-12-11 09:42:37,4281.4,441,1,1,0,0,0.0
APP0006801,CUST002957,2025-04-29 17:20:38,9196.26,560,1,1,0,0,0.0
APP0006802,CUST009753,2025-02-03 16:21:03,6556.93,665,1,0,0,0,0.0
APP0006803,CUST003610,2025-11-26 14:37:59,26406.11,735,1,1,1,1,24188.48
APP0006804,CUST006388,2025-05-22 01:17:36,34286.25,674,1,1,1,1,26315.84
APP0006805,CUST009318,2026-07-15 10:03:45,6195.45,634,1,0,0,0,0.0
APP0006806,CUST008746,2026-01-26 19:50:46,13110.88,641,0,0,0,0,0.0
APP0006807,CUST007776,2025-02-15 12:38:37,7927.6,713,1,1,1,0,6388.93
APP0006808,CUST002833,2025-12-29 09:53:41,1988.17,577,0,0,0,0,0.0
APP0006809,CUST002959,2025-04-24 23:57:31,3054.27,660,1,0,0,0,0.0
APP0006810,CUST011096,2026-08-11 10:19:33,2414.34,732,1,1,0,0,0.0
APP0006811,CUST004932,2026-05-13 07:33:56,4731.12,561,0,0,0,0,0.0
APP0006812,CUST008805,2025-04-27 00:42:30,8418.66,611,1,1,0,0,0.0
APP0006813,CUST000888,2025-10-29 21:59:34,6969.06,588,1,1,1,0,5462.02
APP0006814,CUST002325,2025-02-11 05:27:17,6826.64,515,1,1,1,1,5821.97
APP0006815,CUST008854,2025-05-09 15:44:31,8618.49,574,1,1,1,1,7111.53
APP0006816,CUST011839,2026-08-10 03:40:34,3474.6,649,1,1,1,1,2788.07
APP0006817,CUST001748,2025-07-16 20:06:38,18965.06,716,0,0,0,0,0.0
APP0006818,CUST004602,2025-10-17 05:33:52,4455.64,562,1,1,0,0,0.0
APP0006819,CUST009242,2025-02-18 12:38:45,25786.61,509,1,1,0,0,0.0
APP0006820,CUST003334,2025-10-08 15:59:55,6221.84,560,0,0,0,0,0.0
APP0006821,CUST008183,2026-05-25 10:33:45,2080.49,580,1,1,0,0,0.0
APP0006822,CUST011393,2026-05-26 16:03:14,1477.05,699,1,1,1,1,1152.43
APP0006823,CUST004168,2026-08-18 22:13:37,11213.36,568,1,1,1,0,10908.92
APP0006824,CUST007076,2026-06-30 10:16:04,4457.61,746,1,1,1,1,4155.68
APP0006825,CUST005787,2025-03-14 20:41:46,4699.87,718,1,1,1,1,3714.44
APP0006826,CUST001480,2026-06-08 16:00:52,12704.2,513,1,1,0,0,0.0
APP0006827,CUST008360,2026-01-10 14:45:41,3863.07,637,1,1,1,1,3718.7
APP0006828,CUST008720,2026-06-23 15:40:31,4990.18,546,1,1,1,1,4789.11
APP0006829,CUST010996,2025-06-30 15:02:07,11602.6,625,0,0,0,0,0.0
APP0006830,CUST004038,2025-04-16 22:32:12,2130.19,578,1,1,0,0,0.0
APP0006831,CUST008172,2025-03-16 18:10:21,4680.04,608,1,1,1,1,3707.1
APP0006832,CUST001699,2025-12-01 21:30:41,20612.51,616,1,0,0,0,0.0
APP0006833,CUST011987,2026-05-29 04:53:01,3828.2,624,1,1,0,0,0.0
APP0006834,CUST007595,2025-09-11 08:07:10,8234.12,626,1,1,0,0,0.0
APP0006835,CUST006803,2026-08-07 00:01:24,9455.47,643,1,1,1,1,8469.47
APP0006836,CUST011010,2026-07-11 10:49:58,5025.39,516,1,1,1,1,3785.14
APP0006837,CUST002154,2026-03-11 22:46:42,8459.32,583,1,0,0,0,0.0
APP0006838,CUST010354,2025-06-07 05:50:31,6199.77,688,1,1,1,1,5051.46
APP0006839,CUST010141,2025-12-08 11:16:49,9389.45,721,1,1,1,1,9295.05
APP0006840,CUST006298,2026-06-24 18:45:12,3177.14,643,1,1,1,1,3052.95
APP0006841,CUST000134,2025-03-01 13:15:44,8314.41,575,1,1,0,0,0.0
APP0006842,CUST005492,2025-02-11 23:28:07,2117.73,649,1,1,1,0,1931.5
APP0006843,CUST003988,2026-04-07 23:18:11,10181.41,492,1,1,1,1,8834.64
APP0006844,CUST011977,2025-10-08 19:53:11,5398.8,548,1,0,0,0,0.0
APP0006845,CUST006051,2026-05-08 13:35:27,7537.51,497,1,1,1,1,5740.51
APP0006846,CUST007824,2025-11-17 13:57:43,24004.02,536,0,0,0,0,0.0
APP0006847,CUST001813,2026-01-25 08:58:57,16162.17,558,1,1,0,0,0.0
APP0006848,CUST001626,2026-01-29 11:28:36,6597.96,643,1,1,0,0,0.0
APP0006849,CUST004386,2025-11-07 07:09:52,3173.65,622,1,1,0,0,0.0
APP0006850,CUST000081,2026-03-19 15:07:05,10011.62,649,1,1,1,1,9719.34
APP0006851,CUST002865,2025-04-17 00:56:53,21263.23,643,1,0,0,0,0.0
APP0006852,CUST011206,2026-01-12 15:13:41,8190.74,661,1,1,0,0,0.0
APP0006853,CUST009254,2025-07-16 02:49:54,2950.98,631,1,0,0,0,0.0
APP0006854,CUST008539,2026-01-31 16:36:34,12214.76,661,1,1,0,0,0.0
APP0006855,CUST001782,2026-07-21 20:18:32,13213.75,523,1,1,0,0,0.0
APP0006856,CUST010488,2026-02-14 19:15:18,6660.32,702,0,0,0,0,0.0
APP0006857,CUST011949,2025-01-13 14:37:42,2655.97,588,1,1,1,1,2324.12
APP0006858,CUST005786,2025-01-02 18:44:34,7535.67,683,1,1,1,0,7513.09
APP0006859,CUST003380,2025-09-28 16:29:16,12225.23,606,1,1,0,0,0.0
APP0006860,CUST000595,2026-02-26 23:47:13,6412.09,695,1,1,0,0,0.0
APP0006861,CUST004130,2026-07-13 10:41:39,13311.22,574,1,1,1,1,12155.76
APP0006862,CUST002107,2026-03-20 16:48:55,2087.5,632,1,1,1,1,1866.91
APP0006863,CUST002732,2025-04-24 01:01:16,7405.52,642,1,1,0,0,0.0
APP0006864,CUST000728,2025-05-16 03:42:04,3412.28,430,1,1,0,0,0.0
APP0006865,CUST008866,2026-04-19 17:19:12,7656.21,593,0,0,0,0,0.0
APP0006866,CUST006283,2025-07-28 03:18:17,6765.26,650,1,0,0,0,0.0
APP0006867,CUST011775,2025-03-10 13:35:49,6761.03,641,1,1,1,1,5592.6
APP0006868,CUST009763,2026-03-02 08:45:00,8095.65,668,1,1,1,1,6819.66
APP0006869,CUST006416,2026-05-03 08:35:08,8738.09,637,1,1,1,0,8562.17
APP0006870,CUST001824,2025-05-21 19:25:06,5812.37,627,1,1,0,0,0.0
APP0006871,CUST011166,2025-04-23 10:16:11,6883.01,693,1,1,1,1,5538.82
APP0006872,CUST001348,2025-07-19 04:00:40,5424.1,592,0,0,0,0,0.0
APP0006873,CUST009937,2025-07-21 03:35:25,21434.23,657,1,1,0,0,0.0
APP0006874,CUST010866,2025-02-12 11:24:40,7577.02,584,1,1,1,1,6851.78
APP0006875,CUST004286,2025-07-18 14:03:54,9257.76,504,1,1,0,0,0.0
APP0006876,CUST006623,2025-01-29 10:33:05,2350.93,460,0,0,0,0,0.0
APP0006877,CUST002921,2026-08-01 06:27:14,16762.35,617,1,1,1,1,13214.96
APP0006878,CUST003735,2025-04-13 08:04:26,5326.13,510,1,1,0,0,0.0
APP0006879,CUST010535,2026-06-23 06:38:11,11021.99,584,1,1,1,1,10691.52
APP0006880,CUST007351,2025-03-17 20:58:45,5346.1,538,1,1,0,0,0.0
APP0006881,CUST003388,2025-03-29 06:08:45,2528.7,461,1,1,1,1,2079.71
APP0006882,CUST006355,2026-06-24 01:19:16,5297.41,624,1,1,1,1,4743.59
APP0006883,CUST006417,2025-03-10 08:18:07,13940.08,459,1,1,0,0,0.0
APP0006884,CUST000945,2026-06-13 11:02:32,15934.93,622,1,0,0,0,0.0
APP0006885,CUST001268,2026-06-24 08:49:11,25039.44,732,1,1,1,1,19279.8
APP0006886,CUST000930,2026-01-04 01:54:36,10940.07,655,1,1,1,1,8543.1
APP0006887,CUST010019,2025-11-13 02:19:30,5578.88,682,1,1,1,1,4435.07
APP0006888,CUST007450,2025-12-13 01:00:58,14020.81,800,1,1,1,1,12297.14
APP0006889,CUST010599,2025-01-13 16:50:24,10625.7,652,1,1,1,1,10288.33
APP0006890,CUST001530,2025-11-16 23:03:20,13335.28,558,1,1,1,1,13058.28
APP0006891,CUST003810,2026-02-03 17:46:03,4414.17,509,1,1,0,0,0.0
APP0006892,CUST005376,2025-03-19 18:01:31,5813.98,687,1,1,1,0,4705.19
APP0006893,CUST005926,2025-11-19 02:57:11,6395.4,524,1,1,1,0,5247.14
APP0006894,CUST011088,2025-07-25 09:58:41,2446.93,612,1,1,0,0,0.0
APP0006895,CUST008179,2026-05-30 03:51:32,2389.3,630,1,1,0,0,0.0
APP0006896,CUST000709,2025-07-17 10:29:04,7526.9,705,1,1,0,0,0.0
APP0006897,CUST007840,2025-01-26 07:38:26,11674.46,426,1,1,0,0,0.0
APP0006898,CUST010782,2026-06-09 17:13:53,18085.27,624,1,1,1,1,14589.63
APP0006899,CUST004693,2025-12-28 08:00:09,1726.37,434,1,1,0,0,0.0
APP0006900,CUST006851,2026-05-16 19:19:55,4633.8,695,1,1,1,0,4626.13
APP0006901,CUST003157,2025-10-16 10:09:24,12979.8,418,1,1,1,1,10842.26
APP0006902,CUST003420,2025-10-14 17:56:57,5060.93,539,0,0,0,0,0.0
APP0006903,CUST003011,2025-05-07 13:47:24,2748.42,665,1,1,1,1,2731.6
APP0006904,CUST002490,2025-09-13 12:42:27,10007.67,678,1,1,1,1,8606.54
APP0006905,CUST004107,2026-03-04 02:30:30,10550.79,694,1,1,0,0,0.0
APP0006906,CUST005216,2026-06-18 17:14:42,5018.02,800,1,1,1,1,4042.05
APP0006907,CUST003438,2025-09-20 01:25:55,3388.86,690,1,1,1,1,2914.82
APP0006908,CUST008180,2025-11-22 09:31:41,12510.87,625,1,1,0,0,0.0
APP0006909,CUST000091,2026-06-16 03:47:44,1895.48,663,0,0,0,0,0.0
APP0006910,CUST002072,2025-03-19 06:52:18,16262.2,677,0,0,0,0,0.0
APP0006911,CUST006880,2026-07-24 20:59:34,14507.08,611,1,1,0,0,0.0
APP0006912,CUST010324,2026-08-07 03:32:34,3696.25,552,0,0,0,0,0.0
APP0006913,CUST003863,2026-01-05 22:24:19,4185.27,762,1,1,1,1,3486.03
APP0006914,CUST007013,2025-01-09 23:04:08,8008.92,709,1,1,1,1,6514.49
APP0006915,CUST006511,2026-04-28 07:20:59,14378.25,530,1,1,1,0,13520.51
APP0006916,CUST003147,2025-10-11 00:14:05,6792.33,557,1,1,1,1,6057.83
APP0006917,CUST004621,2025-04-26 06:22:32,4661.88,560,0,0,0,0,0.0
APP0006918,CUST001093,2025-09-15 20:12:13,5003.04,782,1,1,1,1,4117.51
APP0006919,CUST010243,2026-07-21 14:14:06,8241.5,684,1,1,1,1,8205.11
APP0006920,CUST004603,2025-06-15 22:25:03,3612.26,553,0,0,0,0,0.0
APP0006921,CUST003941,2026-05-15 16:29:04,6800.39,742,1,1,1,1,5118.54
APP0006922,CUST000180,2025-06-20 05:51:48,39019.06,596,0,0,0,0,0.0
APP0006923,CUST004381,2025-07-08 19:09:39,3598.82,696,1,1,1,1,3446.44
APP0006924,CUST002549,2025-02-22 18:18:59,8649.59,547,1,1,1,1,8343.45
APP0006925,CUST008756,2025-03-13 19:09:33,11628.01,600,0,0,0,0,0.0
APP0006926,CUST005670,2026-06-23 16:49:06,9935.57,572,1,1,1,1,8455.14
APP0006927,CUST010026,2025-01-24 15:54:18,8762.44,473,0,0,0,0,0.0
APP0006928,CUST000476,2025-01-03 19:49:51,23178.89,681,1,1,1,0,18244.22
APP0006929,CUST010587,2025-08-28 13:38:53,4503.59,611,1,1,1,1,4321.68
APP0006930,CUST008363,2026-05-27 12:25:20,1727.98,649,0,0,0,0,0.0
APP0006931,CUST009995,2025-07-13 16:10:41,2354.82,608,1,1,0,0,0.0
APP0006932,CUST003030,2025-01-24 08:29:24,2245.43,604,0,0,0,0,0.0
APP0006933,CUST011845,2026-08-11 15:47:28,6009.63,606,1,1,1,1,4744.27
APP0006934,CUST000125,2025-01-20 08:54:29,4276.98,542,1,1,1,1,3366.9
APP0006935,CUST008648,2026-04-12 12:08:57,1361.49,605,1,1,1,1,1092.96
APP0006936,CUST001830,2026-04-02 16:09:00,2663.05,581,1,1,1,1,2445.97
APP0006937,CUST006321,2025-09-11 19:15:09,6444.03,475,1,1,0,0,0.0
APP0006938,CUST008170,2026-06-15 12:59:53,16904.04,656,1,1,1,0,13016.12
APP0006939,CUST007649,2026-06-07 08:21:09,15492.88,591,1,1,1,1,12764.02
APP0006940,CUST009391,2025-09-08 22:28:08,12050.47,568,1,1,0,0,0.0
APP0006941,CUST002551,2025-10-30 12:03:39,11112.44,577,1,1,0,0,0.0
APP0006942,CUST008392,2026-07-31 12:56:06,50923.3,553,1,1,0,0,0.0
APP0006943,CUST005075,2025-01-13 17:09:25,5201.63,590,1,1,0,0,0.0
APP0006944,CUST001772,2026-01-11 15:49:25,3823.79,700,1,1,1,1,2992.54
APP0006945,CUST001151,2026-05-09 21:44:12,3845.96,662,1,1,0,0,0.0
APP0006946,CUST005913,2025-04-22 18:24:24,4496.55,562,0,0,0,0,0.0
APP0006947,CUST000994,2026-04-07 10:12:38,3962.96,575,0,0,0,0,0.0
APP0006948,CUST007776,2025-08-01 09:23:06,5862.58,596,0,0,0,0,0.0
APP0006949,CUST009916,2026-03-29 16:20:27,9094.25,715,1,1,0,0,0.0
APP0006950,CUST008787,2025-10-27 00:18:20,7480.18,627,1,1,1,1,7100.07
APP0006951,CUST003134,2025-01-13 11:52:07,4390.55,516,0,0,0,0,0.0
APP0006952,CUST010753,2025-12-10 13:46:48,4933.88,698,1,1,0,0,0.0
APP0006953,CUST004572,2025-01-31 04:33:31,2747.8,630,1,1,0,0,0.0
APP0006954,CUST008517,2025-07-21 17:06:52,6805.64,672,1,1,1,1,5304.62
APP0006955,CUST010430,2026-03-27 02:08:16,23297.94,556,1,1,1,1,19783.79
APP0006956,CUST007661,2026-03-19 15:29:24,8501.77,698,1,1,1,1,8364.06
APP0006957,CUST006302,2025-11-13 06:51:40,8134.81,581,1,1,0,0,0.0
APP0006958,CUST005101,2026-04-07 14:07:23,3174.25,601,1,1,0,0,0.0
APP0006959,CUST008515,2025-09-13 07:03:46,5880.91,631,1,1,1,1,4819.06
APP0006960,CUST006407,2025-03-15 07:10:10,7406.1,562,1,1,1,1,7144.93
APP0006961,CUST010506,2026-06-30 17:30:02,4024.18,637,0,0,0,0,0.0
APP0006962,CUST010102,2025-08-14 17:54:39,7386.77,634,0,0,0,0,0.0
APP0006963,CUST010458,2026-05-18 09:26:50,10216.42,661,1,1,1,1,9508.21
APP0006964,CUST007586,2025-04-25 02:54:07,3807.08,731,0,0,0,0,0.0
APP0006965,CUST009392,2025-01-06 05:12:59,5080.06,729,1,1,1,1,3852.64
APP0006966,CUST003282,2025-04-10 08:20:33,4792.22,628,1,1,1,1,4578.64
APP0006967,CUST008663,2025-03-25 08:03:19,4773.37,515,1,1,1,1,3712.59
APP0006968,CUST006691,2025-04-09 10:48:36,6315.12,699,1,1,1,1,5624.23
APP0006969,CUST009231,2026-04-04 01:28:34,8405.35,573,1,1,0,0,0.0
APP0006970,CUST001071,2025-03-27 16:37:43,8577.69,651,1,0,0,0,0.0
APP0006971,CUST009925,2026-04-24 00:46:04,5618.67,493,1,1,0,0,0.0
APP0006972,CUST003992,2026-02-17 08:42:06,3906.97,579,1,0,0,0,0.0
APP0006973,CUST005977,2026-07-03 14:34:07,4245.86,562,0,0,0,0,0.0
APP0006974,CUST008125,2025-10-04 23:46:36,10006.71,610,1,1,1,1,9025.03
APP0006975,CUST003778,2025-08-10 21:55:48,10132.58,691,1,1,1,1,7639.09
APP0006976,CUST006858,2025-08-17 13:11:40,3950.05,615,1,1,1,1,3501.05
APP0006977,CUST000239,2026-04-22 02:13:06,7029.82,556,1,1,0,0,0.0
APP0006978,CUST010054,2026-01-23 13:08:19,1553.37,558,1,1,1,1,1188.06
APP0006979,CUST004142,2025-10-11 17:43:40,5900.11,646,1,1,0,0,0.0
APP0006980,CUST001792,2025-10-22 11:11:35,6952.64,502,1,1,1,1,5798.75
APP0006981,CUST002043,2025-07-15 10:56:02,2076.23,677,1,1,0,0,0.0
APP0006982,CUST001477,2025-08-27 18:22:50,10034.76,659,1,1,1,1,8577.09
APP0006983,CUST011952,2025-11-10 07:51:32,6543.93,646,1,1,0,0,0.0
APP0006984,CUST000765,2026-06-23 13:51:06,5601.87,607,1,1,1,0,4673.02
APP0006985,CUST010608,2025-03-16 16:21:31,2486.77,584,1,1,1,1,2317.57
APP0006986,CUST002178,2025-11-20 13:03:17,4433.38,579,1,1,0,0,0.0
APP0006987,CUST000438,2025-10-10 02:56:34,4805.98,689,1,1,1,1,3782.75
APP0006988,CUST004167,2025-05-10 00:43:27,2894.77,633,1,1,1,1,2325.56
APP0006989,CUST010380,2025-06-25 18:46:43,10409.65,439,1,1,0,0,0.0
APP0006990,CUST010430,2025-07-11 13:49:11,16410.67,559,1,1,1,1,13753.0
APP0006991,CUST005342,2025-04-26 14:56:54,5518.25,384,0,0,0,0,0.0
APP0006992,CUST008469,2025-11-12 18:47:41,6094.51,654,0,0,0,0,0.0
APP0006993,CUST011047,2025-08-29 21:28:44,2438.98,606,1,1,1,1,2392.05
APP0006994,CUST000839,2025-03-13 11:42:19,4780.72,532,0,0,0,0,0.0
APP0006995,CUST009879,2025-05-05 16:28:24,5613.79,641,1,1,1,1,4646.7
APP0006996,CUST007350,2026-06-26 09:09:09,6412.33,644,1,1,1,1,5187.36
APP0006997,CUST004239,2026-08-15 19:22:51,2750.13,573,1,0,0,0,0.0
APP0006998,CUST009835,2026-02-11 01:30:38,10353.26,574,0,0,0,0,0.0
APP0006999,CUST006530,2025-07-29 10:48:49,3346.7,661,1,1,1,0,3299.1
APP0007000,CUST002910,2026-01-07 21:33:00,15685.64,657,1,1,1,1,14731.14
