customer_id,signup_date,segment,country,acquisition_channel
CUST000001,2022-05-30 05:27:44,Mass Market,Germany,Partner
CUST000002,2025-07-18 01:18:29,Mass Market,Netherlands,Organic
CUST000003,2024-12-30 10:38:45,Mass Market,Netherlands,Organic
CUST000004,2024-01-04 19:18:50,Mass Market,Austria,Paid
CUST000005,2023-12-26 00:02:07,SME,Germany,Referral
CUST000006,2025-12-06 13:49:02,Mass Market,Netherlands,Paid
CUST000007,2022-05-24 16:49:35,Mass Market,Netherlands,Branch
CUST000008,2025-03-11 23:59:03,Mass Market,Austria,Organic
CUST000009,2022-12-03 20:34:10,Mass Market,Netherlands,Paid
CUST000010,2024-05-30 06:32:54,Affluent,Germany,Organic
CUST000011,2026-06-20 05:46:25,Mass Market,Germany,Paid
CUST000012,2025-05-15 04:16:16,Mass Market,Austria,Organic
CUST000013,2025-06-26 15:00:50,Mass Market,Netherlands,Organic
CUST000014,2025-04-14 14:55:41,Mass Market,Netherlands,Partner
CUST000015,2025-08-07 07:11:18,Mass Market,Netherlands,Partner
CUST000016,2024-05-08 02:45:21,SME,Netherlands,Organic
CUST000017,2022-08-03 04:56:37,Mass Market,Netherlands,Branch
CUST000018,2024-01-24 01:05:12,Mass Market,Austria,Partner
CUST000019,2024-04-16 14:07:17,Mass Market,Belgium,Paid
CUST000020,2023-09-12 23:22:59,Mass Market,Germany,Paid
CUST000021,2022-11-02 05:21:06,SME,Germany,Organic
CUST000022,2026-03-30 13:13:31,Affluent,Germany,Referral
CUST000023,2025-07-30 18:44:19,Mass Market,Germany,Paid
CUST000024,2024-12-12 13:01:10,Mass Market,Belgium,Organic
CUST000025,2023-11-04 20:05:00,Mass Market,Belgium,Organic
CUST000026,2025-10-07 15:46:40,Mass Market,Germany,Organic
CUST000027,2024-06-30 22:58:46,Mass Market,Germany,Paid
CUST000028,2024-01-12 09:19:29,Affluent,Germany,Partner
CUST000029,2024-01-24 04:02:27,Mass Market,Belgium,Branch
CUST000030,2023-01-15 22:38:07,Mass Market,France,Organic
CUST000031,2022-06-04 01:13:47,Affluent,Germany,Paid
CUST000032,2024-07-16 06:22:41,Affluent,Germany,Organic
CUST000033,2026-01-24 13:14:37,Mass Market,France,Paid
CUST000034,2022-04-17 16:51:31,Mass Market,France,Partner
CUST000035,2025-12-06 01:30:46,Mass Market,Belgium,Branch
CUST000036,2025-10-15 19:11:01,Affluent,Austria,Referral
CUST000037,2023-04-08 17:48:46,Mass Market,Germany,Organic
CUST000038,2024-11-22 03:25:44,Mass Market,Germany,Branch
CUST000039,2025-06-21 12:32:41,Mass Market,Germany,Referral
CUST000040,2025-03-17 06:35:08,Mass Market,Germany,Organic
CUST000041,2023-08-16 18:25:04,Mass Market,Germany,Branch
CUST000042,2022-04-24 13:29:37,Affluent,Germany,Partner
CUST000043,2026-06-12 00:10:13,Mass Market,Germany,Referral
CUST000044,2024-01-16 04:32:50,Mass Market,Belgium,Paid
CUST000045,2026-02-02 07:09:51,SME,Germany,Organic
CUST000046,2025-02-07 11:32:02,Mass Market,Belgium,Referral
CUST000047,2025-07-25 10:58:22,Mass Market,Germany,Paid
CUST000048,2025-06-24 13:14:41,Mass Market,Germany,Branch
CUST000049,2022-11-22 10:27:43,Mass Market,Germany,Organic
CUST000050,2023-09-01 10:49:16,Mass Market,Germany,Paid
CUST000051,2024-02-20 08:34:49,Mass Market,Germany,Referral
CUST000052,2024-04-12 07:22:44,Mass Market,Belgium,Partner
CUST000053,2022-03-15 05:45:27,Mass Market,Belgium,Paid
CUST000054,2024-07-02 20:44:27,Mass Market,Germany,Partner
CUST000055,2022-09-15 23:19:43,Affluent,Germany,Referral
CUST000056,2025-05-27 22:11:18,Mass Market,Germany,Partner
CUST000057,2025-02-16 01:23:18,Affluent,Netherlands,Paid
CUST000058,2026-03-23 11:11:49,Mass Market,Germany,Partner
CUST000059,2025-05-30 05:48:56,Mass Market,Germany,Paid
CUST000060,2023-09-06 00:38:11,Mass Market,Belgium,Referral
CUST000061,2026-06-06 16:13:49,Mass Market,Belgium,Partner
CUST000062,2023-11-18 22:36:10,Mass Market,France,Paid
CUST000063,2023-06-29 18:43:11,Mass Market,Germany,Organic
CUST000064,2026-02-23 01:20:21,Mass Market,Germany,Organic
CUST000065,2023-09-12 09:48:25,Mass Market,Germany,Paid
CUST000066,2022-05-08 15:29:57,Mass Market,France,Partner
CUST000067,2024-02-25 02:20:08,Mass Market,Netherlands,Referral
CUST000068,2025-08-23 09:02:45,Mass Market,Germany,Branch
CUST000069,2022-11-13 19:06:24,Mass Market,Belgium,Partner
CUST000070,2024-02-14 00:52:45,Mass Market,Germany,Partner
CUST000071,2022-08-06 05:29:24,Mass Market,Netherlands,Partner
CUST000072,2025-02-21 18:59:51,Mass Market,Germany,Paid
CUST000073,2024-03-06 09:05:14,Mass Market,Germany,Partner
CUST000074,2023-07-07 02:07:06,Mass Market,Germany,Paid
CUST000075,2023-01-15 09:25:06,Mass Market,Netherlands,Paid
CUST000076,2024-08-01 20:15:06,Affluent,Germany,Branch
CUST000077,2025-01-24 22:17:45,Mass Market,Germany,Partner
CUST000078,2026-04-22 04:36:10,Affluent,Netherlands,Organic
CUST000079,2024-01-01 22:01:55,Mass Market,Netherlands,Paid
CUST000080,2022-09-26 16:05:40,Mass Market,France,Branch
CUST000081,2025-10-24 05:42:38,Mass Market,France,Organic
CUST000082,2024-11-18 23:10:54,Mass Market,France,Branch
CUST000083,2025-03-16 20:14:16,Mass Market,France,Branch
CUST000084,2022-06-12 13:30:37,Affluent,Germany,Partner
CUST000085,2023-06-07 06:38:54,Mass Market,Germany,Paid
CUST000086,2025-07-07 20:02:26,Mass Market,Germany,Organic
CUST000087,2025-10-23 12:55:16,Mass Market,Germany,Organic
CUST000088,2023-12-29 16:22:27,Mass Market,Germany,Paid
CUST000089,2025-09-07 13:35:02,Affluent,Germany,Referral
CUST000090,2025-11-08 07:24:40,Mass Market,Germany,Branch
CUST000091,2023-10-10 20:43:56,Mass Market,Netherlands,Organic
CUST000092,2026-02-10 14:27:36,SME,Netherlands,Paid
CUST000093,2023-04-28 02:01:48,SME,France,Paid
CUST000094,2023-02-05 12:58:29,Mass Market,Austria,Paid
CUST000095,2025-02-15 03:10:46,Mass Market,Germany,Paid
CUST000096,2024-11-30 15:58:42,Affluent,Germany,Branch
CUST000097,2022-08-22 15:59:15,Mass Market,Germany,Paid
CUST000098,2025-10-24 08:03:36,Mass Market,France,Organic
CUST000099,2022-12-01 05:54:58,Mass Market,Germany,Partner
CUST000100,2025-09-07 18:59:29,Affluent,Belgium,Organic
CUST000101,2022-01-13 07:25:59,Affluent,Germany,Branch
CUST000102,2025-08-25 07:41:57,Mass Market,Germany,Branch
CUST000103,2025-08-08 17:42:05,Mass Market,France,Organic
CUST000104,2025-07-28 18:27:33,Mass Market,Germany,Partner
CUST000105,2025-01-16 15:08:06,Mass Market,Netherlands,Referral
CUST000106,2024-02-28 11:02:46,Affluent,France,Paid
CUST000107,2025-03-25 00:52:34,Mass Market,Netherlands,Paid
CUST000108,2023-04-09 08:20:11,Mass Market,France,Branch
CUST000109,2025-07-29 09:05:40,Affluent,Germany,Organic
CUST000110,2024-07-18 01:00:04,Mass Market,Germany,Paid
CUST000111,2024-02-07 07:22:20,Affluent,Netherlands,Organic
CUST000112,2024-04-25 08:58:03,Mass Market,Germany,Paid
CUST000113,2024-08-08 22:26:48,Affluent,Germany,Referral
CUST000114,2022-03-04 07:15:43,Mass Market,Germany,Partner
CUST000115,2022-08-22 17:46:26,Mass Market,France,Partner
CUST000116,2023-02-15 10:40:05,Mass Market,Germany,Organic
CUST000117,2022-07-11 11:51:46,Mass Market,Austria,Referral
CUST000118,2024-01-06 00:48:48,Mass Market,Germany,Organic
CUST000119,2025-01-22 13:40:26,Mass Market,Germany,Paid
CUST000120,2024-12-30 04:55:16,Mass Market,Germany,Organic
CUST000121,2024-02-27 16:08:54,Affluent,Germany,Paid
CUST000122,2025-11-30 16:39:01,Mass Market,Germany,Partner
CUST000123,2024-08-03 01:47:40,Mass Market,Netherlands,Paid
CUST000124,2022-05-13 10:02:00,Affluent,Germany,Paid
CUST000125,2025-07-03 01:52:26,Mass Market,Germany,Paid
CUST000126,2024-08-18 17:34:25,Affluent,Germany,Partner
CUST000127,2024-11-27 05:58:36,Mass Market,Germany,Paid
CUST000128,2024-08-03 07:18:02,Mass Market,Austria,Referral
CUST000129,2024-07-14 14:02:03,Mass Market,Germany,Organic
CUST000130,2022-06-01 10:14:58,Affluent,Netherlands,Organic
CUST000131,2024-07-23 23:51:53,Mass Market,Germany,Organic
CUST000132,2025-08-22 02:15:12,Mass Market,Germany,Organic
CUST000133,2023-05-24 04:54:34,SME,Belgium,Paid
CUST000134,2024-10-04 22:41:34,Mass Market,Germany,Organic
CUST000135,2023-08-05 00:26:52,Affluent,Belgium,Organic
CUST000136,2024-01-01 04:35:43,Affluent,Germany,Organic
CUST000137,2026-07-02 03:19:34,SME,Germany,Paid
CUST000138,2022-12-25 18:51:13,Affluent,Belgium,Partner
CUST000139,2023-04-08 09:19:53,SME,Germany,Paid
CUST000140,2023-11-15 01:26:14,Mass Market,Austria,Branch
CUST000141,2026-07-18 17:41:09,Affluent,Austria,Organic
CUST000142,2025-11-27 21:21:30,Affluent,Germany,Paid
CUST000143,2022-02-28 00:09:33,Mass Market,Germany,Organic
CUST000144,2023-01-27 03:31:25,Mass Market,Netherlands,Referral
CUST000145,2025-10-05 20:09:08,SME,Germany,Organic
CUST000146,2022-04-08 11:34:20,Mass Market,Netherlands,Branch
CUST000147,2023-04-16 11:22:22,Mass Market,Germany,Partner
CUST000148,2023-05-06 21:19:49,Mass Market,Germany,Partner
CUST000149,2023-12-28 04:15:53,Mass Market,Germany,Paid
CUST000150,2025-01-11 17:23:09,Affluent,Netherlands,Paid
CUST000151,2022-07-31 03:23:36,Mass Market,Netherlands,Organic
CUST000152,2024-07-20 08:35:10,Mass Market,France,Branch
CUST000153,2024-04-24 09:15:42,Affluent,Germany,Referral
CUST000154,2025-08-03 16:16:02,Mass Market,Germany,Organic
CUST000155,2026-07-24 11:46:40,Affluent,Germany,Organic
CUST000156,2025-01-15 17:34:25,Mass Market,Germany,Paid
CUST000157,2023-11-16 03:50:00,Affluent,Germany,Referral
CUST000158,2023-11-11 11:29:31,SME,France,Paid
CUST000159,2023-11-30 19:50:54,Mass Market,Germany,Partner
CUST000160,2025-09-23 01:00:35,Mass Market,Germany,Organic
CUST000161,2023-06-22 01:44:41,Mass Market,France,Branch
CUST000162,2022-10-07 04:17:21,Mass Market,Germany,Organic
CUST000163,2023-07-13 22:26:49,Affluent,Austria,Paid
CUST000164,2022-02-07 23:23:24,Mass Market,Germany,Branch
CUST000165,2022-06-27 11:17:22,Mass Market,Germany,Referral
CUST000166,2025-07-14 00:51:18,Mass Market,Belgium,Paid
CUST000167,2025-04-22 18:50:09,Mass Market,France,Referral
CUST000168,2025-03-11 00:01:06,Affluent,Netherlands,Organic
CUST000169,2024-02-12 06:12:34,Mass Market,Germany,Organic
CUST000170,2025-04-13 22:07:26,Mass Market,Germany,Organic
CUST000171,2022-09-27 15:30:50,Mass Market,France,Organic
CUST000172,2026-02-14 20:08:48,Affluent,Germany,Partner
CUST000173,2026-04-18 10:07:34,Mass Market,France,Paid
CUST000174,2022-09-12 15:58:48,Mass Market,Germany,Paid
CUST000175,2024-04-11 12:51:40,Mass Market,Germany,Referral
CUST000176,2025-03-10 05:56:38,Mass Market,Germany,Paid
CUST000177,2024-04-08 16:28:29,SME,Netherlands,Organic
CUST000178,2024-01-16 23:21:32,Mass Market,Germany,Paid
CUST000179,2022-10-05 21:50:20,Mass Market,Austria,Referral
CUST000180,2023-09-30 01:37:11,Affluent,Germany,Paid
CUST000181,2023-02-04 05:12:45,Mass Market,Germany,Branch
CUST000182,2023-05-20 03:04:37,Mass Market,Germany,Referral
CUST000183,2025-02-17 03:32:24,Mass Market,France,Referral
CUST000184,2024-11-19 19:58:47,Mass Market,Netherlands,Referral
CUST000185,2024-10-12 05:34:42,Affluent,Germany,Partner
CUST000186,2023-08-28 22:48:59,Affluent,Germany,Branch
CUST000187,2026-05-24 14:32:38,Affluent,Netherlands,Partner
CUST000188,2022-05-27 13:12:57,Affluent,Germany,Paid
CUST000189,2023-07-27 19:28:57,Mass Market,France,Organic
CUST000190,2023-07-21 17:08:13,Mass Market,Netherlands,Referral
CUST000191,2026-05-28 07:01:46,Mass Market,Germany,Paid
CUST000192,2023-09-05 09:25:23,SME,France,Referral
CUST000193,2026-02-28 03:31:33,Affluent,Netherlands,Branch
CUST000194,2024-04-07 17:59:41,Mass Market,Germany,Paid
CUST000195,2025-03-15 21:50:52,Mass Market,Germany,Paid
CUST000196,2024-02-04 19:14:55,Affluent,Germany,Organic
CUST000197,2023-03-21 12:49:47,Affluent,Netherlands,Paid
CUST000198,2025-07-01 18:59:58,Affluent,France,Partner
CUST000199,2026-06-09 11:06:34,Mass Market,Germany,Paid
CUST000200,2023-03-17 14:43:32,Mass Market,Germany,Paid
CUST000201,2025-07-26 01:42:58,Mass Market,Germany,Paid
CUST000202,2023-03-13 15:01:33,Mass Market,Germany,Organic
CUST000203,2025-04-13 15:22:10,SME,Germany,Organic
CUST000204,2025-08-12 05:15:19,Mass Market,Germany,Organic
CUST000205,2024-01-22 07:58:42,Mass Market,Germany,Referral
CUST000206,2025-05-17 03:06:34,Mass Market,France,Organic
CUST000207,2023-04-01 04:30:33,Mass Market,France,Organic
CUST000208,2022-05-13 12:17:06,Mass Market,Germany,Paid
CUST000209,2022-06-11 03:58:35,Mass Market,France,Partner
CUST000210,2024-01-18 10:10:04,Affluent,Germany,Referral
CUST000211,2026-02-18 03:37:44,Mass Market,Germany,Paid
CUST000212,2022-08-02 07:24:13,Mass Market,Austria,Partner
CUST000213,2024-02-02 01:23:27,Mass Market,France,Referral
CUST000214,2025-03-23 03:23:54,Mass Market,Germany,Branch
CUST000215,2022-12-05 08:26:13,Affluent,Germany,Partner
CUST000216,2025-04-21 13:01:22,Affluent,France,Partner
CUST000217,2023-05-27 13:25:38,Mass Market,Germany,Organic
CUST000218,2025-09-14 01:56:18,SME,Austria,Paid
CUST000219,2024-08-26 10:55:22,Affluent,Germany,Branch
CUST000220,2024-07-03 10:17:42,Mass Market,Germany,Organic
CUST000221,2022-10-23 13:32:17,Mass Market,France,Paid
CUST000222,2024-02-14 11:31:36,Mass Market,France,Partner
CUST000223,2025-12-03 06:13:04,Affluent,Germany,Branch
CUST000224,2022-02-02 15:27:31,Mass Market,Austria,Organic
CUST000225,2025-06-22 05:52:18,Mass Market,Belgium,Referral
CUST000226,2024-04-03 21:34:09,Affluent,Germany,Organic
CUST000227,2025-04-17 22:36:34,Affluent,Germany,Referral
CUST000228,2025-01-14 00:49:21,Mass Market,Germany,Branch
CUST000229,2023-12-24 11:01:46,Affluent,France,Referral
CUST000230,2023-06-01 02:11:50,Mass Market,France,Branch
CUST000231,2024-11-14 20:38:56,Affluent,Germany,Branch
CUST000232,2022-08-23 10:55:10,Mass Market,Austria,Branch
CUST000233,2024-09-03 14:40:59,Mass Market,Germany,Paid
CUST000234,2024-12-22 13:02:39,SME,Netherlands,Paid
CUST000235,2024-11-17 06:17:27,Mass Market,Belgium,Organic
CUST000236,2022-05-22 04:34:54,Mass Market,Germany,Organic
CUST000237,2025-06-20 12:28:27,Mass Market,Germany,Partner
CUST000238,2023-11-27 05:31:09,Mass Market,Germany,Organic
CUST000239,2025-08-08 16:10:47,Mass Market,Belgium,Branch
CUST000240,2022-03-11 13:53:36,Mass Market,Germany,Organic
CUST000241,2022-10-28 01:13:49,Affluent,Belgium,Organic
CUST000242,2024-04-05 22:51:48,Affluent,Germany,Organic
CUST000243,2022-11-11 17:05:58,Mass Market,Germany,Organic
CUST000244,2023-07-06 12:40:14,Mass Market,Belgium,Organic
CUST000245,2025-01-09 12:31:06,Affluent,Germany,Partner
CUST000246,2022-08-30 15:27:59,Mass Market,Netherlands,Organic
CUST000247,2025-02-07 02:51:49,Mass Market,Germany,Referral
CUST000248,2022-06-22 21:21:15,Mass Market,Germany,Paid
CUST000249,2022-10-20 21:49:51,Mass Market,Germany,Partner
CUST000250,2025-08-19 16:53:42,Mass Market,Germany,Partner
CUST000251,2022-10-13 05:33:16,Affluent,Netherlands,Organic
CUST000252,2023-05-17 14:06:38,SME,Germany,Organic
CUST000253,2026-03-27 19:13:12,Mass Market,Germany,Referral
CUST000254,2026-07-13 18:01:37,Mass Market,Germany,Partner
CUST000255,2024-08-29 12:49:17,Mass Market,France,Organic
CUST000256,2024-01-18 10:44:49,Mass Market,Netherlands,Partner
CUST000257,2023-08-03 23:11:29,Affluent,France,Paid
CUST000258,2024-10-21 00:28:14,Mass Market,Austria,Organic
CUST000259,2024-09-15 00:15:24,SME,Germany,Organic
CUST000260,2023-05-08 19:50:59,Mass Market,Germany,Referral
CUST000261,2022-02-08 03:04:25,Mass Market,Germany,Paid
CUST000262,2022-09-11 07:19:26,Mass Market,Germany,Paid
CUST000263,2026-05-22 17:03:50,Mass Market,France,Organic
CUST000264,2023-12-01 03:43:13,Affluent,Netherlands,Organic
CUST000265,2024-03-17 09:52:20,Mass Market,Germany,Organic
CUST000266,2024-02-21 00:05:30,Mass Market,Belgium,Paid
CUST000267,2025-08-01 17:35:57,Mass Market,Germany,Referral
CUST000268,2022-04-19 14:34:37,Mass Market,France,Referral
CUST000269,2022-05-19 07:47:21,Affluent,Germany,Organic
CUST000270,2023-04-07 05:11:53,Mass Market,France,Organic
CUST000271,2024-03-24 16:37:31,Mass Market,Germany,Organic
CUST000272,2025-01-27 02:51:55,Mass Market,Austria,Referral
CUST000273,2024-03-31 11:05:24,Mass Market,Austria,Paid
CUST000274,2024-01-08 15:11:33,Mass Market,Germany,Referral
CUST000275,2026-04-18 01:05:59,Mass Market,Germany,Paid
CUST000276,2022-09-27 05:22:05,Mass Market,France,Partner
CUST000277,2024-08-13 22:18:11,Mass Market,France,Partner
CUST000278,2024-06-25 15:11:38,Mass Market,France,Partner
CUST000279,2024-03-02 16:10:57,Affluent,France,Paid
CUST000280,2025-09-12 07:16:12,Mass Market,Belgium,Organic
CUST000281,2023-03-23 09:11:57,Mass Market,France,Paid
CUST000282,2026-05-14 16:59:50,Mass Market,Germany,Branch
CUST000283,2023-07-09 09:12:02,Mass Market,Belgium,Organic
CUST000284,2024-06-30 05:56:23,Affluent,Germany,Partner
CUST000285,2024-05-20 13:32:31,Mass Market,Germany,Branch
CUST000286,2025-11-21 19:53:14,Mass Market,Austria,Partner
CUST000287,2024-01-04 20:38:20,Affluent,Germany,Paid
CUST000288,2023-04-21 18:46:54,Affluent,Germany,Organic
CUST000289,2022-02-06 03:14:58,Affluent,France,Referral
CUST000290,2023-09-01 01:40:51,Mass Market,Belgium,Branch
CUST000291,2025-10-13 13:26:32,Mass Market,Germany,Branch
CUST000292,2022-01-17 13:55:01,Mass Market,Germany,Organic
CUST000293,2026-02-07 09:08:22,Mass Market,Germany,Branch
CUST000294,2024-06-26 14:33:55,Mass Market,Germany,Paid
CUST000295,2022-08-23 11:54:55,Affluent,Germany,Partner
CUST000296,2023-05-21 05:51:07,Mass Market,Germany,Organic
CUST000297,2024-07-15 08:21:44,Mass Market,Austria,Organic
CUST000298,2023-06-12 20:05:43,Mass Market,France,Partner
CUST000299,2022-07-01 12:55:38,Mass Market,Belgium,Paid
CUST000300,2025-01-18 12:48:06,Mass Market,Belgium,Branch
CUST000301,2025-01-28 23:39:01,Affluent,Austria,Organic
CUST000302,2022-07-18 18:11:09,Mass Market,Netherlands,Referral
CUST000303,2023-04-16 05:20:57,Affluent,Germany,Paid
CUST000304,2023-02-12 18:08:44,Mass Market,Belgium,Organic
CUST000305,2025-01-07 13:18:41,Affluent,France,Organic
CUST000306,2025-05-06 01:18:04,Mass Market,Germany,Referral
CUST000307,2025-04-30 12:50:23,Affluent,Germany,Referral
CUST000308,2026-04-19 14:36:40,Affluent,Germany,Organic
CUST000309,2025-07-09 04:17:11,Mass Market,Germany,Paid
CUST000310,2023-06-21 04:13:28,Mass Market,Netherlands,Paid
CUST000311,2022-06-30 03:25:43,Affluent,Germany,Partner
CUST000312,2024-10-24 16:23:14,Mass Market,Germany,Partner
CUST000313,2026-03-12 13:43:23,Affluent,Germany,Referral
CUST000314,2026-06-19 11:01:57,SME,Belgium,Organic
CUST000315,2023-01-20 22:01:37,Affluent,Germany,Organic
CUST000316,2023-01-31 08:29:01,Mass Market,Germany,Organic
CUST000317,2022-03-04 13:17:27,Mass Market,Netherlands,Branch
CUST000318,2022-08-25 04:34:02,SME,Belgium,Paid
CUST000319,2024-07-16 17:07:11,Mass Market,Germany,Organic
CUST000320,2024-07-03 06:07:19,Mass Market,France,Referral
CUST000321,2023-09-13 04:22:09,Mass Market,Germany,Partner
CUST000322,2023-06-03 05:53:30,Affluent,Austria,Paid
CUST000323,2025-10-19 09:48:10,Mass Market,France,Organic
CUST000324,2024-02-09 04:14:29,Mass Market,Netherlands,Referral
CUST000325,2025-09-13 09:30:54,Mass Market,Germany,Partner
CUST000326,2026-05-30 11:45:57,Affluent,France,Organic
CUST000327,2023-06-15 06:08:58,Mass Market,Germany,Organic
CUST000328,2022-12-05 23:28:58,Affluent,Germany,Organic
CUST000329,2026-05-13 05:56:48,Affluent,France,Partner
CUST000330,2024-11-27 10:30:06,SME,Netherlands,Organic
CUST000331,2023-05-02 09:57:03,Affluent,Germany,Paid
CUST000332,2024-11-05 17:59:51,Mass Market,Belgium,Paid
CUST000333,2024-05-11 04:12:44,Mass Market,Germany,Branch
CUST000334,2026-02-23 01:11:44,Mass Market,France,Paid
CUST000335,2023-03-04 23:22:01,SME,Germany,Paid
CUST000336,2026-07-16 14:12:32,Mass Market,Germany,Paid
CUST000337,2026-04-15 01:33:22,Mass Market,Belgium,Partner
CUST000338,2022-10-30 03:12:34,Affluent,Germany,Branch
CUST000339,2024-06-10 10:31:02,Mass Market,Belgium,Branch
CUST000340,2022-03-17 02:10:23,Affluent,Germany,Paid
CUST000341,2023-05-15 14:09:52,Mass Market,France,Paid
CUST000342,2023-12-29 11:34:29,Mass Market,Germany,Paid
CUST000343,2026-06-09 19:00:43,Mass Market,France,Referral
CUST000344,2026-07-18 06:02:47,Mass Market,Belgium,Partner
CUST000345,2022-09-11 08:59:41,Mass Market,France,Paid
CUST000346,2026-01-30 21:13:31,Affluent,Germany,Paid
CUST000347,2022-06-02 00:47:30,Mass Market,Netherlands,Organic
CUST000348,2025-06-05 16:08:33,Mass Market,Netherlands,Partner
CUST000349,2025-11-14 21:57:01,Affluent,Germany,Organic
CUST000350,2026-01-29 09:43:15,Affluent,France,Paid
CUST000351,2023-01-09 13:18:55,Mass Market,France,Organic
CUST000352,2026-02-02 20:13:36,SME,Netherlands,Organic
CUST000353,2022-07-13 22:04:54,Mass Market,Germany,Organic
CUST000354,2024-05-17 12:44:53,Mass Market,Germany,Referral
CUST000355,2024-02-25 01:54:49,Mass Market,Austria,Partner
CUST000356,2023-06-13 05:36:03,Affluent,France,Paid
CUST000357,2022-02-06 23:23:51,Mass Market,Germany,Paid
CUST000358,2025-07-14 19:18:53,Mass Market,Austria,Branch
CUST000359,2023-07-16 02:18:02,Affluent,Germany,Branch
CUST000360,2025-01-11 07:08:35,Mass Market,Germany,Partner
CUST000361,2023-11-17 21:18:18,Mass Market,Netherlands,Partner
CUST000362,2023-09-17 18:08:14,Affluent,Netherlands,Referral
CUST000363,2026-01-21 21:16:57,Mass Market,Austria,Partner
CUST000364,2022-06-07 22:45:30,Mass Market,France,Organic
CUST000365,2025-05-16 14:58:52,Mass Market,Germany,Paid
CUST000366,2025-06-02 15:10:24,SME,Germany,Organic
CUST000367,2023-09-28 08:17:49,Mass Market,Germany,Referral
CUST000368,2023-03-15 20:00:56,Mass Market,Austria,Partner
CUST000369,2022-01-09 20:57:43,Mass Market,Germany,Branch
CUST000370,2026-04-16 08:26:17,Mass Market,France,Organic
CUST000371,2026-05-04 14:34:05,SME,Germany,Paid
CUST000372,2022-02-23 08:31:35,Mass Market,Germany,Partner
CUST000373,2022-07-25 06:01:49,Mass Market,Germany,Referral
CUST000374,2022-04-24 02:22:22,Mass Market,France,Referral
CUST000375,2025-10-21 14:53:21,Mass Market,Germany,Organic
CUST000376,2026-01-31 06:37:22,Mass Market,Austria,Branch
CUST000377,2022-09-14 06:59:34,SME,Belgium,Branch
CUST000378,2025-06-02 13:09:39,Affluent,Germany,Branch
CUST000379,2022-10-27 17:40:43,Mass Market,Belgium,Partner
CUST000380,2023-09-06 23:21:45,Mass Market,Germany,Referral
CUST000381,2024-09-29 04:01:57,Mass Market,Germany,Organic
CUST000382,2026-01-02 06:25:32,Mass Market,Germany,Organic
CUST000383,2022-03-16 21:07:33,Mass Market,Netherlands,Organic
CUST000384,2022-11-25 10:31:48,Mass Market,France,Paid
CUST000385,2023-04-15 00:14:59,Affluent,Germany,Branch
CUST000386,2023-06-03 20:40:06,Affluent,Netherlands,Partner
CUST000387,2026-07-27 16:51:42,Mass Market,Netherlands,Paid
CUST000388,2025-07-23 19:42:04,SME,Netherlands,Referral
CUST000389,2026-06-13 21:27:02,Mass Market,France,Partner
CUST000390,2024-04-14 20:11:26,Mass Market,Netherlands,Paid
CUST000391,2024-04-17 05:44:32,Affluent,France,Partner
CUST000392,2023-12-27 03:28:02,Mass Market,Germany,Paid
CUST000393,2022-08-29 14:19:08,Mass Market,Netherlands,Partner
CUST000394,2026-04-12 06:29:56,Affluent,Germany,Referral
CUST000395,2022-01-24 07:14:07,Mass Market,Netherlands,Paid
CUST000396,2022-10-19 09:26:56,Affluent,France,Paid
CUST000397,2023-01-19 23:38:13,Mass Market,Germany,Partner
CUST000398,2022-08-09 09:45:43,Affluent,Germany,Branch
CUST000399,2025-02-07 01:05:14,Mass Market,France,Paid
CUST000400,2026-06-09 16:28:05,Mass Market,Belgium,Referral
CUST000401,2022-07-23 16:53:41,Mass Market,Belgium,Partner
CUST000402,2023-05-11 19:21:52,Affluent,France,Organic
CUST000403,2024-04-26 14:00:26,Mass Market,Germany,Paid
CUST000404,2026-03-31 18:48:53,Affluent,Germany,Organic
CUST000405,2025-03-06 19:21:46,Mass Market,Netherlands,Organic
CUST000406,2025-07-05 01:35:49,Mass Market,Germany,Organic
CUST000407,2024-08-29 15:02:50,Mass Market,Netherlands,Partner
CUST000408,2023-11-29 06:48:43,Mass Market,Germany,Partner
CUST000409,2022-12-01 00:35:50,SME,Germany,Paid
CUST000410,2025-12-16 03:12:27,Mass Market,France,Paid
CUST000411,2025-09-06 11:54:32,Mass Market,France,Paid
CUST000412,2022-02-11 23:15:57,Mass Market,France,Branch
CUST000413,2025-04-11 03:51:26,Mass Market,Germany,Branch
CUST000414,2022-05-22 02:19:33,Mass Market,Netherlands,Referral
CUST000415,2025-05-20 13:57:00,Affluent,Germany,Organic
CUST000416,2025-10-12 23:52:33,Mass Market,Netherlands,Branch
CUST000417,2022-08-08 03:05:07,Mass Market,France,Referral
CUST000418,2023-12-27 08:57:56,Mass Market,Germany,Organic
CUST000419,2022-07-26 21:59:33,Mass Market,France,Paid
CUST000420,2024-08-06 11:54:02,Mass Market,France,Paid
CUST000421,2026-03-31 21:13:48,Mass Market,Germany,Referral
CUST000422,2022-05-16 05:08:00,Mass Market,France,Paid
CUST000423,2023-10-27 18:01:03,Affluent,Germany,Organic
CUST000424,2026-06-16 01:22:48,SME,Belgium,Organic
CUST000425,2023-05-19 04:28:08,SME,Germany,Paid
CUST000426,2022-08-10 01:35:31,Affluent,Germany,Partner
CUST000427,2024-03-27 21:54:02,Mass Market,Netherlands,Paid
CUST000428,2024-04-29 23:58:30,Affluent,Germany,Organic
CUST000429,2025-01-13 07:24:54,Mass Market,Austria,Partner
CUST000430,2023-06-09 13:39:38,Mass Market,Germany,Branch
CUST000431,2026-05-17 19:15:00,Mass Market,Germany,Organic
CUST000432,2024-05-21 03:36:01,Mass Market,Germany,Paid
CUST000433,2023-04-24 22:30:51,SME,Germany,Paid
CUST000434,2026-05-25 14:17:39,Affluent,Germany,Organic
CUST000435,2026-03-27 06:42:45,Mass Market,Germany,Referral
CUST000436,2024-04-14 14:29:02,Mass Market,Germany,Branch
CUST000437,2022-02-11 13:33:41,Mass Market,Germany,Paid
CUST000438,2024-09-25 01:51:07,Mass Market,Germany,Paid
CUST000439,2024-07-17 06:59:13,Affluent,Germany,Organic
CUST000440,2022-09-05 19:18:28,SME,Germany,Partner
CUST000441,2024-11-26 00:09:11,Mass Market,Germany,Organic
CUST000442,2025-11-06 19:21:51,Mass Market,Germany,Paid
CUST000443,2022-06-27 01:27:03,Mass Market,Germany,Organic
CUST000444,2025-04-24 09:29:26,Mass Market,Germany,Partner
CUST000445,2022-08-23 15:32:50,Mass Market,Germany,Branch
CUST000446,2025-06-06 00:54:01,Mass Market,Austria,Organic
CUST000447,2023-12-02 18:13:09,Mass Market,Germany,Referral
CUST000448,2022-01-11 21:16:28,Mass Market,Germany,Referral
CUST000449,2022-10-05 12:03:33,Mass Market,France,Organic
CUST000450,2024-09-23 13:59:44,Affluent,Germany,Branch
CUST000451,2022-10-31 09:57:25,Mass Market,Germany,Partner
CUST000452,2025-05-19 11:31:38,Affluent,Netherlands,Paid
CUST000453,2025-09-06 21:23:41,Mass Market,Netherlands,Partner
CUST000454,2023-12-24 10:30:07,Mass Market,Austria,Organic
CUST000455,2024-02-21 11:05:20,Mass Market,Austria,Organic
CUST000456,2024-11-26 13:14:14,Affluent,France,Paid
CUST000457,2025-08-05 02:59:15,Mass Market,France,Referral
CUST000458,2025-11-17 03:35:43,Mass Market,Germany,Branch
CUST000459,2022-01-30 19:45:16,Mass Market,Belgium,Paid
CUST000460,2025-01-14 11:23:26,SME,France,Organic
CUST000461,2022-07-02 11:43:49,Mass Market,Germany,Organic
CUST000462,2023-04-27 10:07:31,Mass Market,Germany,Branch
CUST000463,2025-10-18 19:18:41,Affluent,France,Organic
CUST000464,2023-02-23 20:35:33,Mass Market,France,Branch
CUST000465,2025-08-25 06:40:34,Mass Market,Netherlands,Organic
CUST000466,2024-02-14 03:34:37,Affluent,Germany,Organic
CUST000467,2023-01-24 23:24:27,Mass Market,Netherlands,Organic
CUST000468,2023-07-13 20:33:03,Mass Market,Germany,Paid
CUST000469,2024-06-06 10:43:19,Mass Market,France,Paid
CUST000470,2025-07-03 07:49:32,Mass Market,Germany,Branch
CUST000471,2024-10-10 06:12:10,Affluent,Germany,Paid
CUST000472,2026-04-10 08:24:23,Mass Market,Germany,Organic
CUST000473,2025-12-21 20:37:43,Mass Market,Germany,Partner
CUST000474,2025-06-13 14:34:13,Mass Market,Germany,Paid
CUST000475,2024-10-05 09:29:02,Mass Market,Netherlands,Partner
CUST000476,2023-04-30 15:20:02,Mass Market,Germany,Referral
CUST000477,2023-11-21 19:40:18,Mass Market,Netherlands,Branch
CUST000478,2022-07-18 18:59:23,Affluent,Netherlands,Partner
CUST000479,2023-09-18 15:15:26,Mass Market,Germany,Paid
CUST000480,2026-03-30 01:28:41,Affluent,Belgium,Paid
CUST000481,2023-12-14 01:47:46,Mass Market,Netherlands,Paid
CUST000482,2022-07-10 03:42:36,Mass Market,Netherlands,Paid
CUST000483,2024-12-26 00:41:17,Affluent,Netherlands,Organic
CUST000484,2026-05-29 11:48:34,Affluent,France,Organic
CUST000485,2025-12-21 10:39:50,Mass Market,Austria,Branch
CUST000486,2023-04-04 06:08:23,Mass Market,Germany,Branch
CUST000487,2024-01-29 21:58:26,Affluent,Germany,Organic
CUST000488,2024-06-06 20:37:50,Mass Market,Netherlands,Branch
CUST000489,2023-02-19 09:18:21,Mass Market,Germany,Referral
CUST000490,2023-03-26 06:04:18,Mass Market,France,Organic
CUST000491,2023-01-31 16:47:14,Mass Market,Germany,Branch
CUST000492,2025-06-01 08:03:39,Mass Market,Germany,Branch
CUST000493,2025-11-06 21:53:04,Mass Market,Belgium,Partner
CUST000494,2025-09-27 07:16:16,Affluent,Germany,Referral
CUST000495,2026-05-23 16:30:31,Mass Market,Germany,Paid
CUST000496,2022-06-26 00:35:55,Mass Market,France,Partner
CUST000497,2026-01-14 02:08:47,SME,Netherlands,Referral
CUST000498,2022-04-22 06:52:25,Mass Market,Belgium,Partner
CUST000499,2024-03-05 21:41:39,Mass Market,Germany,Paid
CUST000500,2024-09-20 21:26:02,Mass Market,Belgium,Partner
CUST000501,2023-08-22 08:14:58,Mass Market,France,Referral
CUST000502,2022-09-02 09:38:23,Mass Market,Belgium,Referral
CUST000503,2022-11-18 12:40:04,SME,Germany,Organic
CUST000504,2025-10-10 20:07:28,Affluent,Germany,Paid
CUST000505,2023-06-17 21:45:09,Mass Market,France,Organic
CUST000506,2023-06-03 21:06:35,Mass Market,France,Partner
CUST000507,2026-03-24 20:39:54,Affluent,Germany,Organic
CUST000508,2022-08-29 13:17:34,Mass Market,France,Branch
CUST000509,2026-03-11 07:49:51,Affluent,France,Partner
CUST000510,2026-03-20 20:42:11,Mass Market,Germany,Paid
CUST000511,2024-09-27 19:00:04,Affluent,Germany,Referral
CUST000512,2022-10-04 18:27:25,Affluent,Germany,Organic
CUST000513,2022-09-18 14:23:05,Mass Market,Belgium,Organic
CUST000514,2023-04-22 01:14:50,Mass Market,France,Organic
CUST000515,2024-08-23 10:32:06,Affluent,France,Partner
CUST000516,2022-09-14 20:11:53,Mass Market,Austria,Branch
CUST000517,2024-02-01 20:38:28,Mass Market,France,Organic
CUST000518,2022-07-13 02:23:06,Mass Market,Germany,Referral
CUST000519,2024-06-22 08:31:16,Mass Market,France,Organic
CUST000520,2022-02-05 08:37:39,Mass Market,Austria,Paid
CUST000521,2025-03-31 12:12:13,Mass Market,Germany,Partner
CUST000522,2022-04-03 14:54:25,Mass Market,France,Referral
CUST000523,2022-11-22 17:48:38,Affluent,Germany,Branch
CUST000524,2022-10-20 00:00:46,Mass Market,Netherlands,Partner
CUST000525,2025-10-21 10:07:51,Mass Market,France,Paid
CUST000526,2022-03-31 06:06:36,Mass Market,Austria,Organic
CUST000527,2023-12-19 17:19:54,Affluent,France,Organic
CUST000528,2024-09-15 09:25:08,Mass Market,Germany,Branch
CUST000529,2024-05-12 17:52:10,Affluent,Germany,Partner
CUST000530,2025-02-12 03:42:45,Mass Market,Belgium,Paid
CUST000531,2025-09-04 18:50:58,Mass Market,Germany,Organic
CUST000532,2023-10-21 03:36:10,SME,Germany,Organic
CUST000533,2025-10-16 18:43:35,Affluent,Netherlands,Referral
CUST000534,2023-06-16 16:20:48,Mass Market,Germany,Paid
CUST000535,2026-07-04 22:54:52,Mass Market,Germany,Branch
CUST000536,2024-04-23 13:37:43,Mass Market,Germany,Paid
CUST000537,2025-05-15 14:44:35,Mass Market,Germany,Referral
CUST000538,2026-01-03 00:11:53,Affluent,France,Organic
CUST000539,2025-08-18 07:30:32,Affluent,Germany,Organic
CUST000540,2025-11-24 02:12:35,Mass Market,Germany,Organic
CUST000541,2024-06-16 01:13:00,Mass Market,Netherlands,Organic
CUST000542,2022-03-14 16:34:02,Mass Market,Germany,Branch
CUST000543,2024-04-04 10:27:22,Mass Market,France,Referral
CUST000544,2022-10-31 11:10:05,Affluent,Germany,Paid
CUST000545,2026-01-26 14:28:13,Mass Market,Germany,Paid
CUST000546,2023-01-31 20:05:53,Mass Market,France,Paid
CUST000547,2023-01-17 07:59:09,Mass Market,France,Partner
CUST000548,2023-02-21 23:25:28,SME,Austria,Organic
CUST000549,2024-12-10 08:53:56,Mass Market,Germany,Paid
CUST000550,2024-08-13 02:25:25,Mass Market,Germany,Organic
CUST000551,2026-05-06 11:05:11,Mass Market,Germany,Branch
CUST000552,2023-11-27 23:46:42,Mass Market,France,Paid
CUST000553,2023-04-17 23:15:29,Mass Market,Germany,Partner
CUST000554,2022-03-24 08:28:09,Mass Market,Belgium,Branch
CUST000555,2022-01-12 19:56:31,Mass Market,Netherlands,Paid
CUST000556,2023-09-17 16:23:17,Mass Market,Germany,Organic
CUST000557,2026-03-28 23:12:01,Affluent,Germany,Paid
CUST000558,2024-05-25 17:09:29,Mass Market,Germany,Partner
CUST000559,2026-02-03 00:16:43,Mass Market,France,Paid
CUST000560,2022-06-19 23:53:24,Mass Market,France,Organic
CUST000561,2022-06-06 00:47:06,Affluent,Belgium,Organic
CUST000562,2025-10-25 13:01:29,Affluent,Germany,Partner
CUST000563,2022-06-28 11:20:38,Affluent,Germany,Referral
CUST000564,2022-03-28 21:07:32,Mass Market,Germany,Organic
CUST000565,2023-11-07 15:25:52,Mass Market,Germany,Referral
CUST000566,2026-03-27 08:03:16,Mass Market,Austria,Paid
CUST000567,2025-02-26 15:34:34,Mass Market,Netherlands,Organic
CUST000568,2022-06-15 17:12:43,Mass Market,Belgium,Paid
CUST000569,2025-10-31 16:23:40,Mass Market,Belgium,Referral
CUST000570,2025-11-11 10:58:32,Mass Market,Germany,Partner
CUST000571,2025-08-31 18:21:02,Mass Market,Netherlands,Paid
CUST000572,2026-02-18 05:39:55,Mass Market,Netherlands,Organic
CUST000573,2023-02-06 01:49:30,Mass Market,Germany,Paid
CUST000574,2026-06-26 20:12:44,Affluent,Germany,Paid
CUST000575,2023-06-21 04:54:05,Mass Market,France,Paid
CUST000576,2025-09-02 23:41:40,Affluent,Belgium,Paid
CUST000577,2024-08-26 16:44:26,Mass Market,Germany,Paid
CUST000578,2025-07-27 06:52:29,Affluent,Belgium,Organic
CUST000579,2024-11-15 17:08:15,Affluent,Austria,Organic
CUST000580,2024-10-27 10:14:53,Mass Market,Austria,Organic
CUST000581,2025-07-26 11:33:56,SME,Germany,Partner
CUST000582,2025-05-20 16:18:57,Mass Market,Germany,Paid
CUST000583,2022-08-13 23:18:39,Mass Market,France,Partner
CUST000584,2025-10-13 03:55:48,Affluent,Germany,Organic
CUST000585,2024-06-15 07:20:17,Mass Market,Germany,Paid
CUST000586,2023-06-25 04:41:29,Mass Market,Netherlands,Organic
CUST000587,2024-05-09 18:44:07,Mass Market,Germany,Organic
CUST000588,2026-06-05 19:06:46,Mass Market,Germany,Referral
CUST000589,2025-12-04 20:39:17,Mass Market,Austria,Organic
CUST000590,2025-10-25 22:39:13,Mass Market,Germany,Organic
CUST000591,2024-02-13 19:12:46,Mass Market,Belgium,Paid
CUST000592,2025-08-04 01:53:00,Mass Market,Germany,Organic
CUST000593,2023-10-06 20:52:16,Mass Market,Germany,Branch
CUST000594,2025-02-21 06:26:54,Mass Market,Germany,Branch
CUST000595,2024-12-05 08:23:41,Mass Market,Germany,Paid
CUST000596,2023-02-22 15:55:20,Mass Market,Germany,Organic
CUST000597,2022-04-13 05:09:03,Mass Market,Belgium,Paid
CUST000598,2022-08-22 16:37:36,Affluent,Belgium,Paid
CUST000599,2023-12-27 00:14:57,Affluent,Germany,Paid
CUST000600,2024-03-10 00:15:33,Mass Market,Germany,Organic
CUST000601,2022-10-04 01:57:53,Mass Market,France,Organic
CUST000602,2023-11-29 00:56:11,Affluent,Germany,Organic
CUST000603,2024-10-07 04:26:07,Affluent,Germany,Paid
CUST000604,2023-01-24 20:33:59,Mass Market,Germany,Partner
CUST000605,2023-07-20 12:46:13,Mass Market,Germany,Referral
CUST000606,2023-09-07 11:30:50,Mass Market,France,Organic
CUST000607,2024-04-24 10:48:08,Mass Market,Germany,Referral
CUST000608,2023-09-05 14:35:46,Affluent,Netherlands,Organic
CUST000609,2025-05-17 04:06:49,Mass Market,Germany,Organic
CUST000610,2023-07-02 13:44:31,Mass Market,Germany,Partner
CUST000611,2023-12-27 11:24:32,Mass Market,France,Organic
CUST000612,2023-09-27 11:08:04,Affluent,Germany,Branch
CUST000613,2022-11-02 20:02:42,Mass Market,Belgium,Branch
CUST000614,2025-02-20 13:30:32,Affluent,France,Organic
CUST000615,2023-01-29 15:59:01,Mass Market,Belgium,Organic
CUST000616,2025-08-18 11:33:01,Mass Market,Germany,Organic
CUST000617,2026-05-06 11:46:15,Mass Market,Germany,Branch
CUST000618,2025-01-26 15:35:39,Mass Market,Germany,Organic
CUST000619,2026-03-13 03:12:47,SME,France,Referral
CUST000620,2025-11-29 04:57:42,Mass Market,France,Organic
CUST000621,2024-03-15 01:58:25,Mass Market,Germany,Partner
CUST000622,2025-07-11 22:12:15,Mass Market,Germany,Organic
CUST000623,2023-07-04 00:28:42,Mass Market,Germany,Referral
CUST000624,2024-02-09 22:49:32,Mass Market,Germany,Partner
CUST000625,2024-06-14 05:55:38,Affluent,Germany,Organic
CUST000626,2026-05-25 22:39:49,Mass Market,France,Organic
CUST000627,2024-03-29 00:44:35,Mass Market,Austria,Paid
CUST000628,2024-12-27 03:01:29,Mass Market,Germany,Paid
CUST000629,2022-12-05 08:09:41,Mass Market,Germany,Referral
CUST000630,2025-09-06 22:38:06,Mass Market,Germany,Paid
CUST000631,2024-07-13 16:18:25,Mass Market,Germany,Branch
CUST000632,2024-06-09 17:04:46,Mass Market,France,Organic
CUST000633,2025-07-05 05:25:31,Affluent,Germany,Referral
CUST000634,2024-11-24 05:43:07,Affluent,Austria,Branch
CUST000635,2022-05-02 03:57:32,Affluent,Belgium,Partner
CUST000636,2023-04-27 19:06:30,Mass Market,Germany,Branch
CUST000637,2022-10-23 11:22:43,Mass Market,Austria,Paid
CUST000638,2025-05-13 17:47:34,Affluent,France,Partner
CUST000639,2022-02-28 18:23:08,Mass Market,Austria,Organic
CUST000640,2022-12-05 10:05:29,Mass Market,Germany,Organic
CUST000641,2024-09-25 22:16:27,Mass Market,Austria,Partner
CUST000642,2025-03-07 16:51:33,Affluent,Germany,Referral
CUST000643,2024-04-21 12:37:08,Mass Market,Germany,Branch
CUST000644,2025-12-10 02:56:05,Mass Market,Austria,Partner
CUST000645,2026-03-17 11:13:40,Mass Market,Germany,Referral
CUST000646,2022-08-09 21:01:21,Mass Market,Germany,Referral
CUST000647,2026-05-12 14:21:54,Mass Market,Germany,Referral
CUST000648,2024-10-24 05:49:48,Mass Market,Germany,Organic
CUST000649,2024-11-29 18:12:08,Mass Market,Germany,Paid
CUST000650,2022-06-09 00:00:07,Affluent,Germany,Paid
CUST000651,2024-11-05 18:28:29,Affluent,France,Referral
CUST000652,2025-04-28 09:31:00,Mass Market,Netherlands,Partner
CUST000653,2024-08-29 01:59:11,SME,Germany,Referral
CUST000654,2022-05-22 06:32:37,Mass Market,Belgium,Branch
CUST000655,2024-05-24 20:04:16,Affluent,France,Partner
CUST000656,2026-04-14 21:23:35,Mass Market,Netherlands,Referral
CUST000657,2022-08-18 17:54:19,Mass Market,Netherlands,Partner
CUST000658,2026-05-25 00:24:44,Mass Market,Belgium,Partner
CUST000659,2026-05-23 05:56:47,Mass Market,Germany,Paid
CUST000660,2022-10-11 05:30:13,Mass Market,France,Branch
CUST000661,2025-09-01 01:52:48,Mass Market,Belgium,Referral
CUST000662,2023-11-12 00:44:38,Mass Market,Netherlands,Referral
CUST000663,2024-09-19 15:16:17,Mass Market,Germany,Paid
CUST000664,2024-01-15 08:26:10,Mass Market,France,Paid
CUST000665,2025-08-01 13:08:24,SME,Netherlands,Referral
CUST000666,2026-07-25 09:58:00,Mass Market,Germany,Branch
CUST000667,2025-08-22 10:22:05,SME,France,Branch
CUST000668,2026-04-07 06:04:21,Mass Market,Belgium,Referral
CUST000669,2026-05-01 18:10:26,Mass Market,France,Referral
CUST000670,2022-05-31 15:45:02,Mass Market,Germany,Organic
CUST000671,2023-02-28 15:46:01,Mass Market,France,Referral
CUST000672,2025-04-21 22:39:37,Mass Market,France,Paid
CUST000673,2024-09-13 14:33:55,Affluent,Germany,Referral
CUST000674,2022-03-25 20:15:56,Mass Market,France,Organic
CUST000675,2022-06-08 22:08:03,Affluent,Germany,Branch
CUST000676,2024-05-20 08:31:32,Mass Market,Belgium,Paid
CUST000677,2024-10-27 05:29:49,Mass Market,Netherlands,Organic
CUST000678,2022-10-08 10:14:30,Mass Market,Netherlands,Partner
CUST000679,2022-10-14 09:34:38,SME,France,Partner
CUST000680,2022-08-05 06:09:51,Mass Market,Germany,Referral
CUST000681,2024-08-02 14:20:17,Mass Market,Netherlands,Partner
CUST000682,2022-01-14 03:09:03,Mass Market,Germany,Partner
CUST000683,2024-03-06 18:03:55,Mass Market,Germany,Organic
CUST000684,2024-02-19 03:03:07,SME,Germany,Referral
CUST000685,2025-02-09 17:59:52,Affluent,France,Branch
CUST000686,2024-05-23 20:10:04,Affluent,France,Referral
CUST000687,2025-05-01 19:06:07,SME,Germany,Organic
CUST000688,2025-07-01 06:43:04,Affluent,Germany,Referral
CUST000689,2026-03-19 10:29:06,Mass Market,Germany,Organic
CUST000690,2025-08-29 08:05:31,Mass Market,Germany,Branch
CUST000691,2024-05-15 14:30:50,Mass Market,Germany,Organic
CUST000692,2024-04-02 21:07:27,Mass Market,Belgium,Organic
CUST000693,2023-01-30 02:30:51,Mass Market,Belgium,Organic
CUST000694,2024-09-29 12:29:08,Mass Market,Austria,Referral
CUST000695,2022-08-21 15:13:37,SME,Germany,Partner
CUST000696,2026-04-07 00:38:51,SME,Germany,Partner
CUST000697,2025-11-13 21:56:09,Mass Market,Germany,Paid
CUST000698,2022-07-20 04:40:09,Affluent,France,Referral
CUST000699,2025-08-07 02:50:15,Mass Market,Netherlands,Paid
CUST000700,2022-07-15 19:07:54,Mass Market,Netherlands,Organic
CUST000701,2025-04-20 21:19:27,Mass Market,Germany,Referral
CUST000702,2024-03-27 06:13:31,Mass Market,France,Paid
CUST000703,2025-01-04 22:44:16,Mass Market,Austria,Partner
CUST000704,2025-05-03 13:43:16,Mass Market,Germany,Paid
CUST000705,2023-12-01 21:54:49,Mass Market,Netherlands,Partner
CUST000706,2026-03-21 22:54:23,Mass Market,Netherlands,Organic
CUST000707,2025-07-18 15:58:11,Affluent,Germany,Paid
CUST000708,2022-12-15 05:14:53,Mass Market,Austria,Paid
CUST000709,2025-01-27 07:10:26,Mass Market,Belgium,Referral
CUST000710,2025-05-06 10:53:30,Mass Market,Netherlands,Organic
CUST000711,2023-07-12 20:12:57,Mass Market,Germany,Organic
CUST000712,2025-05-19 07:44:47,Mass Market,Germany,Paid
CUST000713,2026-02-11 01:39:10,Mass Market,France,Paid
CUST000714,2025-09-28 05:09:43,Mass Market,Germany,Organic
CUST000715,2025-06-28 22:53:23,Mass Market,Germany,Partner
CUST000716,2024-11-26 21:06:47,Mass Market,Germany,Paid
CUST000717,2023-03-29 08:01:33,Mass Market,Germany,Paid
CUST000718,2025-08-22 14:42:23,Mass Market,Netherlands,Partner
CUST000719,2023-09-01 22:17:50,Mass Market,France,Paid
CUST000720,2024-06-08 19:59:38,Mass Market,Germany,Partner
CUST000721,2023-06-10 17:50:51,Mass Market,France,Partner
CUST000722,2023-06-08 08:44:56,Mass Market,Germany,Referral
CUST000723,2022-09-21 12:38:24,Mass Market,Germany,Paid
CUST000724,2026-05-27 06:57:11,Mass Market,Germany,Paid
CUST000725,2022-09-05 02:15:04,Mass Market,Germany,Organic
CUST000726,2022-05-25 05:23:37,Mass Market,Germany,Paid
CUST000727,2026-04-15 04:55:22,Mass Market,France,Referral
CUST000728,2024-07-16 23:34:06,Mass Market,Germany,Organic
CUST000729,2024-01-03 04:12:47,Affluent,France,Organic
CUST000730,2025-05-18 02:03:10,SME,Germany,Partner
CUST000731,2023-10-03 21:51:28,SME,Netherlands,Partner
CUST000732,2022-08-02 21:14:19,Mass Market,France,Branch
CUST000733,2025-05-05 00:49:41,Mass Market,Germany,Organic
CUST000734,2022-10-22 06:30:28,Mass Market,France,Referral
CUST000735,2024-07-13 14:30:20,Mass Market,Netherlands,Partner
CUST000736,2026-05-06 20:07:33,Mass Market,Germany,Referral
CUST000737,2026-04-15 05:25:31,Mass Market,France,Paid
CUST000738,2023-08-27 05:29:59,Mass Market,Netherlands,Paid
CUST000739,2025-07-28 15:56:18,Mass Market,Germany,Organic
CUST000740,2024-10-21 09:27:15,Mass Market,Belgium,Referral
CUST000741,2024-03-12 12:08:30,Mass Market,Germany,Organic
CUST000742,2022-08-22 23:02:07,SME,Netherlands,Organic
CUST000743,2023-09-22 06:33:10,Mass Market,Belgium,Organic
CUST000744,2024-12-26 00:10:07,Mass Market,Austria,Referral
CUST000745,2026-07-08 15:33:02,SME,France,Organic
CUST000746,2022-01-09 04:14:56,Mass Market,Netherlands,Paid
CUST000747,2025-04-15 02:16:57,Mass Market,Germany,Referral
CUST000748,2025-11-16 01:48:20,Mass Market,Germany,Branch
CUST000749,2026-05-10 09:32:21,Mass Market,Belgium,Referral
CUST000750,2023-12-10 14:23:40,Mass Market,Germany,Paid
CUST000751,2022-07-18 02:18:30,Affluent,Belgium,Organic
CUST000752,2023-03-30 01:22:16,Affluent,Germany,Organic
CUST000753,2025-11-23 02:12:55,Affluent,Germany,Organic
CUST000754,2026-01-07 21:46:20,SME,Germany,Paid
CUST000755,2024-12-01 04:30:02,Mass Market,France,Paid
CUST000756,2022-07-25 05:19:49,Affluent,Germany,Paid
CUST000757,2022-07-23 20:28:23,Mass Market,Germany,Paid
CUST000758,2024-03-10 12:05:26,Mass Market,Austria,Partner
CUST000759,2024-09-10 13:37:01,Affluent,Netherlands,Organic
CUST000760,2022-02-24 03:17:21,Affluent,Netherlands,Branch
CUST000761,2025-02-21 03:40:29,Affluent,Germany,Referral
CUST000762,2024-06-29 10:05:53,Mass Market,Germany,Paid
CUST000763,2022-01-21 13:40:55,Mass Market,France,Paid
CUST000764,2022-06-09 23:20:54,Mass Market,Germany,Branch
CUST000765,2024-01-30 14:52:16,Mass Market,Germany,Branch
CUST000766,2025-04-23 03:54:30,Affluent,Austria,Paid
CUST000767,2025-10-12 01:37:53,Affluent,Germany,Organic
CUST000768,2023-12-23 03:16:13,Mass Market,Belgium,Branch
CUST000769,2023-05-09 20:10:01,Mass Market,Germany,Partner
CUST000770,2026-06-08 00:21:27,Mass Market,Germany,Partner
CUST000771,2024-02-06 16:37:02,Mass Market,Germany,Organic
CUST000772,2023-06-12 07:57:31,Mass Market,Austria,Referral
CUST000773,2024-01-10 13:10:52,Affluent,France,Partner
CUST000774,2022-01-21 05:12:49,Mass Market,Netherlands,Paid
CUST000775,2023-05-20 19:44:32,SME,Germany,Referral
CUST000776,2024-05-12 00:10:09,Mass Market,Belgium,Paid
CUST000777,2026-03-16 15:14:10,Affluent,France,Paid
CUST000778,2025-05-19 07:32:08,Mass Market,France,Partner
CUST000779,2025-07-30 07:46:01,Mass Market,Netherlands,Partner
CUST000780,2024-06-30 01:48:55,Mass Market,Netherlands,Branch
CUST000781,2022-07-04 21:41:30,Affluent,France,Partner
CUST000782,2023-10-16 15:05:50,Affluent,Germany,Paid
CUST000783,2026-07-26 01:00:24,Mass Market,Belgium,Organic
CUST000784,2022-03-15 20:29:39,Mass Market,Germany,Paid
CUST000785,2026-01-10 00:32:18,Mass Market,Austria,Organic
CUST000786,2025-02-18 11:26:31,Affluent,Germany,Partner
CUST000787,2023-04-20 16:40:40,Mass Market,Germany,Paid
CUST000788,2025-07-24 19:07:46,Mass Market,Germany,Paid
CUST000789,2025-10-31 06:59:09,Mass Market,France,Organic
CUST000790,2022-03-14 06:17:45,Mass Market,Germany,Paid
CUST000791,2022-06-27 22:24:10,Affluent,Belgium,Organic
CUST000792,2025-01-18 03:12:01,Affluent,France,Partner
CUST000793,2026-07-29 12:04:28,Affluent,Germany,Organic
CUST000794,2022-02-10 01:43:44,Affluent,France,Branch
CUST000795,2025-01-18 00:35:49,Affluent,Netherlands,Paid
CUST000796,2022-08-17 06:27:27,Mass Market,Belgium,Referral
CUST000797,2024-12-23 00:12:59,SME,Germany,Referral
CUST000798,2024-11-08 04:22:44,Mass Market,Austria,Referral
CUST000799,2022-06-01 05:12:19,Mass Market,Germany,Referral
CUST000800,2025-02-12 04:15:25,Affluent,France,Organic
CUST000801,2026-02-08 20:09:22,Mass Market,Netherlands,Paid
CUST000802,2025-12-14 16:16:02,Mass Market,Germany,Partner
CUST000803,2022-02-18 11:41:31,Mass Market,Germany,Paid
CUST000804,2023-02-16 04:08:21,Mass Market,France,Partner
CUST000805,2023-02-07 15:56:53,Affluent,Germany,Partner
CUST000806,2024-01-28 21:42:52,Mass Market,Germany,Organic
CUST000807,2022-08-28 03:10:54,Mass Market,Germany,Organic
CUST000808,2025-11-29 11:13:19,Mass Market,Netherlands,Partner
CUST000809,2025-07-22 18:08:38,Mass Market,Germany,Partner
CUST000810,2025-09-13 13:27:32,Mass Market,Germany,Referral
CUST000811,2022-11-28 09:32:21,Mass Market,Austria,Partner
CUST000812,2022-01-25 08:46:07,Mass Market,Netherlands,Organic
CUST000813,2026-03-03 14:05:26,Mass Market,France,Organic
CUST000814,2023-04-29 01:18:59,Mass Market,France,Paid
CUST000815,2025-01-02 06:45:50,Mass Market,Germany,Paid
CUST000816,2026-03-01 13:52:09,Affluent,Germany,Referral
CUST000817,2022-03-02 11:08:14,Mass Market,Germany,Partner
CUST000818,2022-01-10 03:38:07,Mass Market,Germany,Referral
CUST000819,2022-01-10 01:53:18,SME,Germany,Paid
CUST000820,2022-09-19 09:02:21,Mass Market,France,Organic
CUST000821,2025-10-03 00:11:29,Mass Market,Germany,Paid
CUST000822,2024-10-10 02:33:55,Affluent,Germany,Organic
CUST000823,2026-06-27 15:18:57,Mass Market,Belgium,Organic
CUST000824,2025-09-02 01:51:43,Affluent,Germany,Paid
CUST000825,2026-05-30 10:48:15,Affluent,Netherlands,Paid
CUST000826,2023-02-03 20:38:51,SME,Germany,Organic
CUST000827,2023-04-27 04:49:19,SME,France,Partner
CUST000828,2025-11-21 05:04:40,Mass Market,Germany,Partner
CUST000829,2023-02-14 10:39:23,Affluent,Germany,Organic
CUST000830,2022-04-06 16:36:11,Mass Market,Netherlands,Partner
CUST000831,2025-01-23 18:51:13,Mass Market,Germany,Organic
CUST000832,2025-09-01 05:04:39,Mass Market,Germany,Paid
CUST000833,2026-06-07 19:46:40,Mass Market,Germany,Partner
CUST000834,2026-04-01 06:34:30,Mass Market,Germany,Paid
CUST000835,2022-07-21 00:36:44,Mass Market,Germany,Referral
CUST000836,2025-11-15 17:25:14,Mass Market,France,Paid
CUST000837,2025-03-13 06:11:26,Mass Market,France,Organic
CUST000838,2025-10-02 16:55:20,Affluent,France,Paid
CUST000839,2025-11-02 02:28:12,Mass Market,Netherlands,Paid
CUST000840,2024-01-17 15:09:57,Affluent,Germany,Organic
CUST000841,2022-03-09 03:11:28,Affluent,Belgium,Paid
CUST000842,2024-02-02 18:10:02,Affluent,Germany,Organic
CUST000843,2022-12-04 09:06:45,Mass Market,Germany,Paid
CUST000844,2022-07-10 03:44:01,Affluent,France,Partner
CUST000845,2022-07-28 20:56:14,Affluent,France,Referral
CUST000846,2025-03-12 00:13:23,Affluent,Germany,Referral
CUST000847,2024-04-23 13:49:10,Affluent,Austria,Partner
CUST000848,2024-06-21 14:38:50,Mass Market,Austria,Branch
CUST000849,2025-05-30 22:54:33,Mass Market,Germany,Partner
CUST000850,2024-07-05 16:53:21,Affluent,France,Partner
CUST000851,2024-11-19 09:06:55,Mass Market,Netherlands,Referral
CUST000852,2022-05-24 19:59:24,Affluent,Austria,Referral
CUST000853,2025-11-24 02:11:19,Mass Market,France,Referral
CUST000854,2024-01-21 08:40:28,Mass Market,Germany,Branch
CUST000855,2022-09-17 12:23:13,Mass Market,France,Paid
CUST000856,2025-09-21 21:14:42,Mass Market,Germany,Branch
CUST000857,2025-05-13 06:52:30,SME,France,Paid
CUST000858,2022-03-30 15:49:28,Mass Market,France,Organic
CUST000859,2022-11-19 18:22:08,Affluent,France,Organic
CUST000860,2022-01-27 07:59:37,Mass Market,Germany,Partner
CUST000861,2023-03-29 17:00:25,SME,Germany,Organic
CUST000862,2022-06-17 04:00:44,Mass Market,France,Organic
CUST000863,2025-04-01 23:03:20,Mass Market,Germany,Paid
CUST000864,2024-05-23 17:00:43,Mass Market,Germany,Partner
CUST000865,2026-06-27 21:39:27,Mass Market,Germany,Organic
CUST000866,2025-06-07 00:53:20,SME,Belgium,Partner
CUST000867,2024-10-19 12:01:18,SME,Germany,Partner
CUST000868,2024-05-01 13:43:34,Mass Market,France,Referral
CUST000869,2022-04-02 02:59:19,Mass Market,Germany,Partner
CUST000870,2022-04-28 09:02:06,Mass Market,Belgium,Organic
CUST000871,2024-10-27 11:14:46,Mass Market,Germany,Branch
CUST000872,2022-01-08 07:43:39,Mass Market,Germany,Branch
CUST000873,2022-03-12 19:26:34,Mass Market,Germany,Paid
CUST000874,2023-01-02 09:28:44,Mass Market,Germany,Organic
CUST000875,2026-01-18 06:59:56,Affluent,Belgium,Paid
CUST000876,2024-02-07 07:56:53,Mass Market,France,Referral
CUST000877,2025-04-01 09:57:26,Mass Market,Netherlands,Referral
CUST000878,2023-11-20 03:10:12,Mass Market,Netherlands,Branch
CUST000879,2022-10-17 11:16:27,Mass Market,Belgium,Branch
CUST000880,2023-09-13 13:46:07,Mass Market,Austria,Partner
CUST000881,2022-06-03 08:34:49,Mass Market,France,Organic
CUST000882,2025-07-11 20:43:04,Mass Market,Germany,Organic
CUST000883,2022-11-03 20:49:17,Affluent,Germany,Organic
CUST000884,2023-09-22 07:14:57,Affluent,France,Organic
CUST000885,2026-06-27 14:31:50,SME,Netherlands,Organic
CUST000886,2024-09-16 18:18:03,Mass Market,France,Paid
CUST000887,2024-02-06 17:07:17,Mass Market,Germany,Referral
CUST000888,2024-06-26 22:00:59,Mass Market,Netherlands,Organic
CUST000889,2025-08-03 23:36:01,Mass Market,Germany,Referral
CUST000890,2023-03-02 11:50:41,SME,Germany,Branch
CUST000891,2024-11-30 01:47:38,SME,Belgium,Organic
CUST000892,2025-12-30 03:21:54,Mass Market,France,Organic
CUST000893,2024-08-15 01:47:41,Mass Market,Germany,Paid
CUST000894,2024-01-17 14:45:32,Mass Market,Germany,Referral
CUST000895,2022-08-31 15:47:12,Mass Market,France,Referral
CUST000896,2023-02-20 03:21:42,SME,Germany,Organic
CUST000897,2026-05-01 18:04:09,Mass Market,Germany,Partner
CUST000898,2024-06-23 23:40:45,Mass Market,France,Referral
CUST000899,2023-05-19 20:16:37,Mass Market,France,Organic
CUST000900,2023-12-01 12:17:03,Mass Market,Germany,Partner
CUST000901,2024-08-24 10:40:29,Mass Market,France,Paid
CUST000902,2024-06-17 18:41:31,Affluent,France,Organic
CUST000903,2025-03-16 00:36:32,Mass Market,Germany,Branch
CUST000904,2023-03-07 12:39:52,Mass Market,Germany,Organic
CUST000905,2024-12-21 12:25:40,Mass Market,Germany,Referral
CUST000906,2024-01-11 03:45:00,Mass Market,Germany,Partner
CUST000907,2026-04-22 16:10:20,Mass Market,Netherlands,Organic
CUST000908,2022-09-22 01:07:32,Mass Market,Germany,Partner
CUST000909,2022-09-06 04:33:35,Mass Market,Austria,Organic
CUST000910,2024-02-11 21:25:50,Mass Market,Germany,Organic
CUST000911,2024-04-29 23:10:43,Affluent,France,Organic
CUST000912,2025-03-01 03:26:24,Affluent,France,Branch
CUST000913,2023-11-07 13:05:31,SME,Netherlands,Branch
CUST000914,2026-03-08 17:35:28,Mass Market,Belgium,Organic
CUST000915,2024-03-03 19:26:33,Affluent,Germany,Paid
CUST000916,2022-08-05 06:00:40,Mass Market,Germany,Branch
CUST000917,2022-07-19 07:57:39,Mass Market,Austria,Partner
CUST000918,2026-06-16 12:49:47,Mass Market,Austria,Organic
CUST000919,2022-08-13 04:56:54,Mass Market,Austria,Paid
CUST000920,2026-05-04 19:22:20,Affluent,Germany,Paid
CUST000921,2023-04-10 22:36:55,Mass Market,Germany,Paid
CUST000922,2022-06-06 04:19:32,Mass Market,Germany,Paid
CUST000923,2023-05-25 11:11:10,SME,Netherlands,Referral
CUST000924,2024-10-24 18:36:10,Mass Market,Germany,Partner
CUST000925,2023-12-17 10:54:00,SME,Germany,Paid
CUST000926,2025-08-06 11:46:12,Affluent,France,Referral
CUST000927,2024-10-18 13:42:29,Affluent,Germany,Paid
CUST000928,2024-11-27 02:23:49,Affluent,Netherlands,Referral
CUST000929,2026-06-13 06:51:07,Mass Market,Germany,Organic
CUST000930,2023-11-20 13:08:51,Mass Market,Belgium,Paid
CUST000931,2022-09-14 13:23:18,Affluent,Germany,Paid
CUST000932,2025-11-05 16:07:56,Affluent,France,Paid
CUST000933,2022-12-30 20:59:51,Mass Market,France,Partner
CUST000934,2026-05-06 23:11:52,Mass Market,Germany,Partner
CUST000935,2024-09-10 15:33:11,Mass Market,Germany,Paid
CUST000936,2024-10-02 19:56:05,Mass Market,Belgium,Paid
CUST000937,2023-06-15 02:13:03,Mass Market,France,Partner
CUST000938,2026-03-20 00:06:08,Affluent,Germany,Partner
CUST000939,2022-03-02 07:00:32,Affluent,Netherlands,Referral
CUST000940,2023-05-15 09:04:56,Mass Market,Germany,Referral
CUST000941,2023-12-01 13:33:25,Mass Market,Germany,Referral
CUST000942,2024-03-09 00:06:29,Mass Market,Germany,Organic
CUST000943,2024-03-03 17:59:45,Mass Market,Germany,Referral
CUST000944,2023-01-13 04:35:26,Mass Market,Germany,Paid
CUST000945,2022-06-09 05:52:32,Mass Market,Germany,Partner
CUST000946,2024-08-15 03:35:30,Mass Market,Germany,Branch
CUST000947,2023-08-10 15:39:33,Mass Market,Germany,Organic
CUST000948,2024-08-03 23:17:41,Mass Market,France,Organic
CUST000949,2024-09-13 00:03:27,Mass Market,France,Organic
CUST000950,2025-03-19 17:56:36,Mass Market,Germany,Branch
CUST000951,2024-07-03 15:26:32,Mass Market,Germany,Paid
CUST000952,2024-12-19 08:52:36,Mass Market,France,Referral
CUST000953,2024-09-08 17:09:33,Mass Market,France,Organic
CUST000954,2024-12-26 20:50:01,Mass Market,Belgium,Organic
CUST000955,2024-10-28 00:41:14,Mass Market,Germany,Organic
CUST000956,2023-06-13 17:02:29,SME,Germany,Referral
CUST000957,2023-02-16 18:54:07,Mass Market,Germany,Organic
CUST000958,2025-08-09 14:04:48,Mass Market,France,Branch
CUST000959,2023-07-27 23:56:40,Mass Market,Germany,Partner
CUST000960,2024-07-07 04:03:56,Affluent,Germany,Branch
CUST000961,2022-11-26 08:08:08,Affluent,Germany,Paid
CUST000962,2023-12-23 07:56:57,Mass Market,France,Paid
CUST000963,2024-06-04 14:20:40,Mass Market,Germany,Organic
CUST000964,2024-11-12 16:37:43,Mass Market,France,Paid
CUST000965,2024-05-30 02:26:33,Mass Market,Germany,Partner
CUST000966,2023-08-27 00:27:27,Mass Market,Germany,Organic
CUST000967,2026-05-28 01:57:31,Mass Market,Germany,Branch
CUST000968,2024-05-07 07:12:01,SME,Austria,Organic
CUST000969,2025-09-13 11:28:43,Affluent,Germany,Organic
CUST000970,2025-05-16 18:31:33,Mass Market,Germany,Partner
CUST000971,2024-07-22 12:09:08,SME,Belgium,Paid
CUST000972,2026-01-22 01:34:30,Mass Market,Germany,Organic
CUST000973,2022-08-03 11:08:05,Mass Market,Germany,Branch
CUST000974,2026-03-21 00:10:59,Affluent,Germany,Organic
CUST000975,2025-11-22 13:52:12,Mass Market,France,Partner
CUST000976,2024-04-22 01:46:55,Mass Market,Germany,Organic
CUST000977,2025-05-11 05:33:08,Mass Market,Belgium,Organic
CUST000978,2024-05-19 21:35:59,Mass Market,Netherlands,Paid
CUST000979,2023-03-26 08:58:51,Mass Market,France,Referral
CUST000980,2025-08-30 09:11:59,Mass Market,Germany,Paid
CUST000981,2023-02-16 04:21:08,Mass Market,Netherlands,Organic
CUST000982,2023-06-10 18:16:38,Mass Market,Belgium,Organic
CUST000983,2024-05-18 06:07:59,Mass Market,Belgium,Branch
CUST000984,2025-11-01 02:28:45,Affluent,Germany,Organic
CUST000985,2023-10-04 22:11:10,Mass Market,France,Partner
CUST000986,2024-04-06 04:54:57,Mass Market,Netherlands,Organic
CUST000987,2022-03-11 15:56:45,Affluent,Austria,Organic
CUST000988,2022-07-13 17:05:55,Affluent,Germany,Organic
CUST000989,2022-04-04 13:03:14,Mass Market,Netherlands,Organic
CUST000990,2022-05-01 11:35:22,Affluent,France,Paid
CUST000991,2025-12-23 03:59:29,Affluent,Belgium,Paid
CUST000992,2025-11-08 19:30:12,Mass Market,France,Referral
CUST000993,2025-10-06 04:39:13,Affluent,Belgium,Organic
CUST000994,2022-04-03 21:49:45,Affluent,Germany,Paid
CUST000995,2022-05-10 19:44:04,Mass Market,Germany,Paid
CUST000996,2023-04-15 04:22:32,Mass Market,Germany,Organic
CUST000997,2024-08-03 04:09:43,Affluent,Netherlands,Organic
CUST000998,2023-07-13 15:58:12,SME,Germany,Organic
CUST000999,2024-03-26 04:48:42,Mass Market,France,Organic
CUST001000,2022-10-17 05:55:15,Affluent,Austria,Paid
CUST001001,2025-05-06 20:39:37,Affluent,Belgium,Organic
CUST001002,2023-06-09 19:54:47,Affluent,France,Paid
CUST001003,2022-04-22 06:09:00,SME,Netherlands,Paid
CUST001004,2025-05-26 18:46:02,Mass Market,Germany,Paid
CUST001005,2026-02-18 11:05:34,Mass Market,Germany,Organic
CUST001006,2022-01-25 13:11:35,Mass Market,France,Paid
CUST001007,2024-01-01 02:48:57,Mass Market,Netherlands,Paid
CUST001008,2025-10-15 00:48:54,Mass Market,Germany,Branch
CUST001009,2025-12-03 03:33:32,Affluent,Germany,Organic
CUST001010,2023-11-26 05:32:53,SME,France,Organic
CUST001011,2023-09-15 10:06:44,Mass Market,Germany,Referral
CUST001012,2025-03-31 17:48:44,Affluent,Belgium,Organic
CUST001013,2022-09-14 20:10:42,Mass Market,Germany,Organic
CUST001014,2024-10-01 14:31:25,Mass Market,Belgium,Referral
CUST001015,2025-01-22 15:44:48,Mass Market,Germany,Paid
CUST001016,2022-07-20 02:13:13,Mass Market,Netherlands,Partner
CUST001017,2024-04-29 21:28:17,Mass Market,Netherlands,Organic
CUST001018,2023-09-03 03:29:02,Affluent,Germany,Organic
CUST001019,2024-04-18 22:00:22,Mass Market,Germany,Organic
CUST001020,2026-05-22 11:50:46,Mass Market,Belgium,Referral
CUST001021,2022-05-09 02:13:34,Mass Market,Germany,Paid
CUST001022,2026-07-23 09:59:54,Mass Market,France,Partner
CUST001023,2024-01-22 16:41:38,SME,Germany,Branch
CUST001024,2025-07-14 23:01:30,SME,Netherlands,Branch
CUST001025,2023-12-11 17:09:25,Mass Market,Germany,Organic
CUST001026,2023-06-04 22:15:48,Mass Market,France,Partner
CUST001027,2025-07-12 10:37:33,Mass Market,France,Partner
CUST001028,2025-02-23 18:37:23,Mass Market,Germany,Referral
CUST001029,2022-08-29 20:45:31,Mass Market,Germany,Branch
CUST001030,2025-03-25 10:32:47,Mass Market,Belgium,Partner
CUST001031,2025-06-13 03:29:21,Mass Market,France,Partner
CUST001032,2023-10-11 11:18:41,Mass Market,Austria,Organic
CUST001033,2026-03-28 16:27:51,Mass Market,Netherlands,Paid
CUST001034,2024-12-07 13:34:44,Mass Market,France,Partner
CUST001035,2023-07-12 19:50:21,Mass Market,France,Partner
CUST001036,2022-01-18 22:28:44,Mass Market,Austria,Partner
CUST001037,2025-02-02 12:48:38,Mass Market,France,Paid
CUST001038,2022-12-16 13:03:56,Mass Market,Germany,Paid
CUST001039,2025-06-18 21:53:44,Mass Market,Belgium,Branch
CUST001040,2024-05-27 22:44:36,Affluent,Austria,Paid
CUST001041,2024-02-20 08:48:16,SME,Germany,Referral
CUST001042,2022-10-01 19:00:44,Mass Market,Germany,Partner
CUST001043,2025-04-04 15:17:02,Affluent,France,Paid
CUST001044,2022-10-05 09:30:38,Affluent,Netherlands,Paid
CUST001045,2023-11-30 11:37:16,Mass Market,Germany,Paid
CUST001046,2025-10-30 07:13:06,Mass Market,Netherlands,Referral
CUST001047,2026-03-19 20:26:26,Mass Market,France,Organic
CUST001048,2026-07-12 19:55:44,Mass Market,Germany,Branch
CUST001049,2026-05-21 19:06:16,SME,France,Referral
CUST001050,2024-07-18 13:56:28,Mass Market,Germany,Paid
CUST001051,2022-12-02 04:52:59,Mass Market,Netherlands,Organic
CUST001052,2025-11-03 22:11:24,Mass Market,Germany,Organic
CUST001053,2025-09-02 07:49:46,Mass Market,Netherlands,Organic
CUST001054,2026-07-14 19:37:39,Mass Market,Germany,Organic
CUST001055,2024-12-24 09:14:13,Mass Market,Austria,Organic
CUST001056,2022-08-25 17:57:35,Mass Market,Netherlands,Branch
CUST001057,2024-04-20 20:27:34,Affluent,Germany,Partner
CUST001058,2024-01-20 11:11:59,Mass Market,Austria,Referral
CUST001059,2025-11-10 09:47:13,Mass Market,Germany,Partner
CUST001060,2023-10-19 09:09:28,Affluent,France,Partner
CUST001061,2023-07-04 09:46:05,Mass Market,Belgium,Branch
CUST001062,2022-05-14 20:13:03,Mass Market,Belgium,Organic
CUST001063,2025-10-28 21:12:01,Affluent,France,Partner
CUST001064,2025-06-16 21:53:20,Mass Market,Austria,Branch
CUST001065,2022-03-10 22:23:06,Mass Market,Germany,Branch
CUST001066,2023-12-27 06:41:05,Mass Market,Germany,Paid
CUST001067,2024-03-13 02:07:45,Mass Market,Germany,Referral
CUST001068,2024-02-24 17:09:04,Mass Market,Germany,Paid
CUST001069,2026-03-17 10:52:19,Mass Market,France,Organic
CUST001070,2022-09-09 22:12:18,Mass Market,Germany,Organic
CUST001071,2023-05-28 04:59:30,Mass Market,France,Paid
CUST001072,2022-10-30 12:13:28,Mass Market,Germany,Organic
CUST001073,2023-02-13 02:37:32,Mass Market,Germany,Organic
CUST001074,2026-02-25 16:15:14,Mass Market,Netherlands,Organic
CUST001075,2026-04-22 21:17:51,SME,Germany,Referral
CUST001076,2022-03-16 15:40:43,Mass Market,Netherlands,Branch
CUST001077,2024-11-22 20:34:55,Mass Market,Netherlands,Referral
CUST001078,2023-01-25 07:53:47,Mass Market,France,Partner
CUST001079,2022-11-18 23:05:26,Mass Market,Belgium,Branch
CUST001080,2023-05-04 07:45:24,Mass Market,Austria,Paid
CUST001081,2022-11-22 00:21:44,Affluent,Germany,Paid
CUST001082,2024-03-30 14:38:49,Mass Market,France,Paid
CUST001083,2026-07-23 15:51:47,Mass Market,Germany,Organic
CUST001084,2024-09-07 12:52:18,Mass Market,Germany,Partner
CUST001085,2025-04-24 06:17:58,Affluent,France,Paid
CUST001086,2024-04-04 18:44:24,Mass Market,Netherlands,Branch
CUST001087,2022-01-24 06:04:15,Mass Market,Belgium,Organic
CUST001088,2022-05-21 15:22:48,Affluent,Netherlands,Organic
CUST001089,2023-03-26 13:19:10,Affluent,Netherlands,Paid
CUST001090,2023-02-12 09:53:15,Mass Market,France,Organic
CUST001091,2025-11-11 11:30:52,SME,Germany,Branch
CUST001092,2025-11-29 02:10:57,Affluent,Germany,Partner
CUST001093,2024-12-02 01:09:33,Mass Market,France,Paid
CUST001094,2024-12-21 09:03:11,Affluent,Netherlands,Partner
CUST001095,2023-11-12 04:20:48,Mass Market,Germany,Paid
CUST001096,2025-01-25 13:54:58,Mass Market,Germany,Organic
CUST001097,2025-08-21 07:23:54,Mass Market,Germany,Paid
CUST001098,2025-06-29 13:46:20,Affluent,France,Organic
CUST001099,2024-10-23 07:47:00,Mass Market,Germany,Partner
CUST001100,2022-04-08 03:46:37,Mass Market,Germany,Referral
CUST001101,2025-04-27 02:46:15,Mass Market,Germany,Organic
CUST001102,2023-09-05 23:15:40,Mass Market,Germany,Partner
CUST001103,2025-05-28 09:52:52,Affluent,Germany,Partner
CUST001104,2024-06-21 02:09:24,Affluent,Austria,Paid
CUST001105,2026-01-13 08:13:22,Mass Market,Germany,Paid
CUST001106,2023-07-20 21:34:54,Affluent,Germany,Paid
CUST001107,2026-04-07 06:59:14,Affluent,France,Paid
CUST001108,2025-11-12 23:14:53,Mass Market,France,Paid
CUST001109,2023-07-08 14:39:45,Mass Market,Germany,Organic
CUST001110,2024-03-17 20:40:10,Mass Market,Germany,Paid
CUST001111,2024-06-07 09:56:02,Mass Market,Austria,Referral
CUST001112,2025-07-09 03:29:16,Mass Market,Austria,Paid
CUST001113,2025-02-26 06:29:57,Mass Market,Germany,Branch
CUST001114,2025-11-25 13:40:43,Affluent,France,Organic
CUST001115,2023-09-11 10:03:17,Mass Market,Germany,Paid
CUST001116,2024-04-24 00:16:21,Affluent,Germany,Partner
CUST001117,2023-12-22 09:44:28,Affluent,Germany,Paid
CUST001118,2026-03-01 18:30:44,Mass Market,Netherlands,Branch
CUST001119,2023-05-25 22:15:40,Mass Market,Germany,Paid
CUST001120,2024-09-08 16:06:34,Affluent,Germany,Paid
CUST001121,2022-07-20 22:01:37,Affluent,Germany,Partner
CUST001122,2025-11-22 15:48:25,Mass Market,Germany,Partner
CUST001123,2023-10-05 09:53:52,Mass Market,Germany,Referral
CUST001124,2023-07-24 11:13:38,Mass Market,France,Referral
CUST001125,2024-09-01 15:18:07,Affluent,France,Organic
CUST001126,2024-04-14 00:31:36,Affluent,Germany,Referral
CUST001127,2025-11-18 19:35:36,Mass Market,Germany,Partner
CUST001128,2024-06-07 12:27:44,Mass Market,Netherlands,Partner
CUST001129,2024-05-14 09:57:43,Mass Market,Germany,Paid
CUST001130,2022-06-25 12:37:33,SME,Germany,Branch
CUST001131,2022-02-06 16:20:02,Affluent,Belgium,Referral
CUST001132,2023-10-29 09:06:53,Affluent,France,Organic
CUST001133,2026-07-28 00:00:41,Mass Market,Germany,Paid
CUST001134,2024-11-17 15:41:50,Mass Market,Germany,Partner
CUST001135,2024-11-20 18:02:10,Mass Market,Germany,Branch
CUST001136,2023-10-17 14:15:33,Mass Market,Germany,Paid
CUST001137,2022-10-24 18:59:02,Mass Market,Belgium,Referral
CUST001138,2022-01-15 06:57:47,Affluent,France,Paid
CUST001139,2023-07-21 13:35:56,Mass Market,Germany,Paid
CUST001140,2023-06-14 03:14:01,Mass Market,Germany,Partner
CUST001141,2022-11-17 08:38:44,SME,Germany,Organic
CUST001142,2023-03-10 07:51:15,Mass Market,Germany,Organic
CUST001143,2022-02-11 12:06:09,Mass Market,France,Partner
CUST001144,2024-10-13 12:13:36,Affluent,Germany,Organic
CUST001145,2026-03-31 17:07:59,Mass Market,Belgium,Organic
CUST001146,2025-03-01 00:25:15,Mass Market,Netherlands,Organic
CUST001147,2024-01-20 09:39:49,Mass Market,Belgium,Organic
CUST001148,2023-12-04 16:31:17,Affluent,Belgium,Organic
CUST001149,2023-05-30 04:46:02,Mass Market,Austria,Paid
CUST001150,2022-08-27 02:28:17,Mass Market,Austria,Branch
CUST001151,2024-09-27 15:41:33,Mass Market,Germany,Partner
CUST001152,2024-08-05 05:28:28,Mass Market,Germany,Partner
CUST001153,2022-01-13 05:30:52,Affluent,Germany,Organic
CUST001154,2023-11-26 18:02:51,Mass Market,France,Organic
CUST001155,2023-04-10 20:28:15,Mass Market,France,Branch
CUST001156,2022-10-12 17:03:55,Mass Market,Germany,Partner
CUST001157,2025-03-21 11:19:36,Mass Market,Belgium,Referral
CUST001158,2024-05-29 04:21:06,Mass Market,Netherlands,Paid
CUST001159,2024-11-25 15:54:48,Mass Market,France,Partner
CUST001160,2025-04-07 22:35:28,Mass Market,Germany,Paid
CUST001161,2026-06-30 13:54:32,Mass Market,Germany,Organic
CUST001162,2025-09-04 05:15:34,Affluent,Germany,Referral
CUST001163,2024-11-03 05:42:50,SME,Germany,Paid
CUST001164,2024-03-09 09:21:20,Mass Market,France,Paid
CUST001165,2026-07-05 12:42:50,Mass Market,Germany,Organic
CUST001166,2025-06-27 02:45:57,Mass Market,Germany,Partner
CUST001167,2024-12-24 06:38:49,Mass Market,Germany,Referral
CUST001168,2024-05-11 05:05:10,Mass Market,France,Paid
CUST001169,2023-04-22 01:40:51,SME,Germany,Branch
CUST001170,2026-05-30 11:44:23,Affluent,Austria,Organic
CUST001171,2024-11-08 06:29:11,Mass Market,Germany,Referral
CUST001172,2025-07-31 12:18:12,SME,Belgium,Partner
CUST001173,2024-02-10 08:28:51,Mass Market,Germany,Branch
CUST001174,2025-12-20 07:00:29,Mass Market,Germany,Referral
CUST001175,2022-05-05 00:36:34,Mass Market,Austria,Paid
CUST001176,2022-07-10 18:46:05,Mass Market,Netherlands,Paid
CUST001177,2024-04-27 21:34:13,Affluent,France,Referral
CUST001178,2025-05-09 14:17:20,Mass Market,Netherlands,Referral
CUST001179,2025-09-15 00:20:40,Mass Market,Germany,Partner
CUST001180,2024-01-06 19:52:45,Mass Market,Netherlands,Partner
CUST001181,2024-12-22 06:05:11,Affluent,Germany,Paid
CUST001182,2024-07-13 18:56:57,Mass Market,Netherlands,Organic
CUST001183,2026-05-27 15:59:34,Mass Market,Austria,Organic
CUST001184,2024-12-29 15:49:17,Mass Market,Belgium,Partner
CUST001185,2023-11-28 23:06:48,Affluent,Netherlands,Partner
CUST001186,2026-06-10 12:44:27,Mass Market,France,Partner
CUST001187,2022-06-29 07:50:59,Mass Market,France,Partner
CUST001188,2026-07-05 05:08:57,Affluent,Germany,Paid
CUST001189,2022-09-15 12:14:07,Mass Market,Belgium,Organic
CUST001190,2023-04-27 22:01:22,Mass Market,France,Organic
CUST001191,2025-10-05 11:57:03,Mass Market,Germany,Organic
CUST001192,2025-05-11 20:03:37,Mass Market,Netherlands,Partner
CUST001193,2026-06-11 10:22:29,Mass Market,Germany,Referral
CUST001194,2025-06-07 23:20:21,Mass Market,Netherlands,Branch
CUST001195,2024-12-01 01:52:36,Mass Market,Netherlands,Organic
CUST001196,2023-08-03 08:03:55,Mass Market,Germany,Referral
CUST001197,2022-01-08 21:06:19,Mass Market,Germany,Partner
CUST001198,2022-07-27 02:38:46,SME,Netherlands,Paid
CUST001199,2023-05-13 21:12:17,Mass Market,Germany,Partner
CUST001200,2022-03-10 11:07:10,Mass Market,Austria,Branch
CUST001201,2024-04-29 16:13:58,Mass Market,Germany,Paid
CUST001202,2025-07-23 17:13:30,Affluent,Germany,Partner
CUST001203,2026-05-30 13:29:12,Mass Market,Germany,Organic
CUST001204,2024-03-29 18:40:16,Mass Market,Netherlands,Organic
CUST001205,2026-01-03 00:12:21,Mass Market,France,Organic
CUST001206,2026-07-06 19:45:21,Mass Market,Belgium,Organic
CUST001207,2025-12-08 15:11:49,Affluent,Austria,Partner
CUST001208,2024-02-17 10:27:17,Affluent,France,Organic
CUST001209,2023-06-28 20:02:55,Affluent,Germany,Partner
CUST001210,2026-06-24 01:51:09,Mass Market,Germany,Referral
CUST001211,2023-02-09 11:25:38,Mass Market,Belgium,Referral
CUST001212,2023-11-20 03:43:18,Mass Market,Germany,Organic
CUST001213,2022-05-04 18:41:44,Affluent,Belgium,Organic
CUST001214,2025-08-20 00:52:38,Affluent,Belgium,Paid
CUST001215,2024-12-22 12:39:58,SME,France,Organic
CUST001216,2022-05-22 19:37:39,Mass Market,France,Paid
CUST001217,2023-01-07 01:31:48,Affluent,Austria,Partner
CUST001218,2024-06-22 13:39:32,Mass Market,Netherlands,Partner
CUST001219,2025-09-03 01:03:18,Affluent,France,Organic
CUST001220,2023-03-21 21:57:30,Mass Market,Germany,Organic
CUST001221,2026-03-27 02:25:42,Mass Market,Germany,Referral
CUST001222,2024-01-14 03:50:18,Mass Market,Germany,Branch
CUST001223,2025-10-07 08:36:51,SME,Austria,Partner
CUST001224,2023-02-03 13:45:18,Mass Market,France,Partner
CUST001225,2022-03-03 19:33:40,Mass Market,Netherlands,Partner
CUST001226,2022-04-03 01:11:39,Mass Market,Germany,Organic
CUST001227,2023-09-16 03:47:58,Mass Market,Belgium,Branch
CUST001228,2026-05-13 16:07:30,SME,Germany,Organic
CUST001229,2022-03-23 10:10:20,Mass Market,Netherlands,Partner
CUST001230,2023-09-09 22:21:11,Mass Market,Germany,Organic
CUST001231,2022-07-02 17:16:47,Affluent,Belgium,Partner
CUST001232,2026-04-07 13:49:23,Mass Market,France,Referral
CUST001233,2025-02-03 02:39:51,Mass Market,Germany,Referral
CUST001234,2025-06-29 05:17:18,Mass Market,Germany,Paid
CUST001235,2025-04-07 13:37:29,Mass Market,Germany,Partner
CUST001236,2025-01-03 13:09:45,Mass Market,Germany,Partner
CUST001237,2025-07-17 15:51:48,Mass Market,Germany,Partner
CUST001238,2022-01-14 14:01:51,Mass Market,Germany,Paid
CUST001239,2025-12-18 01:02:25,Affluent,Germany,Paid
CUST001240,2025-05-22 01:17:56,Affluent,Germany,Partner
CUST001241,2025-05-21 07:54:21,Affluent,Netherlands,Organic
CUST001242,2023-10-20 19:49:24,Mass Market,Germany,Partner
CUST001243,2025-09-01 01:22:30,Mass Market,Germany,Organic
CUST001244,2023-10-01 09:36:16,SME,Belgium,Partner
CUST001245,2022-03-23 20:48:56,Affluent,Germany,Paid
CUST001246,2026-02-26 20:53:51,Mass Market,France,Referral
CUST001247,2023-01-28 03:25:35,Mass Market,Austria,Organic
CUST001248,2022-06-20 09:02:54,Mass Market,Netherlands,Paid
CUST001249,2024-11-05 19:30:49,Mass Market,France,Organic
CUST001250,2023-01-26 16:02:15,Mass Market,France,Referral
CUST001251,2025-12-05 18:51:07,Mass Market,Belgium,Organic
CUST001252,2024-01-12 22:48:39,SME,Belgium,Paid
CUST001253,2022-01-08 12:34:51,Mass Market,Germany,Organic
CUST001254,2026-05-11 06:32:44,Mass Market,France,Referral
CUST001255,2024-05-10 11:02:46,Mass Market,Belgium,Organic
CUST001256,2023-03-16 16:45:15,Affluent,Netherlands,Partner
CUST001257,2025-02-06 10:11:19,Affluent,Germany,Organic
CUST001258,2024-06-06 04:20:15,Mass Market,Germany,Paid
CUST001259,2022-02-19 12:04:52,Mass Market,Germany,Organic
CUST001260,2025-06-24 03:07:45,Mass Market,Germany,Partner
CUST001261,2023-11-03 01:35:44,Affluent,France,Organic
CUST001262,2025-03-16 02:16:23,Mass Market,Germany,Branch
CUST001263,2026-02-06 12:02:11,Affluent,Germany,Paid
CUST001264,2024-10-17 22:40:14,Mass Market,Germany,Partner
CUST001265,2025-01-27 22:28:43,Mass Market,Belgium,Organic
CUST001266,2023-03-02 18:36:10,Mass Market,Belgium,Organic
CUST001267,2023-02-02 08:45:17,Mass Market,Netherlands,Referral
CUST001268,2023-11-25 21:11:07,Mass Market,Belgium,Referral
CUST001269,2025-11-26 20:24:04,Mass Market,Austria,Partner
CUST001270,2024-05-26 10:48:56,Affluent,Germany,Referral
CUST001271,2023-08-05 21:48:17,Mass Market,Germany,Organic
CUST001272,2025-07-27 12:12:47,SME,Netherlands,Branch
CUST001273,2025-11-27 19:00:53,Mass Market,France,Paid
CUST001274,2026-02-18 00:51:31,Mass Market,Germany,Referral
CUST001275,2023-05-15 20:00:38,SME,Austria,Referral
CUST001276,2025-04-01 12:26:39,Affluent,Germany,Organic
CUST001277,2024-09-14 00:22:15,Mass Market,Belgium,Partner
CUST001278,2024-01-21 16:20:31,Affluent,France,Branch
CUST001279,2023-10-26 16:24:39,Mass Market,Germany,Organic
CUST001280,2022-07-11 12:47:41,Mass Market,Belgium,Paid
CUST001281,2023-04-05 12:10:46,Mass Market,Netherlands,Partner
CUST001282,2024-07-08 00:57:54,Mass Market,France,Paid
CUST001283,2026-01-22 07:46:54,Mass Market,France,Paid
CUST001284,2025-12-19 12:33:17,Mass Market,Germany,Referral
CUST001285,2022-11-10 15:45:33,Affluent,Germany,Branch
CUST001286,2025-02-09 19:51:44,Affluent,Germany,Paid
CUST001287,2022-05-22 19:19:10,Affluent,Germany,Branch
CUST001288,2025-02-02 14:55:28,Affluent,Germany,Organic
CUST001289,2023-07-26 16:50:39,Mass Market,France,Organic
CUST001290,2024-01-23 03:30:42,Mass Market,Germany,Organic
CUST001291,2025-04-14 21:25:25,Mass Market,France,Paid
CUST001292,2023-12-12 09:55:18,Mass Market,Germany,Partner
CUST001293,2025-09-12 00:36:55,Mass Market,Germany,Organic
CUST001294,2024-06-11 03:31:35,Mass Market,Austria,Paid
CUST001295,2026-07-28 21:34:26,Mass Market,Austria,Partner
CUST001296,2024-12-03 03:19:38,Mass Market,Netherlands,Partner
CUST001297,2023-05-11 12:24:59,Mass Market,Germany,Partner
CUST001298,2025-07-20 06:44:08,Mass Market,Netherlands,Partner
CUST001299,2023-11-14 01:53:40,Mass Market,Germany,Branch
CUST001300,2024-06-12 03:06:41,SME,France,Partner
CUST001301,2022-08-17 18:21:51,Mass Market,Belgium,Branch
CUST001302,2022-07-19 13:00:10,Affluent,Germany,Branch
CUST001303,2024-08-19 04:27:38,Affluent,Austria,Referral
CUST001304,2026-07-26 22:53:30,Mass Market,Netherlands,Organic
CUST001305,2025-12-01 16:28:21,Mass Market,Germany,Paid
CUST001306,2025-03-17 20:57:11,Mass Market,Germany,Paid
CUST001307,2025-05-13 10:00:39,Mass Market,Netherlands,Organic
CUST001308,2024-09-22 04:42:03,Mass Market,Germany,Partner
CUST001309,2022-04-11 19:20:10,Affluent,Germany,Organic
CUST001310,2023-10-19 00:59:13,SME,Germany,Partner
CUST001311,2024-04-08 23:31:25,Mass Market,Austria,Referral
CUST001312,2026-03-11 09:06:31,Mass Market,Germany,Paid
CUST001313,2023-01-02 23:44:29,Mass Market,Austria,Branch
CUST001314,2023-07-30 06:42:00,Affluent,France,Referral
CUST001315,2022-08-13 15:52:31,Mass Market,Germany,Referral
CUST001316,2022-06-22 05:54:17,Mass Market,Germany,Organic
CUST001317,2023-09-03 21:54:25,Affluent,Netherlands,Branch
CUST001318,2022-05-18 19:24:05,Mass Market,Germany,Organic
CUST001319,2022-04-23 07:15:50,Mass Market,Germany,Referral
CUST001320,2023-08-10 15:38:43,Mass Market,Germany,Organic
CUST001321,2022-12-04 17:00:53,Mass Market,Belgium,Organic
CUST001322,2024-07-16 15:23:44,Mass Market,France,Paid
CUST001323,2022-01-30 13:00:46,Mass Market,Germany,Referral
CUST001324,2023-05-20 15:08:28,Mass Market,Germany,Branch
CUST001325,2024-01-28 21:12:59,Affluent,Germany,Partner
CUST001326,2026-05-30 09:03:06,Mass Market,Netherlands,Partner
CUST001327,2024-11-26 22:49:54,Affluent,Germany,Organic
CUST001328,2026-01-12 13:30:19,Mass Market,Austria,Branch
CUST001329,2023-07-28 23:38:23,Affluent,Belgium,Paid
CUST001330,2024-01-22 21:57:40,Mass Market,Germany,Branch
CUST001331,2026-01-23 17:22:22,Affluent,Belgium,Referral
CUST001332,2026-05-23 19:08:58,Mass Market,France,Paid
CUST001333,2026-05-29 00:32:52,Mass Market,France,Paid
CUST001334,2025-06-11 06:46:34,Mass Market,Germany,Partner
CUST001335,2024-04-21 04:50:52,Mass Market,Belgium,Branch
CUST001336,2024-06-23 07:29:42,SME,Germany,Partner
CUST001337,2026-06-28 09:54:47,SME,Netherlands,Referral
CUST001338,2023-04-21 18:03:22,Affluent,Germany,Branch
CUST001339,2023-08-03 16:40:46,Mass Market,Germany,Paid
CUST001340,2026-02-08 18:41:15,Affluent,Austria,Paid
CUST001341,2023-10-08 22:20:20,Affluent,Germany,Partner
CUST001342,2023-01-29 01:58:37,Mass Market,Germany,Organic
CUST001343,2024-07-26 02:31:12,Mass Market,Belgium,Referral
CUST001344,2023-06-28 23:21:11,Mass Market,Germany,Organic
CUST001345,2026-01-29 12:57:56,Mass Market,Belgium,Partner
CUST001346,2026-02-28 22:57:10,Mass Market,Belgium,Paid
CUST001347,2023-05-27 15:34:26,Affluent,Germany,Referral
CUST001348,2024-06-04 09:27:48,Mass Market,France,Paid
CUST001349,2026-07-04 05:38:39,Mass Market,Austria,Partner
CUST001350,2025-05-26 03:44:04,Mass Market,Austria,Organic
CUST001351,2022-12-27 12:41:36,Affluent,France,Referral
CUST001352,2024-09-14 17:24:25,SME,France,Paid
CUST001353,2024-11-02 10:57:53,Affluent,France,Partner
CUST001354,2024-12-28 13:12:30,Mass Market,Germany,Referral
CUST001355,2022-02-11 19:37:08,Mass Market,France,Paid
CUST001356,2023-05-16 13:39:09,Mass Market,Germany,Organic
CUST001357,2025-11-29 21:56:42,Mass Market,Germany,Organic
CUST001358,2023-02-08 13:46:41,Mass Market,Germany,Partner
CUST001359,2023-05-17 02:11:11,Mass Market,Belgium,Organic
CUST001360,2023-06-24 04:58:22,Affluent,Germany,Paid
CUST001361,2022-10-24 14:13:12,Mass Market,Germany,Organic
CUST001362,2022-09-17 21:33:32,Affluent,Germany,Paid
CUST001363,2023-08-04 05:02:24,Mass Market,Germany,Paid
CUST001364,2026-01-01 20:29:12,Mass Market,Austria,Paid
CUST001365,2022-01-03 13:35:42,Mass Market,Germany,Partner
CUST001366,2023-04-19 14:07:58,Mass Market,Germany,Partner
CUST001367,2022-04-12 08:50:23,Mass Market,Austria,Paid
CUST001368,2024-07-27 19:26:47,Mass Market,Germany,Branch
CUST001369,2023-02-24 00:08:54,Mass Market,Germany,Paid
CUST001370,2025-08-17 04:20:59,Mass Market,Netherlands,Referral
CUST001371,2024-09-05 03:33:13,Mass Market,Netherlands,Partner
CUST001372,2025-08-03 13:17:37,Affluent,Germany,Paid
CUST001373,2024-11-27 13:34:42,Affluent,Netherlands,Referral
CUST001374,2024-01-03 23:33:49,Mass Market,France,Organic
CUST001375,2025-12-10 12:53:08,Mass Market,France,Branch
CUST001376,2024-03-07 07:15:11,Mass Market,Germany,Partner
CUST001377,2026-05-08 06:58:18,Mass Market,Netherlands,Organic
CUST001378,2026-07-22 03:23:30,Mass Market,France,Paid
CUST001379,2024-09-11 20:14:46,Mass Market,Netherlands,Partner
CUST001380,2025-02-01 22:14:51,Mass Market,Austria,Organic
CUST001381,2023-03-04 11:13:38,SME,Belgium,Organic
CUST001382,2025-09-24 01:48:41,Mass Market,Netherlands,Branch
CUST001383,2025-01-27 21:39:10,Affluent,Germany,Paid
CUST001384,2026-02-18 01:41:08,Mass Market,Germany,Organic
CUST001385,2023-03-23 10:30:28,Mass Market,France,Organic
CUST001386,2025-08-09 20:24:17,SME,Germany,Partner
CUST001387,2024-02-26 07:13:42,Mass Market,Netherlands,Partner
CUST001388,2022-11-06 14:52:36,Mass Market,Netherlands,Partner
CUST001389,2022-10-14 05:46:39,SME,France,Branch
CUST001390,2024-07-28 22:47:13,Mass Market,Germany,Organic
CUST001391,2023-06-19 02:52:22,Mass Market,Belgium,Organic
CUST001392,2022-06-20 08:48:31,Mass Market,France,Organic
CUST001393,2023-12-16 04:31:36,Mass Market,Germany,Paid
CUST001394,2024-12-27 16:27:32,Mass Market,France,Organic
CUST001395,2023-06-18 06:47:31,Mass Market,Germany,Paid
CUST001396,2026-05-17 08:15:42,Affluent,Netherlands,Referral
CUST001397,2025-07-27 09:40:39,Mass Market,Germany,Organic
CUST001398,2024-05-07 06:54:44,Mass Market,France,Branch
CUST001399,2026-04-12 17:47:01,Mass Market,Germany,Branch
CUST001400,2023-12-25 22:19:12,Mass Market,Germany,Paid
CUST001401,2022-08-22 12:37:06,Affluent,Germany,Referral
CUST001402,2022-03-01 22:17:52,Mass Market,Germany,Partner
CUST001403,2026-04-18 09:00:34,Mass Market,Belgium,Paid
CUST001404,2026-05-24 17:49:55,Affluent,Netherlands,Partner
CUST001405,2025-05-21 00:38:03,Affluent,Germany,Organic
CUST001406,2022-06-22 05:17:30,Affluent,Germany,Paid
CUST001407,2023-05-06 23:36:26,Mass Market,Netherlands,Referral
CUST001408,2022-03-10 16:25:18,Mass Market,Germany,Partner
CUST001409,2022-03-27 16:30:05,Mass Market,Germany,Paid
CUST001410,2023-02-16 10:09:39,Mass Market,Germany,Partner
CUST001411,2024-08-14 14:54:14,Affluent,France,Branch
CUST001412,2022-04-20 13:36:18,Mass Market,Austria,Organic
CUST001413,2026-07-05 06:04:23,Mass Market,Germany,Paid
CUST001414,2024-01-31 22:58:07,Affluent,Austria,Organic
CUST001415,2023-03-18 03:35:36,SME,Belgium,Branch
CUST001416,2024-05-12 21:34:16,Mass Market,Austria,Paid
CUST001417,2025-08-14 03:21:12,SME,Netherlands,Organic
CUST001418,2023-06-07 14:48:24,Mass Market,Belgium,Partner
CUST001419,2022-03-21 10:37:42,Mass Market,France,Paid
CUST001420,2022-03-27 04:56:32,Mass Market,Belgium,Organic
CUST001421,2025-11-25 12:29:23,SME,Germany,Referral
CUST001422,2022-07-06 14:17:58,Affluent,Netherlands,Partner
CUST001423,2024-11-28 15:53:22,Mass Market,France,Organic
CUST001424,2023-10-05 21:23:30,Mass Market,Germany,Branch
CUST001425,2025-07-24 00:12:26,Mass Market,Germany,Organic
CUST001426,2022-04-12 04:53:08,Mass Market,Germany,Organic
CUST001427,2026-02-10 02:36:18,Affluent,Germany,Paid
CUST001428,2025-03-13 08:57:26,Mass Market,Germany,Organic
CUST001429,2024-01-22 04:36:59,Affluent,Germany,Partner
CUST001430,2022-12-13 03:19:13,Mass Market,Germany,Paid
CUST001431,2026-06-22 18:44:57,Mass Market,France,Organic
CUST001432,2023-05-21 01:31:40,Mass Market,Germany,Branch
CUST001433,2024-03-31 03:16:10,SME,Germany,Paid
CUST001434,2023-10-21 23:28:45,Mass Market,Germany,Paid
CUST001435,2023-01-21 11:31:25,Mass Market,Germany,Organic
CUST001436,2023-11-28 13:42:40,Mass Market,Germany,Referral
CUST001437,2022-09-11 06:46:20,Affluent,Austria,Organic
CUST001438,2022-01-03 18:38:27,Affluent,Germany,Organic
CUST001439,2023-04-30 20:50:11,Affluent,Germany,Branch
CUST001440,2022-07-07 09:09:35,Mass Market,France,Organic
CUST001441,2023-11-25 12:14:52,Affluent,Belgium,Referral
CUST001442,2025-12-13 13:00:59,Mass Market,Germany,Partner
CUST001443,2022-09-29 19:34:43,Affluent,Germany,Referral
CUST001444,2022-01-03 01:28:49,Mass Market,France,Organic
CUST001445,2022-07-05 17:59:04,Mass Market,Germany,Branch
CUST001446,2024-04-29 15:44:22,SME,Germany,Organic
CUST001447,2023-04-05 12:42:22,SME,Austria,Organic
CUST001448,2024-03-29 10:44:11,Mass Market,Austria,Referral
CUST001449,2022-02-18 21:39:30,Mass Market,France,Organic
CUST001450,2023-07-11 22:24:08,Affluent,Germany,Paid
CUST001451,2023-12-23 04:17:26,SME,France,Partner
CUST001452,2024-07-10 12:52:45,Affluent,Austria,Organic
CUST001453,2025-07-29 03:09:35,Mass Market,Austria,Organic
CUST001454,2024-02-21 05:00:09,Mass Market,Germany,Paid
CUST001455,2025-11-07 11:49:20,Affluent,Germany,Paid
CUST001456,2024-06-04 17:13:20,Affluent,Germany,Partner
CUST001457,2023-03-12 07:15:58,Affluent,Netherlands,Partner
CUST001458,2023-01-18 22:02:40,Mass Market,Germany,Paid
CUST001459,2023-06-24 04:53:47,Mass Market,Germany,Paid
CUST001460,2024-09-25 23:02:01,Mass Market,Germany,Organic
CUST001461,2023-02-10 10:21:06,Affluent,Germany,Paid
CUST001462,2026-03-09 11:57:26,Mass Market,Belgium,Organic
CUST001463,2024-03-13 07:57:30,Mass Market,Germany,Partner
CUST001464,2025-12-14 09:24:34,Affluent,Germany,Organic
CUST001465,2025-02-16 09:47:28,Affluent,Netherlands,Partner
CUST001466,2023-07-12 08:46:06,Mass Market,France,Organic
CUST001467,2023-01-17 15:19:52,Affluent,Netherlands,Organic
CUST001468,2025-05-28 20:59:29,Mass Market,Belgium,Organic
CUST001469,2023-07-07 23:45:49,Mass Market,Germany,Paid
CUST001470,2023-02-17 18:18:24,Mass Market,Germany,Partner
CUST001471,2026-04-05 14:28:26,Mass Market,Germany,Partner
CUST001472,2024-03-17 22:58:20,SME,Netherlands,Branch
CUST001473,2022-03-23 04:59:18,Affluent,Austria,Paid
CUST001474,2024-04-07 06:02:08,Mass Market,Germany,Organic
CUST001475,2024-02-10 09:45:45,Affluent,Netherlands,Referral
CUST001476,2025-12-15 13:19:40,Mass Market,Netherlands,Referral
CUST001477,2025-04-04 17:24:03,Affluent,Austria,Organic
CUST001478,2022-11-16 22:47:02,Affluent,Germany,Organic
CUST001479,2022-09-09 13:25:06,Mass Market,Germany,Paid
CUST001480,2024-10-06 05:02:34,Mass Market,Netherlands,Paid
CUST001481,2022-03-21 05:01:28,Mass Market,Netherlands,Partner
CUST001482,2023-06-18 09:28:20,Mass Market,Netherlands,Organic
CUST001483,2022-08-20 01:54:18,SME,Belgium,Branch
CUST001484,2022-02-04 09:06:34,Mass Market,Germany,Paid
CUST001485,2026-03-17 06:32:13,Mass Market,France,Referral
CUST001486,2022-05-31 04:19:43,Mass Market,Germany,Organic
CUST001487,2022-01-16 11:34:35,Affluent,Germany,Partner
CUST001488,2026-04-09 19:05:06,Mass Market,Germany,Referral
CUST001489,2022-11-11 20:59:03,Affluent,Germany,Organic
CUST001490,2025-09-27 06:49:56,Mass Market,Germany,Paid
CUST001491,2022-02-22 07:20:41,Mass Market,France,Organic
CUST001492,2022-09-14 17:53:55,Mass Market,Belgium,Paid
CUST001493,2022-07-04 23:20:21,Mass Market,Germany,Referral
CUST001494,2025-03-26 20:54:51,Mass Market,Germany,Partner
CUST001495,2024-11-02 21:21:02,Affluent,Germany,Referral
CUST001496,2024-03-06 00:56:43,Affluent,Germany,Organic
CUST001497,2023-02-09 00:29:10,Mass Market,Germany,Referral
CUST001498,2022-05-29 13:46:21,Mass Market,France,Partner
CUST001499,2024-08-09 17:20:28,Mass Market,Belgium,Organic
CUST001500,2023-01-21 18:06:10,Mass Market,Germany,Referral
CUST001501,2024-09-13 19:21:37,Affluent,France,Organic
CUST001502,2025-02-23 10:43:03,Affluent,Netherlands,Organic
CUST001503,2025-11-21 06:08:27,Affluent,Germany,Referral
CUST001504,2024-04-05 22:37:47,Mass Market,Germany,Organic
CUST001505,2022-01-08 22:15:45,Mass Market,Germany,Organic
CUST001506,2023-04-15 06:35:56,Mass Market,Germany,Organic
CUST001507,2025-11-27 20:00:34,SME,Belgium,Branch
CUST001508,2024-06-10 14:17:41,Mass Market,Germany,Organic
CUST001509,2024-11-01 04:00:38,SME,Germany,Paid
CUST001510,2024-02-05 11:32:01,Mass Market,Germany,Organic
CUST001511,2022-09-30 02:34:14,Mass Market,Germany,Paid
CUST001512,2026-02-08 06:55:34,Affluent,Austria,Organic
CUST001513,2025-07-16 08:25:53,Mass Market,Germany,Branch
CUST001514,2026-07-22 22:43:13,Mass Market,Netherlands,Referral
CUST001515,2025-12-01 09:09:52,Mass Market,Germany,Branch
CUST001516,2023-05-02 18:35:47,SME,Germany,Partner
CUST001517,2023-03-02 03:05:06,Mass Market,Germany,Paid
CUST001518,2023-02-20 10:46:54,SME,Belgium,Organic
CUST001519,2026-03-17 05:21:10,Mass Market,Germany,Paid
CUST001520,2024-07-20 04:41:56,Mass Market,Netherlands,Paid
CUST001521,2024-01-30 20:28:03,Mass Market,Germany,Partner
CUST001522,2026-06-07 22:23:38,Mass Market,France,Organic
CUST001523,2024-10-05 22:12:59,SME,France,Partner
CUST001524,2026-03-01 13:41:11,Affluent,France,Organic
CUST001525,2026-07-05 08:00:59,SME,Germany,Paid
CUST001526,2022-05-13 19:59:37,SME,Germany,Branch
CUST001527,2023-08-28 11:43:11,Mass Market,Belgium,Organic
CUST001528,2025-05-12 11:32:30,Mass Market,France,Organic
CUST001529,2025-09-21 14:27:29,Affluent,Germany,Organic
CUST001530,2022-09-06 06:24:18,Mass Market,Germany,Paid
CUST001531,2023-06-17 08:43:11,Affluent,Germany,Paid
CUST001532,2024-07-05 13:04:50,Mass Market,Germany,Branch
CUST001533,2025-08-29 06:50:24,Mass Market,Germany,Referral
CUST001534,2022-07-08 21:09:00,Mass Market,Germany,Partner
CUST001535,2024-10-01 10:15:02,Mass Market,Germany,Partner
CUST001536,2023-05-11 15:39:38,Mass Market,France,Organic
CUST001537,2022-12-28 17:55:16,Mass Market,Austria,Branch
CUST001538,2024-05-11 17:56:12,Mass Market,Netherlands,Paid
CUST001539,2023-11-24 06:02:20,Mass Market,Germany,Organic
CUST001540,2024-11-28 21:49:28,Mass Market,Netherlands,Branch
CUST001541,2023-06-16 02:04:57,Mass Market,Germany,Paid
CUST001542,2025-10-08 12:25:00,Mass Market,France,Organic
CUST001543,2022-05-11 14:20:00,Affluent,Germany,Referral
CUST001544,2025-12-12 01:29:43,Mass Market,Germany,Organic
CUST001545,2022-02-19 21:12:34,Mass Market,France,Organic
CUST001546,2025-05-15 10:01:27,Mass Market,Germany,Organic
CUST001547,2023-08-03 07:29:43,Mass Market,France,Partner
CUST001548,2023-10-03 22:27:25,Mass Market,France,Organic
CUST001549,2022-02-01 19:48:08,Mass Market,Germany,Organic
CUST001550,2025-03-19 21:52:09,Mass Market,Germany,Paid
CUST001551,2022-10-04 16:41:33,Mass Market,France,Organic
CUST001552,2025-01-07 02:38:34,Mass Market,Netherlands,Paid
CUST001553,2025-04-27 12:09:22,Mass Market,Netherlands,Paid
CUST001554,2025-11-14 05:44:07,Mass Market,Germany,Organic
CUST001555,2025-03-29 22:17:06,Mass Market,Belgium,Organic
CUST001556,2023-05-20 02:36:06,Mass Market,Germany,Organic
CUST001557,2025-05-19 21:45:13,Affluent,Germany,Paid
CUST001558,2025-10-12 23:44:03,Mass Market,France,Referral
CUST001559,2023-06-15 06:43:20,Mass Market,Germany,Organic
CUST001560,2022-07-27 14:58:15,Mass Market,Germany,Organic
CUST001561,2026-01-28 02:42:02,Mass Market,Germany,Organic
CUST001562,2022-09-05 08:32:04,Mass Market,Belgium,Partner
CUST001563,2024-09-19 21:13:56,Affluent,Belgium,Paid
CUST001564,2023-01-31 01:27:45,Affluent,Austria,Partner
CUST001565,2022-07-30 17:11:06,Mass Market,Germany,Partner
CUST001566,2025-07-22 03:59:11,Mass Market,Germany,Organic
CUST001567,2022-08-29 07:08:32,Affluent,Netherlands,Paid
CUST001568,2025-01-25 14:49:21,Mass Market,Germany,Branch
CUST001569,2025-03-04 20:31:59,Mass Market,Germany,Organic
CUST001570,2022-04-11 16:49:45,Affluent,Germany,Paid
CUST001571,2022-10-17 03:53:39,Mass Market,France,Paid
CUST001572,2025-08-21 04:13:08,Mass Market,France,Organic
CUST001573,2024-04-28 04:38:29,Mass Market,Germany,Referral
CUST001574,2022-07-22 21:36:35,Mass Market,Germany,Organic
CUST001575,2026-07-17 05:55:34,Mass Market,Netherlands,Organic
CUST001576,2023-03-20 01:26:41,Mass Market,France,Partner
CUST001577,2022-01-07 16:49:01,Mass Market,Germany,Branch
CUST001578,2026-03-26 04:56:03,Mass Market,Germany,Organic
CUST001579,2022-01-28 17:18:51,Mass Market,Austria,Partner
CUST001580,2024-07-14 05:09:51,Affluent,France,Organic
CUST001581,2026-07-19 10:29:53,Mass Market,France,Partner
CUST001582,2024-08-24 02:20:01,Affluent,France,Paid
CUST001583,2024-09-04 12:23:13,Mass Market,Austria,Paid
CUST001584,2023-10-12 00:40:56,Mass Market,Germany,Branch
CUST001585,2022-08-01 04:38:36,Mass Market,Germany,Partner
CUST001586,2024-08-15 12:58:38,Mass Market,Germany,Organic
CUST001587,2026-02-09 06:56:33,Mass Market,Netherlands,Branch
CUST001588,2022-06-02 07:46:30,Affluent,Germany,Organic
CUST001589,2026-01-11 23:54:02,Affluent,Germany,Partner
CUST001590,2024-06-15 12:39:00,Affluent,Germany,Partner
CUST001591,2022-10-04 13:22:00,Mass Market,France,Referral
CUST001592,2024-11-05 15:16:14,Mass Market,France,Paid
CUST001593,2022-11-01 21:27:52,Mass Market,Germany,Partner
CUST001594,2023-04-02 18:27:20,Mass Market,Germany,Partner
CUST001595,2022-03-26 11:15:15,Affluent,Netherlands,Paid
CUST001596,2024-01-18 16:30:05,Affluent,Germany,Branch
CUST001597,2024-09-21 02:48:32,Mass Market,Netherlands,Organic
CUST001598,2023-07-29 08:01:54,Affluent,Germany,Organic
CUST001599,2025-01-14 13:47:07,Affluent,Belgium,Partner
CUST001600,2026-06-22 01:22:43,Mass Market,Germany,Organic
CUST001601,2025-10-30 04:50:47,Affluent,France,Referral
CUST001602,2022-11-14 06:55:13,Mass Market,Germany,Paid
CUST001603,2022-01-31 08:44:46,Mass Market,Germany,Paid
CUST001604,2022-03-28 19:07:42,Mass Market,Netherlands,Partner
CUST001605,2024-09-23 00:48:08,Mass Market,France,Branch
CUST001606,2022-09-19 06:25:18,Mass Market,Netherlands,Partner
CUST001607,2023-01-22 16:49:31,SME,France,Organic
CUST001608,2025-11-17 20:07:51,Mass Market,France,Paid
CUST001609,2026-01-01 03:23:51,Mass Market,Belgium,Referral
CUST001610,2025-11-03 20:37:35,Mass Market,Germany,Branch
CUST001611,2023-03-01 03:02:57,Mass Market,Belgium,Partner
CUST001612,2024-11-02 02:42:19,Affluent,Germany,Partner
CUST001613,2024-10-18 04:59:02,Mass Market,Germany,Paid
CUST001614,2022-11-06 17:36:29,SME,Netherlands,Paid
CUST001615,2024-07-14 12:29:12,Mass Market,Germany,Paid
CUST001616,2024-05-28 05:29:42,Mass Market,Germany,Organic
CUST001617,2023-10-25 09:22:09,Mass Market,Germany,Organic
CUST001618,2025-06-10 18:43:55,Mass Market,Germany,Partner
CUST001619,2025-02-06 23:33:57,SME,France,Paid
CUST001620,2024-06-09 14:22:17,Mass Market,Germany,Organic
CUST001621,2025-04-28 11:41:02,Mass Market,Germany,Branch
CUST001622,2025-06-29 22:01:09,Mass Market,Germany,Organic
CUST001623,2024-08-05 22:04:47,Affluent,Germany,Partner
CUST001624,2023-03-24 13:13:47,Mass Market,Germany,Referral
CUST001625,2025-06-22 01:58:03,Affluent,Germany,Referral
CUST001626,2025-04-14 20:24:38,Affluent,Belgium,Referral
CUST001627,2026-07-03 06:33:37,Mass Market,Netherlands,Referral
CUST001628,2022-09-08 10:33:10,Mass Market,Germany,Paid
CUST001629,2023-12-03 00:33:44,Mass Market,Germany,Partner
CUST001630,2026-03-26 07:22:05,Mass Market,Germany,Referral
CUST001631,2024-05-10 09:11:19,SME,Germany,Paid
CUST001632,2026-04-26 01:34:16,Mass Market,Germany,Partner
CUST001633,2022-01-21 20:23:28,Affluent,Belgium,Organic
CUST001634,2022-02-28 19:17:39,Mass Market,Netherlands,Partner
CUST001635,2025-08-23 23:02:02,Mass Market,Germany,Organic
CUST001636,2024-05-19 19:47:31,Affluent,Germany,Partner
CUST001637,2023-12-17 15:09:53,Mass Market,France,Paid
CUST001638,2023-11-14 02:40:34,Mass Market,Austria,Organic
CUST001639,2026-04-20 19:13:27,Mass Market,Germany,Paid
CUST001640,2025-07-15 03:31:21,Mass Market,Belgium,Partner
CUST001641,2026-01-27 12:07:58,Affluent,Germany,Branch
CUST001642,2025-01-04 04:37:15,Mass Market,Netherlands,Organic
CUST001643,2023-10-23 10:51:01,Affluent,Germany,Organic
CUST001644,2022-09-25 13:02:01,Mass Market,France,Partner
CUST001645,2025-02-15 06:38:03,Mass Market,Germany,Partner
CUST001646,2024-02-23 19:55:09,Mass Market,France,Paid
CUST001647,2022-09-07 18:05:10,Affluent,France,Partner
CUST001648,2023-08-25 08:02:56,Mass Market,France,Referral
CUST001649,2026-05-27 17:03:48,Mass Market,France,Organic
CUST001650,2023-03-20 17:23:33,Mass Market,Germany,Paid
CUST001651,2022-10-26 08:30:39,Mass Market,Netherlands,Organic
CUST001652,2025-02-14 06:18:34,Affluent,Germany,Branch
CUST001653,2022-11-30 15:13:15,Mass Market,France,Referral
CUST001654,2026-03-19 02:06:30,SME,Germany,Paid
CUST001655,2025-12-07 05:15:51,Mass Market,Germany,Branch
CUST001656,2026-07-03 11:05:56,Mass Market,Germany,Organic
CUST001657,2026-03-06 20:07:13,Mass Market,Austria,Referral
CUST001658,2023-02-12 13:46:19,Affluent,France,Referral
CUST001659,2022-12-21 17:03:04,Mass Market,Germany,Referral
CUST001660,2023-07-27 21:26:08,Mass Market,Netherlands,Partner
CUST001661,2024-02-25 12:10:12,Mass Market,Germany,Organic
CUST001662,2026-01-11 08:28:01,Mass Market,Germany,Organic
CUST001663,2025-05-11 09:41:00,Mass Market,Germany,Organic
CUST001664,2026-01-08 15:03:36,SME,Netherlands,Referral
CUST001665,2024-12-15 22:10:08,Mass Market,Austria,Paid
CUST001666,2023-09-26 18:37:35,Mass Market,Austria,Paid
CUST001667,2023-11-22 12:53:58,Mass Market,Germany,Organic
CUST001668,2024-05-14 10:57:28,Mass Market,Germany,Paid
CUST001669,2022-05-29 10:15:02,Mass Market,Belgium,Paid
CUST001670,2025-05-25 03:35:46,SME,Germany,Paid
CUST001671,2024-12-27 10:35:26,Mass Market,France,Paid
CUST001672,2025-05-07 11:01:28,Affluent,Austria,Organic
CUST001673,2024-06-11 18:02:39,Mass Market,Germany,Organic
CUST001674,2025-08-02 02:37:26,Affluent,Germany,Branch
CUST001675,2026-05-07 23:36:23,Mass Market,Belgium,Partner
CUST001676,2024-08-10 22:18:15,SME,France,Partner
CUST001677,2024-01-14 00:14:02,Mass Market,Austria,Branch
CUST001678,2022-06-24 21:59:40,Mass Market,France,Partner
CUST001679,2025-07-25 22:45:48,Mass Market,Germany,Partner
CUST001680,2026-02-20 10:38:24,Mass Market,Netherlands,Paid
CUST001681,2025-03-15 13:08:24,Mass Market,Netherlands,Organic
CUST001682,2025-12-18 05:41:41,Mass Market,Austria,Paid
CUST001683,2025-12-10 22:12:47,Affluent,Germany,Branch
CUST001684,2025-08-27 10:03:14,Affluent,Germany,Paid
CUST001685,2024-04-20 19:35:21,Mass Market,Germany,Organic
CUST001686,2022-06-16 23:16:53,Affluent,Germany,Referral
CUST001687,2022-01-06 10:14:45,Mass Market,Austria,Organic
CUST001688,2022-12-08 18:03:27,Mass Market,Austria,Partner
CUST001689,2023-12-22 16:09:17,Mass Market,France,Partner
CUST001690,2025-05-28 07:11:43,Mass Market,Austria,Paid
CUST001691,2024-02-02 02:37:33,Mass Market,Germany,Organic
CUST001692,2022-02-08 16:33:56,Mass Market,Belgium,Paid
CUST001693,2022-12-18 16:44:47,Mass Market,France,Referral
CUST001694,2026-06-26 06:19:33,Mass Market,Netherlands,Branch
CUST001695,2026-07-10 23:21:42,Affluent,Netherlands,Referral
CUST001696,2023-09-23 14:03:42,Mass Market,France,Organic
CUST001697,2025-09-07 22:27:40,Affluent,Belgium,Organic
CUST001698,2025-04-17 16:34:24,Mass Market,Germany,Partner
CUST001699,2026-04-07 01:56:35,Mass Market,Belgium,Partner
CUST001700,2026-01-24 00:27:09,Mass Market,Germany,Organic
CUST001701,2024-11-17 06:08:38,Affluent,Germany,Organic
CUST001702,2023-10-22 19:42:29,Mass Market,Netherlands,Organic
CUST001703,2024-11-13 18:33:51,Mass Market,Netherlands,Paid
CUST001704,2023-06-18 14:08:54,Affluent,Belgium,Partner
CUST001705,2023-08-06 00:10:44,Affluent,Germany,Branch
CUST001706,2024-10-14 19:33:50,Mass Market,Germany,Organic
CUST001707,2024-08-13 09:05:21,Mass Market,Germany,Paid
CUST001708,2024-08-29 09:56:29,Mass Market,Belgium,Paid
CUST001709,2023-10-06 04:16:04,Mass Market,Austria,Paid
CUST001710,2023-11-16 01:58:08,Affluent,Belgium,Organic
CUST001711,2022-01-18 00:59:12,Mass Market,Germany,Organic
CUST001712,2024-10-03 04:01:02,Mass Market,Belgium,Organic
CUST001713,2024-08-20 17:06:17,Mass Market,Germany,Partner
CUST001714,2026-04-13 22:59:00,Mass Market,Austria,Partner
CUST001715,2024-04-23 03:43:48,Mass Market,France,Partner
CUST001716,2024-02-21 21:28:05,Mass Market,Germany,Paid
CUST001717,2022-04-24 03:57:36,Mass Market,France,Paid
CUST001718,2022-11-25 22:52:12,Mass Market,Netherlands,Organic
CUST001719,2023-07-20 04:46:11,Mass Market,Germany,Organic
CUST001720,2023-09-23 16:31:18,Mass Market,Germany,Organic
CUST001721,2023-08-30 09:51:26,Mass Market,Netherlands,Organic
CUST001722,2023-10-21 22:43:29,Mass Market,Austria,Branch
CUST001723,2025-07-09 15:08:00,Affluent,France,Branch
CUST001724,2022-08-08 05:07:46,SME,Germany,Referral
CUST001725,2023-07-10 12:54:40,SME,France,Partner
CUST001726,2022-09-30 07:42:27,Mass Market,Germany,Partner
CUST001727,2023-05-30 15:13:09,Mass Market,Germany,Partner
CUST001728,2025-02-18 14:06:24,Mass Market,Germany,Partner
CUST001729,2022-03-20 04:32:12,Affluent,Germany,Organic
CUST001730,2023-07-22 14:33:47,Mass Market,Germany,Branch
CUST001731,2022-02-09 14:29:19,Mass Market,Germany,Referral
CUST001732,2026-05-16 14:09:45,Mass Market,Germany,Organic
CUST001733,2025-04-30 23:26:55,Mass Market,France,Paid
CUST001734,2023-02-12 07:03:00,Affluent,Germany,Referral
CUST001735,2022-11-28 09:15:29,Mass Market,Germany,Branch
CUST001736,2022-06-15 09:38:33,Mass Market,France,Paid
CUST001737,2024-03-01 15:43:24,Affluent,Netherlands,Paid
CUST001738,2025-06-13 20:37:51,Mass Market,Belgium,Paid
CUST001739,2024-09-03 19:11:11,Mass Market,Germany,Paid
CUST001740,2026-01-13 02:12:52,Mass Market,Netherlands,Organic
CUST001741,2023-07-29 20:43:01,Mass Market,Belgium,Organic
CUST001742,2024-03-10 07:15:28,Mass Market,France,Paid
CUST001743,2022-12-04 21:23:28,Mass Market,France,Paid
CUST001744,2026-06-20 06:40:31,SME,Germany,Referral
CUST001745,2022-11-07 14:25:24,Mass Market,Germany,Paid
CUST001746,2024-03-11 15:57:44,Mass Market,Germany,Paid
CUST001747,2024-05-22 19:18:34,Mass Market,Germany,Paid
CUST001748,2022-04-06 09:09:22,SME,Austria,Referral
CUST001749,2024-02-23 04:37:22,Mass Market,Germany,Paid
CUST001750,2024-01-31 06:17:41,SME,France,Partner
CUST001751,2023-03-10 18:48:06,Mass Market,Austria,Organic
CUST001752,2022-08-02 23:06:45,Mass Market,France,Organic
CUST001753,2022-03-17 12:42:24,Affluent,Germany,Branch
CUST001754,2022-01-15 08:22:01,Mass Market,Austria,Organic
CUST001755,2024-03-16 01:17:04,Mass Market,Germany,Paid
CUST001756,2022-05-31 05:08:43,SME,Germany,Organic
CUST001757,2026-05-24 00:05:18,Mass Market,Germany,Paid
CUST001758,2023-02-14 05:12:50,Mass Market,Germany,Referral
CUST001759,2024-12-27 00:17:25,Affluent,Netherlands,Partner
CUST001760,2025-01-31 01:44:10,Affluent,Germany,Referral
CUST001761,2024-04-08 11:41:13,SME,Netherlands,Organic
CUST001762,2026-01-17 09:36:26,Affluent,Germany,Paid
CUST001763,2022-07-05 01:51:05,Mass Market,Austria,Branch
CUST001764,2023-01-27 07:13:15,SME,Germany,Paid
CUST001765,2023-02-27 01:45:48,Mass Market,Austria,Referral
CUST001766,2022-08-15 09:54:36,Mass Market,Germany,Partner
CUST001767,2023-05-08 20:41:20,Mass Market,Belgium,Organic
CUST001768,2023-06-07 19:30:46,Affluent,Belgium,Branch
CUST001769,2025-07-02 18:02:13,Mass Market,France,Paid
CUST001770,2023-05-20 07:40:12,Affluent,Germany,Partner
CUST001771,2026-01-05 20:39:03,Mass Market,France,Organic
CUST001772,2025-07-15 21:51:58,Mass Market,France,Partner
CUST001773,2026-02-16 13:05:03,Mass Market,France,Paid
CUST001774,2022-06-25 22:27:13,Mass Market,France,Organic
CUST001775,2026-07-05 04:46:08,Mass Market,Austria,Branch
CUST001776,2024-10-23 13:06:04,Mass Market,Austria,Organic
CUST001777,2026-07-01 12:24:36,Mass Market,France,Paid
CUST001778,2023-08-17 07:06:40,Mass Market,Germany,Organic
CUST001779,2026-05-13 09:56:57,Mass Market,Germany,Partner
CUST001780,2024-09-11 03:33:59,Mass Market,Netherlands,Paid
CUST001781,2022-05-01 02:04:43,Mass Market,Austria,Partner
CUST001782,2023-11-17 17:28:30,Mass Market,Germany,Partner
CUST001783,2022-08-19 09:22:44,Mass Market,Germany,Referral
CUST001784,2026-04-23 19:40:19,Mass Market,Germany,Branch
CUST001785,2023-05-25 01:37:57,Mass Market,Germany,Referral
CUST001786,2023-01-07 18:54:31,Mass Market,Austria,Paid
CUST001787,2024-07-13 10:42:04,Mass Market,France,Partner
CUST001788,2023-12-12 20:52:47,Mass Market,Germany,Organic
CUST001789,2022-06-12 03:31:43,Mass Market,Germany,Organic
CUST001790,2025-09-27 04:16:30,Mass Market,Germany,Paid
CUST001791,2025-11-15 04:08:25,Mass Market,France,Paid
CUST001792,2025-05-27 05:35:12,SME,France,Paid
CUST001793,2023-11-05 01:50:08,Mass Market,Germany,Paid
CUST001794,2024-06-25 19:59:55,Mass Market,Germany,Partner
CUST001795,2024-05-21 02:32:38,Affluent,Belgium,Branch
CUST001796,2022-05-17 19:00:06,Mass Market,Belgium,Organic
CUST001797,2023-02-28 10:38:08,Mass Market,France,Paid
CUST001798,2024-01-30 15:29:40,Affluent,Germany,Organic
CUST001799,2022-09-26 01:00:03,Mass Market,Austria,Organic
CUST001800,2022-06-28 08:21:18,Affluent,Netherlands,Branch
CUST001801,2025-11-25 10:22:25,Mass Market,Austria,Organic
CUST001802,2023-09-19 23:52:08,Mass Market,Germany,Organic
CUST001803,2024-09-03 19:53:44,Mass Market,Germany,Paid
CUST001804,2024-05-26 04:12:20,Mass Market,Germany,Organic
CUST001805,2025-05-14 03:16:25,SME,Belgium,Paid
CUST001806,2025-05-21 23:10:56,Mass Market,France,Branch
CUST001807,2023-05-10 23:12:24,Mass Market,Germany,Partner
CUST001808,2025-11-18 16:49:40,Mass Market,Austria,Paid
CUST001809,2023-09-13 17:37:32,Affluent,Austria,Partner
CUST001810,2025-10-28 11:09:30,Mass Market,Germany,Referral
CUST001811,2022-07-05 13:58:19,Affluent,France,Organic
CUST001812,2025-06-24 17:52:50,Mass Market,France,Partner
CUST001813,2022-02-20 10:18:49,Affluent,Germany,Partner
CUST001814,2025-07-15 08:58:50,Mass Market,France,Referral
CUST001815,2022-03-14 04:01:49,Mass Market,Germany,Organic
CUST001816,2022-12-12 19:00:47,Mass Market,Belgium,Referral
CUST001817,2026-04-24 06:04:16,Mass Market,Belgium,Referral
CUST001818,2023-11-14 23:23:36,Mass Market,Belgium,Partner
CUST001819,2022-07-21 17:39:26,Mass Market,Netherlands,Organic
CUST001820,2023-01-25 10:10:27,Affluent,Germany,Organic
CUST001821,2026-02-07 07:35:12,Affluent,Germany,Referral
CUST001822,2025-04-30 02:27:15,Affluent,Netherlands,Partner
CUST001823,2022-06-17 20:40:35,SME,Germany,Branch
CUST001824,2023-10-06 13:09:22,Affluent,Netherlands,Paid
CUST001825,2023-03-19 07:27:12,Mass Market,Germany,Organic
CUST001826,2022-10-25 08:02:29,Mass Market,Germany,Referral
CUST001827,2025-11-16 07:29:26,Affluent,Germany,Referral
CUST001828,2024-10-29 19:31:57,SME,France,Paid
CUST001829,2022-10-28 02:39:28,SME,Germany,Referral
CUST001830,2024-12-23 23:05:35,Affluent,France,Paid
CUST001831,2023-11-23 11:39:14,Mass Market,Germany,Organic
CUST001832,2022-04-13 18:56:15,SME,Netherlands,Organic
CUST001833,2024-01-23 03:57:14,SME,France,Organic
CUST001834,2022-11-06 16:59:03,Mass Market,France,Partner
CUST001835,2023-02-15 01:45:07,Affluent,Germany,Organic
CUST001836,2026-01-09 16:25:46,Mass Market,France,Branch
CUST001837,2025-04-02 12:43:09,SME,Germany,Organic
CUST001838,2022-08-13 04:49:11,Mass Market,France,Partner
CUST001839,2025-11-24 10:21:24,Affluent,Germany,Paid
CUST001840,2024-08-18 05:48:19,Mass Market,Belgium,Organic
CUST001841,2026-01-02 06:57:04,Mass Market,Netherlands,Partner
CUST001842,2025-06-03 02:38:30,Mass Market,France,Branch
CUST001843,2023-07-22 08:19:08,Mass Market,Belgium,Branch
CUST001844,2024-06-13 07:11:57,Mass Market,France,Organic
CUST001845,2024-06-06 13:57:52,SME,Germany,Paid
CUST001846,2025-04-18 17:48:48,Mass Market,Netherlands,Organic
CUST001847,2023-02-20 08:03:07,Affluent,Austria,Paid
CUST001848,2023-07-11 22:10:14,Mass Market,Germany,Paid
CUST001849,2023-02-14 07:11:38,Mass Market,Germany,Branch
CUST001850,2023-05-11 03:37:18,Affluent,France,Partner
CUST001851,2022-09-27 14:48:10,Affluent,Germany,Organic
CUST001852,2022-03-03 02:32:08,Mass Market,France,Branch
CUST001853,2026-04-21 17:04:58,Affluent,France,Partner
CUST001854,2022-05-05 06:07:48,Affluent,Netherlands,Organic
CUST001855,2026-01-24 17:12:56,Mass Market,Germany,Referral
CUST001856,2022-01-06 03:30:30,SME,Germany,Partner
CUST001857,2025-07-23 17:51:01,Affluent,Belgium,Paid
CUST001858,2023-07-04 02:12:05,Mass Market,Germany,Organic
CUST001859,2024-05-15 12:43:17,Mass Market,Germany,Organic
CUST001860,2023-04-17 20:57:34,Mass Market,Germany,Organic
CUST001861,2024-03-31 07:06:51,Mass Market,Germany,Referral
CUST001862,2024-01-26 00:16:46,Affluent,Germany,Organic
CUST001863,2024-06-04 17:38:02,Affluent,Germany,Paid
CUST001864,2023-10-20 13:39:07,Mass Market,Netherlands,Branch
CUST001865,2024-06-16 03:24:04,Mass Market,France,Branch
CUST001866,2025-10-12 03:59:33,Mass Market,Belgium,Referral
CUST001867,2023-12-28 14:08:50,Mass Market,Belgium,Referral
CUST001868,2023-08-28 05:15:55,SME,Germany,Branch
CUST001869,2022-08-09 07:03:28,Mass Market,Germany,Referral
CUST001870,2023-08-25 10:45:30,Mass Market,Belgium,Paid
CUST001871,2022-07-30 02:38:20,Mass Market,Germany,Organic
CUST001872,2022-11-02 03:28:13,Mass Market,Germany,Organic
CUST001873,2026-05-12 03:52:35,Affluent,Germany,Paid
CUST001874,2022-05-30 12:01:30,SME,France,Organic
CUST001875,2024-03-16 22:55:49,Mass Market,Germany,Paid
CUST001876,2025-10-26 22:48:13,Mass Market,Germany,Organic
CUST001877,2026-05-13 18:13:52,Mass Market,Germany,Partner
CUST001878,2022-09-03 07:20:02,Mass Market,Netherlands,Paid
CUST001879,2022-10-01 12:00:46,Mass Market,Germany,Organic
CUST001880,2023-09-15 23:34:03,Mass Market,Netherlands,Partner
CUST001881,2024-07-15 23:37:38,Affluent,Germany,Organic
CUST001882,2026-05-24 19:09:35,Mass Market,Germany,Paid
CUST001883,2022-12-14 07:16:40,Mass Market,Germany,Organic
CUST001884,2022-10-02 20:50:46,Mass Market,Germany,Partner
CUST001885,2023-02-28 07:47:30,Affluent,Germany,Referral
CUST001886,2026-01-01 20:41:24,Mass Market,Belgium,Organic
CUST001887,2022-02-20 06:01:48,Mass Market,Germany,Referral
CUST001888,2023-09-28 13:59:52,Affluent,Austria,Referral
CUST001889,2022-07-18 21:21:30,Mass Market,Germany,Branch
CUST001890,2022-09-20 15:01:17,SME,Germany,Referral
CUST001891,2026-03-13 23:17:34,Mass Market,France,Partner
CUST001892,2022-01-03 18:40:31,Affluent,Belgium,Organic
CUST001893,2023-06-22 14:28:33,SME,Germany,Organic
CUST001894,2026-03-11 14:09:11,Mass Market,Germany,Organic
CUST001895,2024-10-13 19:00:32,Mass Market,France,Paid
CUST001896,2022-04-30 23:23:34,Mass Market,Germany,Branch
CUST001897,2024-02-17 12:05:13,Affluent,France,Organic
CUST001898,2026-06-12 10:07:13,Affluent,Belgium,Paid
CUST001899,2023-11-01 13:18:27,Affluent,Germany,Branch
CUST001900,2024-06-02 20:54:59,SME,Belgium,Organic
CUST001901,2024-06-08 07:31:30,Mass Market,Germany,Organic
CUST001902,2025-01-09 06:25:20,Mass Market,Belgium,Organic
CUST001903,2022-11-10 01:31:27,Mass Market,Austria,Organic
CUST001904,2025-11-04 22:51:32,Affluent,France,Paid
CUST001905,2026-07-11 22:41:50,Affluent,Austria,Paid
CUST001906,2022-08-27 08:23:05,Mass Market,Belgium,Partner
CUST001907,2025-09-30 05:03:29,Mass Market,Germany,Organic
CUST001908,2025-09-27 20:56:55,Mass Market,Germany,Partner
CUST001909,2025-05-24 23:30:43,Affluent,Germany,Organic
CUST001910,2023-09-13 02:32:19,SME,Germany,Paid
CUST001911,2024-02-23 18:22:23,Mass Market,France,Organic
CUST001912,2025-11-04 03:52:28,Mass Market,Germany,Referral
CUST001913,2022-09-13 14:39:11,Mass Market,France,Partner
CUST001914,2025-10-17 15:52:49,Mass Market,Germany,Organic
CUST001915,2026-03-20 08:28:46,SME,Germany,Partner
CUST001916,2025-02-14 02:01:47,Mass Market,Germany,Paid
CUST001917,2023-07-25 19:10:48,Mass Market,Austria,Referral
CUST001918,2024-07-23 21:36:45,Mass Market,Germany,Branch
CUST001919,2022-03-25 18:40:52,Mass Market,Germany,Organic
CUST001920,2026-04-07 23:25:14,SME,Germany,Paid
CUST001921,2023-07-27 11:58:29,Mass Market,Austria,Organic
CUST001922,2022-04-06 11:14:33,Mass Market,Germany,Referral
CUST001923,2025-08-21 07:58:18,Mass Market,France,Organic
CUST001924,2025-01-04 10:29:51,SME,Germany,Paid
CUST001925,2024-11-07 04:03:23,SME,Germany,Referral
CUST001926,2022-04-01 10:47:41,Mass Market,Netherlands,Paid
CUST001927,2025-06-09 09:39:02,Mass Market,France,Referral
CUST001928,2024-12-01 14:16:26,Mass Market,France,Organic
CUST001929,2025-08-19 23:00:02,Mass Market,Germany,Branch
CUST001930,2025-10-15 07:06:00,Mass Market,Austria,Referral
CUST001931,2022-12-21 09:18:52,Affluent,France,Paid
CUST001932,2022-12-19 04:33:01,SME,Austria,Organic
CUST001933,2026-03-25 13:34:36,Mass Market,Germany,Paid
CUST001934,2024-06-06 21:02:22,Mass Market,Germany,Partner
CUST001935,2024-01-03 07:38:48,Mass Market,Germany,Organic
CUST001936,2023-04-26 04:49:49,Mass Market,Netherlands,Branch
CUST001937,2024-12-04 10:20:22,Mass Market,Netherlands,Referral
CUST001938,2025-06-14 14:50:57,Mass Market,Germany,Branch
CUST001939,2022-01-04 20:38:47,SME,Germany,Organic
CUST001940,2024-07-13 00:15:30,Mass Market,Germany,Paid
CUST001941,2026-07-19 21:53:27,Affluent,Germany,Organic
CUST001942,2023-04-15 05:31:30,Mass Market,Belgium,Organic
CUST001943,2023-04-15 15:48:36,Mass Market,Germany,Organic
CUST001944,2026-01-08 05:37:17,Mass Market,Germany,Organic
CUST001945,2022-04-14 18:28:05,SME,Germany,Partner
CUST001946,2023-10-27 15:43:45,Mass Market,Germany,Organic
CUST001947,2024-02-06 05:08:21,Mass Market,Austria,Organic
CUST001948,2025-08-27 01:18:09,Affluent,Germany,Paid
CUST001949,2022-08-04 17:43:05,Affluent,Austria,Partner
CUST001950,2023-12-27 17:54:51,Mass Market,France,Referral
CUST001951,2022-09-12 16:33:58,Mass Market,France,Partner
CUST001952,2025-08-09 22:14:03,Mass Market,Germany,Organic
CUST001953,2024-11-23 04:14:40,Affluent,France,Partner
CUST001954,2024-04-10 13:06:24,Mass Market,France,Partner
CUST001955,2023-10-19 23:23:25,Mass Market,Germany,Organic
CUST001956,2022-09-14 02:34:44,Mass Market,Belgium,Organic
CUST001957,2026-03-22 08:05:42,Mass Market,Germany,Branch
CUST001958,2024-12-18 21:21:27,SME,Germany,Organic
CUST001959,2023-06-18 15:06:42,Affluent,Germany,Organic
CUST001960,2023-11-24 02:27:57,Mass Market,France,Organic
CUST001961,2025-04-29 04:09:22,SME,Germany,Branch
CUST001962,2025-04-18 02:41:33,Mass Market,Germany,Paid
CUST001963,2024-02-10 22:59:52,Mass Market,Germany,Branch
CUST001964,2023-05-22 10:47:14,Mass Market,Germany,Referral
CUST001965,2025-01-08 10:31:32,Affluent,Germany,Referral
CUST001966,2025-01-05 13:34:12,Mass Market,Belgium,Organic
CUST001967,2024-09-29 16:34:30,Mass Market,Germany,Paid
CUST001968,2022-05-02 19:24:38,Affluent,Austria,Referral
CUST001969,2024-03-01 11:52:30,Mass Market,France,Branch
CUST001970,2024-10-23 11:20:50,SME,Netherlands,Referral
CUST001971,2026-05-08 12:03:05,Mass Market,Austria,Branch
CUST001972,2024-05-28 17:47:46,Mass Market,Germany,Partner
CUST001973,2023-07-28 00:24:46,Mass Market,France,Paid
CUST001974,2024-07-18 06:51:48,Mass Market,Germany,Paid
CUST001975,2022-10-24 08:06:22,Mass Market,Germany,Paid
CUST001976,2022-06-01 15:25:32,Mass Market,Germany,Organic
CUST001977,2025-02-07 18:33:30,Affluent,France,Paid
CUST001978,2026-07-07 21:34:21,Affluent,Belgium,Organic
CUST001979,2025-11-15 12:35:29,Affluent,Germany,Organic
CUST001980,2022-03-09 07:18:07,Mass Market,Netherlands,Paid
CUST001981,2026-07-10 21:18:09,Mass Market,Germany,Partner
CUST001982,2024-01-22 18:51:37,Mass Market,Germany,Partner
CUST001983,2023-04-30 07:36:24,Mass Market,Germany,Partner
CUST001984,2026-02-01 05:44:45,Affluent,France,Referral
CUST001985,2025-06-01 23:39:03,Mass Market,Germany,Paid
CUST001986,2025-06-07 08:41:45,Mass Market,Germany,Paid
CUST001987,2023-04-10 09:40:37,Mass Market,Germany,Paid
CUST001988,2026-07-17 07:15:36,Mass Market,France,Organic
CUST001989,2024-01-28 04:40:13,Mass Market,Netherlands,Partner
CUST001990,2024-06-07 12:34:24,Mass Market,Germany,Referral
CUST001991,2025-06-09 14:25:16,Mass Market,Netherlands,Organic
CUST001992,2025-01-08 12:18:29,Mass Market,France,Referral
CUST001993,2022-10-16 01:32:02,Mass Market,Germany,Organic
CUST001994,2023-05-21 17:55:43,Affluent,Germany,Paid
CUST001995,2023-08-27 21:39:21,Mass Market,Austria,Referral
CUST001996,2026-05-04 06:42:30,Mass Market,Germany,Referral
CUST001997,2025-04-09 15:41:41,Mass Market,Germany,Partner
CUST001998,2023-09-05 12:18:37,Mass Market,Belgium,Partner
CUST001999,2025-05-13 10:56:26,Affluent,Belgium,Organic
CUST002000,2025-05-19 18:57:28,Mass Market,Netherlands,Partner
CUST002001,2023-10-22 03:19:28,SME,Belgium,Partner
CUST002002,2023-11-06 01:12:36,Affluent,Germany,Organic
CUST002003,2026-02-04 06:12:59,Mass Market,Netherlands,Organic
CUST002004,2024-07-28 08:40:12,Mass Market,Germany,Branch
CUST002005,2022-09-07 23:45:49,Mass Market,Belgium,Organic
CUST002006,2025-04-18 11:26:00,Mass Market,Germany,Branch
CUST002007,2024-09-12 18:11:12,Mass Market,Germany,Organic
CUST002008,2024-04-30 22:30:34,Mass Market,Germany,Paid
CUST002009,2025-04-27 08:58:54,Mass Market,Netherlands,Partner
CUST002010,2026-02-25 15:33:36,Mass Market,Germany,Partner
CUST002011,2023-07-07 11:44:32,Mass Market,Netherlands,Paid
CUST002012,2023-12-03 01:42:36,Mass Market,Germany,Paid
CUST002013,2022-11-13 20:03:40,SME,Germany,Paid
CUST002014,2024-12-17 21:41:49,Mass Market,France,Partner
CUST002015,2023-11-05 08:06:04,Mass Market,Germany,Paid
CUST002016,2023-07-27 10:19:10,SME,France,Paid
CUST002017,2025-03-10 14:05:10,Mass Market,Austria,Paid
CUST002018,2023-11-14 10:30:38,Mass Market,France,Paid
CUST002019,2024-02-16 10:09:16,Mass Market,Germany,Organic
CUST002020,2024-01-06 18:19:50,Mass Market,France,Organic
CUST002021,2023-03-09 06:37:22,Affluent,Belgium,Referral
CUST002022,2022-07-30 08:23:02,Mass Market,France,Branch
CUST002023,2025-10-15 03:14:15,Mass Market,Netherlands,Organic
CUST002024,2022-06-03 08:41:16,Mass Market,Germany,Organic
CUST002025,2023-06-28 04:44:19,Mass Market,Netherlands,Branch
CUST002026,2025-01-21 01:02:08,Mass Market,Germany,Paid
CUST002027,2022-08-08 12:36:11,Affluent,Netherlands,Paid
CUST002028,2025-01-01 00:36:56,Mass Market,Belgium,Partner
CUST002029,2025-05-10 16:28:23,Mass Market,Belgium,Paid
CUST002030,2025-01-13 09:14:27,Mass Market,Germany,Paid
CUST002031,2023-05-26 00:21:02,SME,Belgium,Branch
CUST002032,2022-02-03 01:11:16,Mass Market,Germany,Partner
CUST002033,2026-01-23 15:40:10,Mass Market,Germany,Partner
CUST002034,2023-06-30 23:40:18,Mass Market,France,Organic
CUST002035,2025-09-07 23:17:19,Affluent,Germany,Organic
CUST002036,2022-11-27 17:42:48,Mass Market,Germany,Branch
CUST002037,2022-09-29 13:12:28,Affluent,France,Branch
CUST002038,2026-04-21 05:33:47,Mass Market,France,Referral
CUST002039,2025-12-09 23:22:36,SME,France,Organic
CUST002040,2025-06-10 02:00:22,Affluent,France,Referral
CUST002041,2023-02-17 10:47:24,Mass Market,Netherlands,Organic
CUST002042,2026-03-07 21:18:40,Mass Market,Germany,Partner
CUST002043,2025-01-21 15:27:03,Mass Market,Germany,Partner
CUST002044,2022-10-15 20:36:56,Mass Market,France,Paid
CUST002045,2022-08-05 07:04:14,Mass Market,Netherlands,Paid
CUST002046,2025-12-27 13:58:48,Mass Market,Germany,Referral
CUST002047,2023-04-06 01:19:13,SME,Germany,Branch
CUST002048,2025-07-04 13:43:46,Mass Market,Belgium,Organic
CUST002049,2022-08-20 19:55:39,Mass Market,Belgium,Organic
CUST002050,2023-04-15 01:28:03,Mass Market,France,Partner
CUST002051,2023-04-20 01:07:16,Mass Market,Netherlands,Organic
CUST002052,2023-04-16 00:08:59,Mass Market,Austria,Organic
CUST002053,2025-02-02 03:49:41,Mass Market,France,Organic
CUST002054,2026-03-09 20:35:53,Mass Market,Germany,Organic
CUST002055,2026-03-03 01:35:53,SME,France,Paid
CUST002056,2025-05-24 20:55:53,Mass Market,Belgium,Branch
CUST002057,2022-12-05 14:49:09,SME,France,Referral
CUST002058,2026-05-26 02:09:19,Mass Market,Germany,Paid
CUST002059,2024-07-01 20:33:47,Mass Market,Belgium,Organic
CUST002060,2025-03-18 17:25:19,Mass Market,Netherlands,Partner
CUST002061,2025-07-09 22:15:48,Mass Market,Germany,Paid
CUST002062,2026-05-13 06:52:22,Affluent,Austria,Referral
CUST002063,2024-08-31 17:43:39,Mass Market,Netherlands,Paid
CUST002064,2024-10-17 00:30:25,Mass Market,Belgium,Partner
CUST002065,2025-05-31 12:32:32,Affluent,Austria,Organic
CUST002066,2023-03-03 12:55:51,Mass Market,Germany,Referral
CUST002067,2023-05-30 11:54:07,Affluent,Netherlands,Referral
CUST002068,2024-11-11 19:11:14,Mass Market,Germany,Paid
CUST002069,2022-04-18 05:20:28,SME,Belgium,Branch
CUST002070,2023-06-20 20:40:09,Mass Market,Belgium,Organic
CUST002071,2025-04-15 11:44:06,Mass Market,Belgium,Organic
CUST002072,2026-06-21 02:04:48,Mass Market,Netherlands,Referral
CUST002073,2024-05-18 14:20:56,Mass Market,Netherlands,Partner
CUST002074,2023-10-31 06:12:14,SME,Germany,Organic
CUST002075,2024-01-07 07:25:37,Mass Market,Germany,Organic
CUST002076,2025-02-20 00:50:36,Mass Market,Germany,Organic
CUST002077,2024-06-29 08:41:36,Mass Market,Belgium,Organic
CUST002078,2022-02-08 20:04:35,SME,France,Paid
CUST002079,2024-06-20 14:37:21,Mass Market,France,Organic
CUST002080,2023-10-31 21:39:56,Affluent,Germany,Paid
CUST002081,2025-03-17 17:46:14,Mass Market,France,Partner
CUST002082,2026-01-03 04:19:05,SME,Germany,Partner
CUST002083,2026-05-29 05:07:59,Mass Market,Austria,Branch
CUST002084,2024-10-17 07:12:24,Mass Market,Belgium,Organic
CUST002085,2023-08-30 04:53:35,Mass Market,France,Organic
CUST002086,2024-01-13 06:32:24,Mass Market,Netherlands,Organic
CUST002087,2022-10-23 01:03:05,SME,Germany,Paid
CUST002088,2026-04-14 21:17:59,SME,Germany,Paid
CUST002089,2025-11-17 16:55:14,Mass Market,France,Organic
CUST002090,2025-11-28 20:41:06,SME,Netherlands,Partner
CUST002091,2023-07-03 14:56:12,Mass Market,Germany,Branch
CUST002092,2025-12-03 06:10:47,Mass Market,Germany,Organic
CUST002093,2024-06-29 11:38:17,Mass Market,France,Organic
CUST002094,2025-03-24 04:26:28,Mass Market,Germany,Referral
CUST002095,2024-03-29 23:40:03,Mass Market,Germany,Referral
CUST002096,2024-01-11 07:28:51,Mass Market,Germany,Organic
CUST002097,2024-11-23 01:01:18,Mass Market,Austria,Partner
CUST002098,2025-09-21 07:18:17,Affluent,Germany,Organic
CUST002099,2023-07-13 15:13:00,Affluent,Germany,Partner
CUST002100,2025-09-14 21:22:37,Mass Market,Germany,Partner
CUST002101,2023-02-13 07:27:29,Mass Market,Germany,Organic
CUST002102,2023-11-05 12:39:57,Affluent,Netherlands,Organic
CUST002103,2026-03-06 23:41:43,Mass Market,Germany,Partner
CUST002104,2026-05-15 20:17:43,Affluent,Germany,Partner
CUST002105,2026-03-25 17:14:09,Mass Market,Austria,Branch
CUST002106,2023-06-13 10:12:56,Mass Market,Netherlands,Paid
CUST002107,2025-11-11 00:51:38,Mass Market,Germany,Referral
CUST002108,2026-04-15 03:18:33,Affluent,Germany,Referral
CUST002109,2026-06-24 13:23:14,SME,Belgium,Partner
CUST002110,2022-02-04 22:48:46,Mass Market,France,Organic
CUST002111,2025-05-30 15:01:11,SME,Austria,Organic
CUST002112,2026-07-25 13:24:38,SME,Germany,Partner
CUST002113,2025-07-02 12:33:59,Mass Market,Netherlands,Organic
CUST002114,2023-01-25 20:49:28,Affluent,Germany,Organic
CUST002115,2025-06-29 01:12:54,Mass Market,Germany,Organic
CUST002116,2022-06-25 23:14:23,Mass Market,Netherlands,Branch
CUST002117,2024-03-14 13:49:22,Mass Market,Netherlands,Partner
CUST002118,2024-11-13 01:15:40,SME,Germany,Referral
CUST002119,2024-02-03 04:30:49,Affluent,Germany,Branch
CUST002120,2025-03-16 02:55:13,Mass Market,Netherlands,Partner
CUST002121,2024-10-10 14:25:14,Mass Market,Germany,Paid
CUST002122,2024-12-14 03:18:16,Mass Market,Germany,Paid
CUST002123,2024-11-25 16:58:14,Affluent,Germany,Referral
CUST002124,2023-04-29 17:50:18,SME,Germany,Referral
CUST002125,2023-05-26 14:21:24,Mass Market,Belgium,Referral
CUST002126,2023-03-08 01:20:09,Mass Market,Germany,Paid
CUST002127,2024-02-12 02:11:28,Mass Market,France,Referral
CUST002128,2024-09-06 17:27:28,Mass Market,France,Paid
CUST002129,2023-08-30 03:50:42,Mass Market,Germany,Paid
CUST002130,2023-11-17 11:46:23,Mass Market,France,Organic
CUST002131,2023-04-24 21:07:06,Mass Market,Germany,Organic
CUST002132,2023-01-01 22:16:40,Mass Market,Belgium,Organic
CUST002133,2025-01-04 05:40:52,Affluent,Netherlands,Referral
CUST002134,2023-05-02 01:23:08,Mass Market,Netherlands,Organic
CUST002135,2025-12-09 20:56:58,Mass Market,Germany,Branch
CUST002136,2024-08-12 16:12:39,Affluent,Belgium,Organic
CUST002137,2022-10-08 09:26:46,SME,France,Organic
CUST002138,2023-09-04 22:48:36,Mass Market,Germany,Paid
CUST002139,2022-01-13 13:14:31,Mass Market,Germany,Organic
CUST002140,2022-03-07 11:47:40,Mass Market,Germany,Organic
CUST002141,2023-07-17 00:13:24,Mass Market,Germany,Organic
CUST002142,2024-01-30 20:40:05,Mass Market,Germany,Paid
CUST002143,2025-08-26 10:30:53,Mass Market,Austria,Organic
CUST002144,2022-08-13 13:17:15,Mass Market,Austria,Partner
CUST002145,2025-11-04 02:22:08,Mass Market,Germany,Organic
CUST002146,2023-01-28 02:55:46,Affluent,Austria,Organic
CUST002147,2022-08-20 06:52:08,Mass Market,Netherlands,Organic
CUST002148,2025-03-16 05:17:41,Mass Market,Germany,Organic
CUST002149,2025-07-18 16:33:03,Mass Market,Austria,Referral
CUST002150,2024-10-08 09:55:06,Affluent,Netherlands,Paid
CUST002151,2022-07-13 10:58:36,Mass Market,France,Partner
CUST002152,2022-07-12 20:33:14,Mass Market,Germany,Referral
CUST002153,2023-10-15 04:25:53,Mass Market,Germany,Organic
CUST002154,2024-01-24 09:40:53,Mass Market,Belgium,Referral
CUST002155,2026-07-28 16:12:09,SME,Germany,Referral
CUST002156,2023-04-24 23:40:13,Affluent,Germany,Partner
CUST002157,2022-11-19 00:17:04,Mass Market,Germany,Referral
CUST002158,2026-05-01 13:07:36,Mass Market,Germany,Organic
CUST002159,2022-09-15 10:15:02,Mass Market,Germany,Paid
CUST002160,2022-02-14 03:28:50,Mass Market,Austria,Paid
CUST002161,2023-12-08 22:07:54,Mass Market,Germany,Partner
CUST002162,2023-11-02 14:36:28,Affluent,Belgium,Organic
CUST002163,2024-11-02 02:03:30,Affluent,France,Organic
CUST002164,2026-01-07 13:44:22,Mass Market,France,Branch
CUST002165,2026-04-09 19:26:33,Mass Market,Germany,Paid
CUST002166,2023-04-30 06:37:48,Mass Market,Germany,Organic
CUST002167,2026-06-28 22:23:27,Mass Market,Belgium,Organic
CUST002168,2024-11-23 19:25:29,Mass Market,Netherlands,Partner
CUST002169,2022-04-27 10:32:22,SME,Germany,Organic
CUST002170,2026-04-19 01:58:50,Affluent,Belgium,Organic
CUST002171,2022-08-19 17:33:51,Mass Market,Netherlands,Branch
CUST002172,2024-09-11 03:09:58,Mass Market,Germany,Organic
CUST002173,2025-08-15 02:44:00,Mass Market,France,Organic
CUST002174,2023-02-22 01:27:17,Affluent,Netherlands,Partner
CUST002175,2023-03-29 11:55:37,Mass Market,Netherlands,Organic
CUST002176,2024-03-07 04:02:07,Mass Market,Germany,Organic
CUST002177,2026-01-19 11:13:22,Mass Market,Germany,Partner
CUST002178,2023-01-09 20:45:16,Mass Market,Germany,Partner
CUST002179,2025-01-14 07:03:08,Mass Market,Germany,Paid
CUST002180,2024-01-27 17:35:48,Mass Market,Germany,Referral
CUST002181,2022-07-07 00:06:29,Mass Market,France,Referral
CUST002182,2025-04-03 14:03:53,Affluent,Germany,Partner
CUST002183,2025-10-23 23:44:06,Mass Market,Germany,Partner
CUST002184,2024-08-20 11:02:33,Mass Market,France,Referral
CUST002185,2022-10-22 20:49:43,Affluent,Germany,Organic
CUST002186,2022-09-18 08:57:33,Mass Market,Germany,Paid
CUST002187,2023-12-10 02:01:23,Mass Market,Netherlands,Organic
CUST002188,2024-04-26 17:34:23,Mass Market,Belgium,Organic
CUST002189,2024-07-12 06:04:36,Mass Market,Germany,Branch
CUST002190,2023-02-12 09:25:32,Affluent,Belgium,Organic
CUST002191,2024-04-17 06:44:38,Mass Market,Belgium,Paid
CUST002192,2023-05-09 08:55:52,Mass Market,France,Organic
CUST002193,2025-02-21 06:20:43,Mass Market,Austria,Partner
CUST002194,2025-08-24 16:54:46,Mass Market,Germany,Referral
CUST002195,2024-12-27 07:00:47,Mass Market,Germany,Paid
CUST002196,2022-01-03 02:03:13,Affluent,Belgium,Referral
CUST002197,2026-07-17 16:39:41,Affluent,Germany,Paid
CUST002198,2022-02-09 17:44:47,Affluent,Germany,Branch
CUST002199,2026-07-30 00:48:08,Mass Market,Germany,Referral
CUST002200,2022-02-23 03:02:44,Mass Market,Germany,Organic
CUST002201,2024-05-13 12:28:58,Affluent,Germany,Branch
CUST002202,2022-06-27 04:24:01,Mass Market,Germany,Organic
CUST002203,2022-06-09 04:08:56,Mass Market,Austria,Paid
CUST002204,2025-02-16 15:18:33,Affluent,Germany,Organic
CUST002205,2025-05-01 22:53:45,Mass Market,Netherlands,Paid
CUST002206,2022-07-17 16:36:05,Mass Market,Germany,Branch
CUST002207,2026-06-21 23:34:34,Affluent,Germany,Referral
CUST002208,2023-06-20 19:28:36,Mass Market,Belgium,Partner
CUST002209,2023-06-17 05:48:04,Mass Market,Germany,Branch
CUST002210,2023-05-12 13:06:20,Mass Market,Germany,Paid
CUST002211,2024-02-11 03:23:24,SME,Belgium,Organic
CUST002212,2022-10-25 08:07:48,Mass Market,Germany,Referral
CUST002213,2023-12-12 05:26:54,Affluent,Germany,Organic
CUST002214,2022-12-18 02:07:53,Mass Market,Austria,Referral
CUST002215,2022-03-27 23:20:52,Mass Market,Germany,Organic
CUST002216,2023-09-09 12:40:08,Mass Market,France,Organic
CUST002217,2025-01-29 00:37:37,Mass Market,Germany,Paid
CUST002218,2025-06-29 21:16:11,Mass Market,Germany,Paid
CUST002219,2023-08-14 18:44:06,Mass Market,Germany,Organic
CUST002220,2023-06-26 07:17:23,Mass Market,France,Organic
CUST002221,2025-08-09 15:21:01,Mass Market,Germany,Organic
CUST002222,2025-02-12 22:43:31,Affluent,Belgium,Referral
CUST002223,2025-10-23 07:18:51,Affluent,Netherlands,Paid
CUST002224,2026-02-24 00:02:17,Mass Market,France,Organic
CUST002225,2025-10-05 02:20:56,Mass Market,Germany,Organic
CUST002226,2026-04-15 19:17:45,Mass Market,France,Organic
CUST002227,2023-11-28 15:58:23,Mass Market,Netherlands,Paid
CUST002228,2023-10-22 21:23:27,Mass Market,Germany,Paid
CUST002229,2023-06-22 14:59:06,Mass Market,Belgium,Organic
CUST002230,2023-01-29 07:00:45,Mass Market,Germany,Branch
CUST002231,2025-06-06 00:40:48,Mass Market,Austria,Organic
CUST002232,2025-04-09 13:30:00,SME,Austria,Paid
CUST002233,2025-09-01 22:09:18,Mass Market,Germany,Partner
CUST002234,2022-10-07 21:03:43,Mass Market,Germany,Paid
CUST002235,2024-04-01 09:10:43,Mass Market,France,Organic
CUST002236,2023-01-07 02:46:10,Mass Market,France,Paid
CUST002237,2026-02-02 03:32:55,Mass Market,Belgium,Partner
CUST002238,2023-03-24 02:40:41,Mass Market,Germany,Referral
CUST002239,2022-08-29 14:46:05,Affluent,France,Paid
CUST002240,2024-08-10 19:30:39,Mass Market,Austria,Branch
CUST002241,2026-01-09 19:16:19,Mass Market,Austria,Paid
CUST002242,2026-03-12 02:27:27,Mass Market,Germany,Partner
CUST002243,2022-06-10 16:06:34,Affluent,Austria,Organic
CUST002244,2023-06-29 21:27:14,SME,Germany,Branch
CUST002245,2022-09-14 16:40:19,Affluent,France,Organic
CUST002246,2023-05-30 18:02:14,Mass Market,Germany,Paid
CUST002247,2024-06-11 13:55:55,Mass Market,France,Paid
CUST002248,2023-04-15 02:47:06,Mass Market,Germany,Branch
CUST002249,2022-04-23 21:22:53,Affluent,Germany,Paid
CUST002250,2024-05-02 18:28:33,SME,Germany,Organic
CUST002251,2022-03-30 07:02:36,Affluent,Belgium,Branch
CUST002252,2023-01-15 00:51:28,Mass Market,France,Referral
CUST002253,2022-01-01 20:48:58,Affluent,Netherlands,Partner
CUST002254,2022-05-26 03:58:44,Affluent,France,Paid
CUST002255,2023-12-31 12:30:53,Mass Market,Germany,Paid
CUST002256,2025-11-23 09:26:02,Mass Market,Germany,Branch
CUST002257,2025-07-19 04:06:25,Mass Market,Germany,Organic
CUST002258,2022-06-15 05:52:33,Mass Market,Germany,Referral
CUST002259,2022-02-28 05:59:35,Mass Market,Austria,Partner
CUST002260,2023-07-20 06:45:58,Mass Market,Germany,Branch
CUST002261,2024-12-26 13:47:35,Affluent,France,Partner
CUST002262,2025-06-02 12:52:58,SME,Belgium,Organic
CUST002263,2025-10-08 06:27:10,Affluent,Belgium,Referral
CUST002264,2023-07-27 03:59:31,Mass Market,Germany,Branch
CUST002265,2022-10-08 21:32:16,Mass Market,Austria,Branch
CUST002266,2022-02-14 01:17:27,Mass Market,France,Organic
CUST002267,2022-09-03 13:20:52,Affluent,Germany,Paid
CUST002268,2022-04-19 22:48:30,Mass Market,Netherlands,Referral
CUST002269,2025-12-10 06:13:17,SME,Germany,Partner
CUST002270,2023-03-25 18:53:16,Mass Market,Netherlands,Organic
CUST002271,2025-10-08 06:20:39,Mass Market,France,Organic
CUST002272,2024-07-13 21:09:43,Affluent,Netherlands,Organic
CUST002273,2024-06-20 02:39:18,Mass Market,Belgium,Organic
CUST002274,2024-01-31 09:56:43,SME,France,Paid
CUST002275,2025-10-01 16:51:09,Mass Market,Germany,Branch
CUST002276,2022-03-14 15:31:29,Mass Market,Germany,Partner
CUST002277,2022-06-05 02:06:57,Mass Market,Belgium,Organic
CUST002278,2023-12-09 21:42:43,Affluent,France,Partner
CUST002279,2023-10-22 13:45:15,Mass Market,Belgium,Paid
CUST002280,2024-07-01 05:42:39,Affluent,Germany,Referral
CUST002281,2025-05-18 14:20:25,Affluent,Germany,Branch
CUST002282,2024-09-09 09:00:45,Mass Market,Belgium,Organic
CUST002283,2023-03-07 11:01:55,Affluent,Netherlands,Branch
CUST002284,2023-07-02 05:33:16,SME,Germany,Organic
CUST002285,2025-06-11 21:27:16,Mass Market,Germany,Referral
CUST002286,2022-12-03 20:29:52,Affluent,Belgium,Branch
CUST002287,2024-04-22 23:40:44,Mass Market,Netherlands,Referral
CUST002288,2024-06-19 20:37:24,Mass Market,Germany,Organic
CUST002289,2025-06-08 10:40:24,Mass Market,France,Organic
CUST002290,2025-04-09 09:36:55,Affluent,Germany,Organic
CUST002291,2024-02-16 22:39:52,Mass Market,Germany,Organic
CUST002292,2023-06-01 22:09:13,Mass Market,Germany,Organic
CUST002293,2023-09-08 03:15:55,Mass Market,Germany,Organic
CUST002294,2023-11-20 04:17:31,Mass Market,Belgium,Partner
CUST002295,2023-01-02 11:37:29,Affluent,Germany,Organic
CUST002296,2024-11-11 16:20:54,SME,Netherlands,Paid
CUST002297,2022-12-15 09:50:46,Mass Market,Germany,Partner
CUST002298,2024-12-20 14:06:57,Mass Market,Germany,Organic
CUST002299,2025-06-10 11:49:23,SME,Germany,Partner
CUST002300,2026-05-28 04:39:17,Mass Market,Germany,Referral
CUST002301,2022-07-18 19:38:03,Mass Market,France,Paid
CUST002302,2022-05-24 18:17:59,SME,Belgium,Paid
CUST002303,2023-07-18 21:04:12,Affluent,Netherlands,Referral
CUST002304,2022-10-22 18:13:11,Mass Market,Netherlands,Paid
CUST002305,2022-09-29 08:08:23,Mass Market,Belgium,Paid
CUST002306,2022-10-21 04:18:17,Affluent,Netherlands,Referral
CUST002307,2022-03-15 11:09:07,Mass Market,France,Referral
CUST002308,2025-10-08 05:39:45,Mass Market,Netherlands,Paid
CUST002309,2022-04-13 04:57:53,Affluent,Germany,Paid
CUST002310,2023-10-29 07:16:25,Mass Market,Germany,Referral
CUST002311,2025-03-14 23:59:50,Mass Market,Netherlands,Paid
CUST002312,2026-07-14 22:18:28,Mass Market,Netherlands,Partner
CUST002313,2025-11-28 09:29:34,Mass Market,Germany,Organic
CUST002314,2022-08-18 10:00:48,Mass Market,Austria,Organic
CUST002315,2026-07-10 11:58:45,Mass Market,Germany,Paid
CUST002316,2022-10-28 05:42:44,Mass Market,Netherlands,Referral
CUST002317,2024-01-21 06:37:03,Affluent,Austria,Paid
CUST002318,2026-03-15 16:46:38,Mass Market,Germany,Branch
CUST002319,2023-10-19 23:01:14,Mass Market,Belgium,Referral
CUST002320,2022-11-04 01:01:00,Mass Market,Belgium,Referral
CUST002321,2026-01-03 03:22:43,Mass Market,Netherlands,Referral
CUST002322,2026-05-13 09:00:27,Affluent,Austria,Organic
CUST002323,2026-06-20 04:42:07,Mass Market,France,Paid
CUST002324,2026-05-17 22:44:15,Mass Market,Germany,Organic
CUST002325,2025-12-30 10:05:03,Affluent,France,Paid
CUST002326,2024-01-30 21:45:11,Mass Market,Germany,Organic
CUST002327,2022-11-18 12:38:29,Mass Market,Germany,Referral
CUST002328,2024-10-28 21:15:35,Affluent,Germany,Referral
CUST002329,2023-01-05 04:10:44,Mass Market,Germany,Organic
CUST002330,2024-03-02 02:46:57,Affluent,Netherlands,Paid
CUST002331,2025-01-01 22:55:57,Affluent,Austria,Partner
CUST002332,2026-05-02 16:21:26,SME,Austria,Referral
CUST002333,2023-04-29 08:20:45,Mass Market,Germany,Branch
CUST002334,2023-02-26 04:48:00,Affluent,France,Organic
CUST002335,2025-05-13 11:03:00,Affluent,France,Organic
CUST002336,2022-01-11 19:13:26,Mass Market,Germany,Referral
CUST002337,2024-08-05 01:19:40,SME,France,Organic
CUST002338,2025-06-01 04:07:18,Mass Market,Germany,Referral
CUST002339,2024-07-10 02:52:01,Affluent,Austria,Organic
CUST002340,2023-10-04 23:20:46,Mass Market,Germany,Paid
CUST002341,2025-10-17 07:55:51,Mass Market,Belgium,Partner
CUST002342,2023-09-13 08:52:29,Mass Market,Belgium,Referral
CUST002343,2025-04-03 00:15:32,Affluent,Netherlands,Organic
CUST002344,2024-02-16 01:04:42,Mass Market,Germany,Referral
CUST002345,2022-02-14 10:30:45,Mass Market,Germany,Referral
CUST002346,2024-06-06 00:34:08,Mass Market,Austria,Referral
CUST002347,2022-03-24 16:41:46,Affluent,Germany,Branch
CUST002348,2026-04-06 13:29:48,Mass Market,Germany,Referral
CUST002349,2024-10-02 19:20:15,Mass Market,Austria,Referral
CUST002350,2023-09-15 00:54:39,Mass Market,Netherlands,Partner
CUST002351,2024-03-23 21:54:56,Mass Market,Netherlands,Referral
CUST002352,2024-11-01 06:26:50,Mass Market,Germany,Branch
CUST002353,2023-03-12 00:41:23,Mass Market,Germany,Partner
CUST002354,2023-04-28 04:40:06,SME,Belgium,Organic
CUST002355,2023-12-01 23:49:53,Affluent,Germany,Organic
CUST002356,2023-03-09 07:59:04,Mass Market,Germany,Referral
CUST002357,2025-06-21 05:25:30,Mass Market,Germany,Branch
CUST002358,2022-06-23 13:54:20,Mass Market,France,Organic
CUST002359,2025-10-14 02:15:56,SME,Germany,Branch
CUST002360,2023-08-06 17:42:44,Mass Market,Belgium,Organic
CUST002361,2024-07-27 08:45:33,Mass Market,Germany,Paid
CUST002362,2022-09-21 18:25:07,SME,Germany,Branch
CUST002363,2023-10-07 08:06:23,Mass Market,Austria,Branch
CUST002364,2025-06-15 16:28:05,Mass Market,Austria,Partner
CUST002365,2023-03-29 14:31:10,Mass Market,France,Branch
CUST002366,2022-08-10 03:57:58,Mass Market,Austria,Referral
CUST002367,2024-05-22 15:32:39,Mass Market,Germany,Referral
CUST002368,2022-09-29 16:26:13,SME,Germany,Referral
CUST002369,2023-06-11 06:16:21,Mass Market,Germany,Paid
CUST002370,2024-01-24 04:05:31,Mass Market,Germany,Organic
CUST002371,2024-08-01 04:00:34,Affluent,Netherlands,Organic
CUST002372,2024-12-05 00:54:18,Affluent,Belgium,Organic
CUST002373,2025-02-05 08:42:24,Mass Market,Germany,Organic
CUST002374,2025-11-12 15:33:03,Affluent,Germany,Organic
CUST002375,2022-04-21 11:37:35,Mass Market,Austria,Organic
CUST002376,2023-08-29 19:19:34,Mass Market,France,Partner
CUST002377,2022-01-02 18:50:06,Mass Market,Germany,Organic
CUST002378,2022-01-16 18:54:55,Mass Market,Germany,Paid
CUST002379,2022-12-21 22:15:25,SME,Germany,Organic
CUST002380,2024-09-27 02:17:25,Affluent,Germany,Organic
CUST002381,2026-02-04 14:57:26,Mass Market,Germany,Partner
CUST002382,2025-07-17 08:39:49,Mass Market,Germany,Branch
CUST002383,2024-12-16 14:21:20,SME,Germany,Partner
CUST002384,2025-07-25 02:09:28,Mass Market,Germany,Partner
CUST002385,2022-10-15 12:25:29,Mass Market,Germany,Branch
CUST002386,2025-11-05 04:54:31,Mass Market,Germany,Referral
CUST002387,2026-01-28 12:30:44,Mass Market,Germany,Organic
CUST002388,2022-06-08 22:20:39,Mass Market,Belgium,Organic
CUST002389,2024-02-25 18:23:31,SME,Netherlands,Partner
CUST002390,2025-10-19 19:44:06,Mass Market,Germany,Partner
CUST002391,2025-11-06 06:29:10,Mass Market,Germany,Referral
CUST002392,2026-04-14 05:25:37,Affluent,France,Organic
CUST002393,2024-03-04 15:19:53,Mass Market,Germany,Branch
CUST002394,2022-04-10 11:04:55,Affluent,France,Paid
CUST002395,2023-07-23 13:37:59,Mass Market,Austria,Branch
CUST002396,2022-12-26 18:40:25,Mass Market,Germany,Paid
CUST002397,2024-03-03 17:17:22,Mass Market,Germany,Organic
CUST002398,2024-09-06 09:49:54,Affluent,Germany,Paid
CUST002399,2024-02-15 15:18:55,Affluent,France,Organic
CUST002400,2022-11-23 20:28:57,Affluent,Germany,Organic
CUST002401,2023-05-19 13:08:52,Mass Market,France,Branch
CUST002402,2025-02-10 04:03:35,Mass Market,Germany,Paid
CUST002403,2022-02-15 02:46:35,Affluent,Netherlands,Organic
CUST002404,2022-12-24 23:05:43,Mass Market,France,Paid
CUST002405,2026-01-31 23:52:40,Affluent,Germany,Partner
CUST002406,2022-06-15 18:58:15,Mass Market,Austria,Organic
CUST002407,2023-11-25 10:55:26,Mass Market,Belgium,Organic
CUST002408,2022-12-13 01:54:01,Affluent,France,Referral
CUST002409,2022-06-24 23:25:40,Mass Market,Austria,Organic
CUST002410,2023-12-08 19:28:16,Mass Market,Belgium,Branch
CUST002411,2024-05-21 20:25:38,Mass Market,Germany,Organic
CUST002412,2022-10-22 12:04:39,Affluent,France,Partner
CUST002413,2022-05-11 01:43:08,Mass Market,France,Partner
CUST002414,2022-08-14 04:55:17,Mass Market,France,Organic
CUST002415,2024-12-25 09:10:07,Affluent,Austria,Partner
CUST002416,2025-12-09 09:23:29,Mass Market,Germany,Paid
CUST002417,2022-10-29 10:43:21,SME,Germany,Paid
CUST002418,2023-06-20 16:53:56,Affluent,Germany,Referral
CUST002419,2023-07-29 20:37:43,Mass Market,Netherlands,Branch
CUST002420,2023-08-27 04:31:28,SME,Germany,Organic
CUST002421,2023-02-13 11:17:21,Mass Market,Germany,Partner
CUST002422,2022-04-03 09:53:27,Mass Market,Germany,Organic
CUST002423,2024-05-28 01:26:55,Mass Market,France,Organic
CUST002424,2023-08-21 12:31:41,Mass Market,Germany,Organic
CUST002425,2023-07-27 06:07:14,Mass Market,Germany,Partner
CUST002426,2023-03-19 18:10:56,Mass Market,Germany,Partner
CUST002427,2026-04-03 20:32:13,Mass Market,Germany,Paid
CUST002428,2024-10-17 17:32:41,Mass Market,Germany,Branch
CUST002429,2023-12-02 01:15:55,Mass Market,Germany,Referral
CUST002430,2022-12-10 09:54:06,Affluent,France,Organic
CUST002431,2025-09-01 11:29:15,Mass Market,Germany,Organic
CUST002432,2022-02-24 00:53:20,Mass Market,Germany,Partner
CUST002433,2026-04-04 09:39:43,Mass Market,France,Paid
CUST002434,2025-03-15 10:19:46,Mass Market,Germany,Organic
CUST002435,2022-06-16 22:01:14,Mass Market,Germany,Organic
CUST002436,2025-06-13 06:40:27,Mass Market,Germany,Paid
CUST002437,2022-06-29 13:51:56,Mass Market,Germany,Paid
CUST002438,2022-03-27 00:58:59,Affluent,France,Partner
CUST002439,2022-07-12 19:49:09,Mass Market,Austria,Referral
CUST002440,2024-02-08 20:08:27,Mass Market,Germany,Branch
CUST002441,2024-11-01 22:04:30,Affluent,France,Referral
CUST002442,2023-11-13 01:07:56,Mass Market,Belgium,Paid
CUST002443,2022-07-23 22:22:14,Mass Market,Germany,Paid
CUST002444,2022-11-30 00:13:57,Mass Market,Netherlands,Organic
CUST002445,2025-11-26 04:23:51,Mass Market,France,Branch
CUST002446,2026-05-29 12:10:03,Mass Market,France,Paid
CUST002447,2025-06-15 03:24:26,Mass Market,Austria,Organic
CUST002448,2022-06-22 21:47:30,Mass Market,Germany,Partner
CUST002449,2025-10-02 17:17:23,SME,Belgium,Paid
CUST002450,2025-03-03 00:07:45,Mass Market,Germany,Branch
CUST002451,2024-05-29 13:45:24,Mass Market,France,Organic
CUST002452,2022-08-28 11:52:35,Mass Market,Germany,Paid
CUST002453,2026-07-25 10:39:47,Affluent,Germany,Branch
CUST002454,2024-01-11 00:54:40,Mass Market,Germany,Paid
CUST002455,2022-03-15 20:39:30,Mass Market,Austria,Paid
CUST002456,2022-12-18 01:36:57,Mass Market,France,Partner
CUST002457,2023-11-02 21:57:37,Affluent,Belgium,Partner
CUST002458,2022-04-15 05:03:00,Mass Market,Germany,Organic
CUST002459,2023-06-26 14:55:50,Mass Market,Germany,Organic
CUST002460,2024-02-23 04:06:05,Mass Market,Germany,Paid
CUST002461,2026-05-06 03:14:47,Mass Market,Germany,Organic
CUST002462,2022-05-25 10:03:22,Mass Market,Germany,Paid
CUST002463,2024-08-22 12:16:35,Mass Market,Austria,Paid
CUST002464,2026-03-12 03:39:45,Mass Market,Belgium,Referral
CUST002465,2025-09-09 22:49:51,Affluent,Germany,Partner
CUST002466,2026-03-27 12:03:10,SME,Germany,Paid
CUST002467,2022-10-12 19:27:05,Mass Market,France,Organic
CUST002468,2025-09-01 20:17:54,Mass Market,France,Paid
CUST002469,2026-06-25 06:37:51,Mass Market,France,Organic
CUST002470,2023-06-30 03:02:27,Mass Market,France,Branch
CUST002471,2024-04-13 17:24:27,Mass Market,Germany,Organic
CUST002472,2024-06-06 13:36:06,Mass Market,Germany,Referral
CUST002473,2024-04-05 10:04:23,Affluent,Austria,Partner
CUST002474,2023-04-30 12:21:51,Mass Market,Netherlands,Referral
CUST002475,2026-06-12 07:39:44,Affluent,Austria,Branch
CUST002476,2026-05-19 06:18:06,Mass Market,Germany,Referral
CUST002477,2023-09-29 14:01:41,Mass Market,France,Partner
CUST002478,2025-09-08 10:45:33,Mass Market,Germany,Organic
CUST002479,2023-10-27 15:53:03,Mass Market,Belgium,Partner
CUST002480,2025-08-21 22:09:36,Mass Market,Germany,Organic
CUST002481,2024-09-04 16:57:23,Mass Market,France,Paid
CUST002482,2024-02-26 02:58:07,Mass Market,Germany,Referral
CUST002483,2022-08-03 02:29:42,Mass Market,Germany,Partner
CUST002484,2024-12-30 11:25:18,Mass Market,Germany,Organic
CUST002485,2023-06-21 20:31:26,Mass Market,France,Branch
CUST002486,2022-12-29 14:06:12,Mass Market,Belgium,Organic
CUST002487,2022-11-20 01:03:48,SME,Austria,Branch
CUST002488,2026-06-30 16:47:04,Mass Market,France,Referral
CUST002489,2022-06-22 16:33:33,Mass Market,France,Organic
CUST002490,2025-08-28 03:14:40,Mass Market,Netherlands,Organic
CUST002491,2025-12-19 04:39:02,Mass Market,Germany,Branch
CUST002492,2022-02-21 22:05:28,Mass Market,Netherlands,Organic
CUST002493,2024-09-12 08:40:51,Mass Market,Netherlands,Branch
CUST002494,2024-08-23 10:05:56,Mass Market,France,Paid
CUST002495,2023-08-23 16:49:18,Mass Market,Germany,Paid
CUST002496,2025-01-19 17:54:40,Mass Market,Germany,Partner
CUST002497,2023-11-15 07:05:05,SME,Germany,Paid
CUST002498,2024-01-06 03:56:39,SME,Austria,Paid
CUST002499,2023-12-23 11:59:40,Mass Market,France,Partner
CUST002500,2025-08-31 17:27:34,Mass Market,Germany,Paid
CUST002501,2024-11-24 15:00:37,Mass Market,Germany,Organic
CUST002502,2023-09-26 18:23:51,Mass Market,Netherlands,Referral
CUST002503,2026-03-30 13:24:07,Mass Market,Germany,Paid
CUST002504,2025-09-03 01:01:06,Mass Market,Germany,Partner
CUST002505,2026-04-09 14:34:50,Mass Market,France,Partner
CUST002506,2025-05-06 09:32:24,Mass Market,Germany,Partner
CUST002507,2023-10-17 13:47:24,Mass Market,Germany,Organic
CUST002508,2025-07-16 08:36:16,SME,Germany,Branch
CUST002509,2023-07-05 12:38:38,SME,Germany,Paid
CUST002510,2023-03-29 23:49:47,Mass Market,Austria,Branch
CUST002511,2024-01-25 03:35:38,Mass Market,Belgium,Referral
CUST002512,2026-06-09 16:13:20,Mass Market,Austria,Partner
CUST002513,2024-08-07 14:03:53,Mass Market,Austria,Paid
CUST002514,2023-10-04 12:50:05,Mass Market,Germany,Organic
CUST002515,2024-02-12 03:49:44,Affluent,Germany,Paid
CUST002516,2023-05-02 21:55:35,Mass Market,France,Partner
CUST002517,2025-01-06 10:27:24,Mass Market,Germany,Paid
CUST002518,2023-08-09 21:50:38,SME,Austria,Organic
CUST002519,2024-07-15 22:55:26,Mass Market,Germany,Paid
CUST002520,2023-09-11 08:03:48,Mass Market,France,Organic
CUST002521,2023-06-21 05:40:24,Affluent,France,Paid
CUST002522,2026-06-11 05:37:07,Affluent,Belgium,Paid
CUST002523,2023-08-02 01:29:08,Mass Market,France,Organic
CUST002524,2022-04-28 21:50:28,Affluent,France,Organic
CUST002525,2023-09-26 00:10:16,Mass Market,Germany,Organic
CUST002526,2024-06-08 17:52:28,Mass Market,France,Partner
CUST002527,2022-06-08 05:42:16,Mass Market,Netherlands,Branch
CUST002528,2023-05-27 02:30:15,Affluent,Germany,Organic
CUST002529,2022-10-05 15:45:40,Affluent,Netherlands,Partner
CUST002530,2024-04-17 02:00:51,Mass Market,Germany,Organic
CUST002531,2025-04-24 01:06:38,Mass Market,Germany,Partner
CUST002532,2026-06-08 07:10:29,Affluent,Austria,Organic
CUST002533,2023-10-13 13:40:22,Mass Market,Germany,Referral
CUST002534,2025-12-14 08:50:30,Mass Market,France,Referral
CUST002535,2022-12-25 17:01:11,Affluent,Germany,Partner
CUST002536,2025-07-28 23:47:04,Mass Market,Austria,Organic
CUST002537,2024-07-29 18:55:06,Mass Market,Germany,Referral
CUST002538,2025-06-21 15:58:41,Mass Market,Germany,Organic
CUST002539,2025-06-17 06:17:26,Mass Market,Belgium,Paid
CUST002540,2024-06-09 05:26:36,Affluent,France,Referral
CUST002541,2023-03-07 09:50:40,Mass Market,France,Partner
CUST002542,2024-05-29 18:43:05,Mass Market,Germany,Referral
CUST002543,2025-10-14 09:25:27,Mass Market,Germany,Partner
CUST002544,2026-06-11 22:36:22,Mass Market,Austria,Referral
CUST002545,2026-03-31 18:54:53,Mass Market,France,Organic
CUST002546,2022-10-31 09:54:37,Mass Market,Austria,Paid
CUST002547,2024-09-25 20:14:51,Mass Market,Austria,Paid
CUST002548,2022-06-24 21:11:14,Mass Market,France,Partner
CUST002549,2025-01-23 11:31:53,Mass Market,France,Partner
CUST002550,2026-07-18 04:26:54,Mass Market,France,Partner
CUST002551,2022-03-29 21:46:09,Mass Market,Belgium,Partner
CUST002552,2025-01-02 18:56:48,Mass Market,France,Organic
CUST002553,2026-04-30 21:49:19,Mass Market,Germany,Paid
CUST002554,2025-11-17 11:48:58,Mass Market,Austria,Branch
CUST002555,2023-10-19 05:37:38,Mass Market,France,Organic
CUST002556,2022-06-23 18:10:40,Affluent,Belgium,Organic
CUST002557,2026-03-25 18:16:30,Mass Market,Germany,Referral
CUST002558,2026-03-21 10:49:50,Affluent,Germany,Organic
CUST002559,2024-08-26 01:12:36,Affluent,France,Paid
CUST002560,2026-06-25 17:05:13,Mass Market,Netherlands,Partner
CUST002561,2022-01-08 17:20:35,Mass Market,Germany,Paid
CUST002562,2024-10-27 23:21:04,Mass Market,Germany,Branch
CUST002563,2022-03-06 10:36:48,Mass Market,Netherlands,Referral
CUST002564,2026-04-14 11:32:23,Mass Market,Austria,Paid
CUST002565,2025-02-11 15:50:44,Mass Market,Germany,Branch
CUST002566,2026-03-08 06:03:56,Affluent,Germany,Organic
CUST002567,2024-07-29 18:44:31,Mass Market,Germany,Organic
CUST002568,2022-05-20 05:10:55,Affluent,Germany,Partner
CUST002569,2022-02-14 08:41:37,Affluent,Germany,Partner
CUST002570,2023-07-16 01:53:29,Mass Market,France,Organic
CUST002571,2025-05-28 01:33:40,SME,France,Paid
CUST002572,2022-09-10 12:37:30,SME,Germany,Organic
CUST002573,2025-11-25 18:53:17,Mass Market,Germany,Organic
CUST002574,2023-02-05 09:59:32,Mass Market,Austria,Paid
CUST002575,2024-04-10 00:14:26,Mass Market,Germany,Branch
CUST002576,2022-12-06 13:14:07,Mass Market,Netherlands,Referral
CUST002577,2024-02-18 17:54:52,Mass Market,Germany,Paid
CUST002578,2024-01-27 00:50:31,Mass Market,Belgium,Paid
CUST002579,2022-01-10 03:37:29,Mass Market,Belgium,Organic
CUST002580,2024-08-07 09:08:23,Affluent,Germany,Paid
CUST002581,2025-08-08 06:40:46,Mass Market,France,Partner
CUST002582,2026-04-15 10:53:09,Mass Market,France,Referral
CUST002583,2023-07-07 22:58:27,Mass Market,Germany,Paid
CUST002584,2026-01-12 08:09:48,Affluent,Netherlands,Branch
CUST002585,2026-01-09 07:01:35,Mass Market,Germany,Referral
CUST002586,2026-07-11 13:49:21,Mass Market,Germany,Organic
CUST002587,2023-09-16 18:10:30,Mass Market,Austria,Branch
CUST002588,2025-11-23 16:34:27,Mass Market,Germany,Organic
CUST002589,2022-04-08 10:17:12,Affluent,Germany,Branch
CUST002590,2023-03-29 00:16:30,Mass Market,Germany,Partner
CUST002591,2025-01-28 16:04:42,Mass Market,Austria,Paid
CUST002592,2022-09-26 12:05:16,Mass Market,Germany,Paid
CUST002593,2023-12-28 20:55:24,Affluent,Germany,Partner
CUST002594,2025-07-19 15:30:15,Affluent,France,Referral
CUST002595,2022-09-08 09:33:00,Mass Market,Netherlands,Referral
CUST002596,2024-04-10 07:10:57,Affluent,France,Paid
CUST002597,2022-12-26 05:50:53,Mass Market,Austria,Referral
CUST002598,2024-06-16 00:11:14,Affluent,Germany,Paid
CUST002599,2023-02-07 11:16:11,Affluent,France,Paid
CUST002600,2026-06-03 04:12:40,Mass Market,France,Organic
CUST002601,2022-05-09 05:51:50,Mass Market,Germany,Referral
CUST002602,2026-05-31 02:32:04,Mass Market,Belgium,Partner
CUST002603,2025-12-01 15:12:25,Mass Market,France,Paid
CUST002604,2025-11-24 17:21:23,Mass Market,Germany,Partner
CUST002605,2022-11-10 16:23:08,Mass Market,Germany,Referral
CUST002606,2026-04-06 18:50:58,Mass Market,Germany,Organic
CUST002607,2024-09-20 14:58:28,Mass Market,Belgium,Paid
CUST002608,2026-05-28 17:26:52,Mass Market,Germany,Paid
CUST002609,2026-01-08 06:17:59,Mass Market,Belgium,Organic
CUST002610,2024-08-27 02:35:38,Mass Market,Germany,Paid
CUST002611,2023-09-19 02:29:19,Mass Market,Austria,Referral
CUST002612,2022-07-16 02:29:56,Affluent,Belgium,Organic
CUST002613,2022-06-19 01:11:17,SME,Germany,Referral
CUST002614,2023-10-14 14:16:02,Mass Market,Germany,Branch
CUST002615,2025-09-17 22:19:09,Mass Market,Netherlands,Organic
CUST002616,2024-04-24 22:26:10,Mass Market,Germany,Paid
CUST002617,2023-02-13 17:26:21,SME,Germany,Organic
CUST002618,2024-08-01 15:56:58,Mass Market,Netherlands,Partner
CUST002619,2024-12-02 20:41:15,Affluent,Belgium,Paid
CUST002620,2026-07-01 03:29:10,Mass Market,Netherlands,Partner
CUST002621,2025-05-04 14:02:32,Mass Market,Belgium,Referral
CUST002622,2024-10-12 06:10:48,Mass Market,France,Referral
CUST002623,2026-03-02 15:33:41,Affluent,Netherlands,Paid
CUST002624,2026-04-13 05:37:48,Affluent,Germany,Branch
CUST002625,2023-09-11 14:43:57,Mass Market,Netherlands,Branch
CUST002626,2022-08-02 15:31:25,Mass Market,France,Partner
CUST002627,2023-11-30 06:13:37,Mass Market,France,Organic
CUST002628,2022-08-04 07:08:13,SME,Austria,Referral
CUST002629,2022-07-17 23:07:06,Mass Market,Germany,Branch
CUST002630,2026-01-13 09:08:17,Affluent,France,Partner
CUST002631,2025-08-21 19:45:01,Mass Market,Germany,Partner
CUST002632,2023-01-05 20:47:05,Mass Market,Germany,Paid
CUST002633,2025-11-01 15:54:07,Mass Market,Germany,Paid
CUST002634,2022-04-26 04:54:21,Mass Market,Austria,Referral
CUST002635,2023-04-21 12:17:17,Affluent,Germany,Referral
CUST002636,2025-03-26 14:27:10,Affluent,France,Organic
CUST002637,2023-05-23 22:45:02,Affluent,France,Organic
CUST002638,2025-05-06 09:38:54,Mass Market,Belgium,Paid
CUST002639,2026-01-01 21:17:06,Affluent,Netherlands,Paid
CUST002640,2022-04-21 10:55:24,Mass Market,Germany,Referral
CUST002641,2022-02-10 01:52:56,Mass Market,Germany,Organic
CUST002642,2026-04-21 16:24:03,Mass Market,Netherlands,Referral
CUST002643,2024-05-20 04:54:58,Mass Market,Germany,Paid
CUST002644,2024-04-26 19:48:11,Mass Market,Germany,Partner
CUST002645,2024-02-15 06:22:44,Mass Market,Germany,Paid
CUST002646,2023-12-27 00:00:28,Mass Market,Germany,Referral
CUST002647,2025-02-27 21:24:25,Mass Market,Austria,Paid
CUST002648,2024-08-27 08:01:42,Mass Market,Austria,Paid
CUST002649,2022-10-01 04:34:55,Mass Market,Netherlands,Partner
CUST002650,2024-11-13 17:45:16,Affluent,Germany,Paid
CUST002651,2025-01-22 10:46:33,Mass Market,Austria,Paid
CUST002652,2022-07-09 22:34:42,Mass Market,France,Branch
CUST002653,2023-09-22 21:34:56,Affluent,Austria,Partner
CUST002654,2025-08-14 17:29:10,Affluent,Germany,Organic
CUST002655,2024-10-31 11:47:11,Affluent,Germany,Referral
CUST002656,2022-08-17 00:14:54,Affluent,France,Organic
CUST002657,2022-03-09 00:55:57,SME,Belgium,Paid
CUST002658,2024-08-29 18:50:22,Mass Market,Germany,Organic
CUST002659,2024-02-12 00:11:20,SME,Germany,Organic
CUST002660,2026-05-26 21:04:28,SME,France,Paid
CUST002661,2024-05-23 04:53:01,Mass Market,Austria,Partner
CUST002662,2026-04-07 10:46:48,Affluent,Netherlands,Paid
CUST002663,2022-12-25 08:29:23,Affluent,Austria,Organic
CUST002664,2024-01-18 22:45:44,Affluent,France,Organic
CUST002665,2022-08-22 10:49:04,Affluent,Belgium,Organic
CUST002666,2024-08-18 02:40:02,Mass Market,Germany,Partner
CUST002667,2022-11-12 03:05:48,Mass Market,Germany,Organic
CUST002668,2024-04-03 01:31:57,Mass Market,Netherlands,Paid
CUST002669,2023-07-30 09:41:35,Affluent,France,Paid
CUST002670,2022-11-07 12:57:42,Affluent,Germany,Organic
CUST002671,2022-06-11 20:47:51,Affluent,Germany,Referral
CUST002672,2024-05-06 03:37:17,Affluent,Netherlands,Partner
CUST002673,2026-05-03 22:02:55,SME,Belgium,Partner
CUST002674,2022-11-29 07:22:10,Mass Market,Germany,Paid
CUST002675,2023-11-09 03:36:06,SME,Austria,Paid
CUST002676,2023-01-11 13:00:55,Mass Market,Germany,Partner
CUST002677,2025-09-14 14:19:55,Mass Market,Germany,Branch
CUST002678,2023-11-25 17:12:27,Mass Market,Germany,Paid
CUST002679,2026-06-18 05:24:37,Mass Market,Germany,Partner
CUST002680,2023-02-14 22:04:53,Mass Market,Germany,Paid
CUST002681,2022-05-15 23:44:43,Mass Market,Netherlands,Branch
CUST002682,2024-12-25 14:11:32,Mass Market,Netherlands,Organic
CUST002683,2026-07-15 12:28:02,Affluent,France,Paid
CUST002684,2025-12-27 23:54:13,Mass Market,Belgium,Paid
CUST002685,2026-01-18 07:58:15,Mass Market,Austria,Partner
CUST002686,2024-11-26 10:33:33,Mass Market,Germany,Partner
CUST002687,2023-08-25 14:39:02,Mass Market,Germany,Referral
CUST002688,2023-12-19 07:57:36,Mass Market,Germany,Referral
CUST002689,2022-08-12 14:54:47,Mass Market,France,Paid
CUST002690,2023-12-22 18:13:55,Affluent,Germany,Organic
CUST002691,2023-09-02 08:11:26,Mass Market,France,Referral
CUST002692,2022-03-02 00:33:01,Affluent,France,Paid
CUST002693,2022-12-08 20:52:55,Mass Market,France,Organic
CUST002694,2024-06-12 20:27:32,Affluent,Germany,Organic
CUST002695,2023-09-10 12:59:44,SME,Germany,Paid
CUST002696,2026-07-20 04:53:36,Mass Market,Germany,Paid
CUST002697,2024-03-11 02:21:37,Mass Market,Belgium,Partner
CUST002698,2026-05-22 23:00:56,Mass Market,France,Partner
CUST002699,2025-01-09 17:01:05,Mass Market,France,Organic
CUST002700,2022-03-09 13:08:24,Mass Market,France,Organic
CUST002701,2022-12-07 03:50:49,Mass Market,Germany,Branch
CUST002702,2025-03-26 02:13:19,Affluent,Germany,Referral
CUST002703,2024-06-30 10:28:36,SME,Germany,Referral
CUST002704,2023-05-20 13:13:14,Mass Market,Germany,Organic
CUST002705,2024-05-22 22:12:46,Mass Market,Germany,Branch
CUST002706,2026-02-18 19:08:55,Mass Market,Germany,Referral
CUST002707,2023-10-12 22:04:37,Mass Market,Netherlands,Paid
CUST002708,2022-03-17 10:21:52,Affluent,Germany,Partner
CUST002709,2023-06-04 22:10:20,Mass Market,Germany,Organic
CUST002710,2026-04-14 18:45:21,Mass Market,Germany,Partner
CUST002711,2025-06-27 16:36:09,Mass Market,Germany,Referral
CUST002712,2025-11-01 06:13:35,Mass Market,Germany,Paid
CUST002713,2026-03-05 04:57:08,Mass Market,Germany,Organic
CUST002714,2022-07-16 11:12:57,Mass Market,Germany,Paid
CUST002715,2023-04-18 15:05:20,Mass Market,Austria,Partner
CUST002716,2022-04-11 00:37:51,Mass Market,Germany,Partner
CUST002717,2022-01-08 22:01:55,Affluent,Germany,Paid
CUST002718,2025-10-27 15:08:56,Mass Market,Germany,Branch
CUST002719,2026-04-16 13:48:54,Affluent,Germany,Organic
CUST002720,2022-09-18 10:14:37,Mass Market,France,Organic
CUST002721,2025-04-22 11:11:52,Mass Market,Germany,Organic
CUST002722,2024-06-13 08:23:35,Affluent,Belgium,Referral
CUST002723,2022-04-26 17:52:54,Mass Market,Austria,Referral
CUST002724,2026-03-12 03:00:34,Mass Market,Netherlands,Referral
CUST002725,2025-12-27 17:03:53,Mass Market,Germany,Referral
CUST002726,2024-08-06 18:33:28,Affluent,Germany,Paid
CUST002727,2025-03-29 14:08:51,SME,Germany,Paid
CUST002728,2023-10-27 04:10:40,Mass Market,Netherlands,Partner
CUST002729,2025-08-18 15:02:35,Mass Market,Germany,Paid
CUST002730,2024-01-15 01:36:15,Mass Market,France,Paid
CUST002731,2026-07-12 21:38:18,Mass Market,Germany,Organic
CUST002732,2022-04-16 12:45:56,Mass Market,Germany,Paid
CUST002733,2022-10-15 20:00:58,Mass Market,Germany,Paid
CUST002734,2026-06-08 18:05:35,Affluent,Germany,Organic
CUST002735,2023-04-28 20:13:52,Mass Market,France,Branch
CUST002736,2023-06-04 09:55:52,Affluent,France,Organic
CUST002737,2025-08-16 00:18:21,Affluent,Germany,Branch
CUST002738,2022-11-13 14:46:41,Affluent,Germany,Organic
CUST002739,2024-05-08 15:16:22,Mass Market,Belgium,Referral
CUST002740,2023-04-24 06:30:22,Mass Market,Germany,Paid
CUST002741,2022-11-27 22:46:54,Mass Market,France,Organic
CUST002742,2026-06-01 10:22:03,Mass Market,Germany,Organic
CUST002743,2022-12-01 05:28:13,Mass Market,France,Paid
CUST002744,2022-06-07 15:30:38,Mass Market,France,Referral
CUST002745,2025-01-31 19:46:19,Mass Market,Germany,Organic
CUST002746,2025-12-21 03:08:11,Mass Market,France,Organic
CUST002747,2022-08-02 04:09:04,Affluent,Germany,Partner
CUST002748,2025-03-29 12:21:35,Affluent,Germany,Partner
CUST002749,2024-06-23 04:51:27,Mass Market,Netherlands,Paid
CUST002750,2025-10-19 19:00:34,SME,Germany,Organic
CUST002751,2022-08-01 06:25:58,Mass Market,Germany,Partner
CUST002752,2026-06-20 16:48:59,Mass Market,Netherlands,Organic
CUST002753,2024-11-01 03:40:27,Affluent,Belgium,Partner
CUST002754,2025-11-09 01:58:55,Mass Market,Germany,Organic
CUST002755,2023-08-29 04:49:08,Mass Market,France,Branch
CUST002756,2026-04-27 08:02:49,Mass Market,Germany,Partner
CUST002757,2024-11-13 06:41:07,Mass Market,Netherlands,Partner
CUST002758,2022-08-01 05:39:28,Mass Market,Germany,Referral
CUST002759,2026-03-24 02:11:32,Mass Market,Netherlands,Branch
CUST002760,2025-08-23 13:24:12,Mass Market,Germany,Referral
CUST002761,2023-05-17 22:28:43,Mass Market,Germany,Partner
CUST002762,2024-07-01 08:52:27,Mass Market,Belgium,Referral
CUST002763,2023-10-11 20:04:48,Mass Market,Germany,Organic
CUST002764,2024-06-27 17:23:28,Affluent,Germany,Referral
CUST002765,2026-06-03 02:32:17,Affluent,Germany,Partner
CUST002766,2022-12-27 09:11:34,Mass Market,France,Partner
CUST002767,2026-06-13 20:32:37,Affluent,Germany,Referral
CUST002768,2024-01-03 05:52:23,Mass Market,France,Partner
CUST002769,2025-07-01 18:44:40,Mass Market,Germany,Partner
CUST002770,2024-03-18 11:21:06,Mass Market,France,Branch
CUST002771,2024-02-03 12:44:29,Mass Market,Belgium,Partner
CUST002772,2024-02-03 02:34:26,Affluent,Germany,Organic
CUST002773,2025-12-13 04:22:39,SME,France,Organic
CUST002774,2023-10-08 23:06:35,Mass Market,Germany,Paid
CUST002775,2023-04-14 00:45:27,Mass Market,Germany,Organic
CUST002776,2023-08-28 14:14:45,Mass Market,Netherlands,Partner
CUST002777,2022-11-22 20:15:18,Mass Market,Belgium,Referral
CUST002778,2023-10-17 14:23:11,Mass Market,Netherlands,Organic
CUST002779,2022-07-10 17:44:22,SME,Austria,Branch
CUST002780,2022-05-31 01:37:04,Affluent,Germany,Referral
CUST002781,2025-04-25 06:39:42,SME,France,Branch
CUST002782,2022-05-10 11:21:18,Mass Market,Germany,Organic
CUST002783,2024-08-08 00:56:09,Mass Market,Austria,Paid
CUST002784,2025-07-27 22:37:01,Mass Market,France,Partner
CUST002785,2025-04-26 07:59:45,SME,Germany,Referral
CUST002786,2024-01-16 20:00:46,Mass Market,Netherlands,Branch
CUST002787,2022-11-20 18:04:07,Mass Market,France,Branch
CUST002788,2026-04-06 02:30:25,Mass Market,Austria,Organic
CUST002789,2025-10-28 09:20:09,Affluent,Netherlands,Paid
CUST002790,2024-10-20 15:12:16,Affluent,Belgium,Partner
CUST002791,2022-05-26 01:34:06,Mass Market,France,Organic
CUST002792,2022-02-28 19:32:30,Mass Market,Germany,Branch
CUST002793,2023-06-12 01:08:58,Affluent,Netherlands,Referral
CUST002794,2022-09-21 09:05:47,Mass Market,Germany,Referral
CUST002795,2025-12-09 12:24:09,Mass Market,Germany,Branch
CUST002796,2022-12-11 03:08:11,Mass Market,Austria,Organic
CUST002797,2023-04-18 14:12:52,Mass Market,Belgium,Paid
CUST002798,2026-06-20 10:20:06,Mass Market,Austria,Partner
CUST002799,2025-09-30 03:08:08,SME,Germany,Referral
CUST002800,2023-01-01 16:09:47,Mass Market,Germany,Referral
CUST002801,2023-10-04 06:49:03,Mass Market,Belgium,Organic
CUST002802,2024-05-12 08:14:37,Mass Market,Germany,Partner
CUST002803,2025-01-15 15:50:18,Mass Market,Germany,Organic
CUST002804,2026-04-15 06:54:28,Mass Market,Germany,Paid
CUST002805,2025-12-27 12:32:09,Mass Market,Belgium,Branch
CUST002806,2026-06-22 20:47:23,Mass Market,Germany,Organic
CUST002807,2022-03-09 23:01:04,Mass Market,Germany,Organic
CUST002808,2023-01-31 04:40:17,Affluent,France,Paid
CUST002809,2024-07-30 08:06:47,Mass Market,Germany,Referral
CUST002810,2022-03-24 02:59:34,Mass Market,Netherlands,Organic
CUST002811,2023-08-18 03:08:37,Mass Market,France,Organic
CUST002812,2022-09-14 19:44:03,Mass Market,France,Paid
CUST002813,2026-04-09 20:12:39,Mass Market,Germany,Partner
CUST002814,2022-04-16 21:14:42,Affluent,Germany,Organic
CUST002815,2022-09-06 03:10:05,Mass Market,Germany,Referral
CUST002816,2022-11-23 05:56:43,Affluent,Austria,Referral
CUST002817,2022-09-06 10:46:54,Mass Market,Germany,Paid
CUST002818,2024-08-08 15:33:55,Affluent,Germany,Organic
CUST002819,2023-09-02 04:32:23,Mass Market,Germany,Paid
CUST002820,2026-03-06 14:44:43,Mass Market,Austria,Organic
CUST002821,2023-03-13 02:06:24,Mass Market,Netherlands,Paid
CUST002822,2024-06-17 05:31:09,Mass Market,Germany,Referral
CUST002823,2025-01-08 16:04:44,Affluent,France,Organic
CUST002824,2024-11-12 15:42:32,Affluent,Germany,Organic
CUST002825,2025-08-24 13:14:55,Mass Market,Netherlands,Organic
CUST002826,2022-12-04 12:31:44,Mass Market,Austria,Organic
CUST002827,2024-04-28 11:11:59,Mass Market,Netherlands,Organic
CUST002828,2025-08-31 13:49:10,Mass Market,Belgium,Paid
CUST002829,2025-12-13 23:07:05,Affluent,Germany,Referral
CUST002830,2024-10-29 22:37:59,Mass Market,Germany,Organic
CUST002831,2024-12-25 23:05:42,Affluent,France,Paid
CUST002832,2025-12-15 20:04:57,Mass Market,Netherlands,Branch
CUST002833,2024-11-10 18:50:08,SME,Germany,Partner
CUST002834,2026-05-06 11:10:34,Mass Market,Germany,Referral
CUST002835,2022-08-02 08:05:01,Mass Market,Germany,Paid
CUST002836,2023-08-05 16:33:44,Affluent,Germany,Organic
CUST002837,2022-07-07 13:38:35,Mass Market,Belgium,Organic
CUST002838,2022-06-01 10:45:23,Mass Market,Germany,Referral
CUST002839,2024-02-29 02:03:18,Mass Market,Netherlands,Referral
CUST002840,2023-01-13 18:04:37,Mass Market,Germany,Paid
CUST002841,2023-11-12 18:24:18,SME,France,Paid
CUST002842,2024-01-03 01:42:22,Affluent,Belgium,Paid
CUST002843,2024-11-04 04:25:13,Mass Market,Netherlands,Organic
CUST002844,2026-05-01 04:47:41,SME,Belgium,Organic
CUST002845,2023-09-25 12:48:59,Mass Market,Germany,Branch
CUST002846,2025-07-12 17:35:15,Affluent,Germany,Organic
CUST002847,2022-07-26 17:55:07,Mass Market,Netherlands,Paid
CUST002848,2024-06-22 16:14:55,Mass Market,Netherlands,Partner
CUST002849,2023-12-09 06:48:12,Mass Market,Netherlands,Paid
CUST002850,2022-11-02 15:45:01,Mass Market,Netherlands,Branch
CUST002851,2024-10-27 16:51:28,Affluent,Germany,Organic
CUST002852,2023-06-21 06:25:07,Mass Market,Germany,Referral
CUST002853,2022-11-07 07:42:22,Mass Market,Austria,Organic
CUST002854,2024-12-28 03:17:02,Mass Market,France,Organic
CUST002855,2022-10-19 06:13:23,Mass Market,Netherlands,Paid
CUST002856,2025-01-30 00:15:39,Mass Market,France,Referral
CUST002857,2022-09-29 00:30:16,Mass Market,Austria,Paid
CUST002858,2023-12-28 22:02:20,Affluent,Belgium,Organic
CUST002859,2025-09-12 23:08:28,Mass Market,Germany,Paid
CUST002860,2023-01-18 07:05:26,SME,Belgium,Organic
CUST002861,2025-07-07 11:22:12,Affluent,Germany,Referral
CUST002862,2025-04-22 00:40:30,Mass Market,Germany,Branch
CUST002863,2026-02-18 05:49:23,Mass Market,Belgium,Partner
CUST002864,2022-10-10 08:32:14,Affluent,Germany,Paid
CUST002865,2025-04-10 16:11:33,Affluent,Germany,Partner
CUST002866,2026-04-16 02:40:52,Mass Market,France,Partner
CUST002867,2025-06-29 18:24:52,SME,Austria,Organic
CUST002868,2022-11-11 04:11:41,Affluent,Germany,Paid
CUST002869,2025-10-06 15:41:14,Mass Market,Netherlands,Partner
CUST002870,2022-06-29 10:13:49,Affluent,France,Referral
CUST002871,2024-09-11 13:08:34,Mass Market,Germany,Paid
CUST002872,2024-04-12 01:36:25,Affluent,Netherlands,Referral
CUST002873,2024-06-06 23:09:20,Affluent,France,Referral
CUST002874,2024-05-18 16:29:10,Mass Market,Netherlands,Branch
CUST002875,2022-02-22 15:05:48,Mass Market,Netherlands,Branch
CUST002876,2026-04-16 05:40:45,Mass Market,Austria,Organic
CUST002877,2024-01-01 02:35:34,Affluent,Netherlands,Paid
CUST002878,2023-04-08 23:58:00,Mass Market,Germany,Referral
CUST002879,2026-07-22 07:55:55,Affluent,Netherlands,Referral
CUST002880,2022-06-15 12:22:05,Mass Market,France,Organic
CUST002881,2024-03-24 01:28:06,Mass Market,Germany,Partner
CUST002882,2024-05-07 01:31:31,Affluent,France,Branch
CUST002883,2024-03-10 03:02:25,Mass Market,Netherlands,Organic
CUST002884,2026-03-22 03:01:10,Mass Market,Germany,Paid
CUST002885,2023-12-07 04:37:42,Mass Market,Germany,Paid
CUST002886,2026-06-16 08:38:55,Mass Market,France,Paid
CUST002887,2022-04-22 17:35:01,Mass Market,Germany,Partner
CUST002888,2025-05-12 03:23:43,Mass Market,Belgium,Organic
CUST002889,2024-09-18 10:09:49,Mass Market,Germany,Referral
CUST002890,2023-02-07 04:37:33,Mass Market,Netherlands,Organic
CUST002891,2023-01-17 03:53:26,Mass Market,Netherlands,Referral
CUST002892,2025-04-18 07:19:48,Mass Market,Germany,Organic
CUST002893,2024-12-02 01:58:23,Mass Market,France,Referral
CUST002894,2024-10-18 21:01:38,SME,Germany,Paid
CUST002895,2022-03-26 23:50:42,Mass Market,Germany,Partner
CUST002896,2024-09-26 15:51:02,Mass Market,France,Organic
CUST002897,2026-06-29 21:06:05,Mass Market,Germany,Paid
CUST002898,2022-01-29 23:08:40,Affluent,Netherlands,Organic
CUST002899,2024-02-24 04:14:08,Affluent,France,Organic
CUST002900,2024-04-06 14:23:02,Affluent,Germany,Partner
CUST002901,2026-02-08 08:59:58,SME,Germany,Organic
CUST002902,2023-04-18 22:02:27,Mass Market,Belgium,Branch
CUST002903,2024-03-06 03:19:07,SME,Germany,Paid
CUST002904,2025-04-14 03:28:49,Mass Market,Netherlands,Organic
CUST002905,2022-04-11 20:57:18,Affluent,Germany,Branch
CUST002906,2025-09-01 10:06:40,Affluent,Austria,Organic
CUST002907,2025-10-06 17:47:06,Affluent,Germany,Referral
CUST002908,2025-04-18 05:59:40,Mass Market,Germany,Paid
CUST002909,2024-12-19 18:19:00,Affluent,France,Partner
CUST002910,2025-06-04 00:08:05,Mass Market,Germany,Referral
CUST002911,2025-07-31 02:20:48,Mass Market,Netherlands,Organic
CUST002912,2026-02-19 11:26:03,Mass Market,Germany,Partner
CUST002913,2023-12-17 21:36:00,Mass Market,Germany,Organic
CUST002914,2024-02-02 12:37:39,Mass Market,Germany,Partner
CUST002915,2024-12-02 15:07:32,Mass Market,France,Organic
CUST002916,2022-11-19 20:17:15,Mass Market,Belgium,Organic
CUST002917,2025-12-02 14:45:26,Mass Market,Germany,Organic
CUST002918,2024-11-21 03:23:38,Mass Market,Belgium,Partner
CUST002919,2023-05-20 08:40:03,Mass Market,Netherlands,Branch
CUST002920,2023-08-05 07:26:51,Affluent,Germany,Branch
CUST002921,2023-12-29 06:39:34,Mass Market,Germany,Referral
CUST002922,2025-01-12 17:59:15,Affluent,Germany,Referral
CUST002923,2025-07-24 20:58:58,Mass Market,Germany,Referral
CUST002924,2025-01-28 08:09:53,Mass Market,Netherlands,Paid
CUST002925,2026-04-04 20:20:34,Mass Market,Germany,Organic
CUST002926,2026-05-26 02:26:01,Mass Market,Germany,Partner
CUST002927,2023-09-13 03:58:10,Mass Market,Netherlands,Organic
CUST002928,2024-09-28 15:26:12,Mass Market,Germany,Referral
CUST002929,2023-12-12 17:40:52,Mass Market,Belgium,Paid
CUST002930,2024-11-17 20:23:28,Mass Market,France,Organic
CUST002931,2025-09-19 20:52:12,Mass Market,Germany,Referral
CUST002932,2023-09-10 12:34:19,Mass Market,France,Organic
CUST002933,2024-04-25 15:13:48,Affluent,Germany,Branch
CUST002934,2022-03-18 07:18:05,Mass Market,Austria,Branch
CUST002935,2025-05-16 13:12:18,Mass Market,Germany,Partner
CUST002936,2024-03-30 00:49:00,Mass Market,Belgium,Partner
CUST002937,2024-02-08 15:13:16,Mass Market,Austria,Organic
CUST002938,2024-06-09 05:22:52,Mass Market,France,Paid
CUST002939,2022-12-27 07:23:20,Mass Market,Netherlands,Branch
CUST002940,2024-09-26 19:14:21,Mass Market,France,Organic
CUST002941,2025-05-30 23:32:23,Mass Market,Germany,Organic
CUST002942,2023-08-08 15:48:20,Mass Market,Austria,Paid
CUST002943,2022-08-08 06:59:40,Mass Market,Germany,Partner
CUST002944,2023-10-09 18:57:48,Mass Market,Belgium,Partner
CUST002945,2022-11-29 00:45:54,SME,France,Organic
CUST002946,2023-09-18 05:25:59,Mass Market,Germany,Organic
CUST002947,2024-11-14 01:13:58,Mass Market,Germany,Referral
CUST002948,2022-07-09 14:17:55,Mass Market,Germany,Organic
CUST002949,2025-06-03 10:26:33,Affluent,Germany,Organic
CUST002950,2023-01-11 13:17:44,Affluent,Netherlands,Organic
CUST002951,2026-02-04 22:02:07,Affluent,Germany,Referral
CUST002952,2025-05-09 15:30:11,Mass Market,Austria,Organic
CUST002953,2023-04-01 18:21:03,Mass Market,Germany,Paid
CUST002954,2024-07-30 17:12:04,Affluent,Germany,Paid
CUST002955,2022-07-05 03:08:34,Mass Market,Germany,Organic
CUST002956,2022-06-16 18:20:19,SME,Germany,Branch
CUST002957,2026-05-18 12:14:25,Mass Market,France,Referral
CUST002958,2025-09-03 15:57:50,Mass Market,Germany,Partner
CUST002959,2022-09-16 04:41:22,Mass Market,France,Paid
CUST002960,2023-04-18 15:45:18,Mass Market,France,Organic
CUST002961,2022-11-27 11:58:50,Affluent,Germany,Partner
CUST002962,2023-10-23 17:01:39,Mass Market,Germany,Organic
CUST002963,2023-05-03 02:28:05,Mass Market,Germany,Partner
CUST002964,2023-07-03 12:30:00,Mass Market,Germany,Organic
CUST002965,2024-06-04 03:24:58,Affluent,Netherlands,Partner
CUST002966,2022-11-13 02:20:30,Mass Market,Germany,Paid
CUST002967,2026-01-16 02:01:27,SME,Germany,Paid
CUST002968,2025-05-01 15:11:54,Affluent,France,Organic
CUST002969,2025-06-25 15:11:26,Mass Market,Germany,Organic
CUST002970,2022-10-11 08:46:57,Affluent,Austria,Paid
CUST002971,2025-03-30 00:56:46,SME,Belgium,Paid
CUST002972,2025-10-30 04:50:10,Mass Market,Netherlands,Branch
CUST002973,2022-10-20 21:38:44,Mass Market,Germany,Paid
CUST002974,2025-06-10 03:17:08,Mass Market,Germany,Organic
CUST002975,2023-08-22 01:05:19,Mass Market,Germany,Paid
CUST002976,2025-08-09 19:58:51,Mass Market,Belgium,Paid
CUST002977,2024-03-10 21:25:58,Affluent,Germany,Referral
CUST002978,2025-09-03 07:01:50,Mass Market,Germany,Organic
CUST002979,2022-09-04 11:54:31,Mass Market,France,Referral
CUST002980,2023-10-13 13:00:16,Mass Market,Netherlands,Partner
CUST002981,2023-04-03 04:11:13,Mass Market,France,Organic
CUST002982,2023-02-20 06:21:27,Mass Market,Germany,Paid
CUST002983,2023-05-31 12:47:41,Mass Market,Austria,Paid
CUST002984,2023-10-02 10:18:02,Mass Market,Germany,Paid
CUST002985,2022-08-01 19:20:21,Mass Market,Austria,Paid
CUST002986,2025-03-28 05:48:38,Mass Market,Germany,Partner
CUST002987,2024-07-09 00:01:06,SME,Austria,Partner
CUST002988,2025-10-18 12:55:53,Mass Market,Belgium,Paid
CUST002989,2025-03-24 19:22:17,Mass Market,Germany,Partner
CUST002990,2022-09-07 04:49:03,Mass Market,Netherlands,Referral
CUST002991,2022-04-27 22:12:59,Affluent,Germany,Paid
CUST002992,2023-12-08 22:27:49,Mass Market,Germany,Paid
CUST002993,2024-03-15 10:30:28,Mass Market,Germany,Organic
CUST002994,2023-02-06 16:44:34,Mass Market,France,Organic
CUST002995,2025-07-31 20:34:15,Mass Market,Germany,Organic
CUST002996,2024-08-30 09:44:33,Mass Market,Germany,Paid
CUST002997,2025-06-04 15:20:52,Mass Market,Austria,Referral
CUST002998,2022-07-02 06:22:21,Mass Market,Belgium,Organic
CUST002999,2025-09-24 19:15:11,SME,Germany,Partner
CUST003000,2022-12-11 13:59:49,Mass Market,France,Organic
CUST003001,2024-01-20 11:00:00,Affluent,Germany,Organic
CUST003002,2024-01-05 15:06:03,Mass Market,Germany,Paid
CUST003003,2025-10-03 23:18:52,Mass Market,Austria,Paid
CUST003004,2023-04-08 21:18:17,Mass Market,Austria,Organic
CUST003005,2023-02-07 12:56:21,Mass Market,Germany,Organic
CUST003006,2023-07-22 20:35:51,Mass Market,Germany,Partner
CUST003007,2023-08-27 06:36:22,Affluent,Germany,Paid
CUST003008,2022-10-31 18:40:43,Mass Market,Germany,Paid
CUST003009,2022-10-22 20:47:47,Mass Market,Germany,Paid
CUST003010,2023-01-22 19:09:13,Mass Market,Germany,Paid
CUST003011,2024-02-21 15:13:10,Mass Market,Germany,Organic
CUST003012,2023-07-29 02:10:41,Mass Market,Germany,Organic
CUST003013,2023-10-18 12:35:04,Mass Market,Belgium,Paid
CUST003014,2025-04-17 06:16:45,Mass Market,Netherlands,Paid
CUST003015,2023-02-07 19:55:23,Mass Market,France,Branch
CUST003016,2026-03-02 08:09:32,Mass Market,Germany,Referral
CUST003017,2025-06-10 23:27:22,Mass Market,Belgium,Organic
CUST003018,2022-10-20 01:51:02,Mass Market,Germany,Organic
CUST003019,2023-06-09 18:02:35,Mass Market,Belgium,Branch
CUST003020,2022-11-03 21:32:50,Affluent,Germany,Paid
CUST003021,2023-04-02 03:05:31,SME,Austria,Paid
CUST003022,2023-09-04 02:38:25,Mass Market,Germany,Partner
CUST003023,2022-08-07 20:22:01,Mass Market,Netherlands,Paid
CUST003024,2022-01-25 03:13:00,Affluent,Germany,Organic
CUST003025,2024-01-04 17:02:14,Mass Market,Netherlands,Organic
CUST003026,2025-03-18 01:22:12,Mass Market,France,Organic
CUST003027,2023-05-22 13:21:52,Mass Market,Germany,Organic
CUST003028,2025-12-09 16:25:13,Mass Market,Netherlands,Organic
CUST003029,2023-09-10 10:10:50,SME,Germany,Partner
CUST003030,2026-02-15 03:11:11,Affluent,France,Paid
CUST003031,2023-01-30 14:05:53,SME,Germany,Organic
CUST003032,2024-06-20 18:22:47,Affluent,Netherlands,Organic
CUST003033,2025-06-29 23:54:12,Mass Market,Belgium,Branch
CUST003034,2022-04-09 17:07:31,Affluent,Germany,Organic
CUST003035,2026-04-04 23:10:27,Mass Market,Netherlands,Organic
CUST003036,2023-09-03 05:04:32,Mass Market,Belgium,Partner
CUST003037,2024-04-12 13:00:33,Mass Market,France,Organic
CUST003038,2024-12-11 02:14:26,Mass Market,Germany,Organic
CUST003039,2022-02-09 13:46:12,Mass Market,Germany,Organic
CUST003040,2025-12-20 21:53:20,Mass Market,Germany,Branch
CUST003041,2024-11-08 16:00:04,Mass Market,Germany,Partner
CUST003042,2026-07-29 01:02:08,Mass Market,Germany,Paid
CUST003043,2024-02-28 08:51:55,Mass Market,Netherlands,Branch
CUST003044,2024-10-22 19:11:22,Mass Market,France,Partner
CUST003045,2024-01-08 10:58:03,Mass Market,France,Organic
CUST003046,2026-01-27 17:04:13,Mass Market,Germany,Paid
CUST003047,2025-10-23 18:02:28,SME,Germany,Paid
CUST003048,2026-02-28 04:37:54,Mass Market,Netherlands,Paid
CUST003049,2025-08-16 07:21:55,Mass Market,France,Referral
CUST003050,2023-08-23 21:43:09,Mass Market,Austria,Organic
CUST003051,2024-02-10 16:15:17,Affluent,France,Organic
CUST003052,2025-06-25 02:01:32,Mass Market,Germany,Paid
CUST003053,2022-05-16 16:32:51,Mass Market,France,Organic
CUST003054,2025-04-02 22:32:44,Mass Market,Netherlands,Branch
CUST003055,2022-01-27 10:14:43,Affluent,Germany,Paid
CUST003056,2024-08-28 20:21:19,SME,France,Organic
CUST003057,2024-03-08 21:06:25,Mass Market,Germany,Partner
CUST003058,2024-02-23 15:08:39,Mass Market,Germany,Referral
CUST003059,2024-04-06 11:51:12,Mass Market,Germany,Paid
CUST003060,2024-04-02 12:18:28,Mass Market,France,Paid
CUST003061,2023-11-13 02:38:16,Affluent,Netherlands,Partner
CUST003062,2024-01-25 15:56:38,SME,Germany,Organic
CUST003063,2024-08-07 23:25:10,SME,Netherlands,Partner
CUST003064,2025-06-30 12:21:22,Affluent,Netherlands,Partner
CUST003065,2024-07-12 05:11:05,Mass Market,Germany,Referral
CUST003066,2024-12-10 07:09:15,SME,Germany,Branch
CUST003067,2025-10-30 19:36:29,Mass Market,Germany,Branch
CUST003068,2026-07-13 11:08:52,Mass Market,Germany,Organic
CUST003069,2022-07-01 16:11:32,Mass Market,Austria,Referral
CUST003070,2025-04-07 00:17:21,Mass Market,Netherlands,Partner
CUST003071,2023-01-12 11:55:45,Affluent,Germany,Paid
CUST003072,2022-11-26 00:25:36,SME,Germany,Branch
CUST003073,2025-08-18 21:42:13,Affluent,Germany,Referral
CUST003074,2022-04-25 20:26:31,Affluent,Germany,Referral
CUST003075,2025-11-18 13:59:52,Mass Market,Germany,Organic
CUST003076,2025-07-12 08:26:15,Mass Market,Germany,Organic
CUST003077,2026-07-22 08:18:21,Affluent,Germany,Branch
CUST003078,2025-01-21 19:12:47,Mass Market,Germany,Branch
CUST003079,2025-12-30 12:12:48,Affluent,Germany,Organic
CUST003080,2022-07-18 04:33:50,Mass Market,Germany,Organic
CUST003081,2026-01-27 21:52:02,Mass Market,France,Partner
CUST003082,2022-09-26 01:33:30,Mass Market,Germany,Organic
CUST003083,2023-06-10 14:09:15,Mass Market,Germany,Partner
CUST003084,2023-11-03 13:52:40,Affluent,Germany,Branch
CUST003085,2025-06-06 07:49:29,SME,Austria,Organic
CUST003086,2023-03-25 05:43:08,Mass Market,Germany,Referral
CUST003087,2025-10-06 17:03:14,Mass Market,France,Paid
CUST003088,2024-10-10 17:34:56,Mass Market,Germany,Organic
CUST003089,2024-11-17 13:32:47,Mass Market,Germany,Paid
CUST003090,2026-04-19 16:22:52,Mass Market,France,Partner
CUST003091,2023-12-24 01:06:26,Mass Market,Netherlands,Referral
CUST003092,2023-07-31 05:44:58,Mass Market,Austria,Paid
CUST003093,2026-07-21 21:28:58,Mass Market,Germany,Branch
CUST003094,2024-07-20 07:22:02,Mass Market,Germany,Organic
CUST003095,2024-10-24 14:49:49,Affluent,Netherlands,Branch
CUST003096,2023-05-11 09:54:41,Mass Market,Germany,Partner
CUST003097,2022-10-11 21:44:00,Mass Market,Germany,Paid
CUST003098,2023-01-09 18:58:34,Affluent,Belgium,Organic
CUST003099,2022-11-23 08:24:17,Affluent,Germany,Organic
CUST003100,2025-06-02 12:24:04,Affluent,France,Paid
CUST003101,2022-04-07 21:13:50,Mass Market,Germany,Branch
CUST003102,2024-11-18 07:56:23,Mass Market,Germany,Referral
CUST003103,2026-05-07 05:15:01,Affluent,Austria,Organic
CUST003104,2023-11-05 14:45:10,Mass Market,Germany,Paid
CUST003105,2022-04-10 07:42:22,Mass Market,Germany,Paid
CUST003106,2025-10-26 15:36:11,SME,Germany,Referral
CUST003107,2022-01-06 06:21:12,Mass Market,Germany,Referral
CUST003108,2025-02-13 04:23:20,Affluent,Germany,Organic
CUST003109,2025-01-26 19:50:38,Affluent,Germany,Organic
CUST003110,2022-11-17 21:24:44,Mass Market,Germany,Organic
CUST003111,2025-05-22 01:31:02,Affluent,Germany,Paid
CUST003112,2022-10-21 08:56:56,Mass Market,Netherlands,Organic
CUST003113,2023-01-13 06:48:04,Affluent,Germany,Organic
CUST003114,2025-09-19 15:27:45,Affluent,Austria,Referral
CUST003115,2026-06-26 02:29:23,Affluent,Germany,Paid
CUST003116,2023-03-19 14:21:05,Mass Market,Germany,Branch
CUST003117,2026-03-21 11:27:27,Affluent,Austria,Referral
CUST003118,2026-03-08 00:18:28,SME,Belgium,Organic
CUST003119,2025-07-10 10:47:24,Mass Market,Germany,Organic
CUST003120,2022-08-23 04:08:35,Mass Market,Germany,Paid
CUST003121,2023-05-16 15:06:55,Mass Market,Belgium,Partner
CUST003122,2025-02-07 03:05:28,Affluent,Germany,Paid
CUST003123,2026-07-29 16:40:52,Mass Market,Germany,Branch
CUST003124,2025-09-23 19:12:27,Mass Market,France,Referral
CUST003125,2023-12-04 16:32:53,SME,Belgium,Paid
CUST003126,2023-01-29 08:22:06,SME,France,Organic
CUST003127,2026-05-25 16:23:42,SME,Germany,Paid
CUST003128,2023-04-07 19:38:56,Mass Market,Austria,Paid
CUST003129,2023-07-27 04:34:03,Mass Market,Germany,Organic
CUST003130,2026-06-01 16:12:49,Mass Market,Netherlands,Referral
CUST003131,2024-07-28 02:29:12,Mass Market,Germany,Paid
CUST003132,2023-03-19 09:46:21,Affluent,Netherlands,Organic
CUST003133,2022-01-09 22:30:14,Mass Market,France,Referral
CUST003134,2023-12-20 21:18:59,Mass Market,Germany,Partner
CUST003135,2026-07-07 14:16:04,Mass Market,France,Organic
CUST003136,2023-12-25 03:59:08,Mass Market,Belgium,Paid
CUST003137,2025-03-15 14:42:25,Affluent,Germany,Partner
CUST003138,2023-02-28 01:46:42,Affluent,Germany,Paid
CUST003139,2025-07-20 19:47:40,Mass Market,Germany,Paid
CUST003140,2025-07-21 02:56:40,Mass Market,France,Partner
CUST003141,2024-10-14 01:53:47,Mass Market,France,Partner
CUST003142,2025-07-14 12:46:13,Mass Market,Germany,Organic
CUST003143,2024-08-25 18:59:29,SME,Germany,Organic
CUST003144,2023-09-25 13:08:42,Mass Market,Netherlands,Partner
CUST003145,2025-05-18 17:38:52,Mass Market,Germany,Organic
CUST003146,2025-10-28 07:55:39,Affluent,Germany,Branch
CUST003147,2022-12-23 06:16:15,Mass Market,Germany,Organic
CUST003148,2025-02-05 06:18:27,Mass Market,France,Referral
CUST003149,2022-01-08 04:46:55,Mass Market,Austria,Branch
CUST003150,2024-08-14 09:11:23,Mass Market,France,Paid
CUST003151,2024-08-12 23:48:14,Mass Market,Germany,Partner
CUST003152,2026-07-21 02:21:10,Affluent,Belgium,Organic
CUST003153,2026-01-16 07:27:22,SME,Germany,Partner
CUST003154,2022-03-06 14:43:07,Mass Market,Austria,Branch
CUST003155,2022-12-16 04:09:23,Mass Market,Germany,Branch
CUST003156,2022-12-14 18:32:48,Mass Market,Belgium,Paid
CUST003157,2026-02-09 17:14:33,Mass Market,Belgium,Referral
CUST003158,2024-05-17 15:00:24,Mass Market,Belgium,Referral
CUST003159,2025-05-03 16:17:02,Mass Market,Germany,Paid
CUST003160,2025-09-16 05:18:06,Mass Market,Belgium,Referral
CUST003161,2025-07-07 11:02:50,SME,Netherlands,Organic
CUST003162,2022-05-29 21:04:39,Affluent,Germany,Branch
CUST003163,2022-08-23 15:21:33,Mass Market,Germany,Referral
CUST003164,2023-10-23 19:58:34,Affluent,France,Paid
CUST003165,2023-07-20 18:26:20,Mass Market,Austria,Paid
CUST003166,2025-06-03 02:39:27,Affluent,Netherlands,Branch
CUST003167,2022-09-19 05:25:15,Mass Market,Germany,Organic
CUST003168,2023-09-14 05:17:09,Mass Market,France,Paid
CUST003169,2023-01-31 13:15:34,Mass Market,Germany,Paid
CUST003170,2022-11-12 17:37:40,Mass Market,Germany,Paid
CUST003171,2022-10-16 22:16:23,Mass Market,Netherlands,Organic
CUST003172,2022-11-23 20:51:23,Mass Market,France,Organic
CUST003173,2023-11-17 14:26:15,Mass Market,Netherlands,Branch
CUST003174,2023-12-29 19:14:36,Mass Market,Germany,Referral
CUST003175,2024-03-12 14:02:54,Mass Market,Germany,Referral
CUST003176,2025-12-11 22:53:20,Mass Market,Netherlands,Paid
CUST003177,2024-05-30 04:48:24,Mass Market,Germany,Partner
CUST003178,2024-12-09 20:18:18,Mass Market,Austria,Paid
CUST003179,2025-05-19 20:52:31,Mass Market,Austria,Partner
CUST003180,2025-02-28 08:26:58,Mass Market,Belgium,Referral
CUST003181,2022-08-13 11:41:51,Affluent,Belgium,Organic
CUST003182,2026-07-02 13:18:33,Mass Market,Germany,Branch
CUST003183,2022-10-03 13:31:40,Mass Market,Germany,Branch
CUST003184,2023-11-20 14:27:12,Mass Market,Belgium,Paid
CUST003185,2024-12-27 03:37:53,Mass Market,Germany,Branch
CUST003186,2023-11-06 09:48:19,Mass Market,Belgium,Branch
CUST003187,2023-02-11 12:22:02,Mass Market,Germany,Organic
CUST003188,2026-03-24 20:04:01,Affluent,Belgium,Organic
CUST003189,2022-04-30 14:20:49,Mass Market,France,Partner
CUST003190,2023-02-16 02:29:43,Mass Market,Belgium,Referral
CUST003191,2026-07-19 06:59:54,Mass Market,Germany,Organic
CUST003192,2025-05-05 06:01:34,Mass Market,France,Paid
CUST003193,2022-05-26 10:11:17,Affluent,Austria,Paid
CUST003194,2025-06-15 15:30:39,Mass Market,Germany,Paid
CUST003195,2026-06-10 00:29:48,Mass Market,Germany,Organic
CUST003196,2022-06-13 12:02:12,Affluent,Germany,Organic
CUST003197,2023-11-24 07:04:32,Mass Market,France,Referral
CUST003198,2024-02-22 21:11:23,Mass Market,France,Organic
CUST003199,2022-08-08 01:16:35,Affluent,France,Partner
CUST003200,2022-12-02 08:10:15,Mass Market,Germany,Partner
CUST003201,2022-10-18 12:25:16,Mass Market,Germany,Branch
CUST003202,2022-11-06 22:44:20,SME,Belgium,Branch
CUST003203,2023-11-06 16:48:20,Mass Market,France,Branch
CUST003204,2024-02-15 12:29:39,Mass Market,Germany,Paid
CUST003205,2023-02-02 21:50:58,Mass Market,Germany,Organic
CUST003206,2023-04-29 22:14:07,Mass Market,Germany,Organic
CUST003207,2022-11-18 10:04:39,Mass Market,Netherlands,Paid
CUST003208,2025-08-24 00:18:49,Mass Market,Netherlands,Organic
CUST003209,2022-12-21 01:16:14,Mass Market,France,Organic
CUST003210,2026-02-26 12:22:08,Affluent,France,Paid
CUST003211,2024-06-19 23:11:36,Mass Market,Belgium,Paid
CUST003212,2025-09-04 03:34:20,Affluent,Germany,Partner
CUST003213,2024-11-30 01:14:08,Affluent,Germany,Branch
CUST003214,2023-03-21 19:17:12,Affluent,Germany,Paid
CUST003215,2024-10-02 11:27:43,Affluent,Austria,Organic
CUST003216,2023-04-04 08:27:53,Affluent,France,Paid
CUST003217,2022-07-18 05:35:45,Mass Market,France,Paid
CUST003218,2023-03-02 21:44:21,Mass Market,Netherlands,Branch
CUST003219,2022-08-14 18:48:31,SME,Germany,Paid
CUST003220,2022-02-09 11:23:46,Mass Market,Germany,Paid
CUST003221,2026-04-28 00:44:27,Mass Market,France,Partner
CUST003222,2024-05-08 10:36:02,SME,Austria,Paid
CUST003223,2023-11-04 05:22:26,Mass Market,Germany,Partner
CUST003224,2026-04-04 21:07:36,Mass Market,Germany,Organic
CUST003225,2023-01-11 16:20:21,Mass Market,Belgium,Paid
CUST003226,2023-11-05 14:23:35,Mass Market,Netherlands,Organic
CUST003227,2025-11-16 15:12:57,Mass Market,France,Referral
CUST003228,2024-11-22 18:10:41,Mass Market,Germany,Organic
CUST003229,2023-10-30 10:54:32,SME,Germany,Organic
CUST003230,2023-03-04 17:51:25,Mass Market,Germany,Partner
CUST003231,2022-02-28 17:10:02,Mass Market,Germany,Partner
CUST003232,2022-05-23 04:59:16,Affluent,Netherlands,Paid
CUST003233,2022-09-28 18:23:28,Affluent,Netherlands,Branch
CUST003234,2025-08-08 05:27:51,Mass Market,Belgium,Partner
CUST003235,2024-12-04 19:50:15,Mass Market,Germany,Branch
CUST003236,2023-12-26 18:12:02,Mass Market,Germany,Paid
CUST003237,2025-08-02 00:25:22,Affluent,Netherlands,Partner
CUST003238,2022-09-26 19:49:37,Mass Market,Germany,Paid
CUST003239,2022-12-19 16:22:30,Mass Market,Germany,Paid
CUST003240,2023-10-19 15:26:26,Affluent,Germany,Organic
CUST003241,2026-03-14 21:15:00,Mass Market,Germany,Organic
CUST003242,2024-10-23 23:54:36,Mass Market,Germany,Referral
CUST003243,2025-11-23 20:48:44,Affluent,Germany,Referral
CUST003244,2023-02-19 22:14:28,Affluent,Belgium,Organic
CUST003245,2025-11-19 11:49:22,Mass Market,Germany,Organic
CUST003246,2022-05-02 04:28:05,Mass Market,France,Organic
CUST003247,2023-01-16 15:35:11,Mass Market,France,Partner
CUST003248,2024-05-24 11:57:48,Mass Market,France,Organic
CUST003249,2022-03-26 11:54:29,Mass Market,Germany,Referral
CUST003250,2025-12-06 00:20:09,Affluent,Germany,Organic
CUST003251,2025-12-21 07:58:18,Mass Market,Germany,Partner
CUST003252,2023-05-27 07:09:05,Mass Market,Germany,Branch
CUST003253,2022-06-15 11:13:27,Mass Market,Austria,Organic
CUST003254,2024-10-31 19:52:35,Affluent,Germany,Referral
CUST003255,2024-06-17 23:40:53,Mass Market,Germany,Branch
CUST003256,2025-06-24 15:57:03,Mass Market,Austria,Paid
CUST003257,2024-10-04 10:31:04,Mass Market,Netherlands,Organic
CUST003258,2022-08-03 12:09:06,Mass Market,Netherlands,Partner
CUST003259,2022-07-23 14:10:39,SME,Germany,Paid
CUST003260,2025-07-29 13:28:53,Affluent,Belgium,Branch
CUST003261,2022-09-23 21:18:43,Mass Market,France,Paid
CUST003262,2026-04-19 04:35:16,Mass Market,France,Referral
CUST003263,2022-06-27 03:27:20,Affluent,Netherlands,Partner
CUST003264,2025-05-02 20:13:50,Mass Market,Germany,Organic
CUST003265,2026-06-19 14:04:06,SME,Austria,Paid
CUST003266,2024-01-08 17:23:11,Mass Market,Austria,Referral
CUST003267,2022-04-05 19:49:35,Mass Market,France,Paid
CUST003268,2026-01-05 19:20:25,Mass Market,Germany,Paid
CUST003269,2022-11-10 04:15:11,Mass Market,Netherlands,Branch
CUST003270,2024-05-31 21:49:11,Mass Market,Germany,Paid
CUST003271,2026-07-05 03:27:24,Affluent,France,Referral
CUST003272,2022-03-19 10:35:37,Mass Market,Germany,Organic
CUST003273,2025-10-03 21:15:45,Mass Market,Netherlands,Referral
CUST003274,2022-09-27 14:18:51,Mass Market,Austria,Partner
CUST003275,2025-06-06 22:01:53,Affluent,Germany,Organic
CUST003276,2024-11-04 05:41:41,Mass Market,Netherlands,Organic
CUST003277,2023-04-27 07:02:25,Mass Market,Belgium,Organic
CUST003278,2022-07-17 00:50:24,Mass Market,Germany,Partner
CUST003279,2026-07-08 21:40:34,Mass Market,Germany,Paid
CUST003280,2023-02-03 12:02:54,Affluent,Germany,Organic
CUST003281,2023-06-01 02:38:37,Mass Market,Belgium,Partner
CUST003282,2024-04-20 19:21:55,Mass Market,Germany,Branch
CUST003283,2025-01-29 05:16:56,Affluent,Germany,Organic
CUST003284,2024-04-24 19:45:08,Mass Market,Germany,Partner
CUST003285,2024-04-24 14:13:25,Mass Market,Germany,Branch
CUST003286,2024-09-01 04:21:08,Mass Market,Germany,Paid
CUST003287,2025-12-05 01:38:40,SME,France,Branch
CUST003288,2023-10-23 14:38:47,Affluent,Germany,Partner
CUST003289,2025-10-23 07:43:46,Mass Market,Netherlands,Partner
CUST003290,2025-08-08 16:22:38,Affluent,Netherlands,Referral
CUST003291,2026-05-26 19:15:50,Mass Market,Belgium,Organic
CUST003292,2026-03-07 19:02:01,Mass Market,Germany,Partner
CUST003293,2025-08-27 13:22:19,Mass Market,France,Partner
CUST003294,2023-02-17 12:34:58,Mass Market,Netherlands,Organic
CUST003295,2025-07-18 15:00:33,Mass Market,Germany,Paid
CUST003296,2025-05-16 11:12:13,SME,Germany,Referral
CUST003297,2023-04-30 01:06:57,Mass Market,Germany,Organic
CUST003298,2025-02-07 13:39:16,Affluent,France,Paid
CUST003299,2023-02-27 23:09:14,Mass Market,Germany,Organic
CUST003300,2024-05-24 14:34:31,Mass Market,Austria,Organic
CUST003301,2025-08-25 03:58:20,Mass Market,Belgium,Paid
CUST003302,2022-11-12 05:20:28,Mass Market,Netherlands,Organic
CUST003303,2023-07-18 09:14:33,Mass Market,Austria,Paid
CUST003304,2025-08-22 15:04:48,Mass Market,France,Organic
CUST003305,2024-01-29 17:44:59,SME,Germany,Branch
CUST003306,2026-05-26 04:00:41,Affluent,Germany,Branch
CUST003307,2022-01-14 07:26:12,Mass Market,Netherlands,Organic
CUST003308,2025-09-23 08:08:51,Mass Market,Germany,Organic
CUST003309,2026-03-15 15:53:09,Mass Market,Austria,Organic
CUST003310,2022-09-20 02:14:13,SME,Germany,Organic
CUST003311,2026-07-04 13:23:10,Mass Market,Germany,Referral
CUST003312,2023-10-18 21:20:16,Mass Market,Netherlands,Partner
CUST003313,2023-08-12 15:05:22,Mass Market,Belgium,Paid
CUST003314,2023-08-18 11:11:58,Mass Market,Belgium,Referral
CUST003315,2025-01-07 08:07:41,Mass Market,Germany,Referral
CUST003316,2024-03-03 09:58:22,Mass Market,Germany,Paid
CUST003317,2022-04-29 18:32:32,Mass Market,France,Partner
CUST003318,2026-07-08 15:26:18,Mass Market,Belgium,Paid
CUST003319,2023-01-07 08:31:58,Mass Market,Germany,Partner
CUST003320,2022-06-06 20:19:13,Mass Market,France,Organic
CUST003321,2024-09-25 19:46:01,SME,Germany,Paid
CUST003322,2023-11-21 11:46:49,Mass Market,Netherlands,Organic
CUST003323,2024-10-26 05:28:51,Affluent,Germany,Organic
CUST003324,2026-01-03 21:37:50,Mass Market,Austria,Paid
CUST003325,2022-06-12 17:26:32,Affluent,Germany,Partner
CUST003326,2023-04-20 22:24:39,SME,France,Paid
CUST003327,2025-08-10 04:33:05,Mass Market,Netherlands,Branch
CUST003328,2024-10-01 06:36:09,SME,Germany,Paid
CUST003329,2023-10-03 00:19:21,Mass Market,Germany,Branch
CUST003330,2024-10-17 00:32:19,Affluent,France,Organic
CUST003331,2026-06-27 12:34:43,Mass Market,France,Paid
CUST003332,2024-03-13 15:35:25,Mass Market,Netherlands,Organic
CUST003333,2026-01-17 06:17:06,Mass Market,France,Organic
CUST003334,2025-07-28 02:05:01,SME,Germany,Organic
CUST003335,2023-05-19 19:22:59,Affluent,Austria,Partner
CUST003336,2023-02-22 04:03:37,Mass Market,Germany,Organic
CUST003337,2025-07-11 18:18:33,SME,France,Organic
CUST003338,2022-12-13 21:44:44,Affluent,Austria,Organic
CUST003339,2023-07-18 05:22:45,Mass Market,Belgium,Partner
CUST003340,2023-01-29 14:00:21,Mass Market,Germany,Paid
CUST003341,2024-10-10 20:07:40,Mass Market,Germany,Organic
CUST003342,2023-05-07 19:14:25,Mass Market,France,Organic
CUST003343,2025-01-05 23:30:58,Mass Market,Germany,Partner
CUST003344,2026-04-13 01:25:42,SME,Netherlands,Partner
CUST003345,2025-10-19 02:00:16,Mass Market,France,Paid
CUST003346,2026-05-04 23:29:39,Mass Market,Germany,Paid
CUST003347,2024-02-01 12:30:35,Mass Market,Germany,Organic
CUST003348,2023-01-04 02:29:45,Mass Market,France,Paid
CUST003349,2026-03-15 16:13:32,Mass Market,Netherlands,Partner
CUST003350,2025-04-05 07:50:16,Mass Market,Germany,Referral
CUST003351,2023-06-20 09:49:44,Mass Market,Germany,Paid
CUST003352,2024-07-31 05:03:37,Mass Market,Germany,Partner
CUST003353,2024-10-09 06:46:56,Mass Market,France,Paid
CUST003354,2024-04-08 15:38:26,Affluent,Netherlands,Referral
CUST003355,2024-03-04 02:48:19,Mass Market,Belgium,Partner
CUST003356,2022-04-03 07:27:54,Mass Market,Austria,Referral
CUST003357,2024-01-27 12:23:20,Mass Market,France,Organic
CUST003358,2023-08-06 07:36:52,Mass Market,Belgium,Paid
CUST003359,2025-09-30 02:45:01,Affluent,Germany,Organic
CUST003360,2025-12-17 10:44:31,Mass Market,France,Paid
CUST003361,2025-06-08 16:41:26,SME,France,Paid
CUST003362,2022-02-21 15:40:03,Affluent,Netherlands,Partner
CUST003363,2025-11-07 12:45:25,Mass Market,Netherlands,Partner
CUST003364,2023-10-25 20:11:35,Mass Market,Germany,Partner
CUST003365,2023-11-28 04:03:00,Mass Market,Belgium,Partner
CUST003366,2026-04-30 06:54:37,Affluent,Belgium,Organic
CUST003367,2025-12-21 02:50:14,Mass Market,Austria,Organic
CUST003368,2022-03-27 01:44:31,Mass Market,Germany,Organic
CUST003369,2025-06-07 12:11:32,Mass Market,Austria,Referral
CUST003370,2024-06-19 22:51:20,Mass Market,Netherlands,Organic
CUST003371,2023-03-07 17:28:44,Mass Market,France,Paid
CUST003372,2024-05-27 10:13:59,Mass Market,Germany,Organic
CUST003373,2025-12-19 23:16:45,Mass Market,Belgium,Partner
CUST003374,2023-01-09 08:09:12,Affluent,Netherlands,Branch
CUST003375,2025-06-01 10:12:57,Mass Market,France,Referral
CUST003376,2025-05-13 12:29:11,Mass Market,Austria,Organic
CUST003377,2026-01-20 21:34:37,Mass Market,Germany,Paid
CUST003378,2023-05-14 03:47:53,SME,France,Organic
CUST003379,2022-12-28 00:37:47,Mass Market,Germany,Referral
CUST003380,2024-07-04 16:17:10,Affluent,Germany,Paid
CUST003381,2024-06-07 07:42:56,Mass Market,Germany,Organic
CUST003382,2023-11-16 17:49:01,Affluent,Germany,Paid
CUST003383,2025-07-26 22:32:39,Mass Market,Germany,Paid
CUST003384,2025-08-29 00:13:19,Affluent,Germany,Branch
CUST003385,2023-02-15 19:26:21,Mass Market,Germany,Organic
CUST003386,2025-08-23 03:00:40,SME,Netherlands,Branch
CUST003387,2023-01-21 19:23:15,SME,Germany,Organic
CUST003388,2023-11-13 13:31:43,Mass Market,Germany,Organic
CUST003389,2022-02-15 10:45:52,Mass Market,Germany,Referral
CUST003390,2023-07-24 03:19:48,Mass Market,Germany,Paid
CUST003391,2026-05-22 15:18:06,Mass Market,Germany,Branch
CUST003392,2024-01-10 23:08:39,Mass Market,Austria,Paid
CUST003393,2025-04-02 03:33:26,Mass Market,France,Paid
CUST003394,2022-06-30 10:53:06,Mass Market,Germany,Organic
CUST003395,2024-11-28 15:45:57,Mass Market,France,Branch
CUST003396,2023-09-14 06:34:14,Affluent,Germany,Partner
CUST003397,2025-05-28 23:01:12,Mass Market,Netherlands,Partner
CUST003398,2026-04-01 15:33:12,Mass Market,Austria,Referral
CUST003399,2024-06-07 20:33:47,Mass Market,Germany,Organic
CUST003400,2022-06-21 22:16:14,Mass Market,Germany,Referral
CUST003401,2024-03-07 02:17:52,Mass Market,France,Paid
CUST003402,2022-07-25 20:06:37,Mass Market,Germany,Referral
CUST003403,2024-01-22 14:49:47,Mass Market,Germany,Partner
CUST003404,2022-04-13 05:42:27,Mass Market,France,Paid
CUST003405,2024-12-06 19:32:40,Mass Market,France,Referral
CUST003406,2023-06-04 01:45:40,Mass Market,Germany,Partner
CUST003407,2022-12-03 23:11:43,Mass Market,Belgium,Organic
CUST003408,2022-01-29 22:21:25,Mass Market,Germany,Partner
CUST003409,2026-01-24 20:01:09,Mass Market,Germany,Paid
CUST003410,2025-10-31 18:59:39,Mass Market,Netherlands,Referral
CUST003411,2025-09-19 05:59:56,Mass Market,France,Referral
CUST003412,2022-04-08 04:54:51,Mass Market,France,Organic
CUST003413,2023-08-08 11:17:18,Affluent,France,Organic
CUST003414,2026-06-13 02:18:44,Mass Market,France,Organic
CUST003415,2024-08-25 10:26:01,Mass Market,Belgium,Referral
CUST003416,2022-08-03 20:16:06,Mass Market,France,Referral
CUST003417,2022-08-24 19:08:36,Mass Market,Germany,Partner
CUST003418,2023-03-16 22:08:25,Mass Market,Netherlands,Referral
CUST003419,2026-06-14 18:18:36,Affluent,Germany,Partner
CUST003420,2022-10-11 14:10:58,Mass Market,Netherlands,Paid
CUST003421,2026-02-18 15:16:39,Mass Market,Germany,Branch
CUST003422,2025-02-07 15:19:20,Mass Market,Germany,Organic
CUST003423,2026-03-22 09:54:11,Mass Market,Netherlands,Paid
CUST003424,2025-10-13 02:14:29,Mass Market,France,Organic
CUST003425,2023-07-10 09:02:19,Mass Market,Germany,Organic
CUST003426,2025-10-16 05:47:17,Affluent,Germany,Partner
CUST003427,2022-10-10 19:02:15,Mass Market,Netherlands,Organic
CUST003428,2023-05-02 12:00:48,Mass Market,Austria,Paid
CUST003429,2022-12-21 01:59:36,Affluent,Germany,Organic
CUST003430,2022-05-31 11:34:32,Affluent,Germany,Paid
CUST003431,2022-11-10 07:57:23,Affluent,Germany,Organic
CUST003432,2022-07-20 19:47:57,Mass Market,Germany,Branch
CUST003433,2023-09-29 01:41:47,Mass Market,Germany,Paid
CUST003434,2022-04-30 05:18:30,Affluent,Belgium,Referral
CUST003435,2022-04-13 10:54:44,Mass Market,France,Paid
CUST003436,2026-07-13 23:37:12,Affluent,Germany,Organic
CUST003437,2022-05-27 14:59:52,Mass Market,Germany,Partner
CUST003438,2022-05-04 19:47:12,Affluent,Germany,Organic
CUST003439,2022-02-20 08:05:51,Mass Market,Germany,Paid
CUST003440,2022-08-10 14:38:55,Mass Market,Germany,Paid
CUST003441,2024-06-01 16:20:21,Mass Market,Germany,Referral
CUST003442,2025-10-15 04:04:20,Mass Market,France,Branch
CUST003443,2025-05-13 17:46:06,Mass Market,Germany,Organic
CUST003444,2024-08-28 03:52:45,Affluent,France,Partner
CUST003445,2022-05-23 03:52:01,Mass Market,Belgium,Paid
CUST003446,2025-07-18 19:48:48,Mass Market,Germany,Referral
CUST003447,2022-03-04 06:49:21,Mass Market,Germany,Branch
CUST003448,2024-11-20 21:14:13,Mass Market,Belgium,Paid
CUST003449,2023-11-16 09:40:12,Mass Market,Germany,Organic
CUST003450,2026-01-14 23:55:16,Mass Market,Germany,Referral
CUST003451,2023-05-30 04:41:15,SME,Netherlands,Paid
CUST003452,2024-12-03 12:25:29,Mass Market,France,Branch
CUST003453,2024-01-06 16:07:11,Mass Market,Austria,Partner
CUST003454,2024-05-22 23:50:08,SME,Germany,Branch
CUST003455,2026-04-19 16:05:00,Mass Market,Germany,Organic
CUST003456,2025-04-06 17:13:10,SME,Germany,Referral
CUST003457,2023-11-25 03:18:07,Mass Market,Germany,Paid
CUST003458,2024-01-19 00:58:34,Mass Market,France,Partner
CUST003459,2025-03-24 01:02:25,Mass Market,Germany,Branch
CUST003460,2023-08-02 14:50:56,Mass Market,Germany,Partner
CUST003461,2022-10-08 15:48:01,Mass Market,Germany,Referral
CUST003462,2024-02-21 21:57:27,Mass Market,Germany,Organic
CUST003463,2022-04-25 01:44:10,Mass Market,Germany,Organic
CUST003464,2022-10-11 18:17:15,Mass Market,France,Partner
CUST003465,2023-12-05 10:11:13,Affluent,Germany,Paid
CUST003466,2025-08-24 20:49:49,Mass Market,Netherlands,Organic
CUST003467,2025-07-30 12:43:18,Affluent,Germany,Partner
CUST003468,2023-03-12 21:31:16,SME,Germany,Partner
CUST003469,2023-12-07 11:07:22,Affluent,Austria,Organic
CUST003470,2022-09-14 16:54:49,Affluent,Austria,Organic
CUST003471,2025-06-16 18:26:16,Affluent,Germany,Paid
CUST003472,2023-02-16 21:37:21,Mass Market,Germany,Partner
CUST003473,2025-08-29 19:23:34,Mass Market,Belgium,Branch
CUST003474,2025-11-08 22:35:27,SME,France,Paid
CUST003475,2025-02-26 03:36:26,Mass Market,Germany,Organic
CUST003476,2023-07-07 02:19:03,Affluent,Germany,Referral
CUST003477,2026-05-13 06:20:16,SME,Germany,Organic
CUST003478,2025-02-21 01:48:32,Mass Market,Netherlands,Partner
CUST003479,2025-12-02 22:00:20,Mass Market,France,Paid
CUST003480,2026-01-13 19:35:45,Mass Market,Germany,Branch
CUST003481,2022-05-10 23:44:16,Mass Market,Germany,Partner
CUST003482,2026-01-13 22:44:17,Mass Market,Germany,Organic
CUST003483,2025-07-03 02:53:57,Affluent,Netherlands,Paid
CUST003484,2022-12-12 07:18:44,Mass Market,Belgium,Organic
CUST003485,2023-05-30 09:59:59,Mass Market,France,Organic
CUST003486,2025-06-12 10:56:54,Affluent,Netherlands,Paid
CUST003487,2024-01-27 10:30:26,Mass Market,Germany,Paid
CUST003488,2025-02-25 20:14:14,Affluent,France,Referral
CUST003489,2024-12-23 14:50:41,Mass Market,Germany,Organic
CUST003490,2026-03-02 04:19:07,Affluent,Germany,Paid
CUST003491,2022-07-06 11:45:18,Mass Market,Germany,Referral
CUST003492,2023-05-09 06:31:50,Mass Market,Belgium,Paid
CUST003493,2026-07-05 17:14:15,Mass Market,Germany,Paid
CUST003494,2024-08-09 02:09:46,Mass Market,Germany,Referral
CUST003495,2023-02-20 20:06:51,Mass Market,Belgium,Partner
CUST003496,2023-04-30 14:27:47,Affluent,Netherlands,Paid
CUST003497,2023-07-22 03:55:18,Affluent,Germany,Branch
CUST003498,2024-07-15 18:22:19,Mass Market,Germany,Organic
CUST003499,2023-04-21 18:06:39,Mass Market,Belgium,Organic
CUST003500,2024-11-05 18:04:46,Affluent,Germany,Paid
CUST003501,2024-01-15 11:41:21,Affluent,Germany,Organic
CUST003502,2024-10-17 11:32:18,Mass Market,Germany,Organic
CUST003503,2024-11-08 13:40:07,Mass Market,Germany,Organic
CUST003504,2026-03-27 04:01:56,SME,France,Partner
CUST003505,2022-08-14 20:28:54,Mass Market,Belgium,Paid
CUST003506,2023-07-02 11:38:30,Mass Market,Germany,Referral
CUST003507,2025-03-05 14:23:31,Affluent,Austria,Organic
CUST003508,2024-10-29 07:12:19,Mass Market,France,Partner
CUST003509,2025-02-02 04:22:56,Affluent,France,Organic
CUST003510,2024-07-24 14:12:23,Mass Market,Germany,Organic
CUST003511,2025-02-15 06:53:46,Affluent,Germany,Partner
CUST003512,2024-10-15 21:29:47,SME,France,Organic
CUST003513,2022-05-04 20:18:11,SME,Netherlands,Partner
CUST003514,2025-06-10 03:30:16,SME,Germany,Partner
CUST003515,2024-01-18 02:44:56,Affluent,Germany,Partner
CUST003516,2022-03-28 00:37:02,Mass Market,Germany,Partner
CUST003517,2023-11-15 21:45:42,SME,Germany,Branch
CUST003518,2023-12-29 14:53:25,SME,Germany,Organic
CUST003519,2022-05-25 23:33:30,Mass Market,Germany,Branch
CUST003520,2026-07-24 11:01:49,Mass Market,Germany,Organic
CUST003521,2023-01-07 19:10:48,Mass Market,Belgium,Paid
CUST003522,2023-07-07 20:38:12,Mass Market,Netherlands,Branch
CUST003523,2024-01-08 06:56:54,Affluent,Germany,Organic
CUST003524,2025-10-23 22:48:19,Mass Market,Germany,Referral
CUST003525,2025-05-27 03:20:39,Mass Market,Germany,Partner
CUST003526,2025-07-13 01:12:22,Mass Market,Germany,Referral
CUST003527,2023-02-01 08:49:37,Mass Market,Belgium,Organic
CUST003528,2025-11-14 13:35:59,SME,Germany,Partner
CUST003529,2025-10-19 08:12:15,Mass Market,Belgium,Organic
CUST003530,2024-02-15 13:44:08,Mass Market,Germany,Organic
CUST003531,2024-07-01 13:47:36,Mass Market,Austria,Partner
CUST003532,2022-03-04 02:21:17,Affluent,Netherlands,Referral
CUST003533,2025-06-25 10:12:04,Affluent,Netherlands,Referral
CUST003534,2026-05-26 15:54:03,Mass Market,Austria,Partner
CUST003535,2024-03-01 02:43:35,Mass Market,Germany,Referral
CUST003536,2024-06-22 17:14:23,Mass Market,Germany,Paid
CUST003537,2024-04-14 15:39:57,Mass Market,Germany,Paid
CUST003538,2022-05-19 04:22:19,Affluent,Netherlands,Referral
CUST003539,2024-11-02 04:05:58,Mass Market,Belgium,Partner
CUST003540,2025-04-21 06:10:20,Mass Market,Germany,Organic
CUST003541,2026-04-01 13:36:16,Mass Market,Netherlands,Paid
CUST003542,2026-04-04 14:26:59,Mass Market,Germany,Organic
CUST003543,2024-04-02 07:27:18,Mass Market,Germany,Referral
CUST003544,2026-05-23 10:05:48,Mass Market,France,Organic
CUST003545,2024-06-02 21:58:10,Mass Market,Germany,Partner
CUST003546,2024-12-09 11:57:08,Mass Market,Germany,Referral
CUST003547,2024-10-03 12:56:02,Mass Market,Netherlands,Branch
CUST003548,2026-07-28 19:06:48,SME,France,Paid
CUST003549,2025-05-18 03:00:26,Mass Market,France,Referral
CUST003550,2022-07-20 15:32:51,Mass Market,Germany,Partner
CUST003551,2022-05-01 03:12:36,Mass Market,Germany,Organic
CUST003552,2023-11-17 07:41:42,Affluent,France,Paid
CUST003553,2024-05-12 05:30:19,SME,Belgium,Paid
CUST003554,2025-01-22 22:31:34,Affluent,Germany,Organic
CUST003555,2024-03-16 05:18:26,Mass Market,Netherlands,Paid
CUST003556,2024-05-10 11:30:22,Affluent,Netherlands,Organic
CUST003557,2026-03-22 01:22:30,Mass Market,Netherlands,Referral
CUST003558,2023-07-14 22:00:43,Affluent,France,Paid
CUST003559,2024-04-05 03:25:55,Affluent,Germany,Organic
CUST003560,2024-07-20 22:45:17,Mass Market,Netherlands,Partner
CUST003561,2024-02-23 00:45:59,Mass Market,Germany,Referral
CUST003562,2026-06-07 16:43:45,Mass Market,Germany,Branch
CUST003563,2026-05-28 19:09:40,Mass Market,Germany,Branch
CUST003564,2024-05-07 22:31:10,Affluent,Germany,Branch
CUST003565,2024-01-24 08:43:56,Mass Market,Germany,Paid
CUST003566,2024-09-11 18:08:35,Affluent,Belgium,Paid
CUST003567,2022-10-30 10:31:49,SME,Germany,Paid
CUST003568,2023-12-14 05:45:48,Mass Market,Germany,Branch
CUST003569,2022-12-29 16:24:36,Mass Market,Austria,Organic
CUST003570,2022-08-29 20:26:51,Mass Market,Germany,Partner
CUST003571,2022-06-09 03:41:07,Affluent,Germany,Organic
CUST003572,2024-09-08 13:50:35,Mass Market,Belgium,Referral
CUST003573,2022-01-01 22:47:52,Mass Market,Austria,Paid
CUST003574,2024-12-16 09:37:14,Mass Market,France,Referral
CUST003575,2023-12-24 05:06:55,SME,Germany,Branch
CUST003576,2023-09-05 18:13:06,Mass Market,France,Organic
CUST003577,2025-07-10 04:09:58,Mass Market,Belgium,Referral
CUST003578,2024-06-19 18:57:07,SME,Belgium,Paid
CUST003579,2025-05-11 08:32:29,Mass Market,Germany,Paid
CUST003580,2025-04-01 05:47:20,Mass Market,Belgium,Organic
CUST003581,2022-02-23 18:04:42,Mass Market,France,Partner
CUST003582,2022-12-27 07:16:31,Mass Market,Germany,Paid
CUST003583,2024-08-11 00:16:26,Mass Market,Germany,Referral
CUST003584,2026-06-20 02:42:45,Mass Market,Germany,Referral
CUST003585,2022-09-15 23:04:23,Mass Market,Austria,Paid
CUST003586,2022-06-26 11:50:09,Mass Market,Germany,Organic
CUST003587,2026-04-23 11:30:32,Mass Market,Netherlands,Organic
CUST003588,2026-06-05 11:49:45,Mass Market,Germany,Organic
CUST003589,2022-10-07 20:01:21,Mass Market,Netherlands,Branch
CUST003590,2023-11-03 15:44:02,Affluent,Germany,Paid
CUST003591,2024-11-13 17:46:42,Affluent,Austria,Referral
CUST003592,2022-11-23 10:06:13,Mass Market,France,Branch
CUST003593,2023-06-30 11:17:34,Affluent,Netherlands,Paid
CUST003594,2023-10-23 22:08:41,Affluent,France,Partner
CUST003595,2024-12-08 16:34:22,Mass Market,France,Referral
CUST003596,2023-05-31 02:00:16,SME,Austria,Partner
CUST003597,2023-11-21 07:06:46,Affluent,Germany,Organic
CUST003598,2023-04-30 04:23:27,Mass Market,Belgium,Referral
CUST003599,2025-06-24 02:57:23,Mass Market,Germany,Branch
CUST003600,2022-09-13 20:59:06,Mass Market,France,Referral
CUST003601,2023-01-21 16:41:30,Mass Market,Belgium,Referral
CUST003602,2023-02-22 23:34:50,Affluent,Belgium,Referral
CUST003603,2026-02-23 11:36:55,Mass Market,Germany,Partner
CUST003604,2026-04-29 03:56:42,Mass Market,Germany,Organic
CUST003605,2024-04-16 08:24:46,Mass Market,Netherlands,Branch
CUST003606,2022-09-19 12:01:56,Affluent,Germany,Organic
CUST003607,2025-06-18 04:30:20,Mass Market,Austria,Referral
CUST003608,2024-04-02 18:36:59,Affluent,Germany,Paid
CUST003609,2025-11-21 17:58:23,Mass Market,Germany,Partner
CUST003610,2023-08-25 21:51:35,Mass Market,Netherlands,Referral
CUST003611,2026-07-29 00:59:40,Mass Market,Germany,Referral
CUST003612,2025-09-11 07:25:52,Mass Market,Germany,Organic
CUST003613,2023-01-10 10:29:29,Mass Market,Germany,Partner
CUST003614,2025-04-28 02:42:02,Mass Market,Austria,Organic
CUST003615,2023-04-25 16:25:07,Mass Market,France,Organic
CUST003616,2023-08-08 20:27:10,Mass Market,Austria,Paid
CUST003617,2023-02-23 17:22:44,Affluent,Germany,Branch
CUST003618,2025-02-14 16:06:37,Affluent,Germany,Branch
CUST003619,2023-03-16 12:30:02,Mass Market,Germany,Partner
CUST003620,2024-12-04 01:43:54,Affluent,Germany,Referral
CUST003621,2024-08-31 20:20:33,Mass Market,Germany,Organic
CUST003622,2025-06-09 08:03:36,Mass Market,Germany,Organic
CUST003623,2026-07-20 04:04:18,Mass Market,Germany,Partner
CUST003624,2022-01-15 17:56:28,Mass Market,Netherlands,Referral
CUST003625,2026-07-14 17:52:44,Affluent,Germany,Referral
CUST003626,2022-07-02 20:08:10,Mass Market,Germany,Organic
CUST003627,2024-05-30 18:21:22,Mass Market,Germany,Paid
CUST003628,2023-07-24 23:13:33,Mass Market,France,Organic
CUST003629,2025-04-21 17:50:55,Mass Market,Netherlands,Referral
CUST003630,2025-12-08 20:53:52,Mass Market,Netherlands,Paid
CUST003631,2023-11-04 02:38:14,Mass Market,Belgium,Paid
CUST003632,2026-04-09 20:45:13,Mass Market,Germany,Partner
CUST003633,2023-06-24 02:41:01,Mass Market,Germany,Organic
CUST003634,2022-12-07 20:31:09,Mass Market,Belgium,Paid
CUST003635,2023-09-26 21:48:44,Affluent,Austria,Partner
CUST003636,2024-06-02 17:19:20,Mass Market,France,Organic
CUST003637,2025-01-22 03:55:00,Mass Market,Germany,Partner
CUST003638,2025-10-24 12:05:07,Mass Market,Netherlands,Branch
CUST003639,2023-01-11 23:03:59,Mass Market,Austria,Organic
CUST003640,2023-05-22 22:53:34,Mass Market,Germany,Organic
CUST003641,2026-04-19 11:19:15,Mass Market,Germany,Partner
CUST003642,2024-01-06 08:39:26,Mass Market,Belgium,Partner
CUST003643,2023-02-08 21:45:20,Mass Market,Netherlands,Branch
CUST003644,2026-07-06 23:00:12,Mass Market,Germany,Organic
CUST003645,2024-01-21 16:19:19,Mass Market,Germany,Referral
CUST003646,2026-07-05 23:57:13,Mass Market,France,Paid
CUST003647,2026-03-18 02:18:28,Mass Market,Netherlands,Organic
CUST003648,2026-02-24 00:15:14,Mass Market,Netherlands,Paid
CUST003649,2024-08-30 20:00:59,Affluent,Germany,Paid
CUST003650,2025-08-28 00:08:06,Mass Market,Germany,Organic
CUST003651,2026-05-26 01:09:49,Affluent,Netherlands,Organic
CUST003652,2023-03-26 23:40:07,Mass Market,Germany,Organic
CUST003653,2022-03-05 02:45:18,Mass Market,Germany,Partner
CUST003654,2023-06-21 11:04:18,Mass Market,France,Organic
CUST003655,2024-11-30 21:27:34,Affluent,Germany,Organic
CUST003656,2024-07-04 01:21:57,Mass Market,Netherlands,Paid
CUST003657,2022-05-15 17:42:04,Mass Market,Germany,Partner
CUST003658,2024-07-26 14:52:28,Mass Market,Netherlands,Branch
CUST003659,2022-10-19 14:15:59,Mass Market,France,Organic
CUST003660,2024-04-25 04:49:01,SME,Germany,Branch
CUST003661,2024-08-20 13:42:28,Mass Market,Belgium,Partner
CUST003662,2024-11-30 12:18:17,Mass Market,Germany,Branch
CUST003663,2023-11-21 18:59:58,Mass Market,Netherlands,Paid
CUST003664,2023-11-14 17:11:10,Mass Market,Germany,Paid
CUST003665,2025-02-08 13:47:18,Affluent,Austria,Referral
CUST003666,2025-06-06 14:51:38,Affluent,Germany,Partner
CUST003667,2023-07-12 16:41:29,Affluent,France,Branch
CUST003668,2023-12-11 01:19:57,Mass Market,Germany,Branch
CUST003669,2023-07-07 21:24:23,Mass Market,Germany,Paid
CUST003670,2024-06-01 01:16:54,Mass Market,Germany,Partner
CUST003671,2022-08-01 17:19:24,Mass Market,Germany,Paid
CUST003672,2023-12-21 02:42:30,Affluent,Germany,Partner
CUST003673,2022-11-12 12:38:36,Mass Market,Germany,Partner
CUST003674,2024-06-09 04:26:02,Mass Market,Netherlands,Partner
CUST003675,2025-11-23 01:42:06,Mass Market,Germany,Organic
CUST003676,2026-07-06 13:57:08,Affluent,Germany,Branch
CUST003677,2024-01-17 04:25:03,Mass Market,Austria,Paid
CUST003678,2022-04-05 04:24:30,Affluent,France,Organic
CUST003679,2023-01-16 23:52:42,Affluent,Germany,Organic
CUST003680,2022-06-25 06:10:10,Affluent,Germany,Organic
CUST003681,2025-06-23 14:50:22,Mass Market,Germany,Paid
CUST003682,2026-07-05 08:56:57,Mass Market,France,Organic
CUST003683,2024-07-15 06:09:16,Mass Market,Belgium,Organic
CUST003684,2022-10-23 16:34:04,Affluent,France,Organic
CUST003685,2022-02-05 08:56:54,SME,Austria,Organic
CUST003686,2026-06-21 00:35:10,Mass Market,Netherlands,Branch
CUST003687,2023-06-13 22:57:09,Mass Market,Austria,Paid
CUST003688,2022-07-07 06:46:10,Mass Market,France,Organic
CUST003689,2022-10-23 22:42:45,Mass Market,France,Partner
CUST003690,2023-03-03 18:52:03,Mass Market,Netherlands,Partner
CUST003691,2025-01-01 14:51:58,Mass Market,Netherlands,Paid
CUST003692,2026-01-31 01:28:52,Affluent,Germany,Paid
CUST003693,2023-04-05 20:26:44,Mass Market,Germany,Partner
CUST003694,2025-02-23 01:36:21,Mass Market,Germany,Organic
CUST003695,2022-04-19 14:11:03,Mass Market,Germany,Organic
CUST003696,2022-01-17 21:24:47,Mass Market,Belgium,Branch
CUST003697,2022-04-02 20:25:52,Mass Market,Netherlands,Paid
CUST003698,2026-03-24 11:17:52,Mass Market,Germany,Organic
CUST003699,2024-08-30 15:33:10,Mass Market,Germany,Organic
CUST003700,2025-09-08 05:51:09,Mass Market,Germany,Partner
CUST003701,2022-02-06 07:43:07,Mass Market,Belgium,Organic
CUST003702,2022-02-07 04:10:35,Mass Market,Belgium,Paid
CUST003703,2025-11-20 04:19:47,Mass Market,Germany,Paid
CUST003704,2022-06-21 13:33:49,Mass Market,Germany,Organic
CUST003705,2022-09-17 19:46:32,Mass Market,Austria,Paid
CUST003706,2024-05-17 16:13:40,Mass Market,France,Organic
CUST003707,2023-01-18 16:42:00,Mass Market,Belgium,Paid
CUST003708,2024-01-14 12:26:28,Mass Market,Germany,Organic
CUST003709,2025-02-02 09:14:09,SME,Germany,Branch
CUST003710,2023-10-02 19:06:40,Mass Market,France,Partner
CUST003711,2022-05-01 01:04:32,Mass Market,Germany,Organic
CUST003712,2024-01-26 12:51:01,Mass Market,Belgium,Organic
CUST003713,2025-09-04 04:50:32,Affluent,Netherlands,Referral
CUST003714,2024-11-13 22:34:28,Mass Market,Germany,Referral
CUST003715,2026-02-02 04:24:36,SME,Germany,Paid
CUST003716,2022-07-30 23:00:19,Mass Market,Netherlands,Organic
CUST003717,2022-01-19 10:04:36,Affluent,Austria,Paid
CUST003718,2024-07-05 12:31:19,Mass Market,Germany,Organic
CUST003719,2022-10-26 15:01:42,Mass Market,Netherlands,Organic
CUST003720,2024-09-20 03:41:03,Mass Market,Germany,Paid
CUST003721,2026-02-20 07:52:02,Mass Market,Belgium,Referral
CUST003722,2023-07-18 16:38:25,Affluent,France,Paid
CUST003723,2024-07-07 18:04:46,Affluent,Germany,Organic
CUST003724,2025-02-13 19:05:08,Mass Market,Netherlands,Organic
CUST003725,2022-09-08 20:47:17,Mass Market,Netherlands,Partner
CUST003726,2026-02-09 09:52:26,Mass Market,Netherlands,Paid
CUST003727,2022-12-06 01:34:30,Mass Market,Germany,Partner
CUST003728,2025-09-13 10:25:45,Mass Market,Netherlands,Partner
CUST003729,2025-01-08 11:55:40,Mass Market,Belgium,Paid
CUST003730,2025-04-26 21:26:57,Mass Market,Germany,Paid
CUST003731,2022-11-25 12:06:54,Affluent,Germany,Branch
CUST003732,2024-09-29 05:47:56,Affluent,Belgium,Referral
CUST003733,2026-05-24 14:06:29,Affluent,France,Paid
CUST003734,2026-05-13 15:56:17,Mass Market,Germany,Partner
CUST003735,2025-12-27 17:03:41,Affluent,Belgium,Organic
CUST003736,2024-04-06 01:47:03,Mass Market,Germany,Organic
CUST003737,2024-07-24 13:07:42,Mass Market,Netherlands,Paid
CUST003738,2023-05-18 01:18:40,Mass Market,Germany,Referral
CUST003739,2026-03-20 20:12:57,Affluent,Germany,Branch
CUST003740,2024-03-08 22:24:07,Mass Market,Austria,Partner
CUST003741,2025-07-14 03:48:50,Affluent,Netherlands,Partner
CUST003742,2023-08-25 08:41:20,Mass Market,Germany,Organic
CUST003743,2025-05-22 23:44:23,Affluent,Austria,Branch
CUST003744,2023-01-11 05:21:39,Mass Market,Austria,Organic
CUST003745,2025-05-11 21:44:54,SME,Netherlands,Branch
CUST003746,2022-03-18 20:24:47,Mass Market,Germany,Organic
CUST003747,2023-08-12 21:34:58,Mass Market,Germany,Organic
CUST003748,2024-03-16 23:07:42,Affluent,Netherlands,Partner
CUST003749,2025-04-04 11:26:03,Mass Market,Belgium,Organic
CUST003750,2023-08-24 08:03:03,Mass Market,Germany,Organic
CUST003751,2022-01-31 19:52:19,Affluent,Germany,Partner
CUST003752,2023-06-29 01:23:59,Mass Market,Germany,Referral
CUST003753,2024-01-05 07:21:19,Affluent,Germany,Organic
CUST003754,2024-06-28 02:23:35,Mass Market,France,Paid
CUST003755,2024-12-12 18:48:33,Affluent,Germany,Partner
CUST003756,2023-02-19 02:13:29,Mass Market,France,Organic
CUST003757,2024-10-17 14:17:45,Mass Market,France,Paid
CUST003758,2024-11-22 00:20:37,Affluent,Germany,Partner
CUST003759,2025-07-22 13:20:54,Mass Market,Belgium,Branch
CUST003760,2024-05-22 20:49:06,Mass Market,Germany,Paid
CUST003761,2025-09-17 04:32:06,Mass Market,Germany,Partner
CUST003762,2023-01-06 12:30:56,Mass Market,Germany,Paid
CUST003763,2025-04-04 23:19:52,Mass Market,France,Partner
CUST003764,2022-03-18 15:38:46,Mass Market,Germany,Referral
CUST003765,2022-06-21 21:03:57,Affluent,Austria,Paid
CUST003766,2025-12-16 19:30:54,Mass Market,Germany,Organic
CUST003767,2024-03-05 05:42:02,Mass Market,Germany,Referral
CUST003768,2024-11-04 01:17:55,Mass Market,Netherlands,Partner
CUST003769,2024-10-05 21:28:27,Mass Market,Austria,Partner
CUST003770,2025-03-07 19:25:02,Mass Market,France,Paid
CUST003771,2023-02-15 14:04:26,SME,Germany,Organic
CUST003772,2022-03-13 03:31:09,Mass Market,Germany,Paid
CUST003773,2025-12-16 21:24:33,Mass Market,Germany,Paid
CUST003774,2023-01-09 20:13:56,Affluent,Germany,Paid
CUST003775,2024-08-19 16:24:48,Mass Market,France,Organic
CUST003776,2024-01-31 14:00:09,Mass Market,Germany,Referral
CUST003777,2022-09-29 11:02:50,Mass Market,France,Paid
CUST003778,2023-11-24 02:11:45,Mass Market,Netherlands,Partner
CUST003779,2022-05-20 02:43:41,Mass Market,Germany,Organic
CUST003780,2022-10-23 09:17:33,Affluent,Germany,Paid
CUST003781,2022-08-22 13:38:20,Mass Market,Netherlands,Organic
CUST003782,2025-10-10 10:08:48,Mass Market,Germany,Referral
CUST003783,2024-08-06 17:20:50,Mass Market,Germany,Partner
CUST003784,2026-03-28 17:57:16,Affluent,Germany,Paid
CUST003785,2023-12-30 23:13:48,Affluent,France,Branch
CUST003786,2022-12-03 15:42:19,Affluent,France,Paid
CUST003787,2024-10-14 13:21:08,Mass Market,France,Paid
CUST003788,2024-06-09 11:53:08,Affluent,Germany,Referral
CUST003789,2022-01-30 20:43:28,Mass Market,France,Paid
CUST003790,2023-05-23 15:48:09,Mass Market,Germany,Partner
CUST003791,2026-03-27 12:53:38,Mass Market,Belgium,Branch
CUST003792,2024-05-16 16:18:53,Affluent,Austria,Partner
CUST003793,2026-05-11 14:59:54,Mass Market,France,Organic
CUST003794,2024-05-01 12:01:22,Mass Market,Germany,Organic
CUST003795,2022-01-21 03:37:01,Mass Market,Netherlands,Referral
CUST003796,2025-12-30 17:48:45,Mass Market,Germany,Organic
CUST003797,2025-06-29 18:26:17,SME,Germany,Paid
CUST003798,2025-04-10 21:28:42,Affluent,Austria,Branch
CUST003799,2026-06-11 04:14:55,Mass Market,Germany,Referral
CUST003800,2022-11-25 00:52:35,Mass Market,Germany,Organic
CUST003801,2026-02-23 16:02:39,Mass Market,France,Referral
CUST003802,2023-01-24 22:43:01,Affluent,France,Paid
CUST003803,2026-06-12 00:39:26,Mass Market,France,Branch
CUST003804,2022-11-17 01:44:27,Mass Market,Germany,Partner
CUST003805,2024-07-09 03:22:53,Mass Market,Netherlands,Paid
CUST003806,2025-08-12 18:47:57,Mass Market,Germany,Organic
CUST003807,2022-05-11 16:14:58,Mass Market,Austria,Organic
CUST003808,2022-04-22 12:45:07,Mass Market,Germany,Paid
CUST003809,2025-11-21 20:20:27,SME,Germany,Partner
CUST003810,2022-04-12 00:48:14,Mass Market,France,Paid
CUST003811,2024-10-23 07:42:00,Mass Market,Germany,Referral
CUST003812,2026-04-18 16:53:35,Mass Market,France,Organic
CUST003813,2024-10-24 20:09:21,Mass Market,Germany,Paid
CUST003814,2024-03-15 05:35:37,Mass Market,Germany,Partner
CUST003815,2023-11-29 15:33:10,Mass Market,Germany,Partner
CUST003816,2024-12-03 00:13:44,Affluent,Germany,Paid
CUST003817,2024-08-14 02:52:29,Mass Market,Germany,Paid
CUST003818,2024-04-18 22:54:22,SME,Germany,Organic
CUST003819,2022-09-14 18:50:57,Mass Market,Germany,Partner
CUST003820,2025-01-12 23:30:40,Mass Market,Netherlands,Branch
CUST003821,2025-05-21 21:29:29,Mass Market,Netherlands,Referral
CUST003822,2025-03-31 04:55:44,Affluent,Germany,Partner
CUST003823,2022-05-06 10:17:40,Affluent,Germany,Partner
CUST003824,2025-03-21 05:13:57,Mass Market,Germany,Referral
CUST003825,2025-05-05 04:38:33,Mass Market,Germany,Referral
CUST003826,2022-11-03 16:04:10,Mass Market,Germany,Organic
CUST003827,2025-11-20 11:48:22,Mass Market,Germany,Paid
CUST003828,2024-05-25 20:53:06,SME,Austria,Referral
CUST003829,2024-02-29 23:13:23,Mass Market,Netherlands,Referral
CUST003830,2025-04-23 09:56:18,Mass Market,Germany,Partner
CUST003831,2024-05-02 10:28:22,SME,Germany,Paid
CUST003832,2024-06-29 19:31:15,Affluent,Germany,Referral
CUST003833,2023-06-07 00:32:03,Affluent,Germany,Organic
CUST003834,2026-04-01 09:49:47,Mass Market,France,Organic
CUST003835,2026-06-09 22:26:02,Mass Market,Germany,Paid
CUST003836,2022-08-07 01:56:43,Mass Market,Germany,Partner
CUST003837,2025-05-10 18:49:08,Mass Market,Germany,Paid
CUST003838,2022-02-09 00:22:02,Mass Market,France,Partner
CUST003839,2023-09-09 22:46:21,Mass Market,Germany,Partner
CUST003840,2026-06-10 20:04:01,Mass Market,Austria,Organic
CUST003841,2022-10-20 06:40:14,Mass Market,Germany,Organic
CUST003842,2023-09-23 08:12:58,Mass Market,Germany,Partner
CUST003843,2023-01-03 03:17:23,Mass Market,Germany,Branch
CUST003844,2025-05-02 14:01:07,Mass Market,Germany,Branch
CUST003845,2024-02-15 16:16:24,Mass Market,Germany,Organic
CUST003846,2026-04-25 23:23:05,Affluent,Germany,Partner
CUST003847,2024-05-21 04:45:07,Affluent,Germany,Referral
CUST003848,2025-05-12 11:49:28,Mass Market,Germany,Organic
CUST003849,2022-06-13 16:51:42,Mass Market,Germany,Partner
CUST003850,2022-12-26 21:18:04,Mass Market,France,Paid
CUST003851,2026-05-03 03:35:35,Mass Market,France,Partner
CUST003852,2025-12-08 04:28:08,Mass Market,France,Organic
CUST003853,2025-01-02 23:06:17,SME,Austria,Paid
CUST003854,2023-09-25 08:25:50,Mass Market,Germany,Paid
CUST003855,2022-12-01 01:42:10,Mass Market,Belgium,Paid
CUST003856,2025-11-25 01:54:27,Affluent,Germany,Organic
CUST003857,2025-08-06 00:43:21,Mass Market,Germany,Paid
CUST003858,2023-02-09 02:55:17,Mass Market,France,Paid
CUST003859,2024-09-13 04:46:10,Mass Market,Germany,Organic
CUST003860,2024-10-31 09:36:46,SME,Germany,Paid
CUST003861,2024-03-09 07:40:25,Mass Market,Germany,Organic
CUST003862,2026-03-30 09:26:00,Mass Market,Germany,Branch
CUST003863,2022-07-27 11:54:48,Affluent,Germany,Organic
CUST003864,2023-03-08 04:46:14,Mass Market,Netherlands,Partner
CUST003865,2022-06-08 21:18:31,Affluent,Germany,Paid
CUST003866,2025-03-04 13:45:29,Mass Market,Germany,Organic
CUST003867,2024-12-12 18:49:16,Mass Market,Germany,Referral
CUST003868,2026-07-09 18:52:50,Mass Market,Belgium,Partner
CUST003869,2024-06-25 17:59:47,SME,Austria,Partner
CUST003870,2022-09-09 19:12:29,Mass Market,France,Organic
CUST003871,2024-01-24 20:58:35,Mass Market,Germany,Organic
CUST003872,2022-05-28 19:24:25,SME,Germany,Organic
CUST003873,2025-01-26 18:21:25,Mass Market,Germany,Paid
CUST003874,2025-02-01 06:06:16,Affluent,Netherlands,Branch
CUST003875,2025-12-04 23:48:11,Mass Market,France,Paid
CUST003876,2023-07-23 00:55:26,Mass Market,Netherlands,Paid
CUST003877,2023-06-03 12:33:20,Affluent,Germany,Organic
CUST003878,2022-04-30 02:53:54,Affluent,Belgium,Paid
CUST003879,2023-11-26 03:14:54,Mass Market,Germany,Organic
CUST003880,2024-03-05 17:03:49,SME,Germany,Paid
CUST003881,2025-06-15 11:53:41,SME,Germany,Branch
CUST003882,2025-06-14 07:18:35,Affluent,France,Partner
CUST003883,2022-08-23 12:03:22,Mass Market,Belgium,Organic
CUST003884,2023-04-22 17:23:30,Mass Market,Germany,Organic
CUST003885,2024-05-05 04:20:51,Mass Market,Austria,Partner
CUST003886,2023-07-15 04:45:39,Mass Market,Germany,Organic
CUST003887,2022-02-12 17:08:39,Mass Market,Germany,Branch
CUST003888,2025-11-15 00:13:31,Mass Market,Germany,Partner
CUST003889,2025-05-07 16:30:59,Mass Market,Germany,Paid
CUST003890,2024-05-19 13:26:44,Mass Market,Belgium,Partner
CUST003891,2023-06-15 20:14:11,Mass Market,Germany,Organic
CUST003892,2025-11-10 01:08:54,Mass Market,Germany,Organic
CUST003893,2022-02-28 23:45:52,Mass Market,Germany,Partner
CUST003894,2024-01-17 08:43:03,SME,Netherlands,Organic
CUST003895,2025-09-01 04:57:12,Affluent,Austria,Organic
CUST003896,2026-05-13 08:59:14,Mass Market,Netherlands,Branch
CUST003897,2023-02-25 08:53:07,Mass Market,Germany,Referral
CUST003898,2024-12-24 03:05:07,Mass Market,Germany,Organic
CUST003899,2022-11-14 03:40:54,Mass Market,Germany,Branch
CUST003900,2022-07-13 18:47:22,Affluent,Austria,Organic
CUST003901,2023-08-14 06:04:55,Mass Market,Germany,Referral
CUST003902,2026-01-19 21:00:41,Mass Market,Austria,Paid
CUST003903,2025-02-26 19:16:36,Mass Market,Netherlands,Paid
CUST003904,2024-03-29 01:14:00,Affluent,Netherlands,Partner
CUST003905,2023-04-18 20:56:15,SME,Netherlands,Organic
CUST003906,2022-08-25 19:41:18,Affluent,Germany,Branch
CUST003907,2023-03-29 17:15:14,Mass Market,Germany,Organic
CUST003908,2022-09-13 07:08:58,Affluent,Germany,Branch
CUST003909,2022-11-09 19:22:32,Mass Market,Germany,Organic
CUST003910,2025-02-23 13:21:42,Mass Market,Netherlands,Organic
CUST003911,2022-08-10 20:55:39,SME,Germany,Organic
CUST003912,2022-03-21 04:57:50,Mass Market,Belgium,Paid
CUST003913,2024-06-25 19:02:08,SME,Belgium,Partner
CUST003914,2023-04-25 04:26:04,Mass Market,Germany,Partner
CUST003915,2024-01-31 07:12:47,Mass Market,Germany,Referral
CUST003916,2022-08-22 17:23:47,Mass Market,Germany,Paid
CUST003917,2022-12-18 01:59:22,Affluent,Germany,Paid
CUST003918,2024-01-08 11:33:18,Mass Market,France,Paid
CUST003919,2025-02-27 17:13:25,Affluent,Netherlands,Partner
CUST003920,2023-11-24 19:11:17,Mass Market,Netherlands,Branch
CUST003921,2024-06-24 17:59:12,Affluent,Germany,Paid
CUST003922,2024-05-22 13:51:27,Mass Market,Belgium,Paid
CUST003923,2023-03-26 12:49:51,Mass Market,France,Paid
CUST003924,2023-04-13 13:14:47,Affluent,Austria,Organic
CUST003925,2023-12-13 19:27:14,Affluent,Netherlands,Partner
CUST003926,2022-02-23 13:50:42,Mass Market,Netherlands,Organic
CUST003927,2025-02-19 23:31:56,Mass Market,Germany,Referral
CUST003928,2024-10-24 06:05:08,Mass Market,Belgium,Organic
CUST003929,2023-05-27 20:30:17,SME,Germany,Organic
CUST003930,2023-09-17 20:33:21,Mass Market,Germany,Organic
CUST003931,2023-07-04 14:06:26,Affluent,Germany,Paid
CUST003932,2024-12-25 00:46:14,Mass Market,Germany,Referral
CUST003933,2025-06-24 06:03:07,Affluent,Germany,Branch
CUST003934,2022-07-01 16:35:17,Mass Market,Germany,Paid
CUST003935,2023-11-23 01:39:41,Mass Market,Netherlands,Organic
CUST003936,2022-01-24 00:51:27,Mass Market,France,Partner
CUST003937,2024-01-27 03:53:04,Mass Market,Austria,Partner
CUST003938,2023-02-20 03:33:05,Mass Market,Belgium,Partner
CUST003939,2023-07-16 11:07:07,Mass Market,Germany,Paid
CUST003940,2024-02-03 08:19:51,Affluent,Netherlands,Partner
CUST003941,2023-06-26 06:23:20,Mass Market,France,Organic
CUST003942,2023-10-21 21:19:12,Mass Market,Germany,Organic
CUST003943,2025-07-02 16:43:07,SME,Austria,Branch
CUST003944,2025-09-16 19:49:15,Mass Market,Austria,Organic
CUST003945,2022-01-10 19:16:44,Mass Market,Germany,Paid
CUST003946,2023-09-24 17:52:08,SME,Belgium,Organic
CUST003947,2025-11-16 23:51:02,Affluent,Germany,Organic
CUST003948,2024-06-05 21:32:37,SME,Austria,Branch
CUST003949,2022-12-10 05:29:44,Affluent,France,Organic
CUST003950,2024-09-19 08:35:37,Mass Market,Germany,Paid
CUST003951,2022-08-31 07:42:25,Mass Market,Netherlands,Referral
CUST003952,2022-02-06 12:03:00,Mass Market,Germany,Organic
CUST003953,2024-11-23 09:58:25,SME,Germany,Organic
CUST003954,2024-05-11 07:16:19,Affluent,Netherlands,Paid
CUST003955,2025-06-18 20:53:33,Mass Market,Netherlands,Organic
CUST003956,2023-07-31 13:23:19,Mass Market,Germany,Organic
CUST003957,2025-11-29 08:40:34,Mass Market,Netherlands,Partner
CUST003958,2023-12-06 09:07:44,Mass Market,Germany,Organic
CUST003959,2025-05-18 23:14:56,Affluent,Germany,Partner
CUST003960,2022-06-17 16:19:57,Mass Market,France,Branch
CUST003961,2022-06-12 10:31:33,Mass Market,Germany,Organic
CUST003962,2025-08-01 21:01:25,SME,Germany,Organic
CUST003963,2025-10-26 10:11:32,Mass Market,Austria,Organic
CUST003964,2026-04-25 16:47:51,Mass Market,Belgium,Organic
CUST003965,2023-06-27 18:26:36,Mass Market,France,Paid
CUST003966,2022-02-07 05:36:11,Mass Market,France,Paid
CUST003967,2026-06-27 09:36:35,Mass Market,Belgium,Organic
CUST003968,2024-10-02 11:53:10,Mass Market,Belgium,Paid
CUST003969,2023-02-18 04:29:41,Mass Market,Germany,Organic
CUST003970,2025-07-01 03:32:05,Mass Market,Germany,Partner
CUST003971,2026-02-20 07:32:01,Mass Market,Germany,Paid
CUST003972,2023-04-22 04:45:32,Mass Market,Germany,Referral
CUST003973,2025-07-10 21:15:40,SME,Germany,Partner
CUST003974,2025-08-09 19:01:49,Mass Market,France,Paid
CUST003975,2024-04-18 19:34:37,Mass Market,Netherlands,Partner
CUST003976,2024-11-23 07:08:36,Affluent,Belgium,Organic
CUST003977,2023-03-27 15:17:38,Mass Market,Germany,Partner
CUST003978,2026-04-03 13:26:17,Mass Market,Germany,Paid
CUST003979,2026-07-02 17:59:22,Affluent,Germany,Paid
CUST003980,2026-06-29 05:45:39,Mass Market,Germany,Paid
CUST003981,2025-05-17 11:21:07,Mass Market,Germany,Partner
CUST003982,2022-03-12 19:15:53,Affluent,Austria,Partner
CUST003983,2023-09-05 17:06:44,Mass Market,Germany,Organic
CUST003984,2024-01-14 22:27:44,Mass Market,Netherlands,Paid
CUST003985,2026-05-24 20:33:12,Mass Market,Germany,Organic
CUST003986,2024-07-03 13:31:33,Mass Market,France,Organic
CUST003987,2024-06-15 11:23:16,Affluent,Belgium,Organic
CUST003988,2022-09-03 08:30:44,Mass Market,Austria,Partner
CUST003989,2025-08-20 02:24:53,Mass Market,Germany,Partner
CUST003990,2023-07-17 06:28:40,Mass Market,Belgium,Referral
CUST003991,2022-06-03 14:38:22,SME,Germany,Paid
CUST003992,2026-07-10 08:19:00,Mass Market,Netherlands,Referral
CUST003993,2022-11-14 19:09:58,Mass Market,Germany,Branch
CUST003994,2022-01-28 03:17:44,Mass Market,France,Organic
CUST003995,2022-05-11 03:27:39,Mass Market,Netherlands,Partner
CUST003996,2024-01-27 14:14:17,Mass Market,Belgium,Paid
CUST003997,2022-06-22 01:19:36,Affluent,Belgium,Organic
CUST003998,2025-11-09 22:02:40,Mass Market,Germany,Branch
CUST003999,2024-05-06 19:30:43,Mass Market,Belgium,Organic
CUST004000,2023-06-26 13:30:35,Mass Market,Germany,Branch
CUST004001,2022-01-06 06:23:47,Mass Market,Germany,Referral
CUST004002,2024-03-13 05:21:15,Mass Market,Germany,Referral
CUST004003,2022-09-10 23:31:44,Affluent,Germany,Partner
CUST004004,2026-06-24 07:01:10,Mass Market,Germany,Partner
CUST004005,2023-05-02 16:47:35,Affluent,France,Paid
CUST004006,2024-03-04 23:51:27,Mass Market,Germany,Paid
CUST004007,2022-08-07 21:36:37,Mass Market,France,Referral
CUST004008,2022-12-13 22:00:58,Mass Market,Germany,Paid
CUST004009,2022-03-28 11:28:48,Mass Market,Netherlands,Paid
CUST004010,2025-04-28 20:40:29,Mass Market,Germany,Branch
CUST004011,2026-04-30 17:40:34,SME,Germany,Paid
CUST004012,2023-03-21 10:24:00,Affluent,France,Referral
CUST004013,2025-08-11 18:48:42,Affluent,Austria,Organic
CUST004014,2024-04-22 19:04:35,Affluent,Austria,Organic
CUST004015,2022-03-18 16:09:53,Mass Market,Germany,Partner
CUST004016,2022-06-01 15:40:49,Mass Market,Austria,Paid
CUST004017,2024-07-04 21:34:53,Mass Market,France,Referral
CUST004018,2023-12-10 08:25:57,Affluent,Belgium,Organic
CUST004019,2022-01-15 00:20:15,Mass Market,Germany,Organic
CUST004020,2026-04-05 03:16:27,Mass Market,Germany,Referral
CUST004021,2025-05-06 02:57:34,Mass Market,Germany,Paid
CUST004022,2024-04-20 00:49:42,Mass Market,Netherlands,Paid
CUST004023,2026-07-09 06:05:40,Affluent,Germany,Organic
CUST004024,2026-06-12 17:42:40,Mass Market,Germany,Branch
CUST004025,2026-06-17 10:44:07,Mass Market,France,Branch
CUST004026,2023-03-09 18:33:23,Affluent,Austria,Paid
CUST004027,2026-01-12 20:23:31,Mass Market,France,Organic
CUST004028,2024-04-23 14:23:28,Mass Market,Netherlands,Branch
CUST004029,2025-04-28 22:24:10,Mass Market,Germany,Branch
CUST004030,2025-12-08 03:15:05,Mass Market,Belgium,Paid
CUST004031,2022-10-01 01:58:13,Mass Market,Germany,Partner
CUST004032,2024-01-20 11:28:13,Mass Market,Germany,Paid
CUST004033,2022-08-04 12:27:54,Mass Market,Germany,Organic
CUST004034,2023-04-13 07:16:09,Mass Market,Germany,Partner
CUST004035,2023-11-23 09:36:01,Mass Market,France,Partner
CUST004036,2025-12-01 08:30:55,SME,France,Paid
CUST004037,2025-12-13 09:03:12,Mass Market,Germany,Referral
CUST004038,2023-10-14 21:29:04,Mass Market,Germany,Paid
CUST004039,2023-07-05 09:56:13,Mass Market,Germany,Referral
CUST004040,2024-06-06 08:51:51,Mass Market,Germany,Organic
CUST004041,2026-03-05 15:32:58,SME,Belgium,Branch
CUST004042,2026-06-21 18:04:41,Mass Market,France,Organic
CUST004043,2023-01-15 03:35:31,Mass Market,Germany,Organic
CUST004044,2022-11-08 19:12:05,Mass Market,Germany,Partner
CUST004045,2025-03-27 17:27:07,Affluent,Netherlands,Organic
CUST004046,2023-05-19 22:36:17,Mass Market,Netherlands,Organic
CUST004047,2022-12-01 00:03:44,Affluent,Austria,Partner
CUST004048,2022-02-21 22:45:39,Mass Market,Germany,Paid
CUST004049,2023-11-06 04:05:04,Mass Market,France,Referral
CUST004050,2023-10-18 03:39:49,Affluent,Germany,Organic
CUST004051,2024-07-30 10:24:09,Mass Market,Netherlands,Paid
CUST004052,2022-12-01 16:57:38,Mass Market,Germany,Paid
CUST004053,2025-04-09 10:04:48,Mass Market,France,Paid
CUST004054,2025-02-11 00:26:30,Mass Market,Germany,Paid
CUST004055,2024-02-13 01:08:07,Mass Market,Netherlands,Paid
CUST004056,2022-10-31 04:04:02,Mass Market,Germany,Paid
CUST004057,2024-04-27 15:08:02,Mass Market,Belgium,Organic
CUST004058,2025-02-02 06:53:10,Mass Market,Germany,Partner
CUST004059,2023-09-16 04:20:52,Mass Market,Netherlands,Paid
CUST004060,2023-03-17 12:44:31,Affluent,Germany,Paid
CUST004061,2024-04-26 21:04:19,Mass Market,France,Organic
CUST004062,2023-08-17 22:10:52,Mass Market,Netherlands,Branch
CUST004063,2023-11-01 15:46:59,Mass Market,Germany,Organic
CUST004064,2023-08-07 07:04:48,Mass Market,Germany,Branch
CUST004065,2023-05-23 09:26:28,Mass Market,Germany,Organic
CUST004066,2025-04-13 09:48:51,Affluent,Germany,Branch
CUST004067,2024-02-09 12:35:42,Affluent,France,Paid
CUST004068,2024-02-20 00:05:01,Mass Market,Germany,Paid
CUST004069,2024-12-27 23:01:36,Affluent,Germany,Organic
CUST004070,2023-08-28 02:12:07,Affluent,Germany,Branch
CUST004071,2022-06-18 22:17:33,Affluent,Germany,Organic
CUST004072,2025-11-26 14:02:40,Affluent,Germany,Referral
CUST004073,2022-04-04 03:19:44,Mass Market,Netherlands,Organic
CUST004074,2024-08-14 07:14:04,Mass Market,Germany,Partner
CUST004075,2023-03-21 10:53:18,Mass Market,Austria,Referral
CUST004076,2022-12-24 12:36:11,Mass Market,Netherlands,Paid
CUST004077,2022-03-12 03:37:38,Affluent,Germany,Partner
CUST004078,2026-02-13 22:51:46,Mass Market,Belgium,Referral
CUST004079,2023-12-19 15:08:39,Mass Market,France,Paid
CUST004080,2023-07-27 21:52:15,Affluent,France,Organic
CUST004081,2025-05-24 08:01:04,Mass Market,Germany,Paid
CUST004082,2022-03-07 04:09:52,Affluent,France,Referral
CUST004083,2024-08-01 22:17:28,Mass Market,Germany,Organic
CUST004084,2024-07-14 08:20:56,Mass Market,France,Partner
CUST004085,2022-07-27 05:23:10,Mass Market,Germany,Organic
CUST004086,2026-05-12 15:29:26,Mass Market,Germany,Branch
CUST004087,2023-02-03 17:10:53,Mass Market,France,Partner
CUST004088,2025-02-08 08:51:37,Mass Market,Germany,Paid
CUST004089,2025-06-03 04:03:54,Mass Market,Germany,Referral
CUST004090,2022-08-07 14:48:31,Mass Market,Netherlands,Referral
CUST004091,2025-09-11 05:03:28,Affluent,Germany,Organic
CUST004092,2026-02-24 15:50:16,Mass Market,Germany,Paid
CUST004093,2026-04-16 12:12:56,Mass Market,Germany,Paid
CUST004094,2023-01-14 09:24:56,Mass Market,Austria,Paid
CUST004095,2024-10-11 02:55:12,SME,France,Paid
CUST004096,2022-09-10 12:46:00,Affluent,France,Paid
CUST004097,2025-04-02 17:17:37,SME,Belgium,Organic
CUST004098,2023-11-27 07:56:14,Affluent,France,Organic
CUST004099,2025-04-08 02:48:12,Mass Market,Netherlands,Organic
CUST004100,2025-02-19 12:45:41,Mass Market,France,Organic
CUST004101,2026-07-18 23:23:51,Mass Market,Belgium,Paid
CUST004102,2024-03-28 00:16:47,Affluent,France,Organic
CUST004103,2023-07-26 01:14:50,Mass Market,Germany,Organic
CUST004104,2024-05-30 17:38:35,Mass Market,Germany,Referral
CUST004105,2022-09-30 07:06:27,Affluent,Germany,Partner
CUST004106,2022-07-06 20:43:04,Affluent,Germany,Branch
CUST004107,2024-05-18 01:08:34,SME,Austria,Branch
CUST004108,2025-10-12 01:54:10,Mass Market,Netherlands,Partner
CUST004109,2024-06-10 14:14:54,Mass Market,Netherlands,Referral
CUST004110,2025-07-31 09:02:05,Mass Market,France,Organic
CUST004111,2022-10-25 11:16:20,Mass Market,Belgium,Partner
CUST004112,2024-10-22 02:51:17,Mass Market,Netherlands,Paid
CUST004113,2023-08-05 07:31:55,Mass Market,Germany,Partner
CUST004114,2022-01-24 14:47:50,Affluent,Germany,Organic
CUST004115,2022-05-03 19:18:37,Mass Market,Germany,Branch
CUST004116,2026-04-01 01:28:39,Mass Market,Germany,Paid
CUST004117,2024-10-08 18:56:10,Affluent,Germany,Referral
CUST004118,2023-03-19 08:50:11,Mass Market,Germany,Branch
CUST004119,2023-03-09 17:53:10,Mass Market,Germany,Referral
CUST004120,2022-03-08 03:28:19,Mass Market,Germany,Paid
CUST004121,2026-04-29 16:01:30,Mass Market,Belgium,Paid
CUST004122,2022-06-30 23:50:00,Affluent,Germany,Partner
CUST004123,2025-06-23 19:29:05,Mass Market,Belgium,Paid
CUST004124,2023-02-06 16:42:35,Mass Market,Germany,Paid
CUST004125,2023-07-16 04:00:47,SME,Austria,Partner
CUST004126,2023-04-03 23:18:24,Mass Market,Netherlands,Branch
CUST004127,2025-10-10 14:23:09,Affluent,Belgium,Paid
CUST004128,2022-02-24 20:35:58,Mass Market,France,Organic
CUST004129,2023-08-13 00:39:21,SME,France,Partner
CUST004130,2023-04-13 01:56:59,Mass Market,Germany,Partner
CUST004131,2023-04-02 09:09:34,Mass Market,Germany,Branch
CUST004132,2022-11-19 14:21:57,Affluent,Netherlands,Referral
CUST004133,2026-03-06 14:39:39,Affluent,Germany,Paid
CUST004134,2023-09-26 01:18:02,Mass Market,Germany,Partner
CUST004135,2023-12-01 05:45:01,Mass Market,Belgium,Referral
CUST004136,2023-10-07 00:00:39,Mass Market,Germany,Paid
CUST004137,2026-06-27 22:09:40,Affluent,Netherlands,Organic
CUST004138,2023-07-21 19:42:09,Affluent,Germany,Partner
CUST004139,2023-07-26 07:12:47,Mass Market,Germany,Organic
CUST004140,2023-07-03 06:55:46,Mass Market,Germany,Branch
CUST004141,2023-07-01 16:31:37,Mass Market,Germany,Organic
CUST004142,2022-05-31 00:44:12,Affluent,Belgium,Paid
CUST004143,2024-10-07 08:22:37,Mass Market,Belgium,Branch
CUST004144,2022-02-12 03:25:26,Mass Market,Germany,Organic
CUST004145,2023-01-13 19:00:08,SME,Germany,Organic
CUST004146,2022-12-04 22:26:33,Mass Market,Belgium,Organic
CUST004147,2023-05-03 08:52:05,Mass Market,Germany,Branch
CUST004148,2025-06-19 02:49:41,Mass Market,Germany,Branch
CUST004149,2024-09-29 08:36:52,Mass Market,Germany,Paid
CUST004150,2026-07-15 15:12:51,Affluent,Netherlands,Referral
CUST004151,2026-04-02 11:53:54,Mass Market,Germany,Referral
CUST004152,2022-03-17 02:16:49,Mass Market,Germany,Organic
CUST004153,2024-04-23 01:18:51,Mass Market,Austria,Organic
CUST004154,2025-08-28 16:11:31,Affluent,Austria,Branch
CUST004155,2024-06-08 05:01:39,Mass Market,France,Organic
CUST004156,2026-04-10 11:52:22,Mass Market,France,Paid
CUST004157,2023-06-10 23:31:45,Mass Market,Austria,Organic
CUST004158,2022-02-25 17:34:36,Mass Market,France,Partner
CUST004159,2025-07-18 00:38:30,SME,Netherlands,Organic
CUST004160,2022-04-24 16:51:58,Affluent,Germany,Organic
CUST004161,2025-07-02 16:09:22,Affluent,Germany,Organic
CUST004162,2025-05-11 06:34:07,Mass Market,Belgium,Branch
CUST004163,2025-11-12 14:57:40,Mass Market,France,Organic
CUST004164,2024-03-11 18:20:43,SME,Germany,Paid
CUST004165,2026-02-06 06:48:27,Mass Market,France,Paid
CUST004166,2022-10-11 23:00:18,Affluent,Netherlands,Paid
CUST004167,2023-12-28 05:33:59,Mass Market,Germany,Referral
CUST004168,2022-07-23 16:58:15,Mass Market,Netherlands,Paid
CUST004169,2025-07-06 05:10:58,Mass Market,Germany,Partner
CUST004170,2025-04-09 06:19:07,Mass Market,France,Paid
CUST004171,2025-09-10 07:10:05,Mass Market,Austria,Referral
CUST004172,2025-07-01 23:33:47,Mass Market,Belgium,Referral
CUST004173,2023-05-31 17:52:03,Mass Market,Belgium,Organic
CUST004174,2026-04-03 16:37:57,Mass Market,France,Referral
CUST004175,2024-04-03 23:48:35,Affluent,Germany,Referral
CUST004176,2022-06-07 17:44:08,Mass Market,France,Branch
CUST004177,2026-03-31 01:14:32,Affluent,Germany,Branch
CUST004178,2024-01-15 20:56:06,Mass Market,France,Referral
CUST004179,2025-07-11 14:12:01,Mass Market,France,Paid
CUST004180,2022-03-02 16:34:02,Mass Market,France,Organic
CUST004181,2022-06-05 22:46:29,SME,Germany,Referral
CUST004182,2023-04-08 10:02:46,Mass Market,Germany,Branch
CUST004183,2025-01-02 05:10:59,SME,Germany,Organic
CUST004184,2022-08-12 01:59:22,Mass Market,Germany,Partner
CUST004185,2022-02-27 03:33:05,Affluent,Germany,Organic
CUST004186,2025-01-23 04:26:17,Affluent,Germany,Organic
CUST004187,2025-07-11 18:03:42,SME,Belgium,Paid
CUST004188,2025-05-20 23:07:39,Mass Market,Germany,Paid
CUST004189,2025-08-29 07:13:02,SME,Belgium,Partner
CUST004190,2025-09-04 08:48:34,Mass Market,Germany,Organic
CUST004191,2024-10-04 05:31:07,Affluent,Belgium,Partner
CUST004192,2024-05-18 11:01:19,Mass Market,Netherlands,Partner
CUST004193,2025-12-03 16:05:37,Mass Market,Austria,Referral
CUST004194,2023-08-05 21:36:56,Mass Market,Belgium,Organic
CUST004195,2022-06-13 15:51:36,Affluent,Netherlands,Paid
CUST004196,2025-06-11 06:46:03,Mass Market,Germany,Partner
CUST004197,2023-04-07 08:16:18,Mass Market,France,Partner
CUST004198,2026-06-25 15:26:49,Mass Market,Germany,Paid
CUST004199,2023-11-24 12:06:56,Affluent,Belgium,Paid
CUST004200,2025-11-25 04:44:52,Mass Market,Belgium,Branch
CUST004201,2022-03-12 23:45:09,Mass Market,Germany,Paid
CUST004202,2024-01-20 10:00:54,Mass Market,France,Organic
CUST004203,2024-02-13 11:17:59,Mass Market,Germany,Branch
CUST004204,2023-03-20 10:29:08,Mass Market,France,Referral
CUST004205,2025-11-23 00:03:10,Affluent,France,Organic
CUST004206,2023-12-12 18:31:06,Affluent,Germany,Referral
CUST004207,2022-03-22 17:12:50,Mass Market,Belgium,Organic
CUST004208,2026-01-10 09:02:02,Mass Market,Germany,Referral
CUST004209,2022-11-06 12:04:43,Mass Market,Netherlands,Partner
CUST004210,2023-03-29 00:14:32,Mass Market,France,Paid
CUST004211,2025-12-10 18:29:51,Mass Market,Germany,Branch
CUST004212,2026-02-03 08:07:27,Affluent,Germany,Referral
CUST004213,2026-03-13 19:31:14,Mass Market,Germany,Organic
CUST004214,2023-12-14 05:21:46,Mass Market,France,Partner
CUST004215,2025-06-19 15:47:58,SME,Belgium,Referral
CUST004216,2023-07-03 02:16:05,Mass Market,Germany,Paid
CUST004217,2025-05-22 22:24:11,Mass Market,Germany,Organic
CUST004218,2024-04-20 04:48:12,Mass Market,Germany,Organic
CUST004219,2022-03-28 21:01:00,Mass Market,Germany,Branch
CUST004220,2023-11-30 11:12:09,Affluent,Germany,Paid
CUST004221,2024-02-22 00:55:25,Affluent,France,Paid
CUST004222,2023-03-07 07:50:10,Mass Market,Germany,Partner
CUST004223,2024-04-20 11:30:57,Mass Market,Belgium,Organic
CUST004224,2022-03-25 02:26:21,Mass Market,Germany,Organic
CUST004225,2022-09-11 19:29:59,Mass Market,France,Organic
CUST004226,2025-07-06 01:28:30,Mass Market,Germany,Organic
CUST004227,2023-08-12 10:14:41,Mass Market,Germany,Branch
CUST004228,2024-10-14 05:16:12,Mass Market,Germany,Organic
CUST004229,2024-08-04 00:01:47,Affluent,Netherlands,Organic
CUST004230,2024-07-10 15:17:15,Affluent,Austria,Paid
CUST004231,2023-11-23 05:14:45,Mass Market,Germany,Branch
CUST004232,2024-03-19 02:27:55,Mass Market,France,Organic
CUST004233,2025-10-09 13:57:18,Mass Market,France,Organic
CUST004234,2026-06-02 13:31:03,Mass Market,Germany,Partner
CUST004235,2025-01-24 08:39:36,Mass Market,Belgium,Paid
CUST004236,2026-06-10 10:59:38,Mass Market,Germany,Partner
CUST004237,2022-01-13 16:20:33,SME,Belgium,Organic
CUST004238,2025-08-05 01:19:30,Mass Market,France,Referral
CUST004239,2024-04-10 16:25:48,Mass Market,Germany,Partner
CUST004240,2026-06-06 19:34:22,Mass Market,Netherlands,Referral
CUST004241,2024-08-24 20:43:10,Mass Market,Germany,Branch
CUST004242,2025-11-02 08:44:37,Mass Market,Netherlands,Referral
CUST004243,2022-10-05 13:49:54,Mass Market,Netherlands,Organic
CUST004244,2022-08-26 14:20:46,Affluent,France,Partner
CUST004245,2026-03-30 05:48:03,Affluent,Germany,Partner
CUST004246,2024-05-30 05:47:25,SME,Germany,Organic
CUST004247,2024-07-22 13:10:05,Mass Market,France,Organic
CUST004248,2022-10-12 04:53:53,Mass Market,France,Organic
CUST004249,2023-01-15 02:13:50,Mass Market,France,Branch
CUST004250,2025-09-30 01:49:37,Mass Market,Germany,Referral
CUST004251,2023-05-23 03:59:31,Mass Market,Netherlands,Partner
CUST004252,2024-09-03 17:15:31,Affluent,Netherlands,Referral
CUST004253,2023-06-14 05:51:59,Mass Market,France,Partner
CUST004254,2023-03-17 11:41:38,Mass Market,Germany,Referral
CUST004255,2022-10-05 14:04:08,Mass Market,Germany,Organic
CUST004256,2026-04-04 06:56:51,Mass Market,Germany,Organic
CUST004257,2026-04-21 18:49:35,Mass Market,Netherlands,Partner
CUST004258,2022-07-12 14:11:09,Mass Market,Netherlands,Referral
CUST004259,2023-08-14 15:14:28,Mass Market,Belgium,Referral
CUST004260,2024-07-31 18:40:13,Mass Market,Germany,Branch
CUST004261,2023-10-03 20:30:29,SME,Netherlands,Referral
CUST004262,2025-04-20 13:54:55,Mass Market,Belgium,Organic
CUST004263,2023-03-12 02:30:38,Mass Market,Germany,Organic
CUST004264,2022-04-09 09:28:26,Mass Market,Germany,Paid
CUST004265,2023-07-18 08:31:22,Affluent,Germany,Partner
CUST004266,2024-09-26 14:46:00,Mass Market,France,Paid
CUST004267,2025-09-26 04:29:02,Mass Market,Germany,Organic
CUST004268,2022-01-21 11:31:14,Mass Market,Germany,Paid
CUST004269,2022-04-23 21:44:09,Mass Market,France,Referral
CUST004270,2024-04-30 18:34:57,Mass Market,Netherlands,Organic
CUST004271,2024-05-06 11:17:09,Mass Market,Belgium,Partner
CUST004272,2023-05-09 01:07:32,Mass Market,Netherlands,Organic
CUST004273,2023-03-09 07:22:56,Affluent,Belgium,Partner
CUST004274,2022-04-27 17:25:13,Mass Market,France,Partner
CUST004275,2025-01-13 09:49:56,Mass Market,Belgium,Organic
CUST004276,2023-09-26 17:34:11,Mass Market,Germany,Referral
CUST004277,2022-07-18 10:17:07,Mass Market,Belgium,Partner
CUST004278,2023-10-31 12:44:09,Mass Market,Belgium,Paid
CUST004279,2026-04-16 17:59:59,Mass Market,France,Branch
CUST004280,2023-03-13 18:54:56,Mass Market,Germany,Referral
CUST004281,2026-02-04 23:40:06,SME,Germany,Paid
CUST004282,2023-03-09 14:51:04,Mass Market,Germany,Organic
CUST004283,2022-11-07 22:46:53,Affluent,Germany,Paid
CUST004284,2023-03-12 19:03:31,Affluent,Germany,Paid
CUST004285,2023-06-25 12:00:48,Mass Market,Germany,Organic
CUST004286,2022-07-21 15:48:10,Mass Market,Germany,Partner
CUST004287,2024-09-09 12:36:58,Mass Market,Belgium,Branch
CUST004288,2023-07-12 12:37:05,SME,France,Organic
CUST004289,2025-04-15 14:24:19,Mass Market,Belgium,Referral
CUST004290,2024-03-31 22:25:57,Mass Market,Germany,Partner
CUST004291,2024-01-11 02:54:02,Mass Market,Germany,Partner
CUST004292,2024-02-27 12:04:30,Affluent,Germany,Referral
CUST004293,2022-09-19 07:39:29,Mass Market,Belgium,Paid
CUST004294,2025-04-06 22:27:59,Mass Market,Germany,Partner
CUST004295,2022-06-24 03:23:28,Mass Market,France,Organic
CUST004296,2025-04-21 09:30:36,Mass Market,Germany,Organic
CUST004297,2026-07-30 14:35:00,Affluent,Germany,Paid
CUST004298,2025-07-01 09:43:05,Affluent,Germany,Organic
CUST004299,2024-02-01 08:22:11,Mass Market,Germany,Organic
CUST004300,2023-06-10 19:16:48,Mass Market,Germany,Organic
CUST004301,2025-12-29 20:57:14,Affluent,Belgium,Organic
CUST004302,2023-03-07 00:34:04,Mass Market,Germany,Paid
CUST004303,2024-03-17 12:47:03,Mass Market,Germany,Organic
CUST004304,2025-07-12 21:36:02,Mass Market,Germany,Organic
CUST004305,2026-03-23 04:22:02,Mass Market,Austria,Partner
CUST004306,2026-03-20 20:07:28,SME,France,Partner
CUST004307,2022-05-27 17:36:30,Mass Market,France,Branch
CUST004308,2026-02-10 21:30:31,Mass Market,Germany,Branch
CUST004309,2022-07-10 15:21:43,Affluent,Belgium,Referral
CUST004310,2024-09-04 05:51:35,Mass Market,Germany,Partner
CUST004311,2026-04-04 08:16:49,Affluent,Netherlands,Organic
CUST004312,2026-05-04 05:00:03,Mass Market,Netherlands,Organic
CUST004313,2023-07-30 17:26:17,Mass Market,Germany,Branch
CUST004314,2023-06-11 04:58:54,Mass Market,Germany,Branch
CUST004315,2023-06-30 10:22:43,Mass Market,France,Paid
CUST004316,2023-08-17 20:03:23,Mass Market,Germany,Paid
CUST004317,2025-02-15 15:38:19,Mass Market,Germany,Organic
CUST004318,2024-01-27 11:55:22,Affluent,Germany,Organic
CUST004319,2025-05-17 23:34:25,Affluent,Germany,Paid
CUST004320,2023-11-27 19:44:09,Mass Market,Netherlands,Organic
CUST004321,2023-05-30 12:24:03,Mass Market,Germany,Paid
CUST004322,2022-11-14 18:08:03,Mass Market,France,Referral
CUST004323,2024-07-10 08:50:06,Mass Market,Germany,Referral
CUST004324,2026-02-11 02:00:26,Mass Market,Germany,Referral
CUST004325,2025-12-07 04:36:12,Affluent,Germany,Organic
CUST004326,2023-02-28 12:43:38,SME,Belgium,Paid
CUST004327,2024-03-09 14:30:18,Mass Market,Germany,Partner
CUST004328,2025-03-25 05:10:16,Affluent,France,Partner
CUST004329,2024-10-20 23:21:22,Mass Market,Belgium,Branch
CUST004330,2022-04-23 06:49:22,Mass Market,France,Organic
CUST004331,2024-09-15 05:59:14,Mass Market,Germany,Organic
CUST004332,2022-03-06 19:00:48,Mass Market,Germany,Paid
CUST004333,2022-07-14 18:52:24,Mass Market,France,Paid
CUST004334,2024-12-29 00:53:47,SME,Netherlands,Paid
CUST004335,2022-06-21 11:01:11,Mass Market,Netherlands,Paid
CUST004336,2023-07-21 20:01:41,Mass Market,France,Organic
CUST004337,2024-09-10 20:22:23,Mass Market,Germany,Paid
CUST004338,2024-12-31 22:16:28,SME,Netherlands,Partner
CUST004339,2024-01-16 06:17:07,Mass Market,France,Organic
CUST004340,2022-06-07 04:52:58,Affluent,Austria,Referral
CUST004341,2025-08-29 02:28:02,Affluent,Netherlands,Partner
CUST004342,2026-05-08 03:38:10,Mass Market,Germany,Organic
CUST004343,2026-01-25 22:33:06,Mass Market,France,Organic
CUST004344,2025-06-05 12:23:18,Mass Market,France,Organic
CUST004345,2023-11-04 12:15:09,Affluent,Germany,Organic
CUST004346,2026-01-05 02:51:05,Mass Market,France,Partner
CUST004347,2024-03-27 05:29:10,Mass Market,Germany,Branch
CUST004348,2022-08-17 04:17:25,Mass Market,Germany,Organic
CUST004349,2025-11-23 02:46:12,Mass Market,Netherlands,Organic
CUST004350,2023-06-20 07:25:09,Affluent,Germany,Referral
CUST004351,2026-04-19 12:13:15,Affluent,Netherlands,Paid
CUST004352,2023-09-08 20:54:52,Mass Market,Germany,Paid
CUST004353,2025-12-24 15:04:31,Mass Market,Netherlands,Paid
CUST004354,2024-06-17 03:39:50,Mass Market,Netherlands,Organic
CUST004355,2024-02-21 11:36:42,Affluent,Netherlands,Organic
CUST004356,2023-05-12 08:44:18,Mass Market,Germany,Branch
CUST004357,2025-10-29 07:05:06,Affluent,Austria,Partner
CUST004358,2022-04-12 08:59:25,Mass Market,Germany,Organic
CUST004359,2024-02-23 22:56:22,Mass Market,Netherlands,Branch
CUST004360,2023-09-09 18:21:05,Affluent,Germany,Paid
CUST004361,2024-06-27 13:12:47,Mass Market,Germany,Organic
CUST004362,2023-03-02 14:33:17,Mass Market,France,Branch
CUST004363,2025-01-16 04:45:02,Mass Market,Germany,Partner
CUST004364,2023-10-08 06:14:58,Mass Market,Germany,Referral
CUST004365,2022-11-11 13:19:10,SME,Germany,Organic
CUST004366,2022-11-26 07:35:33,Affluent,Germany,Organic
CUST004367,2025-03-10 13:21:51,Affluent,Austria,Branch
CUST004368,2023-03-14 21:22:39,Mass Market,France,Organic
CUST004369,2023-05-29 17:26:55,Mass Market,Germany,Referral
CUST004370,2024-11-14 06:20:36,Affluent,Netherlands,Referral
CUST004371,2023-07-06 09:34:06,Mass Market,France,Paid
CUST004372,2023-10-11 23:50:13,SME,Netherlands,Branch
CUST004373,2023-02-13 18:26:05,Mass Market,France,Branch
CUST004374,2023-08-01 11:32:41,Mass Market,Germany,Referral
CUST004375,2025-03-04 07:51:24,Mass Market,Germany,Paid
CUST004376,2024-06-11 16:33:54,Mass Market,Netherlands,Partner
CUST004377,2026-07-26 21:02:03,Mass Market,Netherlands,Paid
CUST004378,2025-07-14 13:13:11,Mass Market,Netherlands,Organic
CUST004379,2022-01-29 03:25:54,Affluent,Germany,Branch
CUST004380,2023-09-26 11:12:48,Mass Market,Netherlands,Branch
CUST004381,2023-04-30 15:07:46,Mass Market,Germany,Organic
CUST004382,2024-09-09 07:58:55,Mass Market,France,Partner
CUST004383,2023-03-21 04:17:50,Affluent,Germany,Branch
CUST004384,2026-06-04 11:46:44,Mass Market,Netherlands,Partner
CUST004385,2023-05-16 13:21:34,SME,Austria,Organic
CUST004386,2024-05-22 18:01:04,SME,Germany,Organic
CUST004387,2022-07-25 12:11:23,Mass Market,Netherlands,Paid
CUST004388,2026-03-02 04:21:25,Mass Market,France,Branch
CUST004389,2026-03-05 14:43:34,Affluent,Germany,Organic
CUST004390,2025-08-20 00:29:42,Mass Market,Germany,Paid
CUST004391,2023-08-11 22:09:03,Affluent,Netherlands,Referral
CUST004392,2022-04-09 04:15:47,Mass Market,Germany,Referral
CUST004393,2025-04-03 17:38:28,Mass Market,Germany,Branch
CUST004394,2023-12-19 10:52:46,Mass Market,Belgium,Referral
CUST004395,2026-07-14 21:46:31,Mass Market,France,Partner
CUST004396,2025-03-13 14:07:15,SME,Netherlands,Branch
CUST004397,2024-06-19 14:18:29,Mass Market,France,Partner
CUST004398,2026-07-08 18:46:32,SME,Germany,Partner
CUST004399,2025-08-31 09:16:33,Mass Market,Netherlands,Organic
CUST004400,2024-02-06 09:43:25,Affluent,Germany,Paid
CUST004401,2022-02-01 12:35:26,Affluent,Germany,Organic
CUST004402,2022-06-05 03:17:40,Mass Market,France,Branch
CUST004403,2024-01-12 21:30:13,Mass Market,Austria,Organic
CUST004404,2024-07-28 16:18:14,Affluent,Germany,Paid
CUST004405,2022-02-20 09:56:18,Affluent,Austria,Branch
CUST004406,2022-07-31 14:45:06,Mass Market,Netherlands,Referral
CUST004407,2025-03-23 13:57:23,Mass Market,Germany,Referral
CUST004408,2025-06-10 12:58:36,Affluent,Germany,Partner
CUST004409,2022-02-19 20:16:12,Mass Market,Germany,Organic
CUST004410,2024-04-28 20:03:45,Mass Market,France,Organic
CUST004411,2022-05-16 09:20:44,Mass Market,Germany,Referral
CUST004412,2025-04-24 13:51:14,Mass Market,Germany,Branch
CUST004413,2025-10-26 13:41:49,Affluent,Germany,Paid
CUST004414,2025-12-24 13:45:04,Mass Market,Austria,Organic
CUST004415,2024-09-27 03:33:39,SME,Germany,Organic
CUST004416,2024-11-17 14:25:33,Mass Market,Germany,Paid
CUST004417,2026-03-30 06:14:35,Mass Market,Germany,Organic
CUST004418,2024-10-20 23:57:55,Mass Market,Germany,Organic
CUST004419,2025-06-15 15:23:48,Mass Market,Germany,Paid
CUST004420,2024-09-14 21:11:46,Affluent,Netherlands,Partner
CUST004421,2025-11-09 14:02:03,Mass Market,France,Partner
CUST004422,2024-05-27 07:11:08,Affluent,Germany,Paid
CUST004423,2025-12-24 01:23:25,Mass Market,Belgium,Paid
CUST004424,2022-03-02 21:52:15,Mass Market,Germany,Organic
CUST004425,2022-06-15 14:13:15,Mass Market,Belgium,Partner
CUST004426,2024-07-18 22:48:15,Affluent,Germany,Organic
CUST004427,2025-03-31 09:47:08,Mass Market,Belgium,Branch
CUST004428,2022-12-28 14:27:17,Mass Market,Austria,Organic
CUST004429,2022-09-18 09:50:38,Mass Market,Netherlands,Referral
CUST004430,2025-12-09 11:57:35,Mass Market,Germany,Paid
CUST004431,2025-06-08 21:38:32,Mass Market,France,Partner
CUST004432,2024-12-20 02:54:08,Mass Market,Belgium,Partner
CUST004433,2024-03-27 13:13:08,SME,France,Organic
CUST004434,2023-12-04 14:41:15,Mass Market,Germany,Paid
CUST004435,2022-02-04 07:44:26,Mass Market,Germany,Organic
CUST004436,2022-11-11 12:14:47,Mass Market,Germany,Paid
CUST004437,2026-02-08 18:31:34,Affluent,Germany,Branch
CUST004438,2023-07-21 20:20:24,Mass Market,Germany,Partner
CUST004439,2025-03-23 23:53:03,Mass Market,France,Partner
CUST004440,2025-03-22 17:11:28,Affluent,Germany,Organic
CUST004441,2023-06-02 08:29:24,Mass Market,Germany,Paid
CUST004442,2022-12-08 16:32:23,Mass Market,Germany,Referral
CUST004443,2025-03-02 11:12:03,Mass Market,Austria,Organic
CUST004444,2022-06-06 11:17:47,Mass Market,France,Organic
CUST004445,2024-04-07 08:15:14,Affluent,France,Organic
CUST004446,2026-01-24 18:49:04,Affluent,Netherlands,Organic
CUST004447,2025-07-01 18:13:58,Affluent,France,Branch
CUST004448,2022-05-20 05:21:35,Affluent,Germany,Organic
CUST004449,2022-12-01 01:22:15,Affluent,France,Organic
CUST004450,2023-04-05 23:08:19,Mass Market,Germany,Organic
CUST004451,2023-05-04 17:52:39,Mass Market,France,Organic
CUST004452,2022-11-21 12:06:02,Mass Market,Germany,Paid
CUST004453,2026-06-14 07:13:55,SME,Belgium,Organic
CUST004454,2022-10-03 19:17:39,SME,Germany,Organic
CUST004455,2025-03-30 02:01:37,Affluent,Germany,Organic
CUST004456,2024-09-08 01:09:58,Mass Market,France,Referral
CUST004457,2024-10-17 19:01:37,Mass Market,Germany,Paid
CUST004458,2022-12-25 21:35:35,Affluent,Germany,Referral
CUST004459,2023-05-30 08:30:57,Mass Market,Belgium,Organic
CUST004460,2024-10-11 01:34:01,Mass Market,Netherlands,Paid
CUST004461,2023-05-16 03:17:37,Mass Market,Netherlands,Branch
CUST004462,2025-03-06 13:25:08,Mass Market,Germany,Organic
CUST004463,2022-03-08 02:00:13,Mass Market,Germany,Paid
CUST004464,2022-05-02 18:08:31,SME,Germany,Organic
CUST004465,2025-05-03 00:31:13,Affluent,France,Organic
CUST004466,2024-10-28 05:18:42,Mass Market,France,Partner
CUST004467,2022-03-14 04:32:07,Mass Market,Germany,Partner
CUST004468,2022-01-09 02:54:54,Affluent,Germany,Paid
CUST004469,2026-05-17 16:24:36,Mass Market,Germany,Paid
CUST004470,2025-05-04 17:10:43,Mass Market,Germany,Paid
CUST004471,2026-07-11 04:04:49,Mass Market,Germany,Paid
CUST004472,2023-06-08 13:06:29,Mass Market,Germany,Referral
CUST004473,2025-06-18 20:57:15,Mass Market,Germany,Partner
CUST004474,2022-12-19 15:29:44,Affluent,Germany,Organic
CUST004475,2024-02-28 13:58:39,Mass Market,Germany,Organic
CUST004476,2023-02-06 11:03:32,Mass Market,France,Partner
CUST004477,2024-03-23 16:01:25,Mass Market,Netherlands,Organic
CUST004478,2025-12-29 13:18:45,SME,Germany,Branch
CUST004479,2023-12-31 05:16:56,Mass Market,Germany,Referral
CUST004480,2023-06-27 19:18:03,Mass Market,France,Organic
CUST004481,2025-08-08 01:35:28,Mass Market,Germany,Referral
CUST004482,2024-05-22 07:20:52,SME,Germany,Organic
CUST004483,2024-07-25 15:10:59,Affluent,Germany,Organic
CUST004484,2023-12-22 21:13:32,Mass Market,Germany,Branch
CUST004485,2023-05-05 12:37:50,Mass Market,Netherlands,Referral
CUST004486,2024-09-27 03:16:50,Mass Market,Belgium,Paid
CUST004487,2024-11-24 12:34:35,Affluent,Germany,Referral
CUST004488,2026-02-10 15:45:45,Affluent,Germany,Organic
CUST004489,2024-10-29 22:19:54,SME,Austria,Referral
CUST004490,2026-07-22 15:44:16,Mass Market,Germany,Branch
CUST004491,2025-10-14 00:52:58,Mass Market,Austria,Referral
CUST004492,2022-05-12 15:48:38,Mass Market,Netherlands,Paid
CUST004493,2023-10-18 17:04:08,Affluent,Germany,Paid
CUST004494,2023-10-06 04:34:42,Mass Market,Germany,Branch
CUST004495,2022-01-06 01:12:53,Mass Market,Germany,Organic
CUST004496,2022-10-30 03:22:41,Affluent,Netherlands,Branch
CUST004497,2025-06-28 09:04:59,Mass Market,Germany,Paid
CUST004498,2023-08-12 17:53:25,Affluent,France,Organic
CUST004499,2022-09-05 06:04:18,Mass Market,France,Organic
CUST004500,2023-04-26 15:43:02,Mass Market,Belgium,Paid
CUST004501,2023-04-05 07:17:03,Mass Market,Netherlands,Organic
CUST004502,2022-10-19 19:49:33,Mass Market,Germany,Paid
CUST004503,2022-06-19 04:37:54,Affluent,Germany,Branch
CUST004504,2025-07-01 12:50:37,Mass Market,France,Organic
CUST004505,2025-10-10 14:27:08,Mass Market,Netherlands,Partner
CUST004506,2024-04-09 19:04:28,Mass Market,Netherlands,Paid
CUST004507,2024-10-26 01:20:29,Affluent,France,Partner
CUST004508,2026-03-17 23:29:12,SME,Netherlands,Paid
CUST004509,2025-11-09 22:23:37,Affluent,Germany,Referral
CUST004510,2022-02-24 11:52:10,Mass Market,Germany,Paid
CUST004511,2026-05-13 08:11:49,Mass Market,Belgium,Paid
CUST004512,2022-04-22 23:41:37,Mass Market,France,Organic
CUST004513,2022-02-14 10:17:16,Mass Market,Netherlands,Paid
CUST004514,2023-11-06 06:33:44,Mass Market,Germany,Organic
CUST004515,2025-06-01 01:35:17,Mass Market,France,Partner
CUST004516,2022-05-15 05:22:05,Mass Market,Germany,Paid
CUST004517,2023-05-05 21:04:07,Affluent,Germany,Referral
CUST004518,2023-03-16 06:48:47,Mass Market,Germany,Paid
CUST004519,2023-10-27 10:07:01,Affluent,Netherlands,Partner
CUST004520,2026-07-07 15:24:05,SME,Germany,Organic
CUST004521,2023-07-09 02:59:55,Mass Market,Germany,Partner
CUST004522,2022-12-16 09:07:52,Mass Market,Germany,Branch
CUST004523,2022-07-24 12:14:29,Affluent,Germany,Paid
CUST004524,2022-11-28 06:04:07,Mass Market,France,Organic
CUST004525,2024-08-17 03:03:09,Mass Market,France,Partner
CUST004526,2023-12-05 02:04:42,Mass Market,France,Organic
CUST004527,2024-04-12 15:40:31,Affluent,Germany,Paid
CUST004528,2025-10-23 08:22:56,Affluent,Germany,Organic
CUST004529,2024-08-28 11:49:40,Affluent,Germany,Paid
CUST004530,2022-09-17 10:38:47,Mass Market,France,Referral
CUST004531,2023-09-22 21:37:59,Mass Market,Belgium,Organic
CUST004532,2023-06-07 15:12:06,Affluent,Germany,Paid
CUST004533,2025-10-14 08:19:11,Affluent,Austria,Organic
CUST004534,2023-05-29 08:14:49,Mass Market,Germany,Organic
CUST004535,2022-08-20 16:57:37,SME,Netherlands,Partner
CUST004536,2025-05-15 14:26:09,Affluent,Netherlands,Referral
CUST004537,2023-12-18 06:32:24,Mass Market,France,Referral
CUST004538,2022-06-10 06:46:49,Mass Market,France,Organic
CUST004539,2025-02-27 06:45:48,Mass Market,Germany,Organic
CUST004540,2022-12-18 23:24:29,Affluent,Netherlands,Paid
CUST004541,2025-12-22 16:35:30,Mass Market,Germany,Partner
CUST004542,2025-10-23 20:57:48,Mass Market,France,Referral
CUST004543,2023-09-10 22:10:09,Mass Market,Germany,Referral
CUST004544,2024-07-17 22:56:01,Affluent,Germany,Referral
CUST004545,2024-08-07 06:29:43,Affluent,Belgium,Organic
CUST004546,2024-12-28 12:43:07,Affluent,Germany,Branch
CUST004547,2022-04-26 14:26:51,Mass Market,Germany,Branch
CUST004548,2023-06-28 03:29:38,Mass Market,Germany,Organic
CUST004549,2022-10-12 18:33:51,Mass Market,France,Paid
CUST004550,2025-03-12 05:08:16,Mass Market,Netherlands,Referral
CUST004551,2022-04-26 14:22:34,Mass Market,Austria,Paid
CUST004552,2024-05-14 08:34:05,SME,France,Organic
CUST004553,2025-05-02 00:24:15,Mass Market,Germany,Paid
CUST004554,2026-05-05 16:29:25,Mass Market,Germany,Partner
CUST004555,2023-04-27 15:16:13,Mass Market,Germany,Referral
CUST004556,2022-01-14 07:56:40,Affluent,France,Referral
CUST004557,2025-04-25 02:27:03,Mass Market,Austria,Branch
CUST004558,2022-01-03 14:03:51,Mass Market,Germany,Paid
CUST004559,2022-04-22 00:25:48,Mass Market,Germany,Referral
CUST004560,2026-07-15 02:31:54,Mass Market,France,Organic
CUST004561,2025-12-13 04:19:05,Mass Market,France,Paid
CUST004562,2025-03-29 00:09:01,Mass Market,France,Branch
CUST004563,2025-10-29 00:09:20,Affluent,Germany,Referral
CUST004564,2022-05-06 23:42:06,Mass Market,Germany,Partner
CUST004565,2022-05-29 16:31:57,Mass Market,Germany,Organic
CUST004566,2023-05-18 23:40:01,Mass Market,Germany,Organic
CUST004567,2022-02-09 17:18:03,Mass Market,Netherlands,Partner
CUST004568,2026-01-25 06:12:53,Mass Market,Germany,Paid
CUST004569,2022-04-05 02:45:26,Mass Market,Germany,Paid
CUST004570,2024-06-28 15:14:19,SME,Austria,Referral
CUST004571,2025-11-28 06:28:17,SME,France,Organic
CUST004572,2025-05-13 21:32:06,Affluent,Germany,Paid
CUST004573,2023-01-28 10:10:53,Mass Market,Austria,Organic
CUST004574,2024-02-26 09:32:21,Affluent,Germany,Organic
CUST004575,2024-07-05 17:06:42,Affluent,Netherlands,Organic
CUST004576,2025-07-07 23:12:34,Mass Market,Germany,Organic
CUST004577,2023-12-14 16:19:38,Mass Market,Belgium,Paid
CUST004578,2023-04-22 13:55:53,Affluent,Germany,Paid
CUST004579,2025-08-23 02:50:53,SME,Germany,Paid
CUST004580,2026-01-22 04:38:12,Mass Market,Austria,Referral
CUST004581,2024-03-28 10:30:39,Mass Market,France,Paid
CUST004582,2022-02-16 20:25:06,Mass Market,Germany,Partner
CUST004583,2024-04-17 02:31:05,Mass Market,Germany,Partner
CUST004584,2026-01-26 21:29:11,Affluent,Germany,Paid
CUST004585,2026-07-12 18:16:52,Mass Market,Germany,Paid
CUST004586,2023-11-02 12:44:44,SME,France,Branch
CUST004587,2022-09-09 00:23:55,Affluent,Germany,Paid
CUST004588,2024-08-14 15:45:08,Mass Market,Austria,Partner
CUST004589,2025-10-20 22:29:15,Affluent,Netherlands,Partner
CUST004590,2026-04-30 01:09:30,Affluent,Austria,Referral
CUST004591,2022-03-28 12:36:49,Mass Market,Germany,Paid
CUST004592,2023-05-01 19:09:46,Mass Market,Germany,Paid
CUST004593,2024-03-09 15:05:23,Affluent,France,Paid
CUST004594,2022-06-14 06:45:33,Mass Market,Germany,Referral
CUST004595,2026-01-21 22:50:37,Mass Market,Germany,Paid
CUST004596,2022-07-07 13:09:29,Mass Market,Belgium,Branch
CUST004597,2025-01-17 05:42:21,Mass Market,France,Referral
CUST004598,2026-03-16 22:45:40,Mass Market,Germany,Organic
CUST004599,2025-02-19 16:17:32,Mass Market,Germany,Paid
CUST004600,2025-06-30 01:57:50,Mass Market,Germany,Branch
CUST004601,2023-03-17 06:23:45,Mass Market,France,Organic
CUST004602,2025-10-15 12:42:18,Affluent,Germany,Paid
CUST004603,2023-12-01 20:34:09,Mass Market,Belgium,Organic
CUST004604,2022-04-13 12:42:05,SME,France,Organic
CUST004605,2023-09-05 22:09:53,Affluent,Germany,Paid
CUST004606,2023-08-08 22:23:40,Mass Market,Netherlands,Referral
CUST004607,2024-05-21 20:28:23,Mass Market,Belgium,Partner
CUST004608,2023-03-19 18:59:34,Mass Market,Netherlands,Organic
CUST004609,2024-02-12 20:16:56,Affluent,Germany,Paid
CUST004610,2023-12-17 13:33:53,Mass Market,Germany,Paid
CUST004611,2023-07-01 13:46:37,Mass Market,France,Partner
CUST004612,2025-03-10 02:16:26,Mass Market,Netherlands,Paid
CUST004613,2023-05-26 18:19:33,Mass Market,Austria,Branch
CUST004614,2025-07-04 09:15:47,Affluent,Germany,Referral
CUST004615,2023-02-24 10:13:29,Affluent,France,Partner
CUST004616,2025-12-17 01:43:51,Mass Market,Germany,Paid
CUST004617,2023-09-03 08:36:57,Mass Market,Germany,Partner
CUST004618,2022-03-10 01:04:17,Mass Market,Germany,Paid
CUST004619,2022-09-08 16:51:05,Mass Market,Germany,Referral
CUST004620,2025-09-10 01:29:25,Mass Market,Germany,Branch
CUST004621,2025-12-29 03:48:05,Mass Market,Germany,Branch
CUST004622,2022-12-21 10:19:46,Affluent,France,Partner
CUST004623,2024-10-03 17:50:49,Mass Market,France,Partner
CUST004624,2024-08-18 07:22:48,Affluent,Germany,Paid
CUST004625,2022-08-12 16:34:54,Mass Market,France,Organic
CUST004626,2024-01-26 17:40:01,Mass Market,Germany,Partner
CUST004627,2025-03-06 03:11:14,Mass Market,Germany,Branch
CUST004628,2026-06-06 00:49:33,Mass Market,Austria,Referral
CUST004629,2025-11-18 07:09:36,Mass Market,Germany,Referral
CUST004630,2022-06-13 13:52:01,SME,Germany,Paid
CUST004631,2023-02-02 03:49:53,Affluent,France,Partner
CUST004632,2024-01-01 04:21:08,Affluent,Germany,Partner
CUST004633,2022-09-09 19:18:02,Mass Market,Germany,Paid
CUST004634,2024-08-12 04:34:15,Mass Market,Netherlands,Organic
CUST004635,2022-01-15 09:47:35,Mass Market,France,Partner
CUST004636,2022-07-09 19:24:23,SME,Germany,Organic
CUST004637,2022-03-21 00:03:41,Affluent,Belgium,Partner
CUST004638,2023-05-10 01:19:59,Mass Market,Germany,Branch
CUST004639,2025-06-28 11:37:19,SME,Germany,Partner
CUST004640,2022-10-24 09:34:52,Mass Market,Germany,Organic
CUST004641,2026-07-09 13:48:47,Mass Market,Germany,Paid
CUST004642,2023-03-27 16:11:14,Mass Market,Austria,Partner
CUST004643,2022-03-17 00:57:27,Mass Market,Netherlands,Partner
CUST004644,2023-07-15 22:40:01,SME,Germany,Organic
CUST004645,2025-06-04 18:35:29,Affluent,Germany,Paid
CUST004646,2022-06-28 07:44:17,Mass Market,Germany,Referral
CUST004647,2022-05-01 03:41:05,Mass Market,France,Organic
CUST004648,2025-11-21 02:27:50,Mass Market,Germany,Partner
CUST004649,2024-09-17 01:06:21,Mass Market,Belgium,Branch
CUST004650,2023-07-28 21:44:37,Mass Market,Germany,Referral
CUST004651,2025-06-18 03:47:20,Mass Market,Germany,Branch
CUST004652,2025-11-12 17:05:24,Mass Market,Austria,Referral
CUST004653,2023-08-24 14:09:14,Mass Market,Belgium,Paid
CUST004654,2024-07-27 07:05:50,Mass Market,Germany,Paid
CUST004655,2022-01-19 06:47:18,SME,Germany,Organic
CUST004656,2023-05-27 20:28:58,Mass Market,Belgium,Organic
CUST004657,2024-09-22 03:45:29,Mass Market,France,Partner
CUST004658,2022-11-26 13:15:26,Mass Market,France,Organic
CUST004659,2026-07-16 08:39:51,Affluent,France,Paid
CUST004660,2026-06-12 18:01:35,Mass Market,Austria,Referral
CUST004661,2023-03-07 17:40:18,Mass Market,Germany,Organic
CUST004662,2023-10-25 17:15:13,Affluent,Germany,Organic
CUST004663,2022-11-13 19:54:21,Affluent,Germany,Partner
CUST004664,2024-04-22 14:30:41,Mass Market,Netherlands,Organic
CUST004665,2022-07-27 04:53:53,Mass Market,Germany,Paid
CUST004666,2023-10-16 15:57:54,SME,Germany,Organic
CUST004667,2024-07-17 09:17:51,Mass Market,France,Referral
CUST004668,2024-10-20 00:06:27,Mass Market,Germany,Partner
CUST004669,2024-09-24 06:08:56,Mass Market,Austria,Partner
CUST004670,2023-01-06 05:06:59,Mass Market,Germany,Organic
CUST004671,2025-08-17 16:14:38,Mass Market,Netherlands,Partner
CUST004672,2025-03-02 14:30:06,Mass Market,France,Paid
CUST004673,2025-06-13 03:19:27,Mass Market,Germany,Partner
CUST004674,2024-02-22 06:02:15,Mass Market,Germany,Organic
CUST004675,2026-02-01 07:54:18,Mass Market,Germany,Organic
CUST004676,2023-10-14 20:13:19,Affluent,Netherlands,Organic
CUST004677,2025-09-09 06:02:48,Mass Market,Netherlands,Organic
CUST004678,2022-12-07 07:13:15,Mass Market,Germany,Organic
CUST004679,2023-02-18 10:20:00,Mass Market,Germany,Organic
CUST004680,2024-05-30 17:13:01,Mass Market,Austria,Referral
CUST004681,2024-07-18 10:14:54,Mass Market,Germany,Partner
CUST004682,2025-06-01 16:09:12,Mass Market,Belgium,Partner
CUST004683,2023-05-13 06:32:49,Affluent,Germany,Organic
CUST004684,2025-12-30 01:42:58,Mass Market,Germany,Organic
CUST004685,2023-07-06 09:37:39,Affluent,France,Branch
CUST004686,2024-06-12 03:42:30,Affluent,Germany,Organic
CUST004687,2026-04-08 05:03:49,Mass Market,Belgium,Referral
CUST004688,2024-06-20 21:06:59,Mass Market,France,Partner
CUST004689,2025-02-14 03:07:07,Affluent,France,Paid
CUST004690,2026-02-28 05:17:35,Mass Market,France,Referral
CUST004691,2026-06-18 12:21:50,Affluent,France,Referral
CUST004692,2024-04-15 00:12:32,Affluent,Netherlands,Referral
CUST004693,2023-11-29 01:51:58,Mass Market,France,Paid
CUST004694,2022-11-26 06:26:20,Affluent,Belgium,Organic
CUST004695,2024-06-17 14:17:41,Mass Market,France,Partner
CUST004696,2026-03-16 11:05:10,Mass Market,Germany,Organic
CUST004697,2024-03-25 10:58:03,Mass Market,Germany,Paid
CUST004698,2023-08-06 15:43:30,Mass Market,Germany,Partner
CUST004699,2022-06-29 09:12:54,Affluent,Germany,Organic
CUST004700,2023-10-14 15:11:08,Affluent,Germany,Referral
CUST004701,2023-01-31 18:22:39,Mass Market,Germany,Branch
CUST004702,2026-06-22 01:34:27,Mass Market,Germany,Organic
CUST004703,2024-06-01 04:59:30,Mass Market,Belgium,Organic
CUST004704,2022-08-18 01:00:26,Mass Market,Netherlands,Paid
CUST004705,2025-11-23 10:37:59,Mass Market,Germany,Organic
CUST004706,2026-04-07 09:42:15,Mass Market,Austria,Organic
CUST004707,2025-06-29 17:48:05,Affluent,Austria,Branch
CUST004708,2022-07-27 01:35:57,Mass Market,Belgium,Organic
CUST004709,2022-06-14 08:00:01,Mass Market,Germany,Organic
CUST004710,2025-06-09 21:36:18,Mass Market,Germany,Paid
CUST004711,2025-07-03 14:48:36,Mass Market,Germany,Organic
CUST004712,2025-11-01 21:09:51,Mass Market,Netherlands,Referral
CUST004713,2022-06-12 01:47:21,Mass Market,France,Referral
CUST004714,2022-09-14 04:09:18,Mass Market,France,Paid
CUST004715,2026-02-14 06:21:34,SME,Netherlands,Organic
CUST004716,2026-04-02 20:39:06,Mass Market,Austria,Branch
CUST004717,2025-04-28 08:55:42,Mass Market,France,Partner
CUST004718,2022-06-27 07:06:06,Affluent,Belgium,Paid
CUST004719,2022-04-25 17:37:03,Mass Market,Netherlands,Paid
CUST004720,2022-04-03 22:35:44,SME,Germany,Paid
CUST004721,2025-03-02 18:26:19,Mass Market,Netherlands,Organic
CUST004722,2025-11-15 10:57:58,Mass Market,Germany,Paid
CUST004723,2024-11-22 01:59:24,Mass Market,Germany,Partner
CUST004724,2023-03-15 05:38:32,Mass Market,Austria,Paid
CUST004725,2025-06-20 06:55:04,Affluent,Germany,Partner
CUST004726,2022-04-09 20:46:26,Mass Market,Germany,Referral
CUST004727,2025-10-16 17:55:24,Affluent,Austria,Referral
CUST004728,2026-01-31 05:29:13,Affluent,Germany,Partner
CUST004729,2026-01-10 03:07:10,Affluent,Germany,Organic
CUST004730,2024-09-07 02:04:56,Affluent,Germany,Partner
CUST004731,2024-02-23 02:31:56,Mass Market,France,Referral
CUST004732,2023-06-24 03:48:28,Mass Market,Germany,Organic
CUST004733,2026-03-22 02:20:48,Affluent,Germany,Branch
CUST004734,2025-03-11 20:11:50,Mass Market,Netherlands,Branch
CUST004735,2022-11-15 12:09:46,Mass Market,Germany,Partner
CUST004736,2026-05-20 01:21:20,Mass Market,France,Organic
CUST004737,2022-04-09 23:46:13,Mass Market,Germany,Partner
CUST004738,2024-09-09 08:04:26,Affluent,Germany,Paid
CUST004739,2022-11-15 14:07:06,Mass Market,France,Paid
CUST004740,2025-01-15 18:49:51,Mass Market,Germany,Organic
CUST004741,2023-11-21 22:54:59,SME,Germany,Partner
CUST004742,2024-01-01 21:04:26,Mass Market,Germany,Partner
CUST004743,2025-01-27 19:40:14,Affluent,Germany,Paid
CUST004744,2025-06-18 05:36:57,Mass Market,Germany,Paid
CUST004745,2023-09-28 10:20:48,Mass Market,Germany,Paid
CUST004746,2026-07-27 02:23:49,Mass Market,Germany,Paid
CUST004747,2024-04-13 10:41:42,Mass Market,Germany,Paid
CUST004748,2022-09-26 04:06:10,Mass Market,Germany,Organic
CUST004749,2022-01-11 16:45:57,Mass Market,Netherlands,Paid
CUST004750,2022-12-05 10:07:08,Mass Market,Germany,Organic
CUST004751,2024-06-20 22:33:30,Mass Market,France,Referral
CUST004752,2023-07-19 20:27:43,Mass Market,France,Paid
CUST004753,2024-03-15 20:37:54,Mass Market,Germany,Referral
CUST004754,2025-11-02 08:16:27,Affluent,Germany,Paid
CUST004755,2024-08-13 15:57:08,SME,Germany,Organic
CUST004756,2022-04-08 03:17:27,Affluent,France,Organic
CUST004757,2022-03-24 01:14:36,Mass Market,Germany,Organic
CUST004758,2024-03-16 23:43:18,Mass Market,Germany,Paid
CUST004759,2023-11-07 22:48:20,Mass Market,Belgium,Referral
CUST004760,2025-11-23 00:55:08,SME,Netherlands,Organic
CUST004761,2024-09-01 17:45:06,SME,Germany,Paid
CUST004762,2025-06-19 11:21:20,Mass Market,Belgium,Organic
CUST004763,2024-09-05 10:33:30,Mass Market,Germany,Paid
CUST004764,2023-08-01 07:21:48,Affluent,Germany,Partner
CUST004765,2025-01-04 01:29:49,Mass Market,Germany,Organic
CUST004766,2024-11-05 00:41:17,Mass Market,Austria,Organic
CUST004767,2025-04-19 04:49:43,Mass Market,Germany,Referral
CUST004768,2022-11-13 09:51:43,Affluent,Netherlands,Paid
CUST004769,2024-12-08 16:00:22,Mass Market,France,Paid
CUST004770,2023-04-23 07:20:24,Mass Market,Germany,Partner
CUST004771,2025-08-14 06:52:38,Mass Market,Germany,Organic
CUST004772,2025-08-28 03:12:14,Mass Market,Germany,Referral
CUST004773,2024-11-10 14:23:41,Affluent,Netherlands,Referral
CUST004774,2026-05-02 21:06:06,Affluent,Germany,Paid
CUST004775,2024-06-17 17:06:26,Mass Market,France,Paid
CUST004776,2022-02-12 00:43:54,Mass Market,Germany,Paid
CUST004777,2024-10-10 13:27:01,Affluent,Netherlands,Referral
CUST004778,2025-07-24 07:24:32,Affluent,France,Organic
CUST004779,2022-06-19 04:41:14,Mass Market,France,Partner
CUST004780,2022-06-24 21:24:43,Mass Market,Germany,Paid
CUST004781,2023-04-02 17:13:32,Mass Market,Germany,Referral
CUST004782,2025-11-12 13:56:30,Affluent,Germany,Branch
CUST004783,2024-05-31 19:29:54,Mass Market,Germany,Organic
CUST004784,2026-06-21 14:34:38,Mass Market,France,Paid
CUST004785,2025-12-30 15:13:51,Affluent,Germany,Paid
CUST004786,2024-07-16 16:22:04,Mass Market,Germany,Partner
CUST004787,2025-02-09 08:58:51,SME,Germany,Organic
CUST004788,2023-07-08 10:26:30,Mass Market,Germany,Partner
CUST004789,2022-06-01 03:53:43,Mass Market,France,Partner
CUST004790,2023-10-29 16:32:49,SME,France,Branch
CUST004791,2024-09-17 06:48:33,SME,Germany,Partner
CUST004792,2022-11-01 15:01:21,SME,Germany,Partner
CUST004793,2023-01-06 17:54:07,Affluent,France,Organic
CUST004794,2022-01-26 01:41:02,Mass Market,France,Organic
CUST004795,2025-05-12 06:36:59,Mass Market,Belgium,Partner
CUST004796,2026-02-12 20:17:30,Mass Market,Netherlands,Partner
CUST004797,2025-10-15 11:32:47,SME,Belgium,Referral
CUST004798,2023-09-28 08:31:18,Mass Market,Belgium,Paid
CUST004799,2024-09-19 06:12:47,Affluent,Belgium,Organic
CUST004800,2026-05-26 11:09:00,SME,France,Organic
CUST004801,2024-09-15 18:11:55,SME,France,Paid
CUST004802,2023-05-10 17:22:30,SME,Netherlands,Paid
CUST004803,2023-07-21 02:59:50,Mass Market,Germany,Organic
CUST004804,2025-04-30 18:21:41,Mass Market,Germany,Organic
CUST004805,2024-01-17 03:07:15,SME,Belgium,Paid
CUST004806,2025-10-31 23:24:05,Mass Market,France,Paid
CUST004807,2025-12-15 18:56:24,Mass Market,Germany,Branch
CUST004808,2022-03-01 21:56:06,SME,Germany,Referral
CUST004809,2025-04-24 09:23:53,Mass Market,Germany,Organic
CUST004810,2023-09-11 13:43:58,Mass Market,Germany,Referral
CUST004811,2024-05-19 00:40:29,Mass Market,France,Paid
CUST004812,2023-03-19 17:38:42,Mass Market,Germany,Branch
CUST004813,2023-09-08 16:25:45,SME,Germany,Partner
CUST004814,2023-07-07 09:29:58,Mass Market,Germany,Organic
CUST004815,2022-03-26 05:38:17,Mass Market,Germany,Organic
CUST004816,2025-08-01 19:02:55,Mass Market,Germany,Branch
CUST004817,2022-08-28 02:36:03,Affluent,Germany,Branch
CUST004818,2023-09-21 08:02:16,Affluent,France,Paid
CUST004819,2022-11-19 17:42:53,Mass Market,Germany,Partner
CUST004820,2022-09-26 12:56:04,Mass Market,Belgium,Paid
CUST004821,2023-09-17 07:08:05,Mass Market,France,Referral
CUST004822,2026-03-17 04:14:10,Mass Market,Germany,Paid
CUST004823,2026-04-28 14:35:46,Mass Market,Germany,Organic
CUST004824,2023-10-01 04:51:58,Mass Market,Germany,Paid
CUST004825,2024-04-24 14:47:43,Mass Market,Germany,Partner
CUST004826,2026-07-07 02:06:52,Mass Market,Belgium,Paid
CUST004827,2023-01-28 15:39:57,Mass Market,France,Referral
CUST004828,2022-06-26 19:32:29,Mass Market,Netherlands,Branch
CUST004829,2023-01-13 15:04:36,Mass Market,France,Organic
CUST004830,2023-07-20 15:31:26,Affluent,Belgium,Branch
CUST004831,2022-03-04 00:06:53,Mass Market,Belgium,Partner
CUST004832,2025-09-25 21:38:20,Mass Market,Germany,Partner
CUST004833,2025-12-01 06:07:55,SME,Germany,Organic
CUST004834,2023-10-03 22:46:46,Mass Market,Germany,Paid
CUST004835,2025-10-30 10:29:40,Affluent,Germany,Branch
CUST004836,2025-07-15 15:06:46,Mass Market,France,Partner
CUST004837,2025-09-01 22:48:05,Affluent,Germany,Partner
CUST004838,2025-09-04 02:56:42,Mass Market,Netherlands,Organic
CUST004839,2024-08-16 20:41:48,Mass Market,Germany,Paid
CUST004840,2022-07-05 07:00:57,Affluent,Netherlands,Paid
CUST004841,2026-03-25 01:39:51,Affluent,Germany,Partner
CUST004842,2024-10-14 16:17:54,Mass Market,Germany,Referral
CUST004843,2026-02-15 21:55:58,Affluent,Belgium,Paid
CUST004844,2026-05-23 14:36:24,Mass Market,Germany,Organic
CUST004845,2022-11-09 22:27:30,Affluent,Netherlands,Organic
CUST004846,2022-11-18 20:23:52,Affluent,Belgium,Organic
CUST004847,2022-03-27 04:17:03,Mass Market,Germany,Organic
CUST004848,2026-06-04 19:57:22,Affluent,Germany,Paid
CUST004849,2026-03-24 18:17:25,SME,Germany,Referral
CUST004850,2026-04-07 20:56:46,Affluent,Germany,Paid
CUST004851,2026-01-17 11:45:37,Mass Market,Austria,Referral
CUST004852,2024-12-20 17:59:14,Affluent,Netherlands,Branch
CUST004853,2024-05-23 00:29:31,Mass Market,Germany,Organic
CUST004854,2026-07-16 17:51:53,Mass Market,France,Partner
CUST004855,2024-07-12 08:48:47,Affluent,Belgium,Organic
CUST004856,2024-12-10 03:29:12,Mass Market,Germany,Organic
CUST004857,2022-12-21 00:44:49,Affluent,Germany,Organic
CUST004858,2025-06-02 11:54:21,Mass Market,Belgium,Organic
CUST004859,2025-10-02 02:55:11,Mass Market,Netherlands,Partner
CUST004860,2025-02-08 11:57:44,SME,Germany,Partner
CUST004861,2024-04-13 15:49:20,Mass Market,Germany,Partner
CUST004862,2022-11-27 20:03:00,Mass Market,Germany,Partner
CUST004863,2022-02-26 15:26:53,Mass Market,France,Referral
CUST004864,2024-11-14 20:42:17,Mass Market,France,Referral
CUST004865,2025-02-16 00:01:26,Mass Market,Germany,Referral
CUST004866,2025-07-15 19:30:29,Mass Market,Netherlands,Partner
CUST004867,2026-05-09 05:30:51,SME,Germany,Paid
CUST004868,2024-04-11 14:06:37,SME,Netherlands,Paid
CUST004869,2025-10-18 08:09:03,Affluent,France,Paid
CUST004870,2025-04-12 15:19:57,Mass Market,Germany,Organic
CUST004871,2023-04-09 11:24:25,Affluent,Germany,Referral
CUST004872,2025-11-14 01:00:00,Mass Market,Germany,Branch
CUST004873,2022-03-31 03:49:44,Affluent,Netherlands,Branch
CUST004874,2024-09-28 08:15:39,Mass Market,France,Organic
CUST004875,2026-04-22 06:25:17,SME,Germany,Organic
CUST004876,2025-01-06 18:52:45,Mass Market,Austria,Organic
CUST004877,2026-04-16 18:27:10,Mass Market,Netherlands,Referral
CUST004878,2022-04-04 21:31:26,SME,Germany,Partner
CUST004879,2025-07-29 04:24:27,Mass Market,Germany,Referral
CUST004880,2024-12-09 22:54:47,Affluent,France,Branch
CUST004881,2026-01-12 06:10:01,Affluent,Germany,Organic
CUST004882,2024-02-13 11:12:54,Mass Market,Austria,Paid
CUST004883,2025-02-15 07:29:49,Mass Market,France,Referral
CUST004884,2023-12-03 20:20:40,Mass Market,Germany,Organic
CUST004885,2025-12-29 04:25:19,Affluent,Germany,Paid
CUST004886,2022-07-19 17:13:36,SME,Germany,Paid
CUST004887,2023-03-01 21:19:19,Mass Market,Germany,Partner
CUST004888,2022-06-11 18:30:01,Affluent,Germany,Branch
CUST004889,2025-03-19 21:53:00,Mass Market,Belgium,Organic
CUST004890,2023-01-25 03:04:32,Mass Market,Netherlands,Paid
CUST004891,2023-06-15 06:06:05,Affluent,Belgium,Branch
CUST004892,2025-10-30 20:43:11,Affluent,Germany,Paid
CUST004893,2023-08-26 05:24:42,Mass Market,Germany,Referral
CUST004894,2022-09-01 19:57:30,Mass Market,Netherlands,Branch
CUST004895,2022-02-05 01:30:22,Mass Market,Germany,Organic
CUST004896,2023-01-15 00:57:48,Mass Market,Germany,Organic
CUST004897,2026-03-10 08:29:37,Mass Market,Austria,Organic
CUST004898,2024-07-06 06:47:05,Affluent,Netherlands,Organic
CUST004899,2026-07-22 08:39:06,Mass Market,Belgium,Paid
CUST004900,2022-12-26 16:47:07,Mass Market,Germany,Organic
CUST004901,2023-08-11 16:09:00,Affluent,France,Paid
CUST004902,2022-09-30 21:09:28,Mass Market,Germany,Referral
CUST004903,2023-10-29 02:10:21,Mass Market,Germany,Organic
CUST004904,2024-07-30 20:45:14,SME,Germany,Paid
CUST004905,2025-09-13 04:35:55,Mass Market,Belgium,Organic
CUST004906,2023-09-08 10:50:48,Mass Market,Germany,Partner
CUST004907,2025-07-14 00:00:23,Mass Market,France,Paid
CUST004908,2024-11-12 22:31:11,Mass Market,Belgium,Organic
CUST004909,2023-05-03 21:50:51,Mass Market,Netherlands,Branch
CUST004910,2026-03-06 04:58:33,Mass Market,Germany,Referral
CUST004911,2023-12-28 01:23:31,Mass Market,France,Partner
CUST004912,2022-09-10 11:03:08,Affluent,Germany,Partner
CUST004913,2026-05-29 15:11:00,Mass Market,Germany,Paid
CUST004914,2026-03-08 06:15:57,Mass Market,Germany,Organic
CUST004915,2022-03-24 19:59:51,Mass Market,France,Paid
CUST004916,2026-02-17 23:07:02,SME,Netherlands,Referral
CUST004917,2026-05-04 00:22:12,Mass Market,Austria,Branch
CUST004918,2025-10-18 05:37:35,Affluent,Germany,Partner
CUST004919,2023-03-03 08:30:21,Mass Market,Germany,Paid
CUST004920,2024-11-21 12:14:28,SME,Germany,Partner
CUST004921,2024-06-18 22:31:50,Mass Market,Austria,Partner
CUST004922,2024-11-02 21:14:42,Mass Market,Belgium,Organic
CUST004923,2024-10-27 16:39:40,Mass Market,Austria,Paid
CUST004924,2024-12-04 18:19:32,Mass Market,Germany,Organic
CUST004925,2024-05-09 09:49:26,Affluent,Germany,Paid
CUST004926,2025-02-28 12:12:19,Mass Market,France,Referral
CUST004927,2024-05-30 11:40:03,Mass Market,Germany,Paid
CUST004928,2022-01-28 13:23:51,Mass Market,Germany,Partner
CUST004929,2022-02-28 23:47:39,Affluent,Germany,Paid
CUST004930,2026-05-21 22:20:20,Mass Market,Germany,Organic
CUST004931,2026-03-01 06:24:08,SME,Germany,Referral
CUST004932,2024-09-06 03:06:27,Affluent,Austria,Partner
CUST004933,2022-10-19 21:55:42,Mass Market,Netherlands,Referral
CUST004934,2025-07-30 14:39:40,Affluent,Netherlands,Partner
CUST004935,2022-08-28 13:57:23,Mass Market,Germany,Referral
CUST004936,2023-09-23 19:33:56,Mass Market,Netherlands,Organic
CUST004937,2023-07-06 12:36:51,Mass Market,Germany,Partner
CUST004938,2022-01-21 17:28:31,Mass Market,Germany,Paid
CUST004939,2025-09-11 07:42:27,Mass Market,Germany,Referral
CUST004940,2024-05-02 06:37:56,Mass Market,Germany,Partner
CUST004941,2023-06-13 18:35:25,Affluent,Belgium,Organic
CUST004942,2024-04-28 00:31:30,Mass Market,Belgium,Paid
CUST004943,2022-01-01 00:02:05,Mass Market,Germany,Referral
CUST004944,2024-01-01 15:30:22,Mass Market,France,Organic
CUST004945,2024-05-18 17:44:12,Mass Market,Germany,Partner
CUST004946,2023-07-23 00:09:57,Affluent,Germany,Referral
CUST004947,2025-10-20 09:30:52,Mass Market,France,Organic
CUST004948,2023-02-22 17:01:16,Mass Market,Netherlands,Partner
CUST004949,2022-08-19 10:37:41,Mass Market,Netherlands,Branch
CUST004950,2024-06-01 01:19:14,Affluent,Germany,Organic
CUST004951,2026-01-23 12:38:24,Mass Market,Germany,Organic
CUST004952,2023-09-20 11:09:40,Affluent,Germany,Partner
CUST004953,2022-03-19 22:58:26,Mass Market,Germany,Partner
CUST004954,2026-06-10 17:25:35,Mass Market,Germany,Referral
CUST004955,2024-01-13 20:46:34,Mass Market,Germany,Partner
CUST004956,2022-10-17 03:13:37,Mass Market,Germany,Partner
CUST004957,2024-10-26 07:23:43,Mass Market,Germany,Paid
CUST004958,2023-06-19 11:32:23,Mass Market,France,Organic
CUST004959,2026-04-17 23:42:18,Mass Market,Germany,Partner
CUST004960,2023-05-07 12:02:44,Mass Market,Germany,Organic
CUST004961,2024-07-08 19:50:39,Mass Market,Austria,Branch
CUST004962,2024-06-27 09:54:38,Mass Market,Belgium,Organic
CUST004963,2023-02-10 08:41:10,Mass Market,Germany,Organic
CUST004964,2024-04-14 19:07:05,Mass Market,Germany,Referral
CUST004965,2022-07-02 08:50:16,Mass Market,Germany,Organic
CUST004966,2024-12-12 08:01:02,Affluent,Austria,Paid
CUST004967,2025-06-21 21:47:14,Mass Market,Germany,Branch
CUST004968,2026-05-08 09:40:15,Mass Market,Germany,Referral
CUST004969,2023-06-29 16:55:10,Mass Market,Netherlands,Organic
CUST004970,2023-04-22 21:21:06,SME,Netherlands,Organic
CUST004971,2024-07-06 14:36:41,Mass Market,Germany,Partner
CUST004972,2025-03-04 07:32:15,Mass Market,Germany,Paid
CUST004973,2026-07-18 09:37:09,Mass Market,Germany,Organic
CUST004974,2022-02-11 20:48:47,Mass Market,Germany,Organic
CUST004975,2023-02-03 10:43:06,Affluent,Germany,Referral
CUST004976,2023-03-15 17:07:28,Mass Market,Netherlands,Paid
CUST004977,2023-03-03 23:58:03,Mass Market,Netherlands,Referral
CUST004978,2024-02-15 08:08:42,Mass Market,France,Organic
CUST004979,2025-12-30 12:08:23,SME,France,Partner
CUST004980,2022-02-21 19:45:31,Affluent,France,Paid
CUST004981,2025-09-26 02:05:26,SME,Germany,Paid
CUST004982,2024-10-29 17:50:24,Affluent,Netherlands,Partner
CUST004983,2025-02-08 03:14:53,Affluent,Germany,Organic
CUST004984,2022-07-12 23:06:54,Mass Market,Germany,Referral
CUST004985,2025-06-02 12:51:00,Mass Market,Germany,Referral
CUST004986,2023-02-19 21:01:42,Mass Market,Netherlands,Organic
CUST004987,2024-05-13 17:06:06,Mass Market,France,Partner
CUST004988,2025-02-05 17:45:53,Affluent,Germany,Branch
CUST004989,2024-10-06 19:05:29,Mass Market,Germany,Paid
CUST004990,2023-06-25 06:21:33,Mass Market,Belgium,Paid
CUST004991,2023-10-25 05:18:23,Mass Market,Germany,Referral
CUST004992,2024-03-07 17:26:31,Mass Market,Germany,Organic
CUST004993,2022-03-10 23:24:06,Mass Market,Netherlands,Partner
CUST004994,2025-04-28 22:37:34,Mass Market,France,Organic
CUST004995,2024-02-06 18:02:51,Mass Market,Germany,Partner
CUST004996,2024-12-31 03:40:35,Mass Market,Germany,Paid
CUST004997,2022-05-15 09:57:39,Mass Market,Austria,Organic
CUST004998,2023-09-23 17:14:03,Mass Market,Germany,Referral
CUST004999,2022-01-27 10:09:08,Affluent,Belgium,Paid
CUST005000,2025-01-06 05:39:41,Mass Market,Netherlands,Paid
CUST005001,2024-07-21 06:42:37,Mass Market,Belgium,Partner
CUST005002,2024-12-06 15:14:51,Affluent,Germany,Paid
CUST005003,2025-06-09 16:28:45,Affluent,Germany,Organic
CUST005004,2024-03-06 06:13:58,Mass Market,Germany,Partner
CUST005005,2025-10-14 08:49:13,Mass Market,Germany,Branch
CUST005006,2023-09-11 21:22:45,Mass Market,Germany,Organic
CUST005007,2024-06-30 13:58:56,Affluent,Germany,Referral
CUST005008,2022-09-23 00:55:00,Mass Market,Germany,Partner
CUST005009,2024-11-02 11:59:18,SME,France,Organic
CUST005010,2023-03-14 09:21:31,Affluent,Germany,Partner
CUST005011,2025-03-10 22:10:42,Mass Market,Germany,Paid
CUST005012,2025-09-01 08:42:57,Mass Market,Germany,Referral
CUST005013,2025-12-07 04:35:51,Affluent,France,Partner
CUST005014,2026-04-03 10:11:56,Affluent,Germany,Organic
CUST005015,2022-07-24 11:14:04,Affluent,Netherlands,Organic
CUST005016,2022-08-19 17:19:15,Mass Market,Germany,Paid
CUST005017,2023-09-29 17:51:19,Affluent,France,Paid
CUST005018,2022-02-13 12:01:34,Affluent,Netherlands,Branch
CUST005019,2023-04-25 20:19:36,SME,Germany,Referral
CUST005020,2025-10-30 03:01:24,Mass Market,France,Referral
CUST005021,2023-08-17 13:01:36,Mass Market,Belgium,Paid
CUST005022,2022-05-09 07:26:23,Mass Market,Germany,Organic
CUST005023,2025-04-22 08:47:55,Affluent,Germany,Referral
CUST005024,2022-11-22 10:02:27,SME,Austria,Organic
CUST005025,2023-08-13 21:13:48,Mass Market,Belgium,Organic
CUST005026,2022-01-07 12:15:51,Mass Market,France,Organic
CUST005027,2024-10-03 12:56:37,Mass Market,Germany,Branch
CUST005028,2024-01-15 11:15:39,Mass Market,Germany,Referral
CUST005029,2025-12-20 16:57:25,Affluent,Belgium,Organic
CUST005030,2023-07-14 01:10:01,Mass Market,France,Branch
CUST005031,2022-12-09 02:23:50,Mass Market,Germany,Referral
CUST005032,2022-10-05 12:57:48,SME,Germany,Partner
CUST005033,2022-12-01 15:58:14,Mass Market,Netherlands,Organic
CUST005034,2024-01-25 05:20:45,Mass Market,France,Paid
CUST005035,2022-05-26 17:48:59,Mass Market,Austria,Paid
CUST005036,2023-11-04 18:20:19,Mass Market,Germany,Partner
CUST005037,2025-11-30 00:40:11,Mass Market,Germany,Partner
CUST005038,2025-07-07 12:42:06,Mass Market,Germany,Organic
CUST005039,2024-12-01 11:57:48,Mass Market,Germany,Paid
CUST005040,2026-02-02 07:31:58,Mass Market,Germany,Paid
CUST005041,2025-07-28 12:28:16,Mass Market,Germany,Referral
CUST005042,2024-12-27 02:13:07,Mass Market,Germany,Organic
CUST005043,2025-12-14 01:09:50,Mass Market,Germany,Partner
CUST005044,2022-07-28 00:20:24,Mass Market,Netherlands,Branch
CUST005045,2025-09-30 03:04:22,Mass Market,Germany,Referral
CUST005046,2023-05-09 21:26:30,Affluent,Germany,Paid
CUST005047,2025-05-10 16:20:30,Mass Market,France,Referral
CUST005048,2026-03-08 01:38:11,Mass Market,Germany,Referral
CUST005049,2024-04-09 08:29:39,Mass Market,France,Referral
CUST005050,2022-05-29 08:44:15,Mass Market,Belgium,Organic
CUST005051,2023-09-12 00:31:39,Mass Market,France,Organic
CUST005052,2023-11-12 06:18:40,Mass Market,Germany,Organic
CUST005053,2026-04-16 05:17:57,Mass Market,Belgium,Organic
CUST005054,2026-04-25 20:49:31,Affluent,Austria,Partner
CUST005055,2024-08-08 11:24:06,Mass Market,Belgium,Organic
CUST005056,2026-05-09 12:16:43,Mass Market,Germany,Partner
CUST005057,2023-12-31 11:28:33,Affluent,France,Partner
CUST005058,2023-11-19 12:45:39,Mass Market,France,Paid
CUST005059,2025-10-30 15:20:06,Mass Market,Germany,Organic
CUST005060,2025-01-20 21:18:08,Mass Market,Germany,Paid
CUST005061,2024-02-03 16:17:14,Mass Market,Belgium,Organic
CUST005062,2025-03-25 18:34:12,Affluent,Germany,Branch
CUST005063,2025-06-13 18:51:52,Mass Market,Belgium,Paid
CUST005064,2024-03-31 06:23:37,Mass Market,Austria,Organic
CUST005065,2022-02-22 19:17:44,Affluent,Germany,Organic
CUST005066,2022-06-20 06:30:06,Mass Market,Germany,Partner
CUST005067,2022-08-30 00:44:17,Mass Market,Austria,Partner
CUST005068,2024-02-12 14:40:07,Mass Market,Germany,Branch
CUST005069,2024-10-23 22:34:10,Mass Market,Netherlands,Organic
CUST005070,2025-09-05 21:35:02,Mass Market,Germany,Organic
CUST005071,2023-01-24 19:51:25,Mass Market,Germany,Referral
CUST005072,2025-08-08 04:36:15,Mass Market,Germany,Paid
CUST005073,2025-01-18 15:20:47,Affluent,Germany,Paid
CUST005074,2022-03-28 08:53:41,Mass Market,Belgium,Branch
CUST005075,2023-08-11 05:52:25,Affluent,Germany,Partner
CUST005076,2023-05-22 01:09:09,Mass Market,Germany,Paid
CUST005077,2026-01-22 11:18:46,SME,France,Branch
CUST005078,2026-03-21 05:47:18,Mass Market,Austria,Organic
CUST005079,2025-10-01 19:14:26,Affluent,Germany,Organic
CUST005080,2024-06-01 19:50:30,Affluent,Netherlands,Organic
CUST005081,2024-04-04 00:35:42,Mass Market,Germany,Organic
CUST005082,2023-06-05 19:19:01,Mass Market,Belgium,Paid
CUST005083,2025-07-16 06:44:02,Affluent,Netherlands,Referral
CUST005084,2022-05-25 06:19:27,Affluent,Belgium,Branch
CUST005085,2023-03-30 08:13:15,Mass Market,France,Partner
CUST005086,2022-08-15 01:40:45,Affluent,Austria,Branch
CUST005087,2024-04-06 09:39:22,Mass Market,Germany,Paid
CUST005088,2023-05-17 04:36:25,Mass Market,Netherlands,Paid
CUST005089,2022-11-27 04:33:35,Mass Market,Netherlands,Organic
CUST005090,2023-09-22 08:43:49,Affluent,Germany,Paid
CUST005091,2025-12-10 09:38:24,Mass Market,Austria,Paid
CUST005092,2024-07-21 23:49:19,Mass Market,Netherlands,Organic
CUST005093,2025-10-08 04:03:26,Mass Market,Belgium,Branch
CUST005094,2026-03-09 01:10:04,Mass Market,Germany,Organic
CUST005095,2026-02-17 09:27:42,Mass Market,Belgium,Referral
CUST005096,2023-08-10 20:56:32,Mass Market,Germany,Organic
CUST005097,2026-01-07 03:23:46,Affluent,Austria,Paid
CUST005098,2026-03-01 11:26:34,Mass Market,Germany,Partner
CUST005099,2026-05-24 10:40:43,Mass Market,France,Organic
CUST005100,2023-08-10 21:02:33,Mass Market,Germany,Organic
CUST005101,2023-01-17 18:40:34,Mass Market,Netherlands,Partner
CUST005102,2024-09-03 21:44:30,Mass Market,Germany,Partner
CUST005103,2026-04-08 00:14:42,Mass Market,Belgium,Paid
CUST005104,2026-02-14 20:04:56,Mass Market,Belgium,Paid
CUST005105,2024-08-13 01:38:34,Mass Market,Germany,Organic
CUST005106,2022-09-07 12:39:54,Mass Market,Netherlands,Organic
CUST005107,2023-12-08 09:52:57,Affluent,France,Branch
CUST005108,2025-04-09 00:15:07,Mass Market,Germany,Organic
CUST005109,2024-07-25 22:41:01,Mass Market,Germany,Paid
CUST005110,2023-08-01 15:05:22,Mass Market,Germany,Partner
CUST005111,2023-07-27 19:56:50,Mass Market,Germany,Referral
CUST005112,2022-04-10 21:38:34,Mass Market,Germany,Organic
CUST005113,2023-04-28 11:03:18,Mass Market,France,Partner
CUST005114,2025-01-24 04:45:22,Mass Market,Germany,Partner
CUST005115,2023-02-08 11:27:42,Mass Market,Austria,Organic
CUST005116,2026-07-19 22:51:12,Mass Market,Germany,Organic
CUST005117,2022-05-18 19:40:13,Mass Market,Belgium,Referral
CUST005118,2024-09-11 10:19:05,SME,Netherlands,Paid
CUST005119,2024-04-10 06:09:22,Mass Market,Netherlands,Organic
CUST005120,2025-10-25 06:49:52,Mass Market,France,Partner
CUST005121,2026-01-24 08:06:01,Mass Market,Germany,Paid
CUST005122,2024-06-27 16:44:14,Mass Market,Belgium,Organic
CUST005123,2024-11-19 14:44:17,Mass Market,Netherlands,Organic
CUST005124,2025-03-14 15:36:47,Mass Market,Belgium,Paid
CUST005125,2024-05-21 01:42:36,Mass Market,Germany,Partner
CUST005126,2022-11-06 03:11:06,Mass Market,France,Paid
CUST005127,2023-12-18 14:34:35,Mass Market,Germany,Organic
CUST005128,2023-02-08 21:01:15,Mass Market,France,Partner
CUST005129,2024-02-16 11:30:30,Mass Market,Netherlands,Partner
CUST005130,2024-10-25 12:54:43,Affluent,Germany,Paid
CUST005131,2022-12-16 21:52:53,Mass Market,Germany,Organic
CUST005132,2023-02-22 00:55:50,SME,Germany,Organic
CUST005133,2025-10-07 22:46:15,SME,Germany,Branch
CUST005134,2023-09-24 13:37:48,Mass Market,Germany,Organic
CUST005135,2022-11-28 16:42:41,Mass Market,Germany,Paid
CUST005136,2025-04-07 10:14:13,Affluent,Germany,Partner
CUST005137,2025-04-13 04:38:16,Mass Market,France,Referral
CUST005138,2025-10-13 08:08:06,Mass Market,Netherlands,Branch
CUST005139,2025-06-24 16:40:42,Mass Market,Germany,Paid
CUST005140,2026-07-17 13:41:53,Mass Market,Germany,Branch
CUST005141,2024-08-19 04:20:41,Affluent,Netherlands,Organic
CUST005142,2023-04-25 13:35:30,Affluent,Germany,Referral
CUST005143,2025-12-13 19:30:34,Affluent,Germany,Organic
CUST005144,2023-03-19 18:31:00,Affluent,Germany,Branch
CUST005145,2023-05-02 15:16:06,Mass Market,Austria,Referral
CUST005146,2025-10-17 05:49:15,Mass Market,Germany,Referral
CUST005147,2026-01-14 01:32:09,SME,Austria,Partner
CUST005148,2023-07-22 09:04:43,SME,Germany,Organic
CUST005149,2025-05-04 13:46:58,Affluent,Germany,Paid
CUST005150,2026-03-23 05:52:50,Affluent,Germany,Organic
CUST005151,2025-08-28 12:13:59,Mass Market,Netherlands,Partner
CUST005152,2022-01-09 08:23:51,Mass Market,France,Organic
CUST005153,2025-01-16 04:15:16,Affluent,France,Organic
CUST005154,2022-10-12 01:23:54,Mass Market,Austria,Organic
CUST005155,2025-11-16 02:03:09,Mass Market,Germany,Referral
CUST005156,2022-04-23 02:11:28,Mass Market,Germany,Paid
CUST005157,2026-07-19 11:04:16,Mass Market,Netherlands,Paid
CUST005158,2022-10-24 11:50:49,Mass Market,Germany,Organic
CUST005159,2023-12-04 12:17:42,Mass Market,France,Paid
CUST005160,2023-01-27 09:21:44,Mass Market,Belgium,Paid
CUST005161,2025-09-22 20:48:30,Mass Market,Germany,Organic
CUST005162,2023-10-20 22:19:56,Mass Market,Germany,Partner
CUST005163,2025-05-29 22:29:47,Mass Market,France,Paid
CUST005164,2022-04-23 09:19:47,Mass Market,Germany,Branch
CUST005165,2024-01-28 04:46:26,Mass Market,Germany,Organic
CUST005166,2026-03-04 06:41:30,Mass Market,Germany,Paid
CUST005167,2026-03-30 20:36:34,Mass Market,Germany,Branch
CUST005168,2022-12-15 22:27:16,Mass Market,Germany,Branch
CUST005169,2023-10-22 11:31:25,Affluent,France,Paid
CUST005170,2023-11-16 00:57:02,Mass Market,Germany,Organic
CUST005171,2024-08-03 11:00:58,Mass Market,Germany,Paid
CUST005172,2022-06-27 03:15:17,Mass Market,Austria,Partner
CUST005173,2025-06-29 04:17:48,Mass Market,Germany,Organic
CUST005174,2023-01-13 11:54:25,Affluent,Germany,Organic
CUST005175,2023-06-11 13:57:04,SME,Belgium,Paid
CUST005176,2025-11-06 15:27:21,Mass Market,Germany,Organic
CUST005177,2025-02-27 02:22:15,SME,Belgium,Referral
CUST005178,2023-10-26 00:52:03,Mass Market,France,Organic
CUST005179,2026-03-06 15:45:15,Mass Market,France,Branch
CUST005180,2023-10-21 21:48:22,Mass Market,Germany,Paid
CUST005181,2024-08-03 12:11:56,Mass Market,Germany,Branch
CUST005182,2023-02-16 06:43:34,Mass Market,Belgium,Referral
CUST005183,2022-11-03 07:12:30,Mass Market,Germany,Organic
CUST005184,2024-04-01 23:20:22,Mass Market,Netherlands,Organic
CUST005185,2024-07-30 08:50:30,Mass Market,Belgium,Organic
CUST005186,2025-09-09 07:49:22,Mass Market,Netherlands,Partner
CUST005187,2023-10-16 14:12:05,Mass Market,Germany,Organic
CUST005188,2026-02-05 17:08:44,Mass Market,Netherlands,Partner
CUST005189,2024-10-12 13:07:09,Mass Market,Netherlands,Referral
CUST005190,2022-04-28 05:33:06,Mass Market,Germany,Paid
CUST005191,2025-05-20 18:39:56,Mass Market,Belgium,Partner
CUST005192,2024-08-19 02:24:22,Affluent,Germany,Branch
CUST005193,2023-10-13 23:58:38,Mass Market,Austria,Referral
CUST005194,2024-02-21 06:44:44,Mass Market,Germany,Organic
CUST005195,2023-05-20 14:16:38,SME,Germany,Organic
CUST005196,2024-10-24 01:54:07,Mass Market,France,Paid
CUST005197,2024-08-05 22:37:42,Mass Market,Germany,Organic
CUST005198,2024-01-18 20:16:43,Mass Market,Germany,Paid
CUST005199,2023-04-22 20:23:07,Mass Market,Germany,Branch
CUST005200,2023-10-29 12:49:09,Mass Market,Belgium,Paid
CUST005201,2024-04-12 09:14:20,Mass Market,Germany,Organic
CUST005202,2024-02-28 23:37:45,Mass Market,France,Organic
CUST005203,2023-06-02 03:15:57,SME,France,Branch
CUST005204,2024-08-31 02:27:39,Mass Market,Germany,Organic
CUST005205,2023-01-14 18:55:09,Mass Market,Germany,Organic
CUST005206,2024-04-17 15:27:15,Affluent,Germany,Partner
CUST005207,2022-07-23 05:32:18,Mass Market,Austria,Paid
CUST005208,2024-02-29 10:12:45,Affluent,Netherlands,Paid
CUST005209,2025-08-03 19:33:12,Mass Market,Austria,Partner
CUST005210,2025-09-29 10:05:43,Mass Market,Netherlands,Partner
CUST005211,2025-03-07 12:39:53,SME,Belgium,Organic
CUST005212,2025-05-31 17:21:45,Mass Market,Austria,Paid
CUST005213,2022-04-21 06:26:10,Affluent,Germany,Partner
CUST005214,2023-07-25 18:50:10,Mass Market,Belgium,Paid
CUST005215,2024-12-29 21:45:30,Affluent,Germany,Branch
CUST005216,2025-08-31 13:33:30,Mass Market,Germany,Organic
CUST005217,2024-09-01 12:34:02,Mass Market,Germany,Paid
CUST005218,2025-11-28 07:17:38,Mass Market,Germany,Partner
CUST005219,2023-04-02 13:30:30,SME,Germany,Paid
CUST005220,2022-09-14 15:20:06,Mass Market,France,Organic
CUST005221,2022-05-25 10:16:43,Mass Market,France,Paid
CUST005222,2024-09-01 05:52:54,Affluent,Belgium,Branch
CUST005223,2025-01-17 04:31:33,Mass Market,Germany,Paid
CUST005224,2023-04-23 00:59:58,Mass Market,Germany,Organic
CUST005225,2025-08-03 06:35:49,Mass Market,Netherlands,Organic
CUST005226,2025-05-20 21:30:24,Mass Market,France,Paid
CUST005227,2023-08-26 03:26:22,Mass Market,Belgium,Organic
CUST005228,2023-02-04 05:58:39,Mass Market,Germany,Referral
CUST005229,2025-05-26 03:42:32,Mass Market,Germany,Branch
CUST005230,2025-01-27 14:04:50,Mass Market,Austria,Branch
CUST005231,2022-10-13 13:18:16,Mass Market,Germany,Paid
CUST005232,2023-03-03 13:38:31,Mass Market,France,Paid
CUST005233,2024-03-23 12:52:17,Affluent,Germany,Paid
CUST005234,2024-05-04 15:10:36,Mass Market,Germany,Organic
CUST005235,2022-10-05 11:35:31,Mass Market,Belgium,Partner
CUST005236,2026-05-06 03:17:07,Mass Market,Germany,Organic
CUST005237,2023-10-12 19:41:59,Mass Market,Germany,Organic
CUST005238,2023-09-30 13:06:32,Affluent,Netherlands,Referral
CUST005239,2022-04-12 05:02:30,Mass Market,Germany,Referral
CUST005240,2026-01-04 05:38:02,Affluent,Germany,Branch
CUST005241,2023-01-29 03:51:18,Mass Market,France,Paid
CUST005242,2026-07-09 04:06:43,Affluent,Germany,Referral
CUST005243,2024-04-09 08:10:45,Affluent,France,Paid
CUST005244,2026-01-02 18:00:53,Mass Market,Germany,Organic
CUST005245,2022-10-27 11:48:12,SME,Germany,Paid
CUST005246,2022-10-05 07:52:19,Affluent,Germany,Partner
CUST005247,2025-09-01 11:05:36,Mass Market,Belgium,Paid
CUST005248,2025-10-02 11:14:42,Mass Market,Germany,Referral
CUST005249,2024-06-27 01:15:07,Mass Market,Austria,Paid
CUST005250,2022-02-23 18:05:27,Mass Market,Germany,Branch
CUST005251,2026-04-27 21:43:24,Mass Market,Germany,Organic
CUST005252,2023-10-20 14:25:04,Mass Market,Netherlands,Partner
CUST005253,2026-04-14 23:11:09,Mass Market,Germany,Branch
CUST005254,2025-12-26 20:47:19,Mass Market,France,Partner
CUST005255,2025-11-24 16:35:23,Mass Market,Belgium,Referral
CUST005256,2025-02-25 14:14:55,Mass Market,Belgium,Partner
CUST005257,2025-01-30 16:12:18,Mass Market,Germany,Organic
CUST005258,2024-06-09 17:48:28,Affluent,Netherlands,Partner
CUST005259,2022-02-11 10:19:41,Mass Market,Germany,Partner
CUST005260,2023-10-11 12:12:27,SME,Netherlands,Organic
CUST005261,2025-05-06 11:09:45,Affluent,Germany,Paid
CUST005262,2025-09-20 03:51:06,Affluent,Germany,Organic
CUST005263,2024-07-24 14:16:24,Mass Market,France,Organic
CUST005264,2025-04-01 09:09:34,Affluent,Germany,Branch
CUST005265,2022-02-06 08:33:52,SME,Netherlands,Branch
CUST005266,2024-02-23 04:10:07,Affluent,Germany,Partner
CUST005267,2024-04-28 21:59:30,Mass Market,Germany,Paid
CUST005268,2026-02-01 05:36:41,Mass Market,France,Paid
CUST005269,2023-06-05 01:53:07,Mass Market,Germany,Organic
CUST005270,2023-01-20 11:21:14,Mass Market,Austria,Paid
CUST005271,2023-08-13 04:15:24,Mass Market,Germany,Referral
CUST005272,2022-10-12 21:28:13,Affluent,Germany,Paid
CUST005273,2024-07-22 16:26:40,Mass Market,Germany,Paid
CUST005274,2025-09-01 11:20:16,Mass Market,Germany,Organic
CUST005275,2026-06-14 04:11:20,Affluent,Germany,Branch
CUST005276,2022-05-04 01:38:11,Mass Market,Netherlands,Organic
CUST005277,2023-02-18 09:54:42,Mass Market,Germany,Paid
CUST005278,2023-05-18 18:59:03,Affluent,Austria,Paid
CUST005279,2023-02-22 10:46:22,Affluent,France,Paid
CUST005280,2025-10-15 05:10:33,Mass Market,France,Partner
CUST005281,2022-08-22 05:48:35,Mass Market,Germany,Partner
CUST005282,2022-02-19 17:20:40,Mass Market,Germany,Partner
CUST005283,2025-12-09 20:41:39,Mass Market,Germany,Organic
CUST005284,2026-05-27 15:48:31,Affluent,France,Branch
CUST005285,2023-01-14 12:52:49,Affluent,France,Partner
CUST005286,2023-07-11 12:49:18,Mass Market,Germany,Branch
CUST005287,2024-04-21 07:32:52,Mass Market,Germany,Organic
CUST005288,2024-05-29 09:15:36,Mass Market,Austria,Branch
CUST005289,2026-07-15 17:43:50,Mass Market,Germany,Partner
CUST005290,2023-11-07 17:52:21,Mass Market,Germany,Paid
CUST005291,2022-01-21 07:11:24,Mass Market,Germany,Organic
CUST005292,2023-12-08 20:23:19,Affluent,Germany,Organic
CUST005293,2024-07-19 10:40:25,Mass Market,Germany,Referral
CUST005294,2024-05-14 05:45:12,Mass Market,France,Paid
CUST005295,2024-05-06 13:08:04,Mass Market,France,Partner
CUST005296,2026-03-23 14:45:33,Affluent,France,Referral
CUST005297,2025-09-12 01:14:53,SME,Germany,Referral
CUST005298,2023-02-25 20:31:25,Mass Market,Germany,Paid
CUST005299,2023-08-18 00:44:15,Mass Market,Netherlands,Branch
CUST005300,2025-01-21 04:44:28,Affluent,Germany,Organic
CUST005301,2023-11-18 02:10:40,Mass Market,Germany,Referral
CUST005302,2023-12-18 06:55:15,Mass Market,Germany,Paid
CUST005303,2023-03-02 07:17:59,Mass Market,Netherlands,Organic
CUST005304,2025-11-10 09:08:24,Affluent,Germany,Paid
CUST005305,2025-08-05 00:47:56,Mass Market,Belgium,Referral
CUST005306,2022-08-17 12:01:32,Mass Market,Germany,Partner
CUST005307,2022-09-25 00:13:39,Mass Market,Austria,Organic
CUST005308,2023-10-20 20:38:43,Mass Market,Germany,Organic
CUST005309,2024-05-15 16:29:15,Mass Market,Netherlands,Partner
CUST005310,2026-02-01 22:29:29,Affluent,Germany,Organic
CUST005311,2026-02-11 20:09:17,Affluent,Belgium,Organic
CUST005312,2022-01-05 12:38:14,Mass Market,Germany,Referral
CUST005313,2025-03-29 00:58:43,Mass Market,Belgium,Paid
CUST005314,2023-05-15 12:36:14,Affluent,Netherlands,Organic
CUST005315,2022-11-27 17:24:09,Affluent,France,Paid
CUST005316,2024-07-17 00:44:12,Mass Market,Germany,Partner
CUST005317,2022-02-26 16:52:05,Mass Market,Germany,Partner
CUST005318,2023-07-13 14:31:06,Mass Market,Austria,Organic
CUST005319,2024-07-12 07:37:54,Mass Market,Austria,Paid
CUST005320,2023-03-31 20:37:45,Mass Market,Germany,Paid
CUST005321,2024-09-19 03:38:40,Mass Market,Germany,Paid
CUST005322,2024-02-09 04:23:03,Mass Market,Germany,Organic
CUST005323,2025-08-29 14:37:16,Affluent,Germany,Organic
CUST005324,2022-10-31 12:09:33,Affluent,Germany,Partner
CUST005325,2022-04-06 11:25:54,Affluent,Belgium,Organic
CUST005326,2023-03-06 12:40:39,Mass Market,Germany,Branch
CUST005327,2025-03-27 14:17:38,Mass Market,Belgium,Branch
CUST005328,2022-06-05 23:22:56,Mass Market,Austria,Paid
CUST005329,2024-08-19 21:26:09,Mass Market,Germany,Partner
CUST005330,2026-07-14 00:03:23,Mass Market,Germany,Partner
CUST005331,2022-06-05 16:17:28,Mass Market,France,Organic
CUST005332,2023-05-20 15:24:55,SME,Germany,Paid
CUST005333,2025-11-12 20:25:43,Affluent,Netherlands,Branch
CUST005334,2024-06-11 02:52:52,Mass Market,France,Organic
CUST005335,2022-10-20 13:30:38,Affluent,Germany,Partner
CUST005336,2022-12-23 08:28:29,Mass Market,Belgium,Partner
CUST005337,2025-07-02 18:22:33,Mass Market,Germany,Organic
CUST005338,2025-12-10 09:59:48,Mass Market,Germany,Paid
CUST005339,2023-08-26 20:45:24,Mass Market,Austria,Branch
CUST005340,2024-03-03 05:57:51,Mass Market,Germany,Organic
CUST005341,2025-08-01 18:38:50,Mass Market,Germany,Organic
CUST005342,2022-10-23 19:44:39,Mass Market,Germany,Organic
CUST005343,2022-12-11 21:19:08,SME,Germany,Referral
CUST005344,2025-07-18 20:24:18,Mass Market,Germany,Partner
CUST005345,2022-11-09 02:22:36,Mass Market,France,Paid
CUST005346,2025-07-12 19:07:48,Mass Market,Germany,Referral
CUST005347,2024-04-11 00:39:11,Mass Market,France,Branch
CUST005348,2026-07-14 08:05:11,Mass Market,Germany,Organic
CUST005349,2022-02-25 01:39:22,Mass Market,Germany,Referral
CUST005350,2026-05-01 15:15:57,Affluent,Austria,Paid
CUST005351,2023-01-12 16:43:53,Mass Market,Netherlands,Organic
CUST005352,2022-02-28 15:43:00,Mass Market,Netherlands,Organic
CUST005353,2025-04-25 13:09:49,Mass Market,Germany,Paid
CUST005354,2024-06-09 09:17:38,Affluent,Germany,Branch
CUST005355,2025-11-01 02:31:27,Mass Market,Belgium,Paid
CUST005356,2022-07-01 04:01:03,Mass Market,Belgium,Partner
CUST005357,2022-05-16 01:45:18,SME,Netherlands,Organic
CUST005358,2024-08-06 10:34:23,Mass Market,Germany,Organic
CUST005359,2026-01-14 20:00:51,Mass Market,Germany,Branch
CUST005360,2023-11-10 10:27:42,Mass Market,Germany,Referral
CUST005361,2025-08-26 10:46:13,Mass Market,Germany,Paid
CUST005362,2026-02-24 04:23:20,SME,Germany,Organic
CUST005363,2025-12-25 02:41:29,Mass Market,Germany,Organic
CUST005364,2024-04-30 11:51:09,Mass Market,Germany,Branch
CUST005365,2025-03-13 18:32:27,Mass Market,France,Organic
CUST005366,2024-05-28 21:55:50,Mass Market,France,Organic
CUST005367,2025-02-01 04:24:51,Mass Market,France,Partner
CUST005368,2024-08-06 04:04:10,Affluent,Germany,Branch
CUST005369,2024-05-27 22:56:28,Mass Market,Germany,Organic
CUST005370,2024-01-01 08:14:31,Affluent,Austria,Referral
CUST005371,2024-12-27 11:02:44,Affluent,Germany,Paid
CUST005372,2025-06-09 20:06:34,Mass Market,Belgium,Partner
CUST005373,2026-03-17 18:01:57,Affluent,Germany,Organic
CUST005374,2024-10-22 07:38:10,Affluent,France,Referral
CUST005375,2022-06-18 01:44:48,Mass Market,Germany,Partner
CUST005376,2024-09-09 06:20:32,Mass Market,France,Branch
CUST005377,2023-06-12 22:59:49,Mass Market,Belgium,Paid
CUST005378,2022-02-14 19:57:32,Mass Market,Germany,Branch
CUST005379,2022-05-02 03:28:23,Affluent,Netherlands,Paid
CUST005380,2024-09-15 15:46:12,Mass Market,Belgium,Paid
CUST005381,2026-04-29 17:08:30,Mass Market,Netherlands,Organic
CUST005382,2024-04-25 07:34:04,Mass Market,Germany,Referral
CUST005383,2024-01-15 11:36:45,Mass Market,Germany,Paid
CUST005384,2022-05-29 05:46:12,Affluent,Belgium,Partner
CUST005385,2025-02-03 04:13:22,Affluent,Netherlands,Partner
CUST005386,2022-04-03 17:56:34,Affluent,Austria,Referral
CUST005387,2025-11-07 08:27:57,Mass Market,Germany,Partner
CUST005388,2025-09-27 00:43:50,Mass Market,Netherlands,Partner
CUST005389,2026-07-15 22:51:28,Affluent,Netherlands,Paid
CUST005390,2023-04-21 07:39:28,Mass Market,Belgium,Partner
CUST005391,2022-09-28 12:00:23,Mass Market,France,Paid
CUST005392,2023-05-16 19:44:05,Mass Market,Germany,Referral
CUST005393,2025-08-29 18:50:30,Mass Market,France,Referral
CUST005394,2023-01-01 20:54:04,Mass Market,France,Paid
CUST005395,2026-01-23 18:30:21,Mass Market,Germany,Organic
CUST005396,2022-09-15 19:11:48,Mass Market,Germany,Paid
CUST005397,2022-03-23 17:16:16,Affluent,Belgium,Referral
CUST005398,2023-01-02 18:22:54,Mass Market,Germany,Branch
CUST005399,2025-06-14 20:08:45,Mass Market,Germany,Organic
CUST005400,2024-10-04 00:16:36,Affluent,France,Branch
CUST005401,2023-08-17 02:25:03,Mass Market,Austria,Organic
CUST005402,2025-01-01 21:28:07,Mass Market,France,Branch
CUST005403,2024-12-20 10:53:31,SME,Germany,Branch
CUST005404,2024-07-16 11:50:39,Affluent,Germany,Paid
CUST005405,2024-05-09 11:43:33,Mass Market,Germany,Branch
CUST005406,2022-06-19 16:43:35,Affluent,Germany,Paid
CUST005407,2023-03-11 06:56:13,Mass Market,Netherlands,Paid
CUST005408,2024-06-01 07:26:06,Mass Market,Germany,Referral
CUST005409,2022-08-15 02:09:46,Mass Market,Germany,Organic
CUST005410,2024-03-06 14:27:15,Mass Market,Belgium,Organic
CUST005411,2022-07-15 12:51:30,Mass Market,Germany,Organic
CUST005412,2025-08-09 06:07:03,Mass Market,Germany,Partner
CUST005413,2022-06-22 18:08:22,Affluent,Germany,Partner
CUST005414,2022-06-04 17:24:16,Mass Market,Germany,Referral
CUST005415,2024-12-02 09:14:19,Mass Market,Germany,Branch
CUST005416,2023-01-04 17:30:42,Affluent,Austria,Referral
CUST005417,2023-08-11 13:24:52,SME,Belgium,Partner
CUST005418,2023-06-10 10:35:47,Mass Market,Netherlands,Branch
CUST005419,2022-12-29 05:03:59,Affluent,France,Organic
CUST005420,2025-06-27 16:47:07,Affluent,Germany,Partner
CUST005421,2025-03-02 19:57:53,Mass Market,Belgium,Organic
CUST005422,2023-02-04 05:37:44,Mass Market,Germany,Organic
CUST005423,2025-02-22 09:53:57,Mass Market,Germany,Organic
CUST005424,2025-04-07 22:12:28,Mass Market,Germany,Organic
CUST005425,2024-06-20 11:44:42,Mass Market,Germany,Branch
CUST005426,2024-08-25 01:30:31,Mass Market,Germany,Paid
CUST005427,2026-04-13 05:59:14,Affluent,Germany,Branch
CUST005428,2024-01-29 21:16:30,Mass Market,Germany,Paid
CUST005429,2023-10-07 09:54:08,Mass Market,Germany,Partner
CUST005430,2024-06-20 05:02:01,Affluent,Germany,Paid
CUST005431,2025-10-29 13:30:33,SME,France,Branch
CUST005432,2025-04-01 10:17:28,Affluent,Germany,Organic
CUST005433,2022-05-06 15:11:38,Mass Market,France,Partner
CUST005434,2024-02-07 21:53:28,Mass Market,Germany,Branch
CUST005435,2025-05-21 23:56:31,Mass Market,Germany,Referral
CUST005436,2023-01-10 09:21:51,Mass Market,France,Referral
CUST005437,2026-07-11 16:25:04,Mass Market,France,Organic
CUST005438,2025-09-13 03:45:48,Affluent,Germany,Paid
CUST005439,2025-11-16 12:17:35,Mass Market,France,Organic
CUST005440,2022-05-17 15:27:31,Mass Market,Netherlands,Paid
CUST005441,2024-08-27 04:47:09,Mass Market,Germany,Organic
CUST005442,2024-06-01 11:03:31,Mass Market,France,Referral
CUST005443,2024-11-13 22:52:07,Mass Market,Germany,Branch
CUST005444,2025-11-22 15:18:12,Affluent,Belgium,Partner
CUST005445,2023-08-14 16:48:10,Mass Market,Germany,Referral
CUST005446,2024-06-11 19:30:05,Affluent,Austria,Paid
CUST005447,2025-02-10 02:22:58,Mass Market,France,Organic
CUST005448,2025-06-13 07:56:12,Mass Market,France,Partner
CUST005449,2025-07-12 02:25:33,SME,Germany,Organic
CUST005450,2023-07-18 08:34:45,Mass Market,France,Paid
CUST005451,2026-07-28 00:54:44,Mass Market,Germany,Branch
CUST005452,2022-01-17 02:06:59,Mass Market,Germany,Paid
CUST005453,2024-04-03 09:33:06,Mass Market,Germany,Organic
CUST005454,2024-10-14 20:38:09,Mass Market,France,Organic
CUST005455,2022-04-13 12:00:34,Mass Market,Netherlands,Partner
CUST005456,2024-01-25 08:11:41,Mass Market,Austria,Organic
CUST005457,2024-09-23 06:35:16,Mass Market,Germany,Partner
CUST005458,2024-10-12 22:18:19,Mass Market,Belgium,Paid
CUST005459,2022-07-19 00:12:03,Affluent,Belgium,Referral
CUST005460,2023-04-09 23:51:53,Affluent,Belgium,Branch
CUST005461,2023-02-14 05:55:53,Mass Market,Netherlands,Organic
CUST005462,2024-12-05 22:47:49,Mass Market,Germany,Referral
CUST005463,2023-07-04 17:16:48,Mass Market,Belgium,Organic
CUST005464,2024-08-13 11:14:14,Mass Market,France,Organic
CUST005465,2025-05-07 06:46:00,Mass Market,Netherlands,Paid
CUST005466,2025-08-26 01:07:04,Affluent,Germany,Paid
CUST005467,2022-11-04 07:51:08,Mass Market,Germany,Branch
CUST005468,2026-02-19 16:53:02,Mass Market,Germany,Referral
CUST005469,2022-10-05 03:20:03,Mass Market,Germany,Branch
CUST005470,2022-02-06 13:54:31,Affluent,Germany,Organic
CUST005471,2022-03-17 04:19:30,Mass Market,Belgium,Partner
CUST005472,2022-12-03 03:19:29,Mass Market,Germany,Partner
CUST005473,2025-12-31 01:22:19,SME,Germany,Organic
CUST005474,2022-12-14 13:55:07,Mass Market,Germany,Referral
CUST005475,2025-03-05 12:59:08,Mass Market,Germany,Referral
CUST005476,2023-12-01 17:20:30,Mass Market,Germany,Branch
CUST005477,2022-03-08 18:58:18,Mass Market,Netherlands,Branch
CUST005478,2024-01-13 14:24:32,Mass Market,Austria,Organic
CUST005479,2022-02-17 07:18:49,Mass Market,Germany,Branch
CUST005480,2024-03-07 03:55:10,Mass Market,Germany,Branch
CUST005481,2024-07-23 02:28:55,Mass Market,Netherlands,Partner
CUST005482,2024-05-21 17:18:45,Affluent,Germany,Organic
CUST005483,2023-04-18 09:32:25,Affluent,Netherlands,Paid
CUST005484,2024-09-24 17:26:05,Affluent,France,Organic
CUST005485,2023-03-03 00:00:52,SME,Belgium,Organic
CUST005486,2023-12-28 15:47:46,Affluent,Germany,Branch
CUST005487,2022-07-01 10:08:00,Mass Market,Austria,Branch
CUST005488,2026-03-24 18:41:11,Mass Market,Austria,Branch
CUST005489,2025-06-13 02:23:05,Mass Market,Germany,Organic
CUST005490,2023-04-27 05:12:00,Mass Market,Germany,Partner
CUST005491,2025-02-02 11:07:21,Mass Market,Germany,Paid
CUST005492,2025-02-09 12:44:43,Mass Market,Germany,Paid
CUST005493,2024-10-16 09:06:15,Mass Market,Austria,Paid
CUST005494,2022-04-01 09:05:29,Mass Market,Germany,Branch
CUST005495,2026-01-08 21:26:08,Affluent,Germany,Referral
CUST005496,2026-05-18 04:46:17,Mass Market,Germany,Referral
CUST005497,2026-06-17 18:22:55,Mass Market,France,Organic
CUST005498,2026-06-28 19:50:08,Mass Market,Belgium,Paid
CUST005499,2026-04-02 23:50:59,Mass Market,France,Partner
CUST005500,2025-05-20 17:35:12,Mass Market,France,Partner
CUST005501,2022-04-06 02:21:07,Mass Market,Germany,Branch
CUST005502,2024-02-17 20:02:45,Mass Market,Netherlands,Organic
CUST005503,2023-02-14 21:18:14,Mass Market,Germany,Organic
CUST005504,2023-01-03 19:53:48,Mass Market,Germany,Branch
CUST005505,2025-10-20 19:00:18,SME,France,Paid
CUST005506,2025-09-20 12:39:20,Affluent,Austria,Paid
CUST005507,2024-05-22 21:32:25,Mass Market,Netherlands,Branch
CUST005508,2025-05-16 04:25:01,Mass Market,France,Referral
CUST005509,2022-08-05 07:13:00,Mass Market,Germany,Referral
CUST005510,2023-01-07 02:34:18,Affluent,Germany,Organic
CUST005511,2025-12-09 17:11:31,Mass Market,France,Partner
CUST005512,2024-01-25 10:22:02,Affluent,France,Paid
CUST005513,2024-07-02 23:09:03,Affluent,Netherlands,Partner
CUST005514,2024-02-13 19:11:44,Mass Market,France,Partner
CUST005515,2022-12-05 00:15:13,Mass Market,Germany,Organic
CUST005516,2025-10-13 18:12:09,Mass Market,Germany,Paid
CUST005517,2025-06-21 21:09:41,Mass Market,Germany,Paid
CUST005518,2025-02-17 09:19:10,Mass Market,Netherlands,Paid
CUST005519,2023-08-14 12:55:28,Affluent,Austria,Organic
CUST005520,2024-12-11 09:01:37,Mass Market,France,Branch
CUST005521,2026-05-13 20:09:33,Mass Market,France,Paid
CUST005522,2024-12-22 12:16:29,Mass Market,France,Paid
CUST005523,2024-04-06 10:07:03,SME,Germany,Partner
CUST005524,2023-03-29 05:25:24,Mass Market,Germany,Partner
CUST005525,2024-05-24 03:12:40,Mass Market,Germany,Paid
CUST005526,2023-09-14 12:01:45,Mass Market,Austria,Organic
CUST005527,2024-10-19 01:02:30,Mass Market,Germany,Organic
CUST005528,2022-03-18 08:20:10,Affluent,France,Organic
CUST005529,2022-11-14 22:59:56,SME,Germany,Organic
CUST005530,2025-08-08 18:22:26,Affluent,France,Partner
CUST005531,2023-09-29 13:36:35,Affluent,Germany,Paid
CUST005532,2023-12-25 23:21:08,Mass Market,Austria,Organic
CUST005533,2024-06-28 09:33:42,Mass Market,Germany,Partner
CUST005534,2024-01-03 17:37:43,Mass Market,Austria,Organic
CUST005535,2023-02-15 05:39:22,Mass Market,France,Branch
CUST005536,2025-06-22 02:27:15,Mass Market,Germany,Partner
CUST005537,2022-12-17 03:53:52,Affluent,Netherlands,Partner
CUST005538,2023-09-12 15:16:25,Mass Market,France,Organic
CUST005539,2024-09-09 20:07:06,Mass Market,Germany,Paid
CUST005540,2026-01-21 08:32:22,Mass Market,Netherlands,Paid
CUST005541,2023-01-24 19:53:14,Affluent,France,Branch
CUST005542,2024-09-09 02:42:26,Affluent,France,Organic
CUST005543,2022-04-18 08:34:22,Mass Market,Netherlands,Paid
CUST005544,2022-05-07 02:42:47,Affluent,France,Referral
CUST005545,2025-07-07 06:32:15,Affluent,Germany,Paid
CUST005546,2025-04-17 02:23:09,Mass Market,Germany,Partner
CUST005547,2023-09-22 10:57:55,Affluent,Germany,Branch
CUST005548,2024-11-07 14:49:47,Mass Market,France,Paid
CUST005549,2023-09-28 18:05:36,Mass Market,Germany,Organic
CUST005550,2023-04-09 13:18:24,Mass Market,Germany,Branch
CUST005551,2023-12-23 03:56:23,Mass Market,Netherlands,Organic
CUST005552,2023-06-06 10:15:26,Mass Market,Germany,Referral
CUST005553,2025-09-24 18:07:07,Mass Market,Germany,Organic
CUST005554,2023-11-20 07:29:41,Mass Market,Belgium,Organic
CUST005555,2023-06-21 10:32:34,Mass Market,Netherlands,Paid
CUST005556,2024-06-15 10:45:33,Mass Market,Netherlands,Referral
CUST005557,2025-06-21 10:28:37,Mass Market,Germany,Organic
CUST005558,2023-04-03 13:39:33,Mass Market,France,Organic
CUST005559,2026-04-20 22:03:19,Mass Market,Austria,Organic
CUST005560,2024-02-15 00:42:20,Affluent,Germany,Organic
CUST005561,2025-01-09 23:19:08,Affluent,Germany,Organic
CUST005562,2026-05-20 12:13:08,Mass Market,Germany,Branch
CUST005563,2023-12-23 18:29:54,Affluent,Belgium,Partner
CUST005564,2022-12-01 02:21:17,Mass Market,Germany,Paid
CUST005565,2025-06-04 07:18:21,SME,Germany,Organic
CUST005566,2022-01-12 01:40:16,Mass Market,France,Organic
CUST005567,2024-02-05 14:30:20,Mass Market,Austria,Paid
CUST005568,2026-06-27 13:04:26,Mass Market,Germany,Paid
CUST005569,2023-11-24 22:08:15,Mass Market,France,Branch
CUST005570,2025-02-17 19:17:47,Mass Market,Austria,Organic
CUST005571,2022-12-25 22:38:56,Mass Market,Germany,Paid
CUST005572,2023-06-16 05:33:42,Mass Market,France,Partner
CUST005573,2024-05-25 08:18:03,Mass Market,Germany,Paid
CUST005574,2022-06-24 07:21:09,Affluent,Germany,Referral
CUST005575,2023-11-25 16:45:13,Mass Market,Germany,Partner
CUST005576,2023-11-25 15:10:52,Affluent,Germany,Organic
CUST005577,2025-10-27 23:19:22,Mass Market,Germany,Referral
CUST005578,2022-07-27 02:07:44,SME,Netherlands,Paid
CUST005579,2025-11-09 23:34:34,Mass Market,Germany,Organic
CUST005580,2023-11-18 06:11:43,Affluent,Germany,Partner
CUST005581,2024-12-25 01:24:06,Affluent,France,Referral
CUST005582,2024-07-20 04:38:10,Affluent,Austria,Organic
CUST005583,2023-05-17 05:42:02,Affluent,Germany,Paid
CUST005584,2026-04-06 03:34:41,Mass Market,Germany,Branch
CUST005585,2023-01-11 07:18:46,Affluent,Germany,Partner
CUST005586,2022-03-02 13:31:46,Mass Market,Belgium,Paid
CUST005587,2025-06-08 04:58:52,Mass Market,Belgium,Paid
CUST005588,2024-11-05 01:52:58,SME,Germany,Partner
CUST005589,2026-01-28 23:31:02,Mass Market,Germany,Partner
CUST005590,2024-02-05 07:59:51,Mass Market,France,Organic
CUST005591,2022-01-29 03:47:40,Affluent,France,Paid
CUST005592,2022-02-03 21:02:18,Mass Market,Germany,Paid
CUST005593,2023-12-26 09:47:49,Mass Market,Germany,Referral
CUST005594,2023-02-22 05:52:09,Mass Market,Germany,Referral
CUST005595,2026-03-22 21:14:37,Affluent,France,Partner
CUST005596,2022-07-18 02:34:34,Affluent,Austria,Partner
CUST005597,2026-01-12 17:16:35,Mass Market,Germany,Paid
CUST005598,2022-12-29 11:30:55,Mass Market,Belgium,Referral
CUST005599,2022-07-19 15:21:35,Mass Market,Germany,Branch
CUST005600,2022-08-30 00:05:15,Mass Market,France,Referral
CUST005601,2023-11-02 23:37:14,Mass Market,Belgium,Referral
CUST005602,2023-07-07 12:40:21,SME,France,Branch
CUST005603,2024-06-16 23:25:20,Mass Market,Germany,Organic
CUST005604,2022-01-02 15:43:35,Mass Market,Germany,Paid
CUST005605,2022-09-28 15:29:37,Mass Market,Netherlands,Paid
CUST005606,2022-11-22 13:53:31,Mass Market,France,Paid
CUST005607,2022-06-06 10:37:54,Mass Market,Germany,Referral
CUST005608,2023-06-11 01:40:18,Mass Market,France,Paid
CUST005609,2024-07-08 01:17:38,Mass Market,Germany,Organic
CUST005610,2023-06-01 11:13:44,SME,Germany,Organic
CUST005611,2023-07-05 05:06:59,Mass Market,Belgium,Organic
CUST005612,2024-02-25 02:18:38,Mass Market,Germany,Paid
CUST005613,2024-07-05 22:06:15,Affluent,Germany,Organic
CUST005614,2023-07-08 09:02:45,Mass Market,Germany,Organic
CUST005615,2023-01-06 21:19:31,Mass Market,Austria,Paid
CUST005616,2023-11-16 11:38:35,Mass Market,Germany,Partner
CUST005617,2022-02-10 12:16:31,Mass Market,Germany,Partner
CUST005618,2024-04-03 13:53:40,Mass Market,Germany,Organic
CUST005619,2026-04-23 23:10:15,Mass Market,Germany,Branch
CUST005620,2023-10-28 08:18:23,Mass Market,Germany,Organic
CUST005621,2022-07-01 02:11:17,Mass Market,Germany,Partner
CUST005622,2025-03-28 05:43:15,Mass Market,Germany,Branch
CUST005623,2022-08-01 02:35:16,Mass Market,France,Branch
CUST005624,2022-11-20 18:22:25,Mass Market,Germany,Paid
CUST005625,2022-09-03 00:37:51,SME,Germany,Organic
CUST005626,2026-01-17 11:44:18,Mass Market,Netherlands,Referral
CUST005627,2026-06-29 16:39:51,Mass Market,Germany,Partner
CUST005628,2024-08-10 10:28:10,Mass Market,Germany,Referral
CUST005629,2024-10-29 17:28:12,Mass Market,Austria,Paid
CUST005630,2024-12-15 04:56:13,Mass Market,France,Branch
CUST005631,2024-10-17 09:42:54,Mass Market,France,Branch
CUST005632,2024-06-28 17:44:40,Mass Market,Germany,Referral
CUST005633,2026-07-08 18:13:31,Mass Market,Austria,Branch
CUST005634,2025-05-10 19:07:44,Affluent,Germany,Paid
CUST005635,2022-05-28 20:52:15,Mass Market,Germany,Organic
CUST005636,2023-10-18 07:51:01,Affluent,Netherlands,Partner
CUST005637,2026-06-18 08:46:18,Mass Market,Germany,Partner
CUST005638,2023-11-06 22:06:02,Mass Market,France,Paid
CUST005639,2022-12-08 02:38:22,Mass Market,Germany,Organic
CUST005640,2025-12-23 02:46:07,Mass Market,Germany,Partner
CUST005641,2024-11-07 18:36:47,Affluent,France,Organic
CUST005642,2024-07-29 14:50:15,Mass Market,France,Referral
CUST005643,2023-12-04 09:06:47,Mass Market,France,Branch
CUST005644,2022-07-27 22:49:21,Mass Market,Germany,Organic
CUST005645,2023-10-04 23:13:06,Mass Market,Germany,Referral
CUST005646,2024-01-02 11:05:30,Affluent,Netherlands,Organic
CUST005647,2026-04-07 00:55:56,Mass Market,Germany,Paid
CUST005648,2023-05-29 18:10:00,Affluent,France,Branch
CUST005649,2023-12-16 19:50:43,Affluent,Germany,Organic
CUST005650,2026-07-26 02:23:06,Mass Market,Germany,Organic
CUST005651,2024-03-17 05:51:13,Mass Market,Germany,Branch
CUST005652,2023-09-26 21:31:49,Mass Market,Netherlands,Organic
CUST005653,2025-01-20 00:44:27,Mass Market,Germany,Paid
CUST005654,2024-12-20 18:02:21,Mass Market,Germany,Paid
CUST005655,2023-05-16 09:44:25,Affluent,Austria,Organic
CUST005656,2026-06-07 08:09:40,SME,Germany,Organic
CUST005657,2024-09-18 09:42:06,Mass Market,Netherlands,Referral
CUST005658,2022-04-07 07:24:53,SME,Germany,Paid
CUST005659,2023-11-13 10:55:22,SME,Germany,Paid
CUST005660,2026-03-24 00:42:04,Mass Market,Germany,Partner
CUST005661,2023-10-20 16:39:47,Affluent,Germany,Paid
CUST005662,2024-08-07 09:08:06,Mass Market,Netherlands,Paid
CUST005663,2024-10-21 07:32:04,Mass Market,Germany,Branch
CUST005664,2025-03-23 18:02:16,Mass Market,France,Referral
CUST005665,2025-12-29 12:18:56,Mass Market,Netherlands,Partner
CUST005666,2022-09-07 10:27:46,Affluent,France,Paid
CUST005667,2024-05-13 23:58:31,Mass Market,Germany,Referral
CUST005668,2024-06-10 19:46:14,Affluent,Germany,Partner
CUST005669,2022-09-12 19:19:40,Mass Market,Germany,Paid
CUST005670,2025-01-31 02:45:30,Mass Market,Belgium,Paid
CUST005671,2022-07-17 13:14:37,Mass Market,France,Organic
CUST005672,2023-07-07 04:13:39,Mass Market,France,Branch
CUST005673,2022-09-17 03:14:42,Mass Market,Germany,Partner
CUST005674,2025-10-06 22:03:26,Mass Market,Germany,Paid
CUST005675,2023-02-13 04:00:36,Mass Market,Germany,Paid
CUST005676,2023-03-03 18:15:22,Mass Market,Germany,Branch
CUST005677,2025-11-29 13:04:26,Mass Market,Germany,Paid
CUST005678,2026-01-06 22:58:45,Mass Market,Germany,Referral
CUST005679,2022-02-27 15:15:07,Mass Market,Germany,Referral
CUST005680,2023-04-10 14:37:00,Mass Market,France,Branch
CUST005681,2025-03-31 05:13:02,Affluent,Germany,Paid
CUST005682,2025-07-25 01:09:29,Mass Market,Germany,Referral
CUST005683,2026-07-29 23:31:24,SME,Netherlands,Paid
CUST005684,2024-07-16 09:19:16,Mass Market,France,Branch
CUST005685,2022-01-13 12:16:39,Mass Market,Germany,Organic
CUST005686,2025-12-31 17:04:10,Affluent,Netherlands,Partner
CUST005687,2022-09-27 06:26:28,Affluent,Germany,Paid
CUST005688,2022-07-21 23:19:20,Mass Market,Germany,Referral
CUST005689,2024-10-06 13:57:10,Mass Market,Belgium,Organic
CUST005690,2022-04-11 07:18:43,Mass Market,Germany,Organic
CUST005691,2022-10-11 00:57:54,Mass Market,France,Referral
CUST005692,2024-09-13 03:05:32,Affluent,Germany,Paid
CUST005693,2023-03-03 22:39:24,Mass Market,Germany,Paid
CUST005694,2025-02-17 15:33:22,Mass Market,Germany,Organic
CUST005695,2023-11-20 11:13:36,Mass Market,Germany,Branch
CUST005696,2024-09-10 09:08:11,Mass Market,Germany,Partner
CUST005697,2024-03-05 03:03:09,Mass Market,Germany,Partner
CUST005698,2023-09-03 14:07:54,Mass Market,Germany,Branch
CUST005699,2023-07-27 12:05:15,Affluent,Germany,Referral
CUST005700,2025-03-11 20:32:38,Mass Market,Germany,Paid
CUST005701,2024-05-10 01:15:31,Mass Market,Germany,Organic
CUST005702,2024-09-20 15:50:48,Mass Market,Germany,Partner
CUST005703,2024-08-23 06:15:39,Mass Market,Germany,Partner
CUST005704,2022-12-14 04:03:51,Mass Market,Netherlands,Organic
CUST005705,2026-03-07 22:04:10,Mass Market,Austria,Branch
CUST005706,2024-07-30 13:30:11,SME,Germany,Paid
CUST005707,2025-04-15 14:29:24,SME,Germany,Paid
CUST005708,2026-01-14 13:10:22,Affluent,Belgium,Paid
CUST005709,2026-03-27 02:39:37,Affluent,France,Branch
CUST005710,2025-01-19 22:41:09,Mass Market,Austria,Organic
CUST005711,2025-08-09 01:22:41,Mass Market,Netherlands,Paid
CUST005712,2024-02-28 20:02:58,Mass Market,Netherlands,Paid
CUST005713,2023-06-22 16:31:36,Affluent,Germany,Branch
CUST005714,2025-04-05 02:23:27,Mass Market,Germany,Paid
CUST005715,2022-05-24 14:26:30,Mass Market,France,Paid
CUST005716,2026-03-09 16:10:19,Mass Market,France,Branch
CUST005717,2023-02-14 00:23:51,Mass Market,Netherlands,Partner
CUST005718,2025-01-02 18:34:54,Mass Market,Austria,Organic
CUST005719,2022-01-19 16:54:07,Mass Market,Germany,Organic
CUST005720,2022-09-18 08:33:17,Mass Market,Germany,Partner
CUST005721,2026-07-08 15:19:29,Mass Market,Belgium,Paid
CUST005722,2025-10-25 09:15:48,Affluent,Belgium,Organic
CUST005723,2023-01-07 23:46:04,Mass Market,Netherlands,Paid
CUST005724,2022-08-07 18:36:23,Mass Market,France,Branch
CUST005725,2025-09-24 11:20:30,Mass Market,Austria,Referral
CUST005726,2026-07-14 13:29:37,Mass Market,Germany,Partner
CUST005727,2022-10-09 23:22:54,Affluent,Germany,Organic
CUST005728,2025-01-15 02:43:54,Mass Market,Germany,Paid
CUST005729,2023-04-20 04:20:48,SME,Germany,Branch
CUST005730,2025-05-29 14:46:04,Mass Market,Netherlands,Partner
CUST005731,2023-12-01 08:37:56,Mass Market,Germany,Organic
CUST005732,2022-07-29 14:12:13,SME,France,Referral
CUST005733,2023-06-27 09:45:01,Mass Market,Germany,Organic
CUST005734,2024-06-19 13:51:52,Affluent,Netherlands,Paid
CUST005735,2025-08-27 20:13:17,Mass Market,Germany,Organic
CUST005736,2022-02-05 03:46:17,Mass Market,France,Branch
CUST005737,2026-05-21 06:19:15,Mass Market,Germany,Referral
CUST005738,2024-12-22 03:12:18,Mass Market,Germany,Paid
CUST005739,2026-01-03 11:49:01,Affluent,Germany,Paid
CUST005740,2026-04-05 01:11:46,Mass Market,France,Referral
CUST005741,2022-09-14 18:46:21,Mass Market,Germany,Organic
CUST005742,2022-06-06 17:13:20,Mass Market,Austria,Organic
CUST005743,2025-07-22 14:57:47,Mass Market,Belgium,Referral
CUST005744,2022-11-11 03:22:29,Mass Market,Germany,Referral
CUST005745,2022-09-05 08:48:49,SME,Germany,Organic
CUST005746,2024-02-23 08:38:12,Mass Market,Germany,Organic
CUST005747,2026-03-08 04:09:25,Mass Market,Germany,Partner
CUST005748,2025-08-23 06:04:40,Mass Market,Germany,Organic
CUST005749,2024-05-15 21:25:53,Mass Market,Belgium,Partner
CUST005750,2022-11-25 11:12:55,Mass Market,Austria,Partner
CUST005751,2023-07-17 10:18:01,Affluent,Germany,Partner
CUST005752,2025-02-25 03:52:22,Mass Market,Netherlands,Paid
CUST005753,2022-09-20 13:07:08,Affluent,Belgium,Referral
CUST005754,2024-05-26 19:19:36,Mass Market,Germany,Branch
CUST005755,2022-01-20 17:52:30,Mass Market,Belgium,Partner
CUST005756,2023-06-28 13:00:36,Affluent,Austria,Paid
CUST005757,2023-02-19 13:37:00,Affluent,Austria,Branch
CUST005758,2025-02-12 18:35:14,SME,Netherlands,Paid
CUST005759,2026-03-09 05:47:49,Mass Market,Germany,Organic
CUST005760,2022-09-02 21:59:41,SME,Germany,Organic
CUST005761,2025-08-26 00:32:14,Affluent,Austria,Paid
CUST005762,2025-01-01 16:50:34,Affluent,Germany,Organic
CUST005763,2026-06-10 11:52:54,Mass Market,Germany,Referral
CUST005764,2026-03-05 01:06:01,SME,Germany,Organic
CUST005765,2022-06-18 11:21:29,Mass Market,Germany,Paid
CUST005766,2025-05-27 16:03:22,Affluent,Germany,Referral
CUST005767,2022-07-09 01:48:02,Mass Market,Netherlands,Organic
CUST005768,2023-03-06 22:56:03,Affluent,Germany,Partner
CUST005769,2026-03-30 20:25:25,Affluent,Germany,Branch
CUST005770,2024-06-26 19:09:53,Mass Market,Germany,Organic
CUST005771,2023-07-20 21:49:23,Mass Market,France,Paid
CUST005772,2023-06-20 19:12:49,Mass Market,Netherlands,Organic
CUST005773,2025-11-01 21:52:46,Affluent,Belgium,Partner
CUST005774,2023-04-19 22:54:20,Affluent,Belgium,Paid
CUST005775,2022-09-23 15:53:41,Affluent,Germany,Branch
CUST005776,2024-08-17 11:15:51,Affluent,Belgium,Partner
CUST005777,2026-07-18 11:26:47,Mass Market,France,Partner
CUST005778,2022-11-03 12:11:28,Mass Market,France,Branch
CUST005779,2023-03-03 21:27:27,Mass Market,France,Organic
CUST005780,2024-02-24 09:23:11,Affluent,Germany,Referral
CUST005781,2022-12-01 02:07:10,Mass Market,Germany,Partner
CUST005782,2024-12-24 03:47:40,Affluent,France,Partner
CUST005783,2023-03-01 01:21:41,SME,Germany,Partner
CUST005784,2022-08-03 07:41:24,Mass Market,Netherlands,Organic
CUST005785,2023-03-13 20:10:46,Affluent,Germany,Referral
CUST005786,2026-04-05 22:53:12,Mass Market,France,Partner
CUST005787,2026-04-13 03:28:22,Mass Market,Belgium,Referral
CUST005788,2024-04-25 13:43:14,Mass Market,Germany,Referral
CUST005789,2023-11-01 13:33:46,Mass Market,Germany,Paid
CUST005790,2025-10-02 06:01:06,Mass Market,France,Branch
CUST005791,2022-11-21 19:25:30,Mass Market,Germany,Organic
CUST005792,2024-12-29 07:55:01,Mass Market,Germany,Organic
CUST005793,2025-02-11 01:06:42,Mass Market,Netherlands,Paid
CUST005794,2025-04-02 02:55:03,Mass Market,Germany,Organic
CUST005795,2022-12-31 09:42:45,Mass Market,France,Partner
CUST005796,2025-04-12 08:54:08,Affluent,Germany,Organic
CUST005797,2024-10-20 05:59:57,Mass Market,Germany,Partner
CUST005798,2026-01-03 04:00:31,Mass Market,Germany,Branch
CUST005799,2022-10-19 13:59:13,SME,Austria,Referral
CUST005800,2024-10-22 22:45:32,Affluent,France,Paid
CUST005801,2025-10-19 03:44:54,Mass Market,Germany,Branch
CUST005802,2023-04-11 04:17:52,Affluent,Germany,Referral
CUST005803,2025-05-28 14:20:40,Mass Market,France,Referral
CUST005804,2022-06-16 09:07:22,Affluent,France,Organic
CUST005805,2025-04-15 15:53:15,Mass Market,Germany,Partner
CUST005806,2024-10-10 15:37:29,Mass Market,Germany,Organic
CUST005807,2022-11-18 22:42:31,Mass Market,Germany,Organic
CUST005808,2022-04-21 22:36:19,Affluent,France,Organic
CUST005809,2025-05-31 10:57:59,Mass Market,Netherlands,Partner
CUST005810,2023-02-08 10:37:25,Mass Market,France,Organic
CUST005811,2024-04-11 17:30:27,Mass Market,France,Paid
CUST005812,2022-04-12 12:03:28,Affluent,Germany,Partner
CUST005813,2026-05-30 23:07:37,Mass Market,France,Paid
CUST005814,2024-07-06 17:45:40,Mass Market,France,Paid
CUST005815,2026-04-07 14:26:59,Mass Market,Germany,Referral
CUST005816,2022-09-26 02:02:53,Affluent,Austria,Branch
CUST005817,2022-12-11 02:03:57,Mass Market,Germany,Referral
CUST005818,2024-10-17 14:25:29,SME,France,Referral
CUST005819,2024-10-07 17:10:35,Mass Market,France,Organic
CUST005820,2025-08-15 07:50:09,Mass Market,Belgium,Organic
CUST005821,2026-04-01 17:04:04,Mass Market,Germany,Paid
CUST005822,2025-10-06 04:25:46,Mass Market,Belgium,Branch
CUST005823,2022-08-23 10:44:31,Mass Market,Germany,Organic
CUST005824,2023-06-02 13:21:42,Mass Market,Germany,Organic
CUST005825,2026-03-08 21:53:46,Affluent,Belgium,Referral
CUST005826,2024-07-06 20:26:50,Mass Market,Germany,Partner
CUST005827,2025-12-20 15:32:23,Mass Market,France,Paid
CUST005828,2024-07-30 08:29:44,Mass Market,Germany,Referral
CUST005829,2022-03-25 03:59:16,Mass Market,Austria,Partner
CUST005830,2024-03-01 16:01:00,Mass Market,Netherlands,Branch
CUST005831,2025-10-10 19:57:26,Mass Market,Germany,Paid
CUST005832,2024-12-31 08:24:36,Mass Market,Netherlands,Paid
CUST005833,2022-08-11 00:10:06,Mass Market,Germany,Organic
CUST005834,2022-12-18 06:22:33,SME,France,Paid
CUST005835,2025-11-29 12:19:20,Mass Market,Netherlands,Organic
CUST005836,2026-06-26 07:04:21,SME,Netherlands,Organic
CUST005837,2025-06-12 19:57:57,Mass Market,France,Organic
CUST005838,2022-06-13 23:44:50,Affluent,Belgium,Paid
CUST005839,2024-11-01 07:04:19,Mass Market,France,Organic
CUST005840,2025-10-18 10:59:09,Mass Market,Austria,Organic
CUST005841,2024-12-06 09:44:02,Affluent,Germany,Paid
CUST005842,2024-09-20 07:53:01,Mass Market,Germany,Organic
CUST005843,2024-02-21 10:08:29,Mass Market,Netherlands,Organic
CUST005844,2023-02-14 09:31:52,Affluent,Germany,Branch
CUST005845,2023-04-15 10:35:13,Mass Market,Germany,Paid
CUST005846,2025-05-31 18:26:47,Mass Market,Netherlands,Referral
CUST005847,2022-04-27 17:25:12,Mass Market,France,Organic
CUST005848,2022-05-22 06:02:57,Mass Market,Germany,Paid
CUST005849,2023-10-26 05:24:35,SME,Germany,Organic
CUST005850,2025-07-18 19:50:19,Mass Market,Germany,Paid
CUST005851,2025-01-03 13:30:45,Mass Market,Germany,Referral
CUST005852,2024-09-13 10:55:37,Mass Market,Germany,Branch
CUST005853,2024-06-12 01:39:36,Affluent,Belgium,Paid
CUST005854,2022-07-05 04:11:19,Affluent,Germany,Organic
CUST005855,2023-07-09 18:15:39,Mass Market,Netherlands,Referral
CUST005856,2022-05-13 22:23:57,SME,Austria,Partner
CUST005857,2025-06-21 15:21:20,Mass Market,Germany,Paid
CUST005858,2025-06-09 09:33:37,Affluent,Austria,Paid
CUST005859,2023-03-08 12:49:32,Mass Market,Germany,Paid
CUST005860,2023-05-05 18:55:55,Mass Market,France,Paid
CUST005861,2023-06-15 18:49:30,Mass Market,Austria,Paid
CUST005862,2026-01-26 21:54:16,SME,Netherlands,Organic
CUST005863,2024-03-27 19:35:13,Affluent,Germany,Partner
CUST005864,2025-06-28 04:27:58,Mass Market,Germany,Paid
CUST005865,2024-01-21 10:32:34,Mass Market,Germany,Paid
CUST005866,2025-03-13 08:58:41,Mass Market,Austria,Paid
CUST005867,2024-06-02 08:41:16,Mass Market,Germany,Partner
CUST005868,2023-04-11 19:54:13,Mass Market,Germany,Paid
CUST005869,2026-01-05 04:08:14,Mass Market,Germany,Organic
CUST005870,2025-03-31 08:31:32,Mass Market,Germany,Paid
CUST005871,2026-05-05 07:16:12,Mass Market,Germany,Organic
CUST005872,2023-02-20 22:39:20,Affluent,Germany,Paid
CUST005873,2022-06-03 02:06:46,Mass Market,France,Paid
CUST005874,2024-08-31 13:24:49,Mass Market,Germany,Paid
CUST005875,2023-06-30 08:15:16,Mass Market,Germany,Paid
CUST005876,2023-12-30 14:52:27,Mass Market,Germany,Organic
CUST005877,2023-01-28 08:55:43,Mass Market,Germany,Paid
CUST005878,2023-10-29 05:44:36,Affluent,Netherlands,Organic
CUST005879,2023-08-10 03:06:24,Mass Market,Germany,Branch
CUST005880,2025-05-26 04:19:29,Mass Market,Germany,Partner
CUST005881,2024-09-17 21:57:25,Affluent,Germany,Partner
CUST005882,2024-03-03 22:24:22,Mass Market,Germany,Organic
CUST005883,2022-07-08 11:03:02,Mass Market,Netherlands,Branch
CUST005884,2024-08-12 06:16:39,Affluent,Belgium,Partner
CUST005885,2022-10-20 15:14:43,Mass Market,Germany,Paid
CUST005886,2023-06-10 06:24:26,Mass Market,Germany,Partner
CUST005887,2023-11-25 17:21:31,Affluent,Germany,Paid
CUST005888,2022-08-25 05:39:20,SME,France,Branch
CUST005889,2023-10-14 05:26:12,Mass Market,Germany,Organic
CUST005890,2023-03-23 07:30:48,Mass Market,Austria,Referral
CUST005891,2025-11-21 19:17:00,Affluent,Germany,Branch
CUST005892,2025-12-08 09:15:04,Mass Market,Austria,Paid
CUST005893,2022-01-08 15:18:09,Mass Market,Germany,Referral
CUST005894,2024-10-04 05:47:16,Mass Market,Germany,Organic
CUST005895,2024-12-07 00:01:56,Affluent,Germany,Partner
CUST005896,2023-09-24 23:55:46,Mass Market,Germany,Paid
CUST005897,2024-02-24 08:56:05,Mass Market,Austria,Paid
CUST005898,2025-08-13 17:20:50,Mass Market,Germany,Paid
CUST005899,2023-09-24 22:52:35,Mass Market,Germany,Partner
CUST005900,2022-04-18 18:32:52,SME,Austria,Partner
CUST005901,2023-09-15 19:58:46,Mass Market,Germany,Organic
CUST005902,2023-03-01 12:08:29,Mass Market,Germany,Paid
CUST005903,2023-10-02 21:52:58,Affluent,Germany,Organic
CUST005904,2023-01-20 17:34:45,Mass Market,Germany,Partner
CUST005905,2022-09-08 14:05:46,Mass Market,Belgium,Organic
CUST005906,2026-07-06 12:42:32,Mass Market,Germany,Paid
CUST005907,2022-08-04 11:10:27,Affluent,Netherlands,Branch
CUST005908,2025-03-26 14:19:26,Affluent,Germany,Branch
CUST005909,2025-04-14 18:54:59,Affluent,Germany,Paid
CUST005910,2024-10-29 22:30:50,Mass Market,Netherlands,Organic
CUST005911,2026-03-04 22:55:22,Mass Market,Netherlands,Partner
CUST005912,2022-01-09 08:02:12,Mass Market,France,Paid
CUST005913,2023-05-20 07:46:23,SME,Germany,Organic
CUST005914,2022-11-05 03:59:30,Mass Market,Germany,Branch
CUST005915,2024-08-22 14:53:36,Mass Market,Netherlands,Paid
CUST005916,2024-11-28 15:00:03,Affluent,France,Paid
CUST005917,2026-02-10 06:59:26,Mass Market,Germany,Paid
CUST005918,2023-09-27 21:22:37,Mass Market,Germany,Branch
CUST005919,2023-01-30 10:08:35,Mass Market,Netherlands,Referral
CUST005920,2026-03-26 09:31:23,Mass Market,Germany,Organic
CUST005921,2025-01-30 05:39:20,SME,France,Partner
CUST005922,2025-07-02 14:51:12,Mass Market,France,Referral
CUST005923,2024-01-15 00:06:04,SME,Germany,Partner
CUST005924,2024-01-19 00:37:41,Mass Market,Germany,Organic
CUST005925,2023-10-13 11:39:50,Mass Market,France,Paid
CUST005926,2025-06-07 04:32:13,Affluent,France,Referral
CUST005927,2022-12-19 03:34:42,Affluent,Belgium,Organic
CUST005928,2026-06-19 21:01:28,Mass Market,France,Paid
CUST005929,2024-02-10 18:14:18,Mass Market,Germany,Partner
CUST005930,2023-06-11 00:48:25,Affluent,Germany,Partner
CUST005931,2024-12-10 07:16:43,Affluent,France,Organic
CUST005932,2025-02-12 02:48:04,Mass Market,Germany,Organic
CUST005933,2026-03-17 00:10:25,Mass Market,Netherlands,Partner
CUST005934,2025-08-12 13:42:23,Mass Market,Germany,Organic
CUST005935,2023-02-20 18:49:00,Mass Market,Germany,Paid
CUST005936,2022-12-12 12:44:30,Mass Market,Germany,Paid
CUST005937,2026-01-22 07:47:45,Mass Market,Belgium,Organic
CUST005938,2024-03-26 17:16:02,Mass Market,France,Paid
CUST005939,2022-06-13 02:16:26,Mass Market,France,Branch
CUST005940,2025-10-11 08:25:58,Mass Market,Germany,Paid
CUST005941,2024-12-20 04:55:41,Mass Market,Belgium,Organic
CUST005942,2022-02-12 18:07:04,Mass Market,Belgium,Organic
CUST005943,2025-08-01 21:43:46,Mass Market,Germany,Paid
CUST005944,2024-10-12 12:46:37,Affluent,Netherlands,Paid
CUST005945,2024-10-24 14:55:06,Mass Market,Belgium,Referral
CUST005946,2025-12-17 04:12:23,Mass Market,Germany,Partner
CUST005947,2024-04-08 12:49:14,Mass Market,Germany,Paid
CUST005948,2024-02-11 05:40:13,Mass Market,France,Paid
CUST005949,2024-10-29 04:54:15,Mass Market,Germany,Paid
CUST005950,2022-11-27 16:37:19,Mass Market,Netherlands,Organic
CUST005951,2022-09-11 13:57:40,Mass Market,France,Paid
CUST005952,2025-11-11 19:06:25,Mass Market,Germany,Organic
CUST005953,2022-12-27 10:25:17,Mass Market,Germany,Paid
CUST005954,2024-04-23 06:19:51,Mass Market,France,Paid
CUST005955,2023-03-28 06:31:15,Mass Market,Germany,Referral
CUST005956,2023-01-21 07:48:58,Mass Market,Germany,Organic
CUST005957,2024-09-26 11:41:21,Mass Market,Germany,Branch
CUST005958,2025-09-03 13:11:28,Affluent,Belgium,Paid
CUST005959,2024-01-09 20:36:22,Mass Market,Germany,Partner
CUST005960,2022-08-20 22:53:20,Mass Market,Germany,Partner
CUST005961,2023-02-13 18:19:35,Mass Market,Netherlands,Referral
CUST005962,2022-10-03 04:00:36,Mass Market,Germany,Partner
CUST005963,2026-01-16 01:22:22,Affluent,France,Organic
CUST005964,2023-06-19 06:05:51,Mass Market,Germany,Paid
CUST005965,2023-09-18 04:44:08,Mass Market,Belgium,Branch
CUST005966,2022-04-29 18:34:39,Mass Market,Germany,Paid
CUST005967,2024-01-16 18:21:38,Affluent,Germany,Referral
CUST005968,2026-03-09 01:57:54,Mass Market,Germany,Referral
CUST005969,2023-11-17 00:29:05,SME,Austria,Paid
CUST005970,2024-12-24 21:06:06,SME,Belgium,Referral
CUST005971,2022-11-01 05:00:24,Affluent,Germany,Paid
CUST005972,2022-08-27 23:53:44,Mass Market,Germany,Organic
CUST005973,2025-05-08 06:43:43,Mass Market,Germany,Partner
CUST005974,2022-04-20 21:50:52,Mass Market,Germany,Referral
CUST005975,2024-01-20 19:43:59,Affluent,Germany,Paid
CUST005976,2023-06-14 12:42:14,Mass Market,Belgium,Organic
CUST005977,2022-01-28 04:21:55,Mass Market,Germany,Partner
CUST005978,2024-06-07 04:14:45,Mass Market,Belgium,Referral
CUST005979,2026-05-31 19:56:30,Affluent,Germany,Partner
CUST005980,2022-04-26 14:46:44,Affluent,Belgium,Paid
CUST005981,2025-09-25 22:57:43,Mass Market,Germany,Paid
CUST005982,2024-06-20 12:10:15,Mass Market,Germany,Paid
CUST005983,2025-04-24 18:59:23,Affluent,Netherlands,Organic
CUST005984,2022-06-11 10:19:06,Affluent,Germany,Referral
CUST005985,2025-12-24 02:55:06,Affluent,Belgium,Organic
CUST005986,2022-01-20 02:07:35,Mass Market,Netherlands,Paid
CUST005987,2026-02-25 04:21:41,Mass Market,Austria,Referral
CUST005988,2025-01-04 20:28:01,Affluent,Belgium,Paid
CUST005989,2023-07-19 06:47:12,Mass Market,Germany,Referral
CUST005990,2022-01-12 20:59:03,Mass Market,Germany,Organic
CUST005991,2024-10-18 12:32:59,Mass Market,France,Paid
CUST005992,2022-05-27 04:34:59,Mass Market,Germany,Partner
CUST005993,2024-10-14 22:14:23,Affluent,France,Branch
CUST005994,2025-07-16 16:46:45,Mass Market,Germany,Partner
CUST005995,2023-03-23 22:12:03,Mass Market,France,Organic
CUST005996,2023-02-04 03:27:16,Mass Market,Germany,Organic
CUST005997,2023-01-07 02:29:59,Affluent,Germany,Referral
CUST005998,2023-01-11 22:19:16,Affluent,Austria,Partner
CUST005999,2022-07-10 10:52:13,Mass Market,Belgium,Organic
CUST006000,2023-02-22 12:02:04,Affluent,Germany,Paid
CUST006001,2025-01-07 08:57:36,Mass Market,Germany,Organic
CUST006002,2023-05-21 19:24:12,Affluent,Netherlands,Organic
CUST006003,2025-07-29 16:43:02,Affluent,Germany,Branch
CUST006004,2025-10-01 20:26:34,Mass Market,France,Paid
CUST006005,2025-06-26 07:31:16,SME,Netherlands,Organic
CUST006006,2024-06-21 02:14:20,Mass Market,Germany,Branch
CUST006007,2023-06-13 19:29:53,Mass Market,Germany,Branch
CUST006008,2026-04-04 18:47:16,Mass Market,Germany,Branch
CUST006009,2022-12-10 04:40:02,Affluent,Germany,Referral
CUST006010,2024-02-16 15:49:13,Mass Market,France,Branch
CUST006011,2024-01-29 10:37:47,Mass Market,Germany,Organic
CUST006012,2025-05-31 15:00:28,Mass Market,Austria,Referral
CUST006013,2024-07-03 06:31:49,SME,Netherlands,Paid
CUST006014,2025-08-29 18:53:44,Mass Market,Germany,Organic
CUST006015,2026-03-17 17:07:41,Mass Market,France,Organic
CUST006016,2023-10-16 03:00:30,Mass Market,Germany,Organic
CUST006017,2026-01-02 16:54:12,Affluent,Germany,Referral
CUST006018,2022-10-11 17:03:23,Mass Market,France,Branch
CUST006019,2026-03-12 15:35:19,Mass Market,Germany,Organic
CUST006020,2022-10-25 14:21:25,SME,Germany,Referral
CUST006021,2025-11-22 15:19:44,Mass Market,Germany,Referral
CUST006022,2023-10-15 11:50:40,Mass Market,Germany,Organic
CUST006023,2026-06-01 18:42:52,Affluent,France,Referral
CUST006024,2022-08-05 00:19:24,Mass Market,Austria,Organic
CUST006025,2024-02-18 07:35:01,Mass Market,France,Organic
CUST006026,2026-02-16 22:39:06,Mass Market,Austria,Paid
CUST006027,2022-03-21 09:00:59,Affluent,France,Branch
CUST006028,2023-03-20 02:30:56,SME,Germany,Organic
CUST006029,2023-06-22 04:04:08,Mass Market,Belgium,Paid
CUST006030,2023-10-15 13:00:03,Mass Market,Germany,Partner
CUST006031,2024-10-31 18:50:37,Mass Market,Germany,Referral
CUST006032,2023-03-07 20:28:03,Mass Market,Austria,Branch
CUST006033,2022-09-23 07:41:24,Mass Market,France,Paid
CUST006034,2022-10-12 03:22:33,Mass Market,Austria,Referral
CUST006035,2026-04-19 00:16:47,Mass Market,Germany,Partner
CUST006036,2026-05-13 18:09:39,Mass Market,Netherlands,Organic
CUST006037,2023-01-06 04:30:43,Mass Market,Germany,Partner
CUST006038,2022-11-23 17:47:50,Mass Market,Germany,Paid
CUST006039,2022-04-01 14:45:40,Mass Market,Belgium,Partner
CUST006040,2026-05-24 01:58:17,Mass Market,Germany,Organic
CUST006041,2025-03-26 16:24:39,Mass Market,France,Organic
CUST006042,2025-06-26 02:56:27,Mass Market,Belgium,Branch
CUST006043,2023-05-01 20:08:58,Mass Market,Belgium,Branch
CUST006044,2024-12-07 15:52:04,Mass Market,Germany,Paid
CUST006045,2022-04-11 00:02:04,Affluent,Germany,Referral
CUST006046,2025-02-04 07:17:19,Affluent,Belgium,Branch
CUST006047,2024-08-27 04:28:08,Affluent,France,Organic
CUST006048,2023-07-09 05:24:05,Mass Market,Germany,Partner
CUST006049,2025-04-02 21:42:59,Affluent,Germany,Organic
CUST006050,2024-12-16 19:49:27,Mass Market,Germany,Referral
CUST006051,2024-01-05 00:07:55,Mass Market,Austria,Organic
CUST006052,2022-11-09 03:34:52,Mass Market,Germany,Referral
CUST006053,2022-02-09 09:40:17,Mass Market,Netherlands,Organic
CUST006054,2026-04-17 20:14:36,Mass Market,Germany,Paid
CUST006055,2023-04-16 10:22:54,Mass Market,Germany,Referral
CUST006056,2023-05-20 14:21:47,Affluent,France,Organic
CUST006057,2025-02-12 17:49:03,Mass Market,Belgium,Branch
CUST006058,2023-03-03 16:07:27,Mass Market,Germany,Organic
CUST006059,2023-09-21 06:16:43,Affluent,Germany,Paid
CUST006060,2025-04-04 01:32:26,Mass Market,France,Referral
CUST006061,2024-09-22 11:14:29,Mass Market,Germany,Organic
CUST006062,2025-01-02 13:58:26,Mass Market,Germany,Partner
CUST006063,2022-01-08 19:25:45,Mass Market,France,Paid
CUST006064,2024-01-25 13:43:22,SME,Germany,Partner
CUST006065,2024-03-05 15:33:14,Mass Market,France,Partner
CUST006066,2022-09-11 05:43:18,Affluent,Germany,Paid
CUST006067,2022-09-24 16:08:16,Mass Market,Netherlands,Organic
CUST006068,2025-06-28 18:51:33,Affluent,Netherlands,Organic
CUST006069,2025-01-30 19:19:05,Affluent,Belgium,Branch
CUST006070,2025-09-18 07:07:38,Mass Market,France,Paid
CUST006071,2023-03-29 11:03:57,Mass Market,France,Organic
CUST006072,2026-07-26 23:49:11,Mass Market,Germany,Organic
CUST006073,2023-04-02 04:21:43,Mass Market,Germany,Referral
CUST006074,2024-12-24 09:49:07,Affluent,Germany,Paid
CUST006075,2022-09-29 03:57:23,Mass Market,Netherlands,Organic
CUST006076,2026-03-16 17:40:51,Mass Market,Germany,Branch
CUST006077,2023-07-10 17:37:46,SME,Germany,Branch
CUST006078,2025-09-03 17:50:10,Mass Market,Germany,Branch
CUST006079,2023-07-08 20:26:33,Mass Market,France,Partner
CUST006080,2025-08-15 07:08:29,Affluent,Germany,Paid
CUST006081,2024-01-30 09:17:43,Affluent,Germany,Organic
CUST006082,2022-04-15 11:37:59,Mass Market,France,Paid
CUST006083,2022-11-15 09:09:13,Mass Market,Austria,Partner
CUST006084,2025-02-16 17:02:58,SME,France,Organic
CUST006085,2022-11-19 17:00:23,Affluent,Germany,Paid
CUST006086,2023-04-06 07:58:33,Mass Market,Belgium,Partner
CUST006087,2024-06-24 18:53:07,Mass Market,Germany,Referral
CUST006088,2023-02-28 02:20:10,Mass Market,Germany,Organic
CUST006089,2022-08-04 11:35:32,Affluent,Germany,Referral
CUST006090,2024-11-09 19:49:37,Affluent,Germany,Paid
CUST006091,2025-02-25 20:03:32,Mass Market,France,Partner
CUST006092,2025-05-10 15:45:44,Mass Market,France,Branch
CUST006093,2026-04-28 06:42:36,Mass Market,Netherlands,Organic
CUST006094,2022-07-28 03:41:29,Mass Market,France,Branch
CUST006095,2023-12-15 14:27:16,Mass Market,Germany,Referral
CUST006096,2023-01-27 05:46:23,Mass Market,France,Branch
CUST006097,2026-02-15 15:33:14,Mass Market,Netherlands,Paid
CUST006098,2024-06-21 12:46:08,Affluent,Germany,Organic
CUST006099,2022-06-14 09:14:53,Mass Market,Germany,Organic
CUST006100,2025-03-03 06:30:25,Mass Market,France,Referral
CUST006101,2022-03-13 19:48:13,Affluent,France,Organic
CUST006102,2023-04-04 09:59:49,Affluent,Germany,Paid
CUST006103,2025-04-21 03:05:25,Mass Market,Belgium,Branch
CUST006104,2024-04-26 00:58:38,Mass Market,Germany,Paid
CUST006105,2025-06-26 10:16:25,Affluent,Germany,Organic
CUST006106,2024-08-13 00:42:18,Mass Market,Netherlands,Referral
CUST006107,2025-11-10 14:14:27,Mass Market,Belgium,Organic
CUST006108,2024-07-29 14:38:43,Mass Market,France,Paid
CUST006109,2022-04-05 23:58:47,Mass Market,Germany,Organic
CUST006110,2022-04-30 03:35:08,Affluent,Austria,Paid
CUST006111,2025-07-22 23:43:34,Mass Market,Germany,Organic
CUST006112,2022-03-06 13:00:23,Mass Market,Germany,Referral
CUST006113,2023-09-22 13:44:46,Mass Market,France,Paid
CUST006114,2022-01-27 22:12:40,Mass Market,Germany,Paid
CUST006115,2023-05-23 04:19:57,Mass Market,France,Branch
CUST006116,2024-09-22 01:39:29,Affluent,Austria,Referral
CUST006117,2022-10-17 07:06:14,Mass Market,Germany,Partner
CUST006118,2024-02-19 07:36:50,Mass Market,Germany,Branch
CUST006119,2026-07-24 08:07:12,Mass Market,Germany,Organic
CUST006120,2022-04-28 20:47:38,Affluent,Germany,Partner
CUST006121,2022-04-17 10:41:33,Mass Market,Netherlands,Branch
CUST006122,2023-03-30 12:38:06,SME,Austria,Partner
CUST006123,2025-10-14 18:10:39,Mass Market,France,Paid
CUST006124,2023-11-10 11:50:51,Mass Market,Austria,Referral
CUST006125,2024-12-05 05:37:57,Mass Market,Germany,Organic
CUST006126,2022-02-26 15:09:10,Mass Market,Germany,Organic
CUST006127,2025-05-14 01:18:29,SME,Germany,Referral
CUST006128,2022-04-23 17:39:54,SME,Netherlands,Organic
CUST006129,2025-04-04 23:47:04,Mass Market,Germany,Organic
CUST006130,2022-09-05 07:42:23,Mass Market,Germany,Paid
CUST006131,2025-12-06 07:15:32,Mass Market,Germany,Paid
CUST006132,2023-05-11 03:13:33,Mass Market,Germany,Paid
CUST006133,2022-11-04 07:12:29,Affluent,France,Referral
CUST006134,2023-07-17 23:17:44,SME,Belgium,Partner
CUST006135,2022-01-02 09:05:24,Mass Market,Germany,Partner
CUST006136,2024-09-27 17:45:04,Mass Market,France,Organic
CUST006137,2023-05-18 21:40:20,Affluent,Germany,Paid
CUST006138,2023-08-15 15:38:22,Mass Market,Germany,Branch
CUST006139,2025-09-11 16:30:24,Mass Market,Germany,Paid
CUST006140,2022-07-26 23:20:16,Mass Market,France,Organic
CUST006141,2023-10-24 22:20:54,Affluent,France,Branch
CUST006142,2022-11-08 05:22:33,SME,France,Paid
CUST006143,2024-03-18 07:42:57,Mass Market,Netherlands,Paid
CUST006144,2023-07-09 16:26:11,Mass Market,Germany,Organic
CUST006145,2022-03-19 07:04:56,Mass Market,Netherlands,Partner
CUST006146,2022-04-28 10:19:28,Mass Market,France,Organic
CUST006147,2025-11-26 02:28:02,Mass Market,Germany,Partner
CUST006148,2022-04-06 03:48:46,Affluent,Germany,Referral
CUST006149,2025-08-01 16:34:27,Mass Market,Germany,Partner
CUST006150,2026-03-12 14:18:05,Mass Market,Germany,Organic
CUST006151,2024-02-18 20:02:12,Mass Market,Germany,Organic
CUST006152,2023-06-06 20:03:32,Mass Market,Germany,Referral
CUST006153,2025-07-22 00:03:41,Affluent,Belgium,Branch
CUST006154,2026-07-01 06:57:12,Mass Market,Belgium,Organic
CUST006155,2022-07-21 08:30:11,Mass Market,France,Paid
CUST006156,2026-06-01 10:07:09,Affluent,Netherlands,Partner
CUST006157,2026-04-27 22:16:14,Mass Market,Austria,Referral
CUST006158,2022-08-27 09:06:01,Mass Market,Germany,Branch
CUST006159,2022-04-02 12:32:19,Mass Market,France,Partner
CUST006160,2025-04-10 08:28:56,Mass Market,France,Organic
CUST006161,2022-05-10 20:40:47,Mass Market,Austria,Referral
CUST006162,2024-10-01 13:05:54,Affluent,Netherlands,Referral
CUST006163,2022-04-19 06:32:34,Mass Market,Germany,Paid
CUST006164,2025-02-28 18:17:08,Mass Market,Netherlands,Paid
CUST006165,2023-01-23 09:51:25,Affluent,Germany,Organic
CUST006166,2022-06-10 19:57:08,Mass Market,Germany,Paid
CUST006167,2022-04-22 09:08:04,Mass Market,France,Referral
CUST006168,2022-11-12 06:32:19,Mass Market,France,Organic
CUST006169,2024-06-23 03:18:19,Mass Market,Germany,Referral
CUST006170,2022-05-09 03:21:22,Mass Market,Germany,Organic
CUST006171,2025-09-03 09:37:30,Mass Market,Netherlands,Organic
CUST006172,2024-10-07 02:41:50,Mass Market,Germany,Partner
CUST006173,2023-05-13 02:08:09,Mass Market,Belgium,Organic
CUST006174,2026-07-08 13:55:36,Mass Market,Germany,Partner
CUST006175,2025-01-06 01:51:50,Mass Market,France,Paid
CUST006176,2025-01-28 13:23:43,Mass Market,Germany,Referral
CUST006177,2022-10-18 20:07:38,Mass Market,Austria,Branch
CUST006178,2025-04-03 09:26:19,Mass Market,Belgium,Paid
CUST006179,2024-07-23 23:19:51,Mass Market,Germany,Organic
CUST006180,2026-07-05 05:25:42,Mass Market,France,Referral
CUST006181,2024-03-10 05:04:31,Mass Market,Netherlands,Organic
CUST006182,2025-02-07 15:14:51,Mass Market,Germany,Organic
CUST006183,2023-07-25 08:49:16,Mass Market,France,Referral
CUST006184,2022-03-09 04:24:22,Affluent,Belgium,Organic
CUST006185,2025-12-20 15:12:02,Mass Market,Germany,Partner
CUST006186,2025-05-19 03:20:43,Mass Market,Austria,Organic
CUST006187,2023-09-02 17:48:37,SME,Germany,Partner
CUST006188,2025-03-12 18:18:51,Mass Market,Belgium,Partner
CUST006189,2022-01-08 07:06:12,Affluent,Austria,Paid
CUST006190,2022-03-04 04:01:09,Affluent,Germany,Partner
CUST006191,2024-04-28 02:17:35,Mass Market,Germany,Organic
CUST006192,2024-11-10 22:33:40,Mass Market,France,Organic
CUST006193,2026-04-16 16:32:16,Mass Market,Belgium,Referral
CUST006194,2025-06-24 03:36:01,SME,Germany,Branch
CUST006195,2023-03-07 06:09:56,Mass Market,Germany,Referral
CUST006196,2025-09-24 21:47:01,Affluent,Netherlands,Partner
CUST006197,2024-04-01 19:26:26,Mass Market,Germany,Paid
CUST006198,2025-10-13 02:57:03,Mass Market,France,Partner
CUST006199,2022-10-18 13:19:08,Mass Market,France,Partner
CUST006200,2022-02-13 20:23:55,Mass Market,Austria,Organic
CUST006201,2022-04-07 11:05:29,Mass Market,Germany,Paid
CUST006202,2026-07-15 18:11:16,SME,Austria,Organic
CUST006203,2022-05-15 16:06:27,Mass Market,France,Paid
CUST006204,2026-04-20 14:22:22,SME,Belgium,Referral
CUST006205,2025-04-30 13:29:37,SME,Germany,Paid
CUST006206,2022-09-02 04:15:30,Mass Market,France,Referral
CUST006207,2025-12-15 17:34:49,Mass Market,Belgium,Branch
CUST006208,2022-08-30 02:52:27,Mass Market,Netherlands,Branch
CUST006209,2022-08-28 14:17:44,Mass Market,Germany,Referral
CUST006210,2024-08-20 06:32:31,SME,Germany,Referral
CUST006211,2023-04-28 01:38:50,Affluent,Germany,Paid
CUST006212,2023-05-02 06:10:18,SME,Germany,Referral
CUST006213,2022-11-23 02:08:32,Mass Market,Netherlands,Partner
CUST006214,2024-10-13 00:58:11,Mass Market,Austria,Branch
CUST006215,2022-02-14 21:40:06,Mass Market,France,Partner
CUST006216,2023-02-14 18:19:31,Affluent,Germany,Paid
CUST006217,2024-07-14 08:05:38,Mass Market,Germany,Referral
CUST006218,2024-03-24 12:03:24,Mass Market,Germany,Referral
CUST006219,2025-03-16 06:28:36,Mass Market,Germany,Organic
CUST006220,2022-12-28 13:24:23,Mass Market,Belgium,Partner
CUST006221,2024-12-19 06:01:39,Mass Market,Germany,Partner
CUST006222,2025-06-24 14:59:23,Mass Market,Germany,Partner
CUST006223,2023-10-11 19:48:45,Affluent,Netherlands,Branch
CUST006224,2023-03-06 09:17:24,Affluent,Germany,Partner
CUST006225,2024-07-16 23:27:04,Mass Market,Germany,Referral
CUST006226,2024-08-25 20:32:20,Affluent,Germany,Paid
CUST006227,2022-06-07 08:01:01,Mass Market,Germany,Organic
CUST006228,2024-08-02 20:50:36,Affluent,France,Paid
CUST006229,2022-09-15 23:53:58,Mass Market,Germany,Paid
CUST006230,2026-04-07 23:03:16,Mass Market,France,Referral
CUST006231,2024-06-16 23:38:05,Mass Market,Germany,Partner
CUST006232,2025-06-27 05:46:58,Mass Market,Germany,Paid
CUST006233,2023-06-02 19:48:36,Mass Market,France,Paid
CUST006234,2026-03-23 19:40:27,Affluent,Germany,Branch
CUST006235,2025-09-20 22:21:21,Affluent,Germany,Organic
CUST006236,2026-03-13 16:32:47,Mass Market,Germany,Organic
CUST006237,2025-05-24 22:47:03,Mass Market,Germany,Partner
CUST006238,2024-12-21 18:49:36,Affluent,Germany,Partner
CUST006239,2024-05-27 19:16:02,Mass Market,Austria,Paid
CUST006240,2026-04-02 00:21:37,Mass Market,Germany,Organic
CUST006241,2025-11-19 04:15:58,Mass Market,France,Paid
CUST006242,2023-11-28 17:30:08,Mass Market,Germany,Organic
CUST006243,2022-05-24 05:03:15,Mass Market,Germany,Organic
CUST006244,2022-01-07 01:06:45,Mass Market,Netherlands,Paid
CUST006245,2023-01-26 09:10:25,Mass Market,Netherlands,Organic
CUST006246,2022-04-15 14:51:13,Mass Market,Austria,Paid
CUST006247,2022-12-20 15:08:53,Affluent,Germany,Referral
CUST006248,2022-07-03 01:30:26,Mass Market,Germany,Organic
CUST006249,2026-06-29 07:39:18,Mass Market,Netherlands,Paid
CUST006250,2022-06-09 10:20:36,SME,Germany,Paid
CUST006251,2024-11-14 03:53:19,Affluent,Germany,Organic
CUST006252,2023-08-12 01:06:48,Mass Market,Germany,Referral
CUST006253,2022-10-19 06:55:06,Mass Market,Germany,Organic
CUST006254,2025-03-18 12:35:41,Mass Market,Belgium,Branch
CUST006255,2026-06-11 18:25:49,Mass Market,Belgium,Partner
CUST006256,2025-08-14 23:09:19,Mass Market,France,Organic
CUST006257,2026-06-19 14:23:39,Affluent,Germany,Branch
CUST006258,2024-09-13 20:04:41,Affluent,Netherlands,Paid
CUST006259,2025-01-31 05:12:11,SME,France,Organic
CUST006260,2022-09-02 20:11:26,Mass Market,Netherlands,Paid
CUST006261,2025-11-26 05:45:45,SME,Germany,Partner
CUST006262,2025-06-04 11:47:43,Affluent,Austria,Partner
CUST006263,2023-03-01 17:28:44,Mass Market,Germany,Partner
CUST006264,2023-08-17 05:29:29,Mass Market,France,Branch
CUST006265,2024-10-18 09:47:58,Mass Market,Netherlands,Branch
CUST006266,2022-01-22 17:23:49,Mass Market,Belgium,Organic
CUST006267,2025-09-29 13:12:21,Mass Market,Austria,Branch
CUST006268,2023-04-15 03:27:36,Mass Market,Germany,Organic
CUST006269,2023-07-07 18:20:20,Mass Market,France,Branch
CUST006270,2025-10-29 09:43:23,Mass Market,Germany,Organic
CUST006271,2023-04-04 12:55:29,Mass Market,France,Organic
CUST006272,2024-06-20 12:38:37,Mass Market,Germany,Paid
CUST006273,2025-09-19 10:43:31,Affluent,Germany,Organic
CUST006274,2022-02-26 08:45:24,SME,Austria,Referral
CUST006275,2025-06-24 14:19:35,Mass Market,Netherlands,Organic
CUST006276,2023-04-28 16:40:05,Mass Market,Germany,Paid
CUST006277,2025-03-08 23:06:42,Affluent,Germany,Branch
CUST006278,2022-11-11 11:45:43,Mass Market,Germany,Partner
CUST006279,2022-08-21 09:59:44,SME,Germany,Partner
CUST006280,2025-08-11 00:49:38,Affluent,Germany,Branch
CUST006281,2025-09-12 16:45:32,Mass Market,Belgium,Organic
CUST006282,2026-06-29 18:37:46,Mass Market,Germany,Paid
CUST006283,2025-02-06 05:43:01,Mass Market,Germany,Organic
CUST006284,2024-02-18 22:48:37,Mass Market,Netherlands,Organic
CUST006285,2022-11-22 18:26:48,Mass Market,Germany,Organic
CUST006286,2023-05-09 14:29:10,Affluent,Germany,Partner
CUST006287,2024-12-19 14:42:47,Mass Market,Germany,Organic
CUST006288,2023-08-02 16:25:01,Mass Market,Germany,Partner
CUST006289,2024-03-19 10:21:18,Mass Market,France,Referral
CUST006290,2022-10-09 00:04:32,Mass Market,Netherlands,Paid
CUST006291,2024-01-05 14:14:21,Mass Market,Germany,Paid
CUST006292,2023-02-02 21:20:36,Mass Market,Belgium,Organic
CUST006293,2022-07-07 11:16:41,Mass Market,Belgium,Referral
CUST006294,2022-08-09 14:49:04,Affluent,Netherlands,Paid
CUST006295,2024-05-16 14:30:50,Mass Market,Austria,Referral
CUST006296,2023-09-05 15:45:17,Mass Market,Austria,Paid
CUST006297,2022-06-17 02:03:49,Affluent,Belgium,Partner
CUST006298,2024-05-09 21:47:11,Mass Market,Germany,Paid
CUST006299,2022-10-02 15:09:35,Affluent,Germany,Paid
CUST006300,2022-01-26 19:44:45,Mass Market,Netherlands,Paid
CUST006301,2022-08-10 14:49:06,Affluent,Belgium,Partner
CUST006302,2024-01-20 22:22:51,Mass Market,Belgium,Paid
CUST006303,2026-05-15 06:27:25,Mass Market,France,Referral
CUST006304,2023-02-09 01:48:45,Affluent,Belgium,Organic
CUST006305,2023-04-22 07:03:01,Mass Market,Netherlands,Branch
CUST006306,2023-02-10 17:14:50,Affluent,France,Branch
CUST006307,2023-08-17 21:38:20,Mass Market,Germany,Organic
CUST006308,2025-04-14 08:53:28,Mass Market,Germany,Organic
CUST006309,2023-06-23 12:27:02,Mass Market,Germany,Partner
CUST006310,2025-01-04 10:54:47,Affluent,Germany,Organic
CUST006311,2026-02-10 20:59:37,Affluent,France,Organic
CUST006312,2026-05-02 00:23:44,Mass Market,Germany,Paid
CUST006313,2024-07-30 06:41:45,Mass Market,Belgium,Partner
CUST006314,2025-04-07 12:51:58,Mass Market,Germany,Organic
CUST006315,2026-03-17 20:02:54,Mass Market,France,Branch
CUST006316,2025-08-08 08:21:46,Affluent,Germany,Organic
CUST006317,2023-05-17 11:23:11,Mass Market,Belgium,Organic
CUST006318,2022-08-09 18:02:11,Mass Market,Germany,Organic
CUST006319,2022-07-12 00:05:08,Mass Market,France,Branch
CUST006320,2026-01-14 18:59:14,Mass Market,France,Referral
CUST006321,2024-07-18 23:56:02,Mass Market,France,Organic
CUST006322,2023-05-11 11:46:31,Mass Market,France,Partner
CUST006323,2023-08-01 17:42:30,Mass Market,Netherlands,Organic
CUST006324,2023-04-16 23:19:07,SME,Netherlands,Organic
CUST006325,2025-09-02 18:55:02,Mass Market,Germany,Organic
CUST006326,2024-10-20 22:44:03,Affluent,Austria,Referral
CUST006327,2026-01-10 09:30:09,Mass Market,Germany,Paid
CUST006328,2023-05-20 13:31:52,Mass Market,Germany,Partner
CUST006329,2024-03-01 03:25:47,Affluent,Germany,Organic
CUST006330,2022-07-23 12:58:16,Mass Market,Germany,Branch
CUST006331,2026-06-13 02:41:41,Mass Market,Germany,Branch
CUST006332,2024-05-05 20:04:07,Mass Market,Belgium,Organic
CUST006333,2024-07-13 15:18:21,Mass Market,France,Partner
CUST006334,2023-11-23 15:37:08,Affluent,Austria,Partner
CUST006335,2023-03-29 23:29:36,Mass Market,Germany,Branch
CUST006336,2026-05-05 17:36:58,Mass Market,France,Paid
CUST006337,2024-03-28 13:36:34,Mass Market,Germany,Organic
CUST006338,2025-02-02 05:14:17,Mass Market,Germany,Paid
CUST006339,2022-03-04 09:11:14,Affluent,Germany,Partner
CUST006340,2023-04-07 08:31:48,Mass Market,France,Paid
CUST006341,2025-09-06 06:57:30,Affluent,Netherlands,Organic
CUST006342,2022-05-27 20:38:24,Mass Market,Germany,Referral
CUST006343,2022-06-19 14:23:08,Mass Market,Germany,Referral
CUST006344,2025-09-16 01:12:32,Mass Market,Germany,Paid
CUST006345,2023-06-01 05:27:33,Mass Market,Germany,Paid
CUST006346,2023-04-03 22:12:34,Affluent,France,Paid
CUST006347,2024-08-03 05:01:20,Mass Market,Germany,Paid
CUST006348,2022-11-22 21:48:58,Mass Market,Belgium,Organic
CUST006349,2022-01-08 10:33:46,Affluent,Austria,Paid
CUST006350,2022-05-13 14:49:42,Mass Market,Germany,Paid
CUST006351,2022-09-23 01:32:01,Mass Market,Belgium,Branch
CUST006352,2025-03-09 21:45:25,Affluent,Netherlands,Organic
CUST006353,2022-05-01 00:16:16,Mass Market,Germany,Paid
CUST006354,2022-01-25 02:49:35,Affluent,Belgium,Paid
CUST006355,2024-03-08 16:22:52,Mass Market,Germany,Referral
CUST006356,2025-11-05 16:39:12,Mass Market,Netherlands,Paid
CUST006357,2023-07-21 07:10:42,Mass Market,Netherlands,Organic
CUST006358,2022-04-17 18:12:42,Mass Market,Belgium,Paid
CUST006359,2023-01-17 08:22:13,Affluent,Netherlands,Organic
CUST006360,2024-04-14 22:37:01,Mass Market,Belgium,Paid
CUST006361,2022-11-12 15:19:10,Affluent,Germany,Partner
CUST006362,2026-06-25 00:22:58,Mass Market,Austria,Paid
CUST006363,2025-06-30 10:10:06,Mass Market,France,Partner
CUST006364,2026-05-10 23:29:06,Mass Market,Netherlands,Organic
CUST006365,2023-06-28 10:26:13,Mass Market,Belgium,Partner
CUST006366,2022-08-23 09:07:57,Mass Market,Germany,Branch
CUST006367,2026-04-18 19:27:12,Mass Market,Germany,Paid
CUST006368,2026-05-24 14:05:16,SME,Belgium,Referral
CUST006369,2023-06-07 18:17:56,Mass Market,Austria,Paid
CUST006370,2024-09-21 10:37:47,Mass Market,Netherlands,Partner
CUST006371,2022-10-17 17:52:51,Mass Market,Germany,Paid
CUST006372,2024-12-08 20:32:55,Affluent,Germany,Branch
CUST006373,2025-02-27 21:04:42,Mass Market,France,Organic
CUST006374,2025-04-01 23:55:32,Mass Market,Germany,Organic
CUST006375,2024-08-08 22:12:37,Mass Market,Belgium,Organic
CUST006376,2025-03-23 06:52:58,Mass Market,France,Paid
CUST006377,2024-07-17 01:00:24,Mass Market,Germany,Partner
CUST006378,2025-10-02 17:22:48,Mass Market,Germany,Partner
CUST006379,2022-10-28 06:28:23,Mass Market,Austria,Organic
CUST006380,2024-03-19 08:37:48,Mass Market,France,Partner
CUST006381,2023-11-28 05:06:32,SME,Germany,Organic
CUST006382,2024-06-10 18:36:48,Mass Market,Germany,Referral
CUST006383,2022-08-26 13:30:36,Mass Market,Germany,Organic
CUST006384,2023-06-26 10:31:47,Affluent,Germany,Paid
CUST006385,2026-05-15 07:45:23,Mass Market,Netherlands,Paid
CUST006386,2022-06-25 23:46:36,Mass Market,Germany,Paid
CUST006387,2024-11-28 05:36:18,Mass Market,Germany,Partner
CUST006388,2025-01-16 06:40:53,Mass Market,Germany,Branch
CUST006389,2024-03-04 09:21:59,Mass Market,Germany,Paid
CUST006390,2022-02-27 10:38:36,Mass Market,France,Paid
CUST006391,2023-04-06 20:40:59,Affluent,France,Organic
CUST006392,2022-06-21 09:41:01,Affluent,Germany,Partner
CUST006393,2022-06-07 13:15:21,Mass Market,Germany,Paid
CUST006394,2022-09-25 17:20:30,Mass Market,Netherlands,Referral
CUST006395,2022-11-15 21:29:57,Mass Market,Belgium,Partner
CUST006396,2025-11-02 22:20:53,Mass Market,Germany,Paid
CUST006397,2024-12-03 22:59:38,Mass Market,Germany,Branch
CUST006398,2022-02-20 20:17:04,Mass Market,Austria,Organic
CUST006399,2024-11-16 19:30:36,Mass Market,Germany,Partner
CUST006400,2022-08-17 13:50:59,SME,Austria,Paid
CUST006401,2023-12-06 00:05:29,Mass Market,Belgium,Organic
CUST006402,2022-03-05 14:41:22,Mass Market,Germany,Organic
CUST006403,2022-05-31 18:25:15,Mass Market,Germany,Partner
CUST006404,2022-08-10 16:46:35,Mass Market,Austria,Organic
CUST006405,2023-12-26 14:25:42,Mass Market,Germany,Referral
CUST006406,2024-02-14 06:30:35,Mass Market,France,Paid
CUST006407,2023-08-13 18:56:46,Mass Market,Germany,Paid
CUST006408,2024-11-02 22:09:24,Affluent,France,Partner
CUST006409,2025-04-19 14:35:05,SME,Belgium,Organic
CUST006410,2025-05-03 10:35:32,Mass Market,France,Organic
CUST006411,2024-07-01 04:04:16,Mass Market,Germany,Paid
CUST006412,2024-04-01 21:33:03,Mass Market,France,Paid
CUST006413,2023-02-02 19:50:40,Mass Market,France,Paid
CUST006414,2024-03-25 05:37:01,SME,Germany,Paid
CUST006415,2022-01-17 21:12:48,Mass Market,Netherlands,Partner
CUST006416,2026-06-04 15:33:41,Mass Market,France,Referral
CUST006417,2023-09-11 19:06:43,Affluent,Germany,Paid
CUST006418,2025-06-18 12:34:28,Mass Market,Austria,Referral
CUST006419,2026-05-19 14:37:04,Mass Market,Germany,Organic
CUST006420,2024-04-10 22:47:44,Mass Market,Germany,Paid
CUST006421,2025-12-11 23:23:55,Mass Market,Germany,Paid
CUST006422,2022-08-10 04:29:44,Mass Market,Germany,Paid
CUST006423,2022-02-14 06:33:12,SME,Germany,Organic
CUST006424,2022-08-15 18:15:28,Mass Market,Germany,Organic
CUST006425,2026-04-25 21:00:42,Mass Market,Netherlands,Organic
CUST006426,2024-03-05 09:08:53,Mass Market,France,Organic
CUST006427,2023-06-18 15:48:47,Mass Market,Germany,Paid
CUST006428,2024-01-16 19:32:05,Mass Market,Netherlands,Paid
CUST006429,2023-03-04 22:19:24,Affluent,Netherlands,Organic
CUST006430,2025-12-26 13:32:58,Mass Market,Germany,Partner
CUST006431,2026-07-30 00:16:52,Mass Market,Austria,Paid
CUST006432,2022-05-22 23:30:46,Mass Market,Germany,Organic
CUST006433,2025-04-16 15:34:44,Mass Market,Germany,Organic
CUST006434,2023-07-16 02:57:49,Mass Market,Germany,Partner
CUST006435,2022-03-21 04:36:48,Affluent,Germany,Partner
CUST006436,2026-03-22 22:27:22,Mass Market,Germany,Referral
CUST006437,2022-04-14 11:20:25,Affluent,Germany,Organic
CUST006438,2022-12-11 06:27:12,Affluent,France,Partner
CUST006439,2022-02-12 15:19:36,Mass Market,Belgium,Paid
CUST006440,2024-02-27 23:38:56,Mass Market,Netherlands,Referral
CUST006441,2024-09-29 13:30:25,Affluent,France,Partner
CUST006442,2022-04-30 15:44:24,SME,France,Organic
CUST006443,2022-07-14 05:04:14,Mass Market,Netherlands,Branch
CUST006444,2026-04-10 15:00:28,Mass Market,Germany,Paid
CUST006445,2025-09-09 11:49:53,Mass Market,Germany,Branch
CUST006446,2026-04-16 12:11:08,Affluent,Germany,Organic
CUST006447,2024-06-06 12:05:45,Affluent,Germany,Paid
CUST006448,2024-07-02 00:03:27,Affluent,France,Partner
CUST006449,2025-08-07 04:28:48,Mass Market,Germany,Organic
CUST006450,2024-10-28 00:29:13,Mass Market,Germany,Partner
CUST006451,2023-12-31 17:29:40,Affluent,Germany,Organic
CUST006452,2023-05-04 01:08:18,Mass Market,Netherlands,Organic
CUST006453,2024-03-22 18:26:28,Affluent,Germany,Organic
CUST006454,2022-04-17 23:05:24,Mass Market,Germany,Branch
CUST006455,2025-05-18 00:48:45,Affluent,Germany,Branch
CUST006456,2025-12-22 09:16:06,Mass Market,Germany,Paid
CUST006457,2022-06-20 04:28:05,Mass Market,Netherlands,Paid
CUST006458,2022-06-12 00:40:42,Mass Market,Germany,Organic
CUST006459,2022-05-24 01:15:25,Affluent,Germany,Paid
CUST006460,2025-08-16 12:26:56,Mass Market,Austria,Branch
CUST006461,2023-06-05 08:45:39,Affluent,Germany,Referral
CUST006462,2023-07-01 08:23:49,Mass Market,France,Partner
CUST006463,2022-01-21 20:13:19,Mass Market,France,Organic
CUST006464,2026-06-15 04:28:59,Mass Market,Germany,Referral
CUST006465,2023-12-27 16:58:52,SME,Germany,Branch
CUST006466,2025-08-26 07:56:15,Affluent,Germany,Branch
CUST006467,2025-03-29 05:49:10,Affluent,Germany,Partner
CUST006468,2022-08-26 01:09:06,Affluent,Germany,Organic
CUST006469,2025-09-01 20:31:47,Mass Market,France,Branch
CUST006470,2024-07-09 02:35:25,SME,Germany,Paid
CUST006471,2024-10-07 09:38:36,Mass Market,Germany,Organic
CUST006472,2025-11-16 23:22:04,Mass Market,France,Organic
CUST006473,2026-04-07 17:55:56,Mass Market,Germany,Partner
CUST006474,2023-11-11 16:07:13,Mass Market,France,Referral
CUST006475,2022-06-04 14:55:51,Affluent,Germany,Branch
CUST006476,2025-11-20 03:31:34,Mass Market,Netherlands,Branch
CUST006477,2026-01-23 17:17:23,Affluent,Belgium,Partner
CUST006478,2024-04-26 19:45:39,SME,France,Branch
CUST006479,2024-08-26 08:04:51,Mass Market,Belgium,Organic
CUST006480,2023-01-08 21:59:37,Mass Market,Germany,Organic
CUST006481,2022-04-23 19:33:53,Mass Market,Germany,Organic
CUST006482,2026-04-28 14:40:35,Mass Market,Germany,Referral
CUST006483,2024-03-18 12:07:18,Affluent,Germany,Branch
CUST006484,2023-04-05 18:01:52,Mass Market,Belgium,Referral
CUST006485,2025-03-05 02:02:11,Mass Market,Germany,Branch
CUST006486,2022-02-13 19:24:47,Mass Market,Germany,Paid
CUST006487,2022-05-14 15:50:00,Mass Market,Belgium,Referral
CUST006488,2023-02-10 18:01:26,Mass Market,Germany,Paid
CUST006489,2024-01-24 11:38:43,Mass Market,France,Referral
CUST006490,2023-09-06 02:26:18,Mass Market,Germany,Referral
CUST006491,2022-11-10 05:51:38,Affluent,Austria,Paid
CUST006492,2023-08-11 10:57:36,Mass Market,Germany,Organic
CUST006493,2023-07-13 07:12:04,Mass Market,Netherlands,Organic
CUST006494,2024-05-27 05:51:28,Mass Market,France,Branch
CUST006495,2024-07-29 21:41:34,Mass Market,Austria,Partner
CUST006496,2026-01-16 14:06:55,Mass Market,Austria,Paid
CUST006497,2025-09-10 22:24:34,Affluent,Netherlands,Branch
CUST006498,2023-05-04 18:56:54,Mass Market,Germany,Paid
CUST006499,2026-02-18 06:14:55,Mass Market,Germany,Paid
CUST006500,2024-05-20 17:28:58,Mass Market,Belgium,Referral
CUST006501,2022-11-10 19:07:46,Mass Market,France,Paid
CUST006502,2023-07-23 17:05:45,Mass Market,Belgium,Paid
CUST006503,2025-05-25 05:26:39,Affluent,Netherlands,Partner
CUST006504,2025-10-06 00:06:33,SME,Germany,Paid
CUST006505,2023-09-18 12:51:55,Mass Market,Germany,Paid
CUST006506,2022-09-21 12:14:00,SME,Germany,Organic
CUST006507,2022-11-17 20:02:15,Mass Market,France,Referral
CUST006508,2022-06-23 01:39:36,Mass Market,Germany,Paid
CUST006509,2025-03-14 06:56:49,Affluent,Germany,Referral
CUST006510,2024-04-21 00:11:36,Mass Market,Netherlands,Partner
CUST006511,2024-01-25 09:04:04,Mass Market,Germany,Organic
CUST006512,2025-01-28 09:30:18,Mass Market,Germany,Paid
CUST006513,2025-10-17 12:43:02,Mass Market,Germany,Paid
CUST006514,2025-08-23 02:50:06,Mass Market,Germany,Referral
CUST006515,2022-08-18 07:20:35,Affluent,Germany,Paid
CUST006516,2024-09-12 20:27:57,Mass Market,Netherlands,Partner
CUST006517,2026-01-15 13:31:14,SME,Belgium,Referral
CUST006518,2025-07-17 21:02:35,Mass Market,France,Organic
CUST006519,2023-07-05 18:40:16,Mass Market,Austria,Branch
CUST006520,2023-10-19 14:40:09,Mass Market,Germany,Paid
CUST006521,2026-01-28 09:47:13,Mass Market,Germany,Partner
CUST006522,2022-02-24 22:54:49,Mass Market,Germany,Organic
CUST006523,2024-05-28 12:02:47,Mass Market,Netherlands,Organic
CUST006524,2022-07-14 02:49:58,Mass Market,Germany,Referral
CUST006525,2026-02-04 18:01:54,Mass Market,Austria,Paid
CUST006526,2022-03-06 17:51:37,SME,France,Referral
CUST006527,2022-02-09 02:38:25,Mass Market,Netherlands,Partner
CUST006528,2023-07-04 23:51:02,Mass Market,Germany,Partner
CUST006529,2024-04-08 11:04:35,Mass Market,Netherlands,Paid
CUST006530,2023-05-16 21:06:46,Mass Market,Germany,Branch
CUST006531,2023-08-19 18:18:28,Mass Market,France,Branch
CUST006532,2024-08-02 13:11:47,Affluent,Netherlands,Organic
CUST006533,2024-07-26 07:44:08,Mass Market,Germany,Paid
CUST006534,2026-04-13 04:55:09,Mass Market,Belgium,Branch
CUST006535,2024-03-14 13:53:02,Mass Market,Netherlands,Organic
CUST006536,2024-08-01 09:29:01,Mass Market,Netherlands,Organic
CUST006537,2025-02-07 12:29:19,Mass Market,Germany,Branch
CUST006538,2022-10-19 07:36:17,SME,Germany,Paid
CUST006539,2025-01-20 03:51:27,Mass Market,Germany,Branch
CUST006540,2025-12-12 02:47:00,Mass Market,France,Paid
CUST006541,2023-06-16 19:16:41,Affluent,Germany,Paid
CUST006542,2022-10-26 04:25:43,Mass Market,Austria,Paid
CUST006543,2023-08-02 20:53:37,Affluent,Austria,Paid
CUST006544,2023-04-05 20:45:34,Affluent,Germany,Branch
CUST006545,2024-09-05 08:48:42,Mass Market,Netherlands,Partner
CUST006546,2025-12-15 03:59:37,Mass Market,Germany,Branch
CUST006547,2024-09-24 05:38:31,Affluent,Germany,Paid
CUST006548,2023-06-11 04:16:41,Mass Market,Germany,Branch
CUST006549,2025-02-26 12:50:17,Mass Market,Belgium,Partner
CUST006550,2024-09-07 10:41:46,Mass Market,Belgium,Organic
CUST006551,2025-03-06 10:38:17,Affluent,Germany,Paid
CUST006552,2023-07-05 08:50:43,Mass Market,Germany,Organic
CUST006553,2024-12-18 11:18:05,Mass Market,Germany,Organic
CUST006554,2023-10-28 15:37:12,Mass Market,France,Branch
CUST006555,2022-08-14 19:19:07,Mass Market,Germany,Branch
CUST006556,2024-01-08 10:07:42,Mass Market,Belgium,Organic
CUST006557,2022-01-04 23:47:14,Mass Market,Austria,Organic
CUST006558,2026-02-01 14:30:34,Mass Market,Germany,Organic
CUST006559,2024-06-01 15:10:04,Mass Market,Belgium,Referral
CUST006560,2022-03-02 16:52:26,Mass Market,France,Partner
CUST006561,2025-12-22 06:46:48,Mass Market,France,Partner
CUST006562,2025-11-30 20:01:07,Mass Market,Netherlands,Partner
CUST006563,2022-01-21 03:29:14,Affluent,Germany,Branch
CUST006564,2022-09-30 20:00:47,Mass Market,France,Organic
CUST006565,2023-09-01 06:19:55,Mass Market,Germany,Organic
CUST006566,2024-04-28 02:52:23,Mass Market,Netherlands,Partner
CUST006567,2025-04-28 11:25:43,Mass Market,Germany,Branch
CUST006568,2023-12-11 11:46:19,Mass Market,Germany,Partner
CUST006569,2024-10-19 18:59:59,SME,Germany,Branch
CUST006570,2022-01-17 22:28:12,Mass Market,Germany,Branch
CUST006571,2025-01-06 01:51:41,Mass Market,Germany,Organic
CUST006572,2026-03-11 13:02:53,Affluent,Germany,Partner
CUST006573,2024-05-29 19:40:43,Mass Market,Belgium,Referral
CUST006574,2024-01-31 15:14:22,Mass Market,France,Organic
CUST006575,2023-05-12 18:45:52,Mass Market,Germany,Partner
CUST006576,2026-05-15 12:52:38,SME,Belgium,Organic
CUST006577,2022-02-25 12:22:38,Mass Market,Belgium,Referral
CUST006578,2023-04-25 10:27:33,Mass Market,Germany,Organic
CUST006579,2022-08-20 22:04:36,Affluent,France,Paid
CUST006580,2025-12-19 09:54:51,Affluent,Germany,Partner
CUST006581,2024-03-17 21:58:59,SME,France,Partner
CUST006582,2026-03-23 05:38:55,Mass Market,Netherlands,Organic
CUST006583,2025-01-17 03:27:43,SME,Germany,Organic
CUST006584,2024-07-20 00:34:16,Mass Market,Germany,Branch
CUST006585,2024-05-15 05:08:14,Affluent,Germany,Branch
CUST006586,2022-12-05 21:03:15,Affluent,France,Partner
CUST006587,2024-07-28 17:52:10,Mass Market,Germany,Organic
CUST006588,2025-02-19 17:36:32,Mass Market,Netherlands,Referral
CUST006589,2026-06-03 01:18:56,Mass Market,France,Partner
CUST006590,2024-07-06 21:23:30,Affluent,Germany,Paid
CUST006591,2026-04-19 17:37:55,Mass Market,Netherlands,Organic
CUST006592,2026-04-29 06:05:11,Affluent,Germany,Organic
CUST006593,2024-05-23 17:00:22,Mass Market,France,Organic
CUST006594,2024-01-05 11:06:33,Mass Market,Germany,Partner
CUST006595,2022-08-27 14:24:03,Mass Market,Germany,Paid
CUST006596,2023-03-25 22:54:56,Affluent,Germany,Paid
CUST006597,2026-01-09 20:15:40,Mass Market,Germany,Paid
CUST006598,2022-08-20 05:10:50,Mass Market,Netherlands,Partner
CUST006599,2023-10-26 21:08:43,Mass Market,Netherlands,Partner
CUST006600,2025-03-14 02:46:04,SME,Germany,Paid
CUST006601,2023-02-07 07:40:37,Affluent,Germany,Organic
CUST006602,2026-06-17 17:04:14,Mass Market,Belgium,Organic
CUST006603,2024-12-21 22:29:53,Mass Market,Germany,Partner
CUST006604,2022-02-17 09:22:43,Mass Market,Germany,Paid
CUST006605,2023-02-18 06:31:31,Mass Market,France,Paid
CUST006606,2025-05-23 00:35:28,Affluent,Germany,Paid
CUST006607,2025-12-14 06:09:00,Mass Market,Austria,Organic
CUST006608,2026-03-30 19:51:41,Mass Market,Germany,Organic
CUST006609,2025-11-24 03:45:11,Affluent,Belgium,Partner
CUST006610,2022-05-06 00:50:00,Mass Market,Germany,Paid
CUST006611,2025-05-05 00:52:58,Mass Market,Germany,Partner
CUST006612,2022-07-04 04:54:12,Mass Market,Germany,Organic
CUST006613,2022-05-08 23:50:22,Mass Market,Austria,Referral
CUST006614,2024-03-10 11:49:50,Mass Market,France,Paid
CUST006615,2024-12-19 09:28:27,Mass Market,Germany,Partner
CUST006616,2025-11-24 16:23:12,Mass Market,Austria,Paid
CUST006617,2022-04-26 01:54:23,Mass Market,Germany,Paid
CUST006618,2025-10-27 03:42:58,Mass Market,Germany,Referral
CUST006619,2024-01-07 04:04:19,Mass Market,Germany,Organic
CUST006620,2024-05-25 03:57:07,Mass Market,Belgium,Organic
CUST006621,2024-04-12 09:51:47,Mass Market,Germany,Organic
CUST006622,2026-02-25 20:00:58,Mass Market,Germany,Branch
CUST006623,2022-03-25 10:07:42,Mass Market,Austria,Branch
CUST006624,2026-01-08 00:01:05,Mass Market,France,Partner
CUST006625,2025-09-26 23:49:13,Affluent,Germany,Paid
CUST006626,2025-09-20 12:18:42,Mass Market,France,Organic
CUST006627,2023-11-21 08:15:41,Affluent,Germany,Referral
CUST006628,2024-05-12 13:59:27,Mass Market,Germany,Organic
CUST006629,2023-09-09 22:34:50,Mass Market,Germany,Organic
CUST006630,2023-02-25 20:38:40,Mass Market,France,Referral
CUST006631,2026-01-03 17:26:20,Mass Market,Netherlands,Organic
CUST006632,2024-04-25 23:47:06,Affluent,Germany,Referral
CUST006633,2025-04-24 10:26:14,Affluent,Germany,Referral
CUST006634,2022-06-18 13:21:32,Affluent,Germany,Referral
CUST006635,2025-08-12 02:01:34,Mass Market,Netherlands,Partner
CUST006636,2025-01-06 14:10:41,Mass Market,Netherlands,Paid
CUST006637,2026-07-27 00:06:27,Mass Market,Netherlands,Partner
CUST006638,2022-08-13 00:14:16,Mass Market,Austria,Referral
CUST006639,2024-06-21 22:44:24,Mass Market,Belgium,Referral
CUST006640,2024-05-04 16:20:55,Mass Market,Austria,Referral
CUST006641,2024-06-19 04:54:02,Mass Market,France,Branch
CUST006642,2022-04-01 22:14:23,Affluent,Germany,Partner
CUST006643,2024-03-02 01:26:42,Mass Market,France,Branch
CUST006644,2023-05-16 18:50:13,Mass Market,Germany,Organic
CUST006645,2024-10-29 05:09:26,Mass Market,Germany,Branch
CUST006646,2023-01-24 00:55:28,SME,Germany,Branch
CUST006647,2023-12-29 09:46:19,Mass Market,Germany,Organic
CUST006648,2024-11-02 16:37:32,Mass Market,Netherlands,Partner
CUST006649,2022-04-18 02:00:47,Mass Market,Germany,Paid
CUST006650,2025-08-08 12:10:37,Mass Market,Germany,Referral
CUST006651,2025-04-11 17:00:15,Mass Market,Belgium,Organic
CUST006652,2022-04-06 19:27:10,SME,France,Paid
CUST006653,2022-04-19 05:43:25,SME,Germany,Paid
CUST006654,2025-11-22 16:11:01,SME,Germany,Paid
CUST006655,2023-04-19 17:29:55,Mass Market,Germany,Branch
CUST006656,2025-12-10 04:53:09,Affluent,Belgium,Paid
CUST006657,2024-04-14 18:00:38,Mass Market,Germany,Paid
CUST006658,2023-07-27 06:34:24,Mass Market,Austria,Referral
CUST006659,2023-04-03 09:25:47,Mass Market,Germany,Organic
CUST006660,2025-01-06 20:30:54,Mass Market,Netherlands,Organic
CUST006661,2022-07-03 11:07:19,Mass Market,Germany,Organic
CUST006662,2023-11-05 04:03:20,SME,Germany,Branch
CUST006663,2023-08-02 06:31:02,Affluent,Germany,Branch
CUST006664,2022-09-15 19:22:18,Mass Market,Germany,Partner
CUST006665,2023-08-13 22:03:36,Mass Market,Austria,Paid
CUST006666,2024-06-02 22:09:55,Mass Market,Netherlands,Paid
CUST006667,2025-02-06 21:15:15,Mass Market,Germany,Partner
CUST006668,2022-05-25 09:26:27,Mass Market,Netherlands,Paid
CUST006669,2025-12-29 15:35:23,Mass Market,Germany,Organic
CUST006670,2026-01-08 19:19:50,Mass Market,Austria,Organic
CUST006671,2025-03-02 23:39:50,Affluent,Germany,Branch
CUST006672,2026-03-26 09:53:58,Affluent,Germany,Partner
CUST006673,2023-12-17 12:37:01,Mass Market,Germany,Organic
CUST006674,2025-10-05 17:41:31,Affluent,Germany,Branch
CUST006675,2025-04-30 23:46:47,Mass Market,Austria,Paid
CUST006676,2024-07-29 13:07:42,Mass Market,Germany,Referral
CUST006677,2022-10-28 03:11:01,Mass Market,Germany,Organic
CUST006678,2024-07-21 07:18:58,Mass Market,Netherlands,Branch
CUST006679,2026-02-16 01:21:16,Mass Market,Germany,Organic
CUST006680,2026-07-05 06:19:29,Mass Market,Germany,Branch
CUST006681,2024-01-20 04:01:07,Mass Market,France,Partner
CUST006682,2023-02-19 11:47:56,SME,Germany,Organic
CUST006683,2025-06-03 19:59:25,Mass Market,Belgium,Organic
CUST006684,2022-05-07 23:39:21,Mass Market,France,Referral
CUST006685,2022-09-10 15:03:47,SME,Germany,Organic
CUST006686,2024-07-28 13:33:55,Mass Market,Germany,Organic
CUST006687,2026-07-14 14:52:31,Mass Market,Germany,Partner
CUST006688,2023-07-04 17:30:30,SME,France,Organic
CUST006689,2024-01-12 05:42:32,Mass Market,France,Paid
CUST006690,2023-06-23 22:48:36,Mass Market,Netherlands,Partner
CUST006691,2024-01-07 12:33:35,Mass Market,Germany,Organic
CUST006692,2022-01-12 20:19:15,Mass Market,Netherlands,Paid
CUST006693,2024-09-21 09:01:46,Affluent,Germany,Organic
CUST006694,2024-09-23 21:53:42,Mass Market,Austria,Branch
CUST006695,2023-06-12 14:55:35,Mass Market,Germany,Organic
CUST006696,2023-03-18 11:08:39,Affluent,Belgium,Partner
CUST006697,2022-11-11 02:23:16,SME,Germany,Partner
CUST006698,2022-03-20 16:42:27,Mass Market,Germany,Referral
CUST006699,2022-03-09 14:27:09,Mass Market,Germany,Paid
CUST006700,2026-01-14 07:00:37,SME,Belgium,Organic
CUST006701,2023-09-02 05:06:04,Mass Market,Belgium,Paid
CUST006702,2022-06-20 06:19:32,Mass Market,Netherlands,Partner
CUST006703,2026-01-09 15:15:46,Mass Market,Germany,Referral
CUST006704,2022-09-06 11:56:27,Affluent,France,Organic
CUST006705,2023-07-17 21:55:34,Mass Market,Germany,Referral
CUST006706,2022-02-04 14:08:47,Mass Market,France,Organic
CUST006707,2025-02-09 09:53:23,Affluent,Germany,Paid
CUST006708,2025-03-15 05:32:52,Mass Market,Belgium,Partner
CUST006709,2025-06-18 22:42:59,Mass Market,Netherlands,Organic
CUST006710,2023-03-16 19:25:03,Mass Market,Germany,Branch
CUST006711,2023-07-03 14:01:45,Affluent,France,Partner
CUST006712,2026-04-18 12:52:28,Mass Market,Germany,Organic
CUST006713,2025-10-05 18:47:57,Mass Market,Germany,Organic
CUST006714,2022-03-04 03:02:00,Mass Market,Germany,Referral
CUST006715,2025-03-02 19:44:49,Mass Market,Germany,Referral
CUST006716,2025-09-20 21:37:22,Affluent,Germany,Organic
CUST006717,2024-07-24 01:16:19,Mass Market,France,Organic
CUST006718,2024-12-05 22:11:10,Mass Market,Netherlands,Partner
CUST006719,2022-01-02 15:49:32,Affluent,Germany,Paid
CUST006720,2022-02-20 05:56:35,Mass Market,Austria,Paid
CUST006721,2022-02-28 16:07:20,Mass Market,Belgium,Paid
CUST006722,2022-09-23 19:24:58,Affluent,Germany,Paid
CUST006723,2026-07-15 17:27:52,Mass Market,Germany,Organic
CUST006724,2024-11-26 15:20:10,Mass Market,Belgium,Paid
CUST006725,2025-07-31 23:29:21,Mass Market,Germany,Organic
CUST006726,2023-05-10 05:14:08,Mass Market,Germany,Organic
CUST006727,2026-04-17 14:37:07,Mass Market,Austria,Branch
CUST006728,2022-11-29 14:03:00,Mass Market,Netherlands,Organic
CUST006729,2026-02-17 15:37:22,Affluent,Belgium,Organic
CUST006730,2022-02-21 11:42:30,Affluent,Belgium,Branch
CUST006731,2022-02-04 04:20:09,Affluent,Germany,Branch
CUST006732,2022-05-12 21:59:19,Mass Market,France,Referral
CUST006733,2025-08-16 23:14:52,Mass Market,Netherlands,Organic
CUST006734,2023-03-07 12:50:58,Affluent,Germany,Partner
CUST006735,2024-01-25 07:34:35,Mass Market,Germany,Partner
CUST006736,2024-02-28 00:50:51,Affluent,Germany,Referral
CUST006737,2025-08-13 03:23:29,Affluent,Netherlands,Organic
CUST006738,2023-08-07 01:59:50,Mass Market,France,Paid
CUST006739,2022-01-12 05:29:27,Mass Market,Belgium,Organic
CUST006740,2023-10-09 04:32:59,Mass Market,Germany,Partner
CUST006741,2023-04-27 20:51:41,Mass Market,France,Paid
CUST006742,2025-05-07 00:44:19,Mass Market,Germany,Paid
CUST006743,2025-06-10 05:07:13,Mass Market,Austria,Partner
CUST006744,2022-06-03 18:04:53,Affluent,France,Referral
CUST006745,2025-08-18 22:20:17,Mass Market,Netherlands,Branch
CUST006746,2022-04-28 20:41:53,Mass Market,Germany,Partner
CUST006747,2024-11-02 03:54:27,Affluent,Germany,Organic
CUST006748,2023-10-13 21:10:05,Affluent,Germany,Branch
CUST006749,2023-05-19 16:48:30,SME,Netherlands,Organic
CUST006750,2024-03-18 21:17:32,Mass Market,Germany,Organic
CUST006751,2023-06-03 22:13:48,Affluent,Belgium,Paid
CUST006752,2025-08-20 08:09:37,Affluent,Germany,Partner
CUST006753,2026-06-05 10:18:15,Affluent,France,Organic
CUST006754,2025-09-26 00:23:26,Mass Market,Germany,Organic
CUST006755,2024-01-05 08:42:22,Mass Market,Germany,Organic
CUST006756,2024-04-21 11:49:35,Mass Market,France,Partner
CUST006757,2024-01-18 14:15:14,Mass Market,Germany,Partner
CUST006758,2025-08-19 19:11:53,Mass Market,Germany,Paid
CUST006759,2024-07-12 12:00:30,SME,France,Paid
CUST006760,2024-02-22 16:55:16,Mass Market,Germany,Referral
CUST006761,2023-11-16 16:30:35,SME,France,Paid
CUST006762,2023-09-20 01:49:36,Mass Market,France,Paid
CUST006763,2024-07-13 01:36:16,Affluent,Germany,Partner
CUST006764,2025-02-26 00:00:12,Mass Market,Germany,Partner
CUST006765,2025-09-10 17:42:26,Mass Market,Germany,Referral
CUST006766,2025-10-14 06:24:58,Mass Market,Germany,Organic
CUST006767,2023-12-19 10:03:34,SME,Germany,Referral
CUST006768,2026-02-28 22:23:57,Mass Market,France,Paid
CUST006769,2022-10-17 07:48:29,Mass Market,Germany,Branch
CUST006770,2026-04-08 11:43:13,SME,Belgium,Paid
CUST006771,2023-05-07 17:38:52,Mass Market,Netherlands,Paid
CUST006772,2024-08-01 12:04:41,Mass Market,Germany,Organic
CUST006773,2023-04-20 03:40:17,Mass Market,France,Paid
CUST006774,2024-01-10 06:32:14,Mass Market,Germany,Paid
CUST006775,2023-07-23 13:59:27,Mass Market,Germany,Branch
CUST006776,2025-03-25 03:52:23,Mass Market,Austria,Branch
CUST006777,2022-05-16 17:58:37,Mass Market,Germany,Paid
CUST006778,2025-11-02 16:14:56,Mass Market,Germany,Referral
CUST006779,2026-02-20 05:30:32,Affluent,Belgium,Referral
CUST006780,2024-07-30 07:21:05,SME,Belgium,Branch
CUST006781,2025-03-16 08:50:18,Mass Market,France,Paid
CUST006782,2022-11-29 20:27:11,Mass Market,Netherlands,Organic
CUST006783,2025-06-07 13:08:21,Mass Market,Netherlands,Branch
CUST006784,2023-01-01 14:54:27,Affluent,Netherlands,Partner
CUST006785,2025-02-04 22:19:46,Mass Market,Germany,Paid
CUST006786,2023-05-26 22:14:06,Mass Market,Belgium,Paid
CUST006787,2025-06-01 12:50:50,Mass Market,France,Organic
CUST006788,2025-08-15 15:32:58,Mass Market,Germany,Organic
CUST006789,2022-12-15 20:31:11,Affluent,Germany,Organic
CUST006790,2024-10-29 08:25:07,Mass Market,Germany,Partner
CUST006791,2024-04-13 06:46:25,Mass Market,Germany,Paid
CUST006792,2023-05-07 15:14:41,Mass Market,Germany,Paid
CUST006793,2026-07-18 17:36:18,Mass Market,Germany,Organic
CUST006794,2022-01-05 03:26:03,Mass Market,Austria,Organic
CUST006795,2026-05-19 21:31:34,Affluent,Germany,Paid
CUST006796,2025-12-02 04:03:48,Mass Market,Germany,Organic
CUST006797,2024-06-04 02:42:19,Mass Market,Belgium,Branch
CUST006798,2024-10-16 23:03:48,Mass Market,Germany,Paid
CUST006799,2023-09-10 06:54:11,Mass Market,Netherlands,Paid
CUST006800,2022-08-04 21:58:57,Affluent,France,Paid
CUST006801,2024-08-13 12:11:44,Mass Market,France,Partner
CUST006802,2025-09-26 22:46:35,Mass Market,Germany,Organic
CUST006803,2023-01-22 09:55:55,Mass Market,Germany,Referral
CUST006804,2025-06-04 17:49:52,SME,France,Organic
CUST006805,2025-06-21 21:02:38,Affluent,Germany,Paid
CUST006806,2023-07-23 11:31:17,Mass Market,Germany,Paid
CUST006807,2023-10-18 11:52:47,Mass Market,Germany,Partner
CUST006808,2023-11-27 21:45:49,Affluent,France,Partner
CUST006809,2025-11-29 05:26:17,Affluent,Germany,Referral
CUST006810,2026-02-14 13:15:26,Mass Market,Netherlands,Paid
CUST006811,2023-11-24 06:05:55,Affluent,Netherlands,Organic
CUST006812,2026-06-10 19:14:40,Mass Market,Germany,Partner
CUST006813,2024-08-11 21:23:28,Mass Market,Belgium,Paid
CUST006814,2023-10-06 19:36:03,Mass Market,Belgium,Partner
CUST006815,2022-01-02 01:46:27,Mass Market,Germany,Paid
CUST006816,2024-10-18 17:15:19,Mass Market,Germany,Paid
CUST006817,2026-06-08 03:15:11,Mass Market,Germany,Partner
CUST006818,2025-04-15 18:57:29,Affluent,Belgium,Paid
CUST006819,2022-02-19 14:46:08,Affluent,Germany,Referral
CUST006820,2024-08-06 04:57:52,Mass Market,Germany,Referral
CUST006821,2025-05-26 22:12:53,Mass Market,Belgium,Paid
CUST006822,2024-04-10 05:54:43,Mass Market,France,Organic
CUST006823,2023-12-19 21:00:20,Mass Market,Germany,Organic
CUST006824,2025-09-16 05:07:50,Mass Market,France,Organic
CUST006825,2024-10-19 05:07:34,Affluent,Netherlands,Organic
CUST006826,2025-02-13 06:07:27,Mass Market,Germany,Organic
CUST006827,2024-02-15 23:34:10,Mass Market,France,Partner
CUST006828,2023-04-10 22:33:18,Affluent,France,Paid
CUST006829,2024-05-17 22:05:10,Mass Market,Germany,Organic
CUST006830,2026-05-23 13:41:41,Mass Market,Austria,Paid
CUST006831,2024-10-04 15:56:43,Mass Market,Germany,Referral
CUST006832,2025-03-28 13:13:04,Affluent,France,Paid
CUST006833,2023-02-14 03:25:35,Mass Market,Netherlands,Branch
CUST006834,2026-06-12 22:46:26,Mass Market,Germany,Referral
CUST006835,2024-01-16 07:30:47,Mass Market,Germany,Branch
CUST006836,2026-03-17 10:00:33,Mass Market,Austria,Partner
CUST006837,2026-01-31 02:38:15,Mass Market,Netherlands,Referral
CUST006838,2025-06-16 23:32:57,Mass Market,Germany,Paid
CUST006839,2026-03-13 05:36:25,Mass Market,Germany,Partner
CUST006840,2024-10-15 23:10:54,Affluent,Germany,Organic
CUST006841,2025-11-20 03:37:34,Mass Market,Germany,Organic
CUST006842,2022-10-15 20:51:51,Affluent,Germany,Branch
CUST006843,2022-04-28 12:21:55,Mass Market,France,Paid
CUST006844,2024-06-27 11:36:20,Affluent,Germany,Organic
CUST006845,2025-09-16 01:33:17,Mass Market,France,Organic
CUST006846,2025-07-03 17:01:44,Mass Market,Austria,Paid
CUST006847,2024-06-01 15:23:32,Affluent,Austria,Referral
CUST006848,2024-05-20 20:57:21,Affluent,Belgium,Branch
CUST006849,2024-10-16 15:51:14,Mass Market,Germany,Organic
CUST006850,2025-12-22 16:41:59,Mass Market,France,Organic
CUST006851,2025-11-08 12:25:50,Mass Market,Germany,Organic
CUST006852,2022-07-03 08:16:18,Mass Market,Germany,Partner
CUST006853,2024-09-23 01:54:05,Mass Market,Belgium,Paid
CUST006854,2023-09-29 22:22:27,Affluent,France,Referral
CUST006855,2025-08-29 14:48:56,Mass Market,France,Partner
CUST006856,2024-04-25 23:20:24,Mass Market,Germany,Organic
CUST006857,2026-07-16 12:37:12,Mass Market,Germany,Organic
CUST006858,2023-12-24 20:20:58,SME,Belgium,Paid
CUST006859,2025-02-09 11:21:44,Mass Market,Germany,Partner
CUST006860,2022-07-01 13:21:39,Mass Market,Germany,Partner
CUST006861,2026-04-08 21:44:51,Mass Market,France,Branch
CUST006862,2022-09-14 16:47:00,Mass Market,Netherlands,Organic
CUST006863,2023-09-25 15:18:09,Mass Market,Germany,Branch
CUST006864,2025-11-01 11:54:24,Mass Market,Germany,Organic
CUST006865,2026-06-06 12:35:46,Mass Market,Netherlands,Paid
CUST006866,2024-03-20 21:22:17,Affluent,Austria,Organic
CUST006867,2024-03-21 10:53:07,Mass Market,Germany,Organic
CUST006868,2022-03-23 11:08:00,Mass Market,Netherlands,Organic
CUST006869,2026-06-25 16:13:24,Mass Market,Germany,Organic
CUST006870,2022-01-28 13:45:40,Mass Market,Netherlands,Partner
CUST006871,2022-02-13 14:46:55,Mass Market,France,Referral
CUST006872,2024-03-02 15:37:15,Mass Market,Belgium,Referral
CUST006873,2022-01-07 01:47:16,Mass Market,Netherlands,Referral
CUST006874,2022-10-02 20:11:22,Mass Market,Germany,Referral
CUST006875,2024-11-15 13:08:44,Mass Market,Germany,Branch
CUST006876,2025-03-24 23:17:38,Mass Market,Netherlands,Organic
CUST006877,2023-05-14 13:06:18,Mass Market,Germany,Branch
CUST006878,2025-08-22 18:44:23,Mass Market,France,Paid
CUST006879,2024-10-13 02:24:13,Mass Market,Germany,Paid
CUST006880,2023-01-17 17:05:25,Mass Market,Germany,Partner
CUST006881,2025-04-06 04:54:55,Mass Market,France,Organic
CUST006882,2024-09-17 02:52:35,SME,Germany,Organic
CUST006883,2025-09-19 20:27:13,Mass Market,Belgium,Paid
CUST006884,2022-09-16 05:33:16,Mass Market,Germany,Referral
CUST006885,2023-01-21 23:44:20,SME,Germany,Referral
CUST006886,2023-05-23 14:09:52,SME,Germany,Organic
CUST006887,2023-07-25 20:17:51,Mass Market,Germany,Organic
CUST006888,2026-01-26 01:35:08,Mass Market,France,Partner
CUST006889,2025-05-09 19:25:29,Affluent,Germany,Paid
CUST006890,2024-06-28 17:34:05,SME,Germany,Organic
CUST006891,2024-06-22 15:19:49,Affluent,Austria,Paid
CUST006892,2026-01-21 04:56:29,Mass Market,Germany,Partner
CUST006893,2024-01-18 00:59:00,Mass Market,Germany,Organic
CUST006894,2023-01-12 14:44:37,SME,Belgium,Organic
CUST006895,2022-08-17 21:29:13,Mass Market,France,Organic
CUST006896,2023-07-06 19:13:00,Mass Market,Germany,Paid
CUST006897,2024-12-28 07:21:19,Affluent,Austria,Organic
CUST006898,2024-02-27 10:22:02,Mass Market,Germany,Partner
CUST006899,2023-12-07 05:17:34,Mass Market,Germany,Branch
CUST006900,2024-03-13 16:39:11,Mass Market,Germany,Organic
CUST006901,2026-06-18 23:46:30,Mass Market,Austria,Organic
CUST006902,2026-07-27 01:37:03,Mass Market,Germany,Organic
CUST006903,2022-09-27 16:20:38,Mass Market,Netherlands,Branch
CUST006904,2022-07-11 08:27:42,Mass Market,Germany,Paid
CUST006905,2023-02-13 11:36:18,Mass Market,Germany,Referral
CUST006906,2025-11-25 11:39:10,Mass Market,Belgium,Referral
CUST006907,2024-02-08 07:25:39,SME,Austria,Branch
CUST006908,2025-12-15 01:49:58,Mass Market,Germany,Referral
CUST006909,2024-12-17 08:49:40,SME,Germany,Organic
CUST006910,2024-07-13 22:45:16,Mass Market,Netherlands,Partner
CUST006911,2023-04-16 16:37:43,Mass Market,France,Branch
CUST006912,2023-07-30 05:31:24,Affluent,Germany,Partner
CUST006913,2022-09-04 23:36:56,Affluent,Germany,Referral
CUST006914,2024-05-18 03:30:18,Mass Market,Austria,Branch
CUST006915,2023-04-14 18:49:59,Mass Market,Germany,Partner
CUST006916,2023-05-05 00:08:38,Mass Market,Germany,Partner
CUST006917,2022-03-08 02:56:12,Mass Market,Germany,Partner
CUST006918,2025-08-29 02:35:01,Mass Market,Germany,Paid
CUST006919,2026-04-20 10:41:10,Mass Market,France,Organic
CUST006920,2024-04-13 02:56:45,Mass Market,Germany,Partner
CUST006921,2024-06-15 05:54:04,Affluent,France,Branch
CUST006922,2026-03-29 00:11:41,Mass Market,Germany,Branch
CUST006923,2024-05-05 04:46:40,Affluent,Germany,Organic
CUST006924,2024-11-07 03:21:29,Affluent,Belgium,Referral
CUST006925,2023-12-17 18:36:32,SME,Germany,Organic
CUST006926,2024-05-09 22:36:22,Mass Market,Germany,Partner
CUST006927,2024-05-22 13:22:01,Mass Market,Germany,Branch
CUST006928,2025-04-03 21:47:27,Mass Market,France,Branch
CUST006929,2024-10-07 04:50:08,Mass Market,Netherlands,Partner
CUST006930,2024-04-22 13:49:19,Mass Market,France,Partner
CUST006931,2022-05-07 19:22:25,Affluent,Netherlands,Paid
CUST006932,2026-02-21 08:01:50,Mass Market,Germany,Partner
CUST006933,2026-01-25 04:50:43,Mass Market,Austria,Organic
CUST006934,2022-11-05 09:26:51,Affluent,Germany,Organic
CUST006935,2023-05-06 10:00:47,Affluent,Germany,Referral
CUST006936,2026-06-16 10:32:09,Mass Market,Germany,Organic
CUST006937,2023-06-21 19:35:11,Mass Market,Germany,Partner
CUST006938,2025-09-19 23:34:56,Mass Market,Germany,Paid
CUST006939,2025-08-06 18:30:55,Affluent,Germany,Organic
CUST006940,2022-01-27 18:04:43,Mass Market,Netherlands,Organic
CUST006941,2024-03-18 10:07:31,Mass Market,Netherlands,Organic
CUST006942,2024-08-03 12:50:06,Mass Market,France,Organic
CUST006943,2025-10-31 19:13:25,Mass Market,Germany,Partner
CUST006944,2023-01-11 07:25:05,Affluent,Germany,Partner
CUST006945,2023-05-28 22:13:49,Mass Market,Belgium,Paid
CUST006946,2022-10-28 19:03:12,Mass Market,Germany,Referral
CUST006947,2025-06-27 23:27:23,Mass Market,Germany,Referral
CUST006948,2026-07-29 02:45:20,Mass Market,Germany,Partner
CUST006949,2022-08-23 19:59:02,Affluent,Germany,Partner
CUST006950,2023-01-25 18:27:21,Mass Market,Germany,Partner
CUST006951,2023-05-29 09:22:45,Affluent,France,Organic
CUST006952,2026-01-26 11:00:12,Affluent,Belgium,Organic
CUST006953,2024-01-16 06:21:37,Mass Market,Austria,Organic
CUST006954,2023-04-17 09:29:38,Affluent,Germany,Referral
CUST006955,2023-06-23 22:02:44,Mass Market,Germany,Paid
CUST006956,2024-09-27 01:19:54,Mass Market,Netherlands,Branch
CUST006957,2023-10-10 02:13:22,Mass Market,Germany,Organic
CUST006958,2022-08-23 18:22:03,Mass Market,France,Paid
CUST006959,2025-10-03 05:09:47,Mass Market,France,Organic
CUST006960,2023-12-07 23:22:38,Mass Market,Germany,Referral
CUST006961,2023-03-06 03:53:24,Affluent,Germany,Paid
CUST006962,2025-05-02 22:35:38,Mass Market,Germany,Partner
CUST006963,2025-05-31 02:38:34,SME,France,Partner
CUST006964,2022-09-17 05:18:15,Mass Market,Germany,Organic
CUST006965,2022-05-04 05:55:04,Mass Market,Germany,Referral
CUST006966,2022-03-17 22:22:32,Mass Market,Germany,Referral
CUST006967,2025-07-04 07:34:44,Mass Market,Netherlands,Partner
CUST006968,2024-11-12 05:45:20,Mass Market,Belgium,Organic
CUST006969,2025-08-17 06:18:31,SME,Belgium,Partner
CUST006970,2024-11-13 08:26:42,SME,Belgium,Partner
CUST006971,2023-11-03 15:22:06,Mass Market,Germany,Branch
CUST006972,2024-09-12 17:44:48,Mass Market,Germany,Organic
CUST006973,2025-04-22 23:35:24,Mass Market,Germany,Branch
CUST006974,2023-10-29 20:50:50,Mass Market,France,Branch
CUST006975,2026-03-11 02:40:25,Mass Market,Netherlands,Organic
CUST006976,2026-02-13 03:23:55,Mass Market,Germany,Partner
CUST006977,2025-08-31 19:00:36,Affluent,Austria,Organic
CUST006978,2026-07-18 01:40:37,Mass Market,Germany,Organic
CUST006979,2023-10-15 19:50:15,Mass Market,France,Partner
CUST006980,2022-07-10 18:50:41,Mass Market,Belgium,Organic
CUST006981,2024-03-20 14:31:11,SME,France,Organic
CUST006982,2025-06-01 03:03:47,Mass Market,Netherlands,Partner
CUST006983,2025-07-27 02:03:34,Mass Market,Netherlands,Branch
CUST006984,2023-10-12 14:31:01,Mass Market,Netherlands,Organic
CUST006985,2023-05-05 05:14:08,Affluent,Netherlands,Organic
CUST006986,2024-01-15 19:55:48,Affluent,Germany,Organic
CUST006987,2025-09-06 02:12:23,Mass Market,Germany,Organic
CUST006988,2022-04-12 07:36:50,Mass Market,Netherlands,Branch
CUST006989,2023-07-03 12:50:19,Affluent,France,Paid
CUST006990,2023-01-20 08:37:44,Mass Market,France,Partner
CUST006991,2025-09-09 14:47:24,Mass Market,Germany,Paid
CUST006992,2024-02-25 06:25:53,SME,Germany,Branch
CUST006993,2022-05-26 03:07:41,Mass Market,Germany,Paid
CUST006994,2023-03-14 16:59:07,Mass Market,Austria,Branch
CUST006995,2024-03-06 03:06:44,Mass Market,Germany,Partner
CUST006996,2026-07-27 02:43:13,Affluent,Germany,Branch
CUST006997,2024-08-06 09:51:35,Affluent,Germany,Paid
CUST006998,2025-12-24 17:34:31,Mass Market,Germany,Referral
CUST006999,2025-05-26 14:44:57,Mass Market,Germany,Paid
CUST007000,2026-01-16 02:54:16,Affluent,France,Partner
CUST007001,2023-06-05 00:26:20,Affluent,Germany,Partner
CUST007002,2026-05-10 12:57:42,Mass Market,Germany,Paid
CUST007003,2023-02-04 00:14:48,Mass Market,Germany,Paid
CUST007004,2024-01-03 20:45:24,Affluent,Germany,Organic
CUST007005,2025-02-13 02:09:24,Mass Market,Netherlands,Branch
CUST007006,2023-04-25 14:08:13,Mass Market,Belgium,Paid
CUST007007,2023-03-19 04:06:34,Mass Market,Netherlands,Organic
CUST007008,2022-08-06 09:38:34,Affluent,Belgium,Partner
CUST007009,2022-01-08 00:37:25,Mass Market,Germany,Partner
CUST007010,2024-04-18 00:31:12,Mass Market,Belgium,Organic
CUST007011,2026-07-08 20:37:47,Mass Market,Germany,Paid
CUST007012,2023-01-03 22:05:56,Mass Market,Netherlands,Partner
CUST007013,2024-01-06 22:43:34,Mass Market,France,Referral
CUST007014,2026-04-14 05:47:05,Mass Market,Germany,Paid
CUST007015,2025-07-15 07:19:27,Mass Market,Germany,Organic
CUST007016,2024-04-16 23:55:20,SME,Germany,Referral
CUST007017,2022-08-28 10:11:55,Mass Market,Germany,Organic
CUST007018,2023-02-18 00:23:03,Affluent,Germany,Branch
CUST007019,2023-02-17 02:34:58,Mass Market,Austria,Referral
CUST007020,2024-10-21 01:29:16,Mass Market,Germany,Branch
CUST007021,2022-11-29 15:44:05,Mass Market,France,Paid
CUST007022,2023-02-26 02:53:21,Mass Market,France,Organic
CUST007023,2023-01-13 12:02:13,Mass Market,Germany,Partner
CUST007024,2025-01-01 21:52:41,Mass Market,Germany,Organic
CUST007025,2023-10-31 17:52:07,SME,Germany,Organic
CUST007026,2023-07-02 14:24:16,Mass Market,Germany,Paid
CUST007027,2024-05-15 10:21:16,SME,Germany,Paid
CUST007028,2024-10-25 07:41:54,Mass Market,Germany,Paid
CUST007029,2022-01-26 16:19:32,Mass Market,Germany,Organic
CUST007030,2026-01-28 12:16:13,Mass Market,Belgium,Organic
CUST007031,2026-03-13 06:31:59,Mass Market,Netherlands,Partner
CUST007032,2024-10-04 11:23:52,Mass Market,Germany,Paid
CUST007033,2024-08-18 17:39:03,Mass Market,France,Partner
CUST007034,2025-03-07 06:12:42,Mass Market,Austria,Referral
CUST007035,2024-01-08 03:01:42,Affluent,Germany,Partner
CUST007036,2023-09-04 02:54:58,Mass Market,Germany,Branch
CUST007037,2023-08-13 16:46:23,SME,Germany,Branch
CUST007038,2022-09-25 01:59:06,Mass Market,Germany,Organic
CUST007039,2025-11-07 10:24:56,Mass Market,Netherlands,Paid
CUST007040,2023-06-21 00:23:50,Mass Market,Netherlands,Referral
CUST007041,2023-04-21 12:26:41,Mass Market,France,Referral
CUST007042,2026-06-01 06:44:02,Affluent,Germany,Organic
CUST007043,2024-04-27 05:07:38,Affluent,Netherlands,Branch
CUST007044,2024-11-05 16:02:50,Mass Market,Germany,Referral
CUST007045,2023-02-15 09:13:50,Mass Market,Germany,Branch
CUST007046,2023-04-09 23:57:58,Affluent,Germany,Organic
CUST007047,2025-05-02 18:47:12,Mass Market,Belgium,Paid
CUST007048,2024-01-24 22:19:40,Mass Market,Netherlands,Paid
CUST007049,2022-09-05 00:42:02,Mass Market,France,Paid
CUST007050,2025-10-28 23:28:01,Mass Market,Netherlands,Organic
CUST007051,2023-11-05 10:00:25,Mass Market,Germany,Organic
CUST007052,2025-01-22 15:18:12,Mass Market,Germany,Referral
CUST007053,2023-07-25 14:40:05,Affluent,Netherlands,Paid
CUST007054,2024-07-26 09:52:37,Mass Market,Belgium,Partner
CUST007055,2025-07-20 20:29:38,Affluent,Germany,Organic
CUST007056,2026-01-19 23:48:57,Affluent,Germany,Branch
CUST007057,2022-12-13 16:19:18,Mass Market,Austria,Branch
CUST007058,2025-01-29 07:39:18,Mass Market,Germany,Partner
CUST007059,2026-03-10 06:38:50,Mass Market,Germany,Paid
CUST007060,2024-12-10 15:27:31,Affluent,Germany,Organic
CUST007061,2022-08-28 05:54:34,Mass Market,Germany,Partner
CUST007062,2022-11-14 07:00:56,SME,France,Referral
CUST007063,2022-12-06 02:03:08,Mass Market,France,Branch
CUST007064,2022-06-27 21:09:54,Mass Market,Germany,Organic
CUST007065,2025-06-14 05:47:10,Mass Market,Germany,Paid
CUST007066,2026-06-02 17:13:22,Mass Market,France,Paid
CUST007067,2024-05-14 05:20:27,Mass Market,Germany,Paid
CUST007068,2024-09-28 06:59:19,Mass Market,Germany,Partner
CUST007069,2025-07-17 15:02:40,Mass Market,Germany,Paid
CUST007070,2023-11-27 00:32:37,Mass Market,Belgium,Branch
CUST007071,2024-02-29 22:47:00,Mass Market,Austria,Organic
CUST007072,2024-09-11 20:13:38,Mass Market,Germany,Paid
CUST007073,2023-05-25 08:42:38,Mass Market,France,Paid
CUST007074,2022-04-14 08:23:25,Mass Market,Belgium,Referral
CUST007075,2024-08-07 07:36:02,Affluent,Germany,Referral
CUST007076,2025-10-06 14:19:23,Mass Market,Belgium,Referral
CUST007077,2022-05-03 10:29:51,Mass Market,Germany,Paid
CUST007078,2022-12-29 05:33:07,Mass Market,France,Organic
CUST007079,2023-03-16 17:21:02,Mass Market,France,Partner
CUST007080,2025-09-07 04:49:19,Affluent,Germany,Branch
CUST007081,2024-04-23 16:33:36,Mass Market,Netherlands,Organic
CUST007082,2024-06-12 11:32:17,Mass Market,Netherlands,Organic
CUST007083,2024-12-14 21:07:10,Mass Market,Germany,Organic
CUST007084,2023-04-08 10:16:54,Mass Market,France,Partner
CUST007085,2025-04-08 01:09:27,Mass Market,Austria,Paid
CUST007086,2022-02-20 12:15:53,Mass Market,Belgium,Organic
CUST007087,2022-07-10 03:19:32,Mass Market,France,Organic
CUST007088,2025-09-26 01:45:39,SME,Germany,Partner
CUST007089,2025-01-05 12:29:03,Mass Market,Germany,Paid
CUST007090,2022-10-23 00:59:33,Mass Market,Germany,Organic
CUST007091,2024-01-04 14:21:31,SME,Belgium,Partner
CUST007092,2022-03-28 14:50:08,SME,Netherlands,Organic
CUST007093,2025-01-28 07:58:07,Mass Market,Belgium,Organic
CUST007094,2025-06-17 19:51:41,Affluent,Germany,Organic
CUST007095,2023-04-11 11:37:20,Mass Market,Austria,Organic
CUST007096,2023-08-09 06:32:03,Affluent,Austria,Organic
CUST007097,2023-01-31 23:01:46,Mass Market,France,Organic
CUST007098,2023-10-13 23:11:41,Mass Market,Belgium,Organic
CUST007099,2023-04-01 07:24:55,Mass Market,Germany,Partner
CUST007100,2023-02-18 02:19:41,Affluent,Germany,Referral
CUST007101,2023-12-21 07:18:37,Mass Market,Germany,Organic
CUST007102,2025-12-07 13:06:50,Mass Market,Germany,Partner
CUST007103,2025-06-29 06:58:46,Mass Market,Germany,Organic
CUST007104,2023-05-13 03:14:21,Mass Market,France,Branch
CUST007105,2026-04-26 10:32:24,Affluent,Germany,Organic
CUST007106,2022-12-18 10:36:26,Mass Market,Germany,Organic
CUST007107,2026-03-03 18:11:59,Mass Market,Germany,Paid
CUST007108,2023-06-02 01:34:22,Mass Market,France,Organic
CUST007109,2024-06-22 07:42:37,Mass Market,Austria,Organic
CUST007110,2022-12-06 15:59:10,Mass Market,Germany,Paid
CUST007111,2025-06-28 02:32:07,Mass Market,Netherlands,Partner
CUST007112,2023-06-16 02:52:07,Mass Market,Austria,Organic
CUST007113,2025-12-29 22:31:28,Mass Market,Netherlands,Organic
CUST007114,2022-05-19 16:03:53,Mass Market,Netherlands,Referral
CUST007115,2024-04-19 08:19:22,Affluent,France,Organic
CUST007116,2022-09-23 01:29:34,Mass Market,Austria,Organic
CUST007117,2026-01-26 08:03:36,Mass Market,Germany,Paid
CUST007118,2023-11-29 07:29:53,Affluent,Netherlands,Organic
CUST007119,2025-02-01 17:17:45,Mass Market,Germany,Referral
CUST007120,2026-01-10 11:14:45,Mass Market,Germany,Organic
CUST007121,2024-06-14 14:02:27,SME,Netherlands,Organic
CUST007122,2022-04-06 18:57:47,Mass Market,Belgium,Referral
CUST007123,2023-01-05 01:07:33,SME,Belgium,Referral
CUST007124,2022-12-22 14:12:38,Mass Market,Austria,Referral
CUST007125,2026-03-09 12:20:30,Mass Market,Netherlands,Organic
CUST007126,2026-02-27 18:05:42,Mass Market,France,Paid
CUST007127,2024-03-08 11:26:59,Mass Market,Austria,Branch
CUST007128,2026-01-28 02:30:31,SME,Germany,Paid
CUST007129,2023-02-16 08:07:03,Mass Market,Germany,Branch
CUST007130,2025-02-10 01:00:10,SME,Germany,Partner
CUST007131,2023-10-18 07:31:57,Mass Market,France,Referral
CUST007132,2023-02-07 01:43:21,Affluent,France,Organic
CUST007133,2023-02-23 00:26:47,SME,Netherlands,Branch
CUST007134,2023-12-03 22:09:29,Mass Market,Germany,Referral
CUST007135,2023-07-22 21:48:15,SME,Netherlands,Referral
CUST007136,2022-12-20 03:52:33,Affluent,France,Branch
CUST007137,2023-07-13 16:36:15,Mass Market,Austria,Referral
CUST007138,2022-08-03 23:59:58,Mass Market,Germany,Partner
CUST007139,2026-06-10 06:55:42,Mass Market,France,Partner
CUST007140,2023-09-28 08:34:32,Mass Market,Netherlands,Referral
CUST007141,2022-06-29 13:01:55,Mass Market,Germany,Referral
CUST007142,2024-08-20 18:34:09,Mass Market,Germany,Partner
CUST007143,2026-01-16 13:51:12,Mass Market,Germany,Partner
CUST007144,2023-08-25 19:22:42,Mass Market,Germany,Branch
CUST007145,2025-11-14 05:52:12,Mass Market,Germany,Organic
CUST007146,2024-10-18 07:10:03,Mass Market,France,Partner
CUST007147,2025-05-21 00:40:10,Affluent,France,Partner
CUST007148,2023-05-11 08:06:36,SME,Netherlands,Referral
CUST007149,2022-03-03 18:06:54,Affluent,Germany,Organic
CUST007150,2023-08-02 06:17:23,Mass Market,Germany,Paid
CUST007151,2026-03-26 16:37:53,Mass Market,Netherlands,Organic
CUST007152,2025-08-15 00:08:59,SME,Netherlands,Partner
CUST007153,2025-08-04 02:50:04,Mass Market,Netherlands,Referral
CUST007154,2026-01-08 13:00:48,Mass Market,Netherlands,Partner
CUST007155,2023-09-17 02:25:44,Mass Market,Austria,Partner
CUST007156,2023-06-23 10:35:01,Mass Market,Austria,Paid
CUST007157,2026-03-27 22:11:51,Mass Market,France,Partner
CUST007158,2024-08-13 13:47:09,Mass Market,Germany,Branch
CUST007159,2023-05-14 04:30:14,Affluent,Germany,Partner
CUST007160,2023-04-11 02:05:46,Mass Market,France,Organic
CUST007161,2026-01-06 19:27:22,Mass Market,Germany,Paid
CUST007162,2022-03-31 04:12:44,Mass Market,Germany,Referral
CUST007163,2022-04-14 03:37:53,Mass Market,Germany,Paid
CUST007164,2025-05-18 16:43:58,Affluent,Austria,Partner
CUST007165,2022-01-03 06:10:39,Mass Market,Germany,Branch
CUST007166,2022-10-13 22:01:39,Mass Market,Netherlands,Referral
CUST007167,2026-07-15 08:06:55,Mass Market,Belgium,Organic
CUST007168,2023-12-13 18:59:31,Affluent,France,Paid
CUST007169,2025-05-01 15:40:17,SME,Germany,Partner
CUST007170,2024-03-25 08:09:41,Mass Market,Belgium,Referral
CUST007171,2022-06-01 10:26:48,Mass Market,France,Organic
CUST007172,2022-11-05 10:28:32,Affluent,Germany,Organic
CUST007173,2025-06-26 13:23:07,Mass Market,France,Partner
CUST007174,2022-06-08 02:19:01,Mass Market,Germany,Paid
CUST007175,2024-09-21 04:46:28,Mass Market,Netherlands,Organic
CUST007176,2023-08-05 21:03:58,Mass Market,Belgium,Branch
CUST007177,2023-09-12 03:17:07,Mass Market,France,Paid
CUST007178,2024-10-10 02:58:45,Mass Market,Austria,Organic
CUST007179,2024-10-25 12:09:39,Mass Market,Germany,Organic
CUST007180,2023-08-09 19:06:35,Mass Market,Belgium,Organic
CUST007181,2023-09-30 17:13:46,Mass Market,Netherlands,Organic
CUST007182,2025-02-20 14:36:39,Mass Market,Germany,Paid
CUST007183,2022-03-07 01:24:48,Affluent,Belgium,Organic
CUST007184,2023-02-01 18:27:06,Affluent,Belgium,Partner
CUST007185,2024-09-30 15:45:58,Mass Market,Germany,Paid
CUST007186,2024-11-08 13:15:48,Mass Market,Netherlands,Partner
CUST007187,2022-06-04 06:06:52,Mass Market,Germany,Branch
CUST007188,2025-08-10 05:54:02,Mass Market,Germany,Branch
CUST007189,2024-06-26 03:12:30,Mass Market,Germany,Paid
CUST007190,2023-02-02 10:58:29,Mass Market,Germany,Paid
CUST007191,2025-06-11 06:16:11,Affluent,Germany,Partner
CUST007192,2026-07-15 17:54:53,Affluent,Germany,Paid
CUST007193,2023-12-10 05:37:58,Affluent,Austria,Referral
CUST007194,2023-04-19 22:07:24,Mass Market,Germany,Partner
CUST007195,2023-05-16 14:47:04,Affluent,Belgium,Organic
CUST007196,2024-09-17 19:59:40,Affluent,Germany,Paid
CUST007197,2022-03-21 05:26:04,Affluent,Germany,Referral
CUST007198,2024-03-19 07:02:46,Affluent,Netherlands,Partner
CUST007199,2022-02-11 10:17:11,Affluent,Germany,Partner
CUST007200,2022-03-06 12:09:00,Affluent,Germany,Partner
CUST007201,2023-12-21 00:06:22,Mass Market,Austria,Paid
CUST007202,2025-05-31 11:59:20,Mass Market,Germany,Organic
CUST007203,2026-01-16 22:52:44,Mass Market,Germany,Partner
CUST007204,2023-02-13 01:45:04,Mass Market,France,Organic
CUST007205,2023-12-07 00:26:18,Mass Market,Germany,Partner
CUST007206,2024-08-17 19:41:57,Mass Market,Netherlands,Organic
CUST007207,2026-07-09 08:21:05,Mass Market,Germany,Branch
CUST007208,2025-02-18 03:49:26,Mass Market,Germany,Referral
CUST007209,2022-04-12 16:58:51,SME,Germany,Organic
CUST007210,2022-05-16 02:55:46,Mass Market,Germany,Referral
CUST007211,2022-09-13 23:36:42,Mass Market,France,Partner
CUST007212,2025-01-09 20:08:20,Mass Market,Austria,Partner
CUST007213,2023-07-08 21:28:30,Mass Market,Netherlands,Paid
CUST007214,2023-02-07 20:33:50,Mass Market,Germany,Paid
CUST007215,2025-09-25 07:00:57,Mass Market,Austria,Partner
CUST007216,2024-01-05 01:36:03,Mass Market,Netherlands,Paid
CUST007217,2026-01-14 10:59:06,Mass Market,Germany,Partner
CUST007218,2025-05-12 13:46:46,Mass Market,Germany,Organic
CUST007219,2025-04-12 14:20:35,Mass Market,Germany,Referral
CUST007220,2025-12-21 14:58:01,SME,Germany,Branch
CUST007221,2022-11-04 07:51:13,Affluent,Germany,Paid
CUST007222,2025-06-21 23:57:45,Mass Market,Germany,Paid
CUST007223,2026-05-21 08:04:15,Affluent,Austria,Organic
CUST007224,2026-07-18 00:53:45,Affluent,Germany,Referral
CUST007225,2024-08-24 11:44:18,Affluent,Germany,Organic
CUST007226,2025-06-15 07:00:03,Mass Market,Austria,Referral
CUST007227,2026-01-25 18:00:58,Mass Market,Germany,Referral
CUST007228,2025-11-25 20:14:48,Mass Market,Germany,Paid
CUST007229,2026-02-10 02:35:53,Mass Market,Germany,Referral
CUST007230,2023-09-30 13:13:35,Mass Market,France,Paid
CUST007231,2025-05-06 00:06:16,Mass Market,Germany,Paid
CUST007232,2023-11-18 06:03:35,Mass Market,France,Branch
CUST007233,2025-09-02 14:42:11,Affluent,Belgium,Paid
CUST007234,2025-09-16 17:26:01,Mass Market,France,Organic
CUST007235,2026-04-12 18:58:06,SME,Belgium,Partner
CUST007236,2024-09-10 16:04:46,Affluent,Netherlands,Partner
CUST007237,2024-03-05 13:07:18,Affluent,France,Partner
CUST007238,2022-10-04 18:58:40,Affluent,Germany,Paid
CUST007239,2024-12-03 05:10:54,Mass Market,Germany,Partner
CUST007240,2024-08-05 00:41:28,Mass Market,Germany,Organic
CUST007241,2024-05-10 23:30:04,Affluent,France,Paid
CUST007242,2025-02-04 19:33:26,Mass Market,Germany,Organic
CUST007243,2025-11-23 22:24:43,Mass Market,France,Partner
CUST007244,2022-09-06 13:54:42,Mass Market,Germany,Referral
CUST007245,2023-12-23 05:35:53,Mass Market,France,Organic
CUST007246,2025-04-22 16:38:25,Mass Market,Germany,Organic
CUST007247,2025-10-02 13:59:45,Mass Market,Belgium,Referral
CUST007248,2025-07-25 11:11:00,Mass Market,Germany,Paid
CUST007249,2025-08-29 12:30:01,Mass Market,Netherlands,Paid
CUST007250,2025-11-30 14:56:31,Mass Market,France,Partner
CUST007251,2026-05-28 06:33:55,Mass Market,Germany,Paid
CUST007252,2024-10-13 16:27:02,Mass Market,Netherlands,Organic
CUST007253,2023-02-21 04:41:23,Mass Market,Austria,Referral
CUST007254,2024-07-31 05:49:14,Mass Market,Netherlands,Organic
CUST007255,2025-04-01 11:36:42,Mass Market,Austria,Referral
CUST007256,2022-06-18 08:59:06,Affluent,Germany,Referral
CUST007257,2025-06-19 13:39:56,Mass Market,Belgium,Organic
CUST007258,2024-06-28 22:05:20,Affluent,Belgium,Referral
CUST007259,2026-04-15 10:59:00,Mass Market,Netherlands,Partner
CUST007260,2022-12-21 04:09:02,Mass Market,Belgium,Branch
CUST007261,2026-02-25 08:10:48,Mass Market,Netherlands,Partner
CUST007262,2024-01-20 01:31:42,Affluent,Germany,Paid
CUST007263,2024-08-16 22:26:44,Mass Market,France,Partner
CUST007264,2025-01-08 12:35:43,Mass Market,Germany,Partner
CUST007265,2024-08-26 08:15:32,Mass Market,France,Referral
CUST007266,2022-10-07 17:03:44,Mass Market,Germany,Paid
CUST007267,2025-05-05 08:31:11,Affluent,Netherlands,Referral
CUST007268,2026-06-19 03:18:11,SME,Germany,Organic
CUST007269,2023-01-04 00:54:26,Mass Market,Germany,Branch
CUST007270,2023-03-03 09:20:26,Mass Market,Germany,Paid
CUST007271,2024-03-05 05:15:24,Mass Market,Germany,Organic
CUST007272,2025-04-26 18:12:53,SME,France,Organic
CUST007273,2026-05-23 09:57:10,Mass Market,Germany,Branch
CUST007274,2025-08-23 13:39:42,Mass Market,Germany,Referral
CUST007275,2025-08-20 14:23:07,SME,Germany,Paid
CUST007276,2024-01-08 17:05:44,SME,Germany,Branch
CUST007277,2024-12-15 01:59:47,Mass Market,Germany,Organic
CUST007278,2022-12-20 02:46:53,Mass Market,Germany,Organic
CUST007279,2024-02-14 09:15:39,Mass Market,Netherlands,Organic
CUST007280,2022-11-12 22:36:08,Affluent,Netherlands,Paid
CUST007281,2022-02-15 08:24:18,Mass Market,Austria,Paid
CUST007282,2025-12-03 01:28:17,Mass Market,Germany,Organic
CUST007283,2025-09-07 12:09:35,Mass Market,Germany,Organic
CUST007284,2024-05-03 23:38:10,Mass Market,Germany,Paid
CUST007285,2022-01-25 05:39:46,Mass Market,France,Organic
CUST007286,2022-05-31 17:01:00,Affluent,Germany,Partner
CUST007287,2022-07-06 21:05:48,Mass Market,Germany,Paid
CUST007288,2025-04-13 20:33:26,Mass Market,France,Organic
CUST007289,2022-12-07 05:42:43,Affluent,Germany,Organic
CUST007290,2023-02-23 06:51:50,Mass Market,France,Partner
CUST007291,2025-12-10 18:08:53,Mass Market,France,Referral
CUST007292,2026-01-05 07:58:06,SME,Belgium,Paid
CUST007293,2025-06-29 19:48:28,Mass Market,Germany,Partner
CUST007294,2023-06-02 14:29:47,Affluent,Germany,Branch
CUST007295,2024-08-27 15:44:32,Mass Market,France,Referral
CUST007296,2022-12-01 20:28:04,Mass Market,Germany,Paid
CUST007297,2025-12-05 10:01:21,Mass Market,Germany,Referral
CUST007298,2022-05-22 21:11:58,Mass Market,Germany,Paid
CUST007299,2025-05-29 15:25:36,Mass Market,Germany,Paid
CUST007300,2024-05-05 06:43:17,Mass Market,Germany,Partner
CUST007301,2025-06-20 11:50:50,Mass Market,France,Paid
CUST007302,2024-01-24 15:11:52,Mass Market,Netherlands,Branch
CUST007303,2022-09-22 09:06:46,Affluent,Germany,Organic
CUST007304,2025-06-10 04:39:13,Mass Market,France,Paid
CUST007305,2024-11-21 03:58:24,Mass Market,Austria,Organic
CUST007306,2024-02-16 19:34:21,Mass Market,Germany,Partner
CUST007307,2023-09-16 04:45:41,Mass Market,Netherlands,Organic
CUST007308,2023-07-29 20:38:49,Mass Market,Germany,Paid
CUST007309,2024-03-15 10:57:29,Mass Market,Austria,Branch
CUST007310,2023-03-14 11:41:18,Mass Market,Germany,Organic
CUST007311,2023-04-18 02:37:25,Mass Market,Germany,Organic
CUST007312,2023-04-11 01:28:21,Mass Market,Austria,Partner
CUST007313,2022-01-22 04:48:24,Affluent,France,Paid
CUST007314,2026-04-01 08:40:50,Mass Market,Germany,Organic
CUST007315,2023-01-31 12:20:27,Mass Market,Netherlands,Organic
CUST007316,2022-10-04 00:16:26,Mass Market,Belgium,Organic
CUST007317,2022-09-10 18:13:00,Affluent,Germany,Organic
CUST007318,2026-07-11 05:32:36,Mass Market,Germany,Referral
CUST007319,2024-03-08 02:44:31,Mass Market,Germany,Paid
CUST007320,2023-11-07 07:24:21,Mass Market,Austria,Paid
CUST007321,2022-05-28 18:55:24,Mass Market,Germany,Organic
CUST007322,2023-06-09 10:49:30,Mass Market,Germany,Branch
CUST007323,2023-02-20 19:26:51,Mass Market,Germany,Referral
CUST007324,2025-09-04 23:32:50,Affluent,Germany,Paid
CUST007325,2022-04-08 16:03:07,SME,France,Partner
CUST007326,2023-12-13 08:22:45,Mass Market,Germany,Paid
CUST007327,2025-08-13 22:18:52,Mass Market,Germany,Organic
CUST007328,2025-10-25 18:33:50,Mass Market,Germany,Paid
CUST007329,2024-05-06 23:43:23,Mass Market,Germany,Partner
CUST007330,2023-01-08 01:33:45,Mass Market,Germany,Paid
CUST007331,2023-07-18 10:35:56,Affluent,Germany,Paid
CUST007332,2023-01-07 16:05:57,Mass Market,Netherlands,Partner
CUST007333,2025-01-11 22:43:35,Mass Market,Germany,Branch
CUST007334,2023-05-05 07:05:33,Mass Market,Germany,Branch
CUST007335,2024-11-20 10:35:01,SME,France,Partner
CUST007336,2025-01-01 07:41:30,Mass Market,Netherlands,Partner
CUST007337,2026-04-21 11:11:13,Affluent,France,Paid
CUST007338,2023-09-12 05:26:31,Affluent,Austria,Paid
CUST007339,2026-05-27 05:27:43,Mass Market,Germany,Referral
CUST007340,2023-11-01 23:57:12,Mass Market,Germany,Organic
CUST007341,2025-02-12 02:28:42,Mass Market,Germany,Branch
CUST007342,2025-01-11 05:28:24,Mass Market,Germany,Organic
CUST007343,2025-09-29 09:19:03,Mass Market,Austria,Organic
CUST007344,2024-02-24 08:28:51,Mass Market,France,Organic
CUST007345,2025-08-17 22:26:03,Affluent,Netherlands,Referral
CUST007346,2023-08-18 02:56:50,Affluent,Austria,Organic
CUST007347,2024-04-01 11:01:41,Mass Market,Belgium,Partner
CUST007348,2024-04-15 10:55:41,Mass Market,Germany,Paid
CUST007349,2025-03-23 20:30:07,Mass Market,Belgium,Partner
CUST007350,2024-10-30 21:01:34,Mass Market,Germany,Partner
CUST007351,2022-05-11 20:22:38,Mass Market,Germany,Branch
CUST007352,2025-06-21 09:52:12,Mass Market,France,Paid
CUST007353,2022-06-24 19:28:06,Affluent,Belgium,Paid
CUST007354,2026-05-28 04:26:05,Mass Market,Netherlands,Organic
CUST007355,2025-01-09 17:23:24,Affluent,Germany,Paid
CUST007356,2022-05-23 01:52:00,Mass Market,Belgium,Referral
CUST007357,2024-04-01 14:44:17,Mass Market,Germany,Organic
CUST007358,2025-10-29 23:39:15,Affluent,France,Branch
CUST007359,2023-04-13 20:58:06,Mass Market,Germany,Organic
CUST007360,2023-12-01 13:44:47,Mass Market,Germany,Referral
CUST007361,2023-01-14 04:30:27,Affluent,Germany,Partner
CUST007362,2023-08-19 23:39:02,Mass Market,Belgium,Branch
CUST007363,2024-05-27 11:37:23,Mass Market,Austria,Paid
CUST007364,2025-02-24 13:17:09,Mass Market,Germany,Partner
CUST007365,2026-04-01 09:05:41,Mass Market,Germany,Organic
CUST007366,2022-11-22 20:45:57,Mass Market,Germany,Paid
CUST007367,2026-05-25 11:56:56,Affluent,Netherlands,Referral
CUST007368,2024-06-01 07:35:09,Mass Market,France,Organic
CUST007369,2022-08-02 19:39:51,Mass Market,France,Referral
CUST007370,2026-03-30 01:18:41,Mass Market,Germany,Paid
CUST007371,2023-08-07 12:50:29,Mass Market,Germany,Paid
CUST007372,2024-11-03 14:50:12,Affluent,Belgium,Partner
CUST007373,2025-03-13 07:08:53,Mass Market,France,Organic
CUST007374,2022-01-23 09:59:20,Mass Market,Germany,Partner
CUST007375,2023-01-06 10:41:58,Mass Market,Germany,Branch
CUST007376,2025-02-21 18:07:10,Affluent,Germany,Organic
CUST007377,2023-06-28 00:23:44,Mass Market,Germany,Organic
CUST007378,2022-01-16 14:27:05,Mass Market,Germany,Organic
CUST007379,2022-02-08 22:37:25,Affluent,Netherlands,Paid
CUST007380,2025-10-13 19:38:22,Mass Market,Germany,Referral
CUST007381,2022-09-14 16:31:04,Mass Market,Germany,Branch
CUST007382,2022-06-17 21:49:53,Affluent,France,Paid
CUST007383,2024-07-29 05:09:28,Affluent,Germany,Organic
CUST007384,2022-07-18 20:41:16,Mass Market,Germany,Organic
CUST007385,2024-12-27 23:11:53,Affluent,Belgium,Paid
CUST007386,2024-06-28 17:28:40,Mass Market,Germany,Paid
CUST007387,2024-12-20 23:32:02,SME,Netherlands,Branch
CUST007388,2024-04-01 23:06:35,Mass Market,Germany,Organic
CUST007389,2025-07-25 10:02:56,Mass Market,Germany,Referral
CUST007390,2024-12-14 00:42:58,Mass Market,Germany,Paid
CUST007391,2023-11-26 08:24:45,Affluent,France,Referral
CUST007392,2022-01-26 17:08:02,SME,Germany,Referral
CUST007393,2023-04-03 06:38:07,Mass Market,Netherlands,Referral
CUST007394,2022-08-08 18:03:45,Mass Market,Germany,Paid
CUST007395,2022-01-27 01:13:20,Mass Market,France,Paid
CUST007396,2023-04-02 17:47:16,Mass Market,Germany,Organic
CUST007397,2022-12-12 11:38:29,Affluent,Germany,Organic
CUST007398,2022-05-09 07:25:56,Mass Market,France,Partner
CUST007399,2023-06-07 07:29:53,SME,Germany,Branch
CUST007400,2024-04-26 23:26:44,SME,Germany,Partner
CUST007401,2022-10-25 23:05:05,Mass Market,France,Paid
CUST007402,2023-04-02 15:24:16,Mass Market,Netherlands,Organic
CUST007403,2022-02-03 16:21:26,SME,Netherlands,Partner
CUST007404,2022-03-26 06:37:49,Affluent,Germany,Organic
CUST007405,2022-09-21 06:03:27,Affluent,Germany,Organic
CUST007406,2024-01-28 06:55:14,Mass Market,Germany,Organic
CUST007407,2025-01-18 17:14:34,Mass Market,Germany,Referral
CUST007408,2025-08-11 02:27:51,Affluent,Germany,Paid
CUST007409,2024-11-18 16:00:12,Mass Market,Germany,Branch
CUST007410,2024-10-28 08:56:39,Mass Market,Germany,Paid
CUST007411,2026-04-14 11:06:47,Affluent,Germany,Partner
CUST007412,2023-03-04 10:22:57,Mass Market,Germany,Referral
CUST007413,2025-08-27 12:53:49,Mass Market,Germany,Referral
CUST007414,2026-04-16 10:46:03,Mass Market,Germany,Organic
CUST007415,2024-08-07 06:55:02,Affluent,Germany,Organic
CUST007416,2025-11-06 09:46:39,Mass Market,Netherlands,Organic
CUST007417,2022-08-18 23:51:39,Mass Market,Germany,Paid
CUST007418,2026-01-09 07:48:21,SME,Germany,Organic
CUST007419,2024-08-01 03:04:26,Mass Market,Belgium,Partner
CUST007420,2023-01-06 09:43:35,Mass Market,Germany,Paid
CUST007421,2022-04-13 23:41:11,Affluent,Germany,Branch
CUST007422,2025-04-18 17:16:39,Mass Market,Netherlands,Referral
CUST007423,2023-12-22 10:32:56,SME,France,Partner
CUST007424,2023-06-03 07:49:06,Affluent,Austria,Partner
CUST007425,2023-10-15 12:17:53,Mass Market,Belgium,Organic
CUST007426,2026-07-15 23:22:35,Mass Market,France,Organic
CUST007427,2023-12-17 07:18:45,Mass Market,Germany,Paid
CUST007428,2022-05-12 17:07:58,Mass Market,Germany,Branch
CUST007429,2023-04-13 20:51:16,Mass Market,Germany,Organic
CUST007430,2022-09-01 01:09:35,Mass Market,France,Paid
CUST007431,2025-02-20 17:00:15,SME,Belgium,Referral
CUST007432,2025-08-31 06:25:23,Mass Market,Germany,Paid
CUST007433,2025-11-07 01:25:10,Affluent,Belgium,Branch
CUST007434,2024-11-24 04:19:02,Mass Market,France,Branch
CUST007435,2025-07-08 23:02:59,Mass Market,Germany,Organic
CUST007436,2023-11-29 17:01:43,Mass Market,Belgium,Partner
CUST007437,2024-11-15 14:26:09,Mass Market,France,Organic
CUST007438,2022-06-28 20:41:06,Mass Market,Germany,Paid
CUST007439,2024-06-19 02:42:00,Mass Market,Germany,Branch
CUST007440,2024-07-21 02:03:30,Affluent,Germany,Organic
CUST007441,2022-02-21 23:20:45,Mass Market,Germany,Branch
CUST007442,2024-07-05 18:31:29,Mass Market,France,Branch
CUST007443,2025-04-23 17:53:43,Affluent,Belgium,Partner
CUST007444,2023-09-07 14:40:56,Mass Market,France,Paid
CUST007445,2024-06-30 05:04:31,Mass Market,Belgium,Organic
CUST007446,2023-04-24 07:33:35,Mass Market,Belgium,Paid
CUST007447,2023-03-29 16:17:48,Mass Market,Germany,Organic
CUST007448,2022-08-05 12:19:07,Mass Market,Netherlands,Organic
CUST007449,2023-07-03 03:38:43,Mass Market,Netherlands,Organic
CUST007450,2025-09-04 22:35:36,Mass Market,Germany,Partner
CUST007451,2026-04-14 08:01:44,Mass Market,Germany,Organic
CUST007452,2024-11-28 18:24:25,Mass Market,Netherlands,Paid
CUST007453,2024-11-09 22:24:29,SME,Austria,Partner
CUST007454,2024-10-23 07:24:55,Mass Market,Austria,Organic
CUST007455,2023-12-09 07:34:32,Mass Market,Germany,Paid
CUST007456,2024-11-04 04:20:51,Affluent,Netherlands,Organic
CUST007457,2025-08-04 12:25:46,Mass Market,Germany,Organic
CUST007458,2023-11-23 18:39:07,Mass Market,Belgium,Organic
CUST007459,2024-08-04 04:06:46,Mass Market,France,Organic
CUST007460,2024-02-26 03:28:27,Affluent,Austria,Paid
CUST007461,2023-04-23 09:04:28,Mass Market,Austria,Organic
CUST007462,2023-05-01 09:31:47,Mass Market,Germany,Paid
CUST007463,2022-05-12 16:54:58,SME,Austria,Partner
CUST007464,2024-01-06 10:25:59,Mass Market,France,Partner
CUST007465,2025-04-06 05:25:52,Affluent,Germany,Paid
CUST007466,2025-02-20 07:26:42,Mass Market,Germany,Branch
CUST007467,2026-07-07 00:51:26,Mass Market,France,Referral
CUST007468,2022-03-08 18:47:22,Affluent,Germany,Partner
CUST007469,2025-06-25 19:39:20,SME,Germany,Paid
CUST007470,2025-08-22 06:51:35,Mass Market,France,Organic
CUST007471,2023-12-31 17:14:47,Mass Market,Germany,Paid
CUST007472,2023-04-19 03:24:10,Affluent,Germany,Paid
CUST007473,2023-08-21 01:47:30,Mass Market,Netherlands,Branch
CUST007474,2025-02-15 05:45:33,Affluent,Germany,Branch
CUST007475,2025-12-12 13:01:36,Mass Market,France,Organic
CUST007476,2024-12-10 15:16:53,Mass Market,Germany,Branch
CUST007477,2024-05-09 17:18:49,Affluent,Belgium,Referral
CUST007478,2024-12-27 04:39:30,SME,Germany,Partner
CUST007479,2022-04-29 00:53:40,Mass Market,Netherlands,Branch
CUST007480,2024-10-13 18:59:49,Affluent,Netherlands,Paid
CUST007481,2022-03-12 11:00:39,Mass Market,Belgium,Paid
CUST007482,2026-05-23 14:50:18,Mass Market,Germany,Referral
CUST007483,2026-01-26 18:06:12,Mass Market,Germany,Organic
CUST007484,2024-04-29 22:50:04,Affluent,Germany,Partner
CUST007485,2023-09-18 11:07:18,Mass Market,France,Referral
CUST007486,2025-05-09 10:30:05,Mass Market,France,Branch
CUST007487,2024-12-02 00:54:44,Affluent,France,Organic
CUST007488,2025-03-25 12:16:14,Mass Market,Germany,Partner
CUST007489,2024-05-12 01:16:20,Mass Market,France,Organic
CUST007490,2023-01-31 00:56:43,Mass Market,Germany,Referral
CUST007491,2022-05-03 11:26:21,Affluent,France,Paid
CUST007492,2023-04-19 16:29:48,Mass Market,France,Partner
CUST007493,2024-06-03 11:40:03,Affluent,Germany,Referral
CUST007494,2023-12-10 22:57:29,Mass Market,Germany,Paid
CUST007495,2024-04-26 15:27:40,Mass Market,Germany,Paid
CUST007496,2023-04-10 07:27:45,Affluent,Netherlands,Paid
CUST007497,2026-04-18 02:50:20,Mass Market,Netherlands,Partner
CUST007498,2023-09-06 04:40:01,Mass Market,Germany,Partner
CUST007499,2025-11-15 18:33:36,Mass Market,Germany,Referral
CUST007500,2023-10-16 16:28:03,Mass Market,France,Organic
CUST007501,2024-01-12 16:14:02,Mass Market,Netherlands,Paid
CUST007502,2024-10-06 15:52:37,SME,Germany,Paid
CUST007503,2023-03-16 22:58:47,Mass Market,Germany,Organic
CUST007504,2023-01-03 15:44:51,Mass Market,Germany,Referral
CUST007505,2023-09-27 00:10:08,Mass Market,Netherlands,Paid
CUST007506,2025-09-06 18:37:26,Mass Market,Germany,Organic
CUST007507,2024-01-02 13:27:32,Mass Market,Netherlands,Partner
CUST007508,2025-01-28 18:42:23,SME,France,Paid
CUST007509,2025-03-26 20:09:49,Mass Market,Belgium,Partner
CUST007510,2023-12-28 07:52:19,Affluent,Austria,Organic
CUST007511,2022-05-17 04:07:25,Mass Market,Germany,Organic
CUST007512,2022-01-27 14:17:35,Mass Market,France,Organic
CUST007513,2024-02-25 18:46:16,SME,Netherlands,Paid
CUST007514,2025-09-16 09:28:57,Mass Market,Belgium,Referral
CUST007515,2022-02-17 04:23:36,Affluent,Germany,Partner
CUST007516,2026-01-23 20:44:47,Affluent,Germany,Organic
CUST007517,2025-02-04 02:54:58,SME,Austria,Partner
CUST007518,2022-01-14 11:15:34,Mass Market,Germany,Paid
CUST007519,2023-07-29 16:23:52,Mass Market,Austria,Referral
CUST007520,2023-01-04 16:17:05,Mass Market,Germany,Organic
CUST007521,2026-05-07 03:37:00,SME,Germany,Partner
CUST007522,2024-07-16 14:18:06,Mass Market,Austria,Partner
CUST007523,2023-06-26 22:27:23,Mass Market,France,Partner
CUST007524,2023-04-10 21:31:17,Mass Market,France,Paid
CUST007525,2024-07-31 16:24:11,Mass Market,Germany,Organic
CUST007526,2022-01-09 12:26:10,Mass Market,Germany,Organic
CUST007527,2023-03-07 08:26:55,Mass Market,Germany,Referral
CUST007528,2022-10-04 13:34:07,Mass Market,France,Partner
CUST007529,2024-11-02 19:52:46,Affluent,Germany,Partner
CUST007530,2025-01-23 22:37:00,Mass Market,Germany,Paid
CUST007531,2024-02-20 21:28:31,Mass Market,Germany,Organic
CUST007532,2022-08-23 03:05:26,Mass Market,Austria,Paid
CUST007533,2023-09-12 16:34:15,Mass Market,Belgium,Partner
CUST007534,2025-11-10 07:54:20,Mass Market,Germany,Organic
CUST007535,2022-12-07 13:38:46,Mass Market,Austria,Branch
CUST007536,2022-10-01 03:36:45,Mass Market,Germany,Organic
CUST007537,2022-07-06 11:07:42,Mass Market,Germany,Partner
CUST007538,2025-09-27 13:07:54,Mass Market,Germany,Paid
CUST007539,2022-07-20 10:30:35,Mass Market,Belgium,Referral
CUST007540,2024-08-30 11:11:49,Mass Market,Germany,Referral
CUST007541,2026-07-29 09:28:40,Mass Market,Germany,Paid
CUST007542,2024-12-09 02:38:00,Mass Market,Austria,Paid
CUST007543,2023-11-21 09:12:17,Mass Market,Netherlands,Branch
CUST007544,2022-01-04 05:26:07,Mass Market,Netherlands,Partner
CUST007545,2022-09-18 02:26:20,Mass Market,Netherlands,Organic
CUST007546,2026-05-13 07:07:35,Affluent,France,Referral
CUST007547,2022-08-29 02:31:25,Mass Market,Germany,Paid
CUST007548,2022-02-03 09:45:15,Mass Market,Netherlands,Organic
CUST007549,2025-09-26 11:20:41,Mass Market,Germany,Referral
CUST007550,2023-12-01 21:01:26,Mass Market,Germany,Branch
CUST007551,2023-08-20 21:32:05,Affluent,Austria,Organic
CUST007552,2025-04-14 14:56:26,Mass Market,Germany,Paid
CUST007553,2024-05-24 12:05:08,Mass Market,Germany,Organic
CUST007554,2026-03-10 05:02:18,SME,Germany,Branch
CUST007555,2024-02-21 19:48:35,Mass Market,Belgium,Referral
CUST007556,2025-04-06 22:42:03,Mass Market,Austria,Branch
CUST007557,2026-01-09 11:00:29,Mass Market,Germany,Organic
CUST007558,2024-02-15 04:22:27,SME,Germany,Organic
CUST007559,2023-04-21 07:38:43,Mass Market,Netherlands,Partner
CUST007560,2026-06-18 06:24:36,Mass Market,France,Organic
CUST007561,2023-01-15 04:46:55,Mass Market,Germany,Organic
CUST007562,2022-03-07 17:48:29,Mass Market,Germany,Organic
CUST007563,2024-08-24 16:07:06,Mass Market,France,Partner
CUST007564,2026-07-09 02:00:37,Mass Market,Germany,Partner
CUST007565,2022-05-25 12:35:57,Mass Market,Netherlands,Referral
CUST007566,2025-11-21 04:23:03,Mass Market,Germany,Organic
CUST007567,2025-10-20 11:36:11,Mass Market,Belgium,Referral
CUST007568,2026-04-03 04:06:13,Mass Market,France,Paid
CUST007569,2023-12-06 20:27:55,Affluent,France,Paid
CUST007570,2023-03-02 23:30:28,Affluent,Netherlands,Partner
CUST007571,2024-05-06 07:16:11,SME,Germany,Referral
CUST007572,2022-08-27 04:33:27,Mass Market,Germany,Organic
CUST007573,2025-11-10 05:54:08,Mass Market,France,Referral
CUST007574,2025-01-14 01:30:55,Mass Market,Netherlands,Partner
CUST007575,2024-03-19 02:53:54,Affluent,Belgium,Partner
CUST007576,2024-05-12 12:24:27,Mass Market,Germany,Referral
CUST007577,2025-04-05 16:01:36,Mass Market,Netherlands,Partner
CUST007578,2024-05-24 17:41:02,Mass Market,Germany,Partner
CUST007579,2025-11-05 03:45:34,Affluent,Germany,Paid
CUST007580,2026-03-26 23:07:06,Affluent,Germany,Paid
CUST007581,2026-05-08 01:10:40,Affluent,Belgium,Referral
CUST007582,2024-11-02 18:36:23,Mass Market,France,Branch
CUST007583,2025-05-26 13:04:29,Mass Market,Germany,Referral
CUST007584,2023-06-05 02:22:10,SME,Netherlands,Referral
CUST007585,2023-10-31 21:52:14,Mass Market,Germany,Partner
CUST007586,2025-12-28 12:00:31,Mass Market,Germany,Referral
CUST007587,2022-08-12 04:55:15,Mass Market,Germany,Organic
CUST007588,2024-07-01 10:21:35,Mass Market,Germany,Paid
CUST007589,2022-11-18 13:10:40,Affluent,Germany,Partner
CUST007590,2023-12-19 17:49:15,Mass Market,Germany,Paid
CUST007591,2022-08-28 16:21:05,Affluent,Netherlands,Partner
CUST007592,2025-05-13 11:50:11,Affluent,Belgium,Branch
CUST007593,2025-09-16 19:22:15,Mass Market,Austria,Referral
CUST007594,2025-06-21 23:13:47,Mass Market,Germany,Referral
CUST007595,2025-03-24 13:09:45,Mass Market,Germany,Referral
CUST007596,2023-01-29 04:12:57,Mass Market,Germany,Referral
CUST007597,2024-06-05 17:41:05,Mass Market,Germany,Partner
CUST007598,2022-06-25 04:50:25,Affluent,France,Organic
CUST007599,2023-09-18 22:37:56,Mass Market,Germany,Referral
CUST007600,2024-04-25 17:20:37,Mass Market,France,Organic
CUST007601,2025-01-22 17:20:19,Affluent,Belgium,Partner
CUST007602,2022-06-11 20:29:17,SME,Germany,Organic
CUST007603,2025-09-21 04:15:56,Mass Market,Austria,Paid
CUST007604,2024-02-07 06:55:57,Mass Market,Germany,Paid
CUST007605,2026-01-13 10:07:35,Mass Market,Austria,Partner
CUST007606,2024-05-31 22:32:09,Mass Market,France,Referral
CUST007607,2024-07-03 14:40:01,Mass Market,Germany,Organic
CUST007608,2025-03-04 00:18:05,Mass Market,Germany,Organic
CUST007609,2025-10-02 20:21:00,Mass Market,Germany,Branch
CUST007610,2022-09-21 13:10:27,Mass Market,Netherlands,Organic
CUST007611,2024-05-04 21:41:07,Mass Market,Germany,Referral
CUST007612,2022-02-20 02:01:18,Mass Market,Belgium,Referral
CUST007613,2024-03-04 09:56:36,Mass Market,Germany,Referral
CUST007614,2025-09-22 04:42:34,Mass Market,Austria,Organic
CUST007615,2025-12-18 00:02:58,Mass Market,Germany,Referral
CUST007616,2023-04-20 01:06:07,SME,France,Branch
CUST007617,2023-10-09 00:24:47,Mass Market,Netherlands,Paid
CUST007618,2024-07-11 05:03:08,Mass Market,Germany,Partner
CUST007619,2023-10-24 23:11:02,Mass Market,Germany,Organic
CUST007620,2022-10-25 17:57:25,Affluent,France,Branch
CUST007621,2023-05-25 19:28:56,Mass Market,France,Organic
CUST007622,2023-11-07 13:59:06,Mass Market,Netherlands,Paid
CUST007623,2024-05-17 06:27:46,Affluent,Germany,Organic
CUST007624,2026-03-20 11:08:11,Mass Market,Belgium,Branch
CUST007625,2024-06-29 23:44:31,Mass Market,Belgium,Partner
CUST007626,2023-10-10 06:13:04,Mass Market,Netherlands,Organic
CUST007627,2025-01-09 06:59:05,SME,Germany,Organic
CUST007628,2025-07-16 13:10:58,Affluent,Germany,Referral
CUST007629,2023-12-21 19:11:48,Mass Market,Austria,Organic
CUST007630,2024-03-29 01:14:49,Affluent,Netherlands,Partner
CUST007631,2022-12-31 05:22:29,Affluent,France,Partner
CUST007632,2025-12-16 22:11:55,Mass Market,Belgium,Referral
CUST007633,2025-12-20 08:38:17,Mass Market,Germany,Partner
CUST007634,2022-10-20 10:47:19,Mass Market,Netherlands,Referral
CUST007635,2023-08-02 12:19:22,Mass Market,France,Organic
CUST007636,2023-03-31 16:43:51,Mass Market,Belgium,Paid
CUST007637,2026-03-24 03:52:24,Affluent,Netherlands,Organic
CUST007638,2022-04-20 01:19:58,Mass Market,Germany,Paid
CUST007639,2022-12-13 16:40:28,Mass Market,Germany,Partner
CUST007640,2023-06-11 12:36:10,Mass Market,Belgium,Partner
CUST007641,2024-07-25 09:59:11,Mass Market,Netherlands,Branch
CUST007642,2023-02-21 07:01:25,Mass Market,Germany,Branch
CUST007643,2024-06-16 05:17:25,Mass Market,Austria,Paid
CUST007644,2025-06-03 08:41:58,Mass Market,Germany,Partner
CUST007645,2022-06-15 15:09:07,Mass Market,Germany,Partner
CUST007646,2022-08-21 03:49:42,Mass Market,Austria,Branch
CUST007647,2022-06-09 03:55:40,Affluent,France,Organic
CUST007648,2026-03-02 09:57:31,Mass Market,Belgium,Partner
CUST007649,2024-12-26 07:25:19,Mass Market,Belgium,Paid
CUST007650,2024-06-07 13:08:58,Mass Market,France,Paid
CUST007651,2025-08-15 09:44:11,Mass Market,Germany,Partner
CUST007652,2024-09-06 23:23:50,Mass Market,Belgium,Organic
CUST007653,2023-01-29 16:17:41,Mass Market,Germany,Organic
CUST007654,2024-05-02 23:57:10,Mass Market,France,Referral
CUST007655,2025-03-21 18:28:07,SME,France,Organic
CUST007656,2022-03-02 05:36:26,Mass Market,Germany,Paid
CUST007657,2024-10-10 19:01:25,Affluent,Germany,Partner
CUST007658,2024-04-11 03:15:14,Mass Market,France,Partner
CUST007659,2022-04-27 05:09:12,Mass Market,Netherlands,Partner
CUST007660,2023-03-17 15:43:15,Mass Market,Germany,Branch
CUST007661,2024-01-20 22:48:56,SME,Germany,Paid
CUST007662,2023-07-27 23:23:28,Mass Market,Germany,Organic
CUST007663,2023-04-30 23:47:07,Affluent,Netherlands,Organic
CUST007664,2024-12-21 07:08:56,Mass Market,Germany,Paid
CUST007665,2023-11-08 02:16:04,Affluent,France,Paid
CUST007666,2024-04-12 03:35:25,SME,Netherlands,Branch
CUST007667,2025-08-27 18:48:56,Affluent,Germany,Paid
CUST007668,2022-06-05 20:39:37,Mass Market,France,Paid
CUST007669,2023-08-25 18:16:17,Affluent,Belgium,Referral
CUST007670,2022-05-03 03:00:00,Mass Market,Germany,Referral
CUST007671,2026-03-31 11:49:40,Mass Market,Germany,Partner
CUST007672,2022-11-07 10:04:19,Mass Market,Germany,Paid
CUST007673,2025-10-02 19:38:46,Mass Market,Netherlands,Organic
CUST007674,2022-11-16 03:50:20,Mass Market,Belgium,Partner
CUST007675,2023-06-26 19:44:35,Mass Market,France,Organic
CUST007676,2024-10-14 01:53:33,Mass Market,Austria,Paid
CUST007677,2025-10-22 01:23:41,Mass Market,Netherlands,Referral
CUST007678,2022-10-25 07:20:19,Mass Market,Germany,Paid
CUST007679,2022-12-23 08:07:40,Affluent,Germany,Organic
CUST007680,2026-01-14 05:38:13,Affluent,France,Organic
CUST007681,2023-06-23 07:48:20,Affluent,France,Referral
CUST007682,2022-12-17 17:16:32,Affluent,France,Organic
CUST007683,2025-05-28 04:04:31,Mass Market,France,Paid
CUST007684,2022-06-02 08:55:21,Mass Market,Germany,Referral
CUST007685,2025-12-20 13:33:21,Mass Market,Germany,Organic
CUST007686,2026-01-04 05:56:10,Mass Market,France,Referral
CUST007687,2025-12-03 02:27:32,Mass Market,Netherlands,Organic
CUST007688,2023-05-09 18:54:17,Affluent,Netherlands,Referral
CUST007689,2022-07-10 23:00:02,Mass Market,Germany,Organic
CUST007690,2023-12-13 07:21:33,Affluent,Belgium,Organic
CUST007691,2023-07-14 09:55:04,Mass Market,Germany,Organic
CUST007692,2026-05-23 11:48:38,Affluent,Germany,Branch
CUST007693,2024-11-22 04:40:58,Mass Market,Netherlands,Paid
CUST007694,2026-04-28 23:38:52,Affluent,Austria,Referral
CUST007695,2025-06-09 11:08:22,Mass Market,Austria,Partner
CUST007696,2025-04-10 08:11:05,Mass Market,Germany,Referral
CUST007697,2022-07-07 00:07:43,Mass Market,Germany,Partner
CUST007698,2022-04-26 06:22:56,Mass Market,Netherlands,Paid
CUST007699,2022-03-19 17:35:29,Mass Market,Netherlands,Partner
CUST007700,2024-09-19 01:33:09,Mass Market,Germany,Organic
CUST007701,2022-12-04 06:12:59,Mass Market,Germany,Branch
CUST007702,2026-07-12 17:43:09,Affluent,Germany,Branch
CUST007703,2022-08-10 19:27:47,Mass Market,Germany,Organic
CUST007704,2026-05-03 05:51:15,Mass Market,Germany,Branch
CUST007705,2025-01-21 07:02:38,Affluent,France,Organic
CUST007706,2022-06-27 05:40:04,Mass Market,Germany,Partner
CUST007707,2022-04-08 17:36:59,Affluent,Netherlands,Referral
CUST007708,2023-10-25 01:22:33,Mass Market,France,Organic
CUST007709,2023-07-21 17:39:37,Mass Market,Germany,Organic
CUST007710,2023-06-12 13:51:30,Mass Market,Germany,Referral
CUST007711,2024-06-02 18:06:53,Mass Market,Belgium,Paid
CUST007712,2022-08-05 21:43:46,Mass Market,France,Paid
CUST007713,2022-08-05 10:51:15,Affluent,Belgium,Referral
CUST007714,2025-03-07 16:51:59,Mass Market,Germany,Organic
CUST007715,2026-07-14 19:07:09,Affluent,France,Organic
CUST007716,2023-04-03 20:59:13,Mass Market,Austria,Branch
CUST007717,2026-04-08 04:27:00,Mass Market,Germany,Partner
CUST007718,2023-07-31 14:46:29,Affluent,Germany,Partner
CUST007719,2023-07-16 14:28:15,Affluent,Belgium,Paid
CUST007720,2022-06-01 01:55:15,Mass Market,Germany,Branch
CUST007721,2023-12-09 19:14:43,Mass Market,Germany,Organic
CUST007722,2024-04-12 14:26:31,Mass Market,Austria,Organic
CUST007723,2025-01-14 19:45:52,Mass Market,Germany,Paid
CUST007724,2022-09-22 10:57:36,Affluent,France,Referral
CUST007725,2022-11-12 11:53:01,Mass Market,Netherlands,Organic
CUST007726,2023-12-24 10:55:28,Mass Market,Netherlands,Paid
CUST007727,2022-04-27 10:50:51,Mass Market,Germany,Paid
CUST007728,2022-08-28 16:02:12,Mass Market,Germany,Partner
CUST007729,2024-11-17 19:31:40,Mass Market,Belgium,Organic
CUST007730,2026-05-14 20:05:18,Mass Market,Netherlands,Partner
CUST007731,2024-08-15 23:49:38,Mass Market,Germany,Paid
CUST007732,2022-08-31 09:51:32,SME,Germany,Paid
CUST007733,2026-07-15 22:28:20,Affluent,Germany,Organic
CUST007734,2024-05-22 14:17:15,Mass Market,Germany,Branch
CUST007735,2025-04-13 13:32:08,Mass Market,Belgium,Partner
CUST007736,2022-11-26 08:24:23,Affluent,Austria,Organic
CUST007737,2024-08-25 03:28:50,Affluent,Germany,Paid
CUST007738,2022-05-08 16:14:47,Affluent,Austria,Organic
CUST007739,2024-11-12 05:44:12,Mass Market,Netherlands,Paid
CUST007740,2022-12-05 06:14:24,Mass Market,Netherlands,Partner
CUST007741,2026-03-01 17:01:21,Affluent,Austria,Organic
CUST007742,2022-04-02 13:58:31,Mass Market,Germany,Branch
CUST007743,2024-12-27 04:43:33,Mass Market,Belgium,Paid
CUST007744,2022-08-22 01:44:17,Mass Market,Germany,Organic
CUST007745,2025-02-22 20:48:36,Mass Market,Germany,Organic
CUST007746,2024-04-05 02:31:56,Mass Market,France,Organic
CUST007747,2026-06-06 15:04:56,Mass Market,Germany,Referral
CUST007748,2024-12-25 20:03:11,Mass Market,Netherlands,Paid
CUST007749,2023-09-14 23:32:27,Mass Market,Germany,Referral
CUST007750,2022-05-27 00:46:19,Mass Market,Germany,Organic
CUST007751,2024-09-23 02:33:00,SME,France,Paid
CUST007752,2024-01-08 09:11:43,Mass Market,Germany,Paid
CUST007753,2022-03-29 19:10:26,Mass Market,Germany,Paid
CUST007754,2024-08-29 20:16:49,Mass Market,Germany,Organic
CUST007755,2022-12-18 02:40:11,Mass Market,Austria,Organic
CUST007756,2023-01-27 15:00:28,Mass Market,Netherlands,Branch
CUST007757,2022-01-15 23:30:13,Mass Market,France,Partner
CUST007758,2023-09-15 02:45:44,Affluent,France,Organic
CUST007759,2022-12-31 22:42:58,Mass Market,France,Referral
CUST007760,2022-05-01 02:35:22,SME,Germany,Paid
CUST007761,2023-12-28 03:22:58,Mass Market,Germany,Referral
CUST007762,2023-01-04 01:25:11,Mass Market,France,Branch
CUST007763,2024-02-20 09:51:41,Mass Market,Germany,Organic
CUST007764,2022-04-16 17:40:52,Mass Market,Belgium,Branch
CUST007765,2026-07-15 00:27:49,SME,Germany,Organic
CUST007766,2024-02-27 10:40:15,Affluent,France,Organic
CUST007767,2026-07-24 18:07:27,Mass Market,Germany,Partner
CUST007768,2026-01-13 15:06:49,Mass Market,Netherlands,Partner
CUST007769,2026-06-26 22:15:31,SME,Austria,Organic
CUST007770,2024-06-26 10:39:32,Mass Market,Germany,Organic
CUST007771,2023-12-09 09:36:37,Mass Market,Germany,Organic
CUST007772,2025-04-18 15:47:04,Mass Market,France,Paid
CUST007773,2022-05-15 21:32:31,Mass Market,Germany,Paid
CUST007774,2025-11-05 19:22:53,Affluent,Germany,Organic
CUST007775,2023-06-26 00:21:17,Mass Market,France,Branch
CUST007776,2022-01-13 09:34:10,Affluent,Germany,Referral
CUST007777,2023-02-02 11:00:08,Mass Market,Germany,Branch
CUST007778,2023-02-10 03:48:33,Mass Market,Germany,Organic
CUST007779,2022-01-24 14:52:16,Mass Market,Germany,Organic
CUST007780,2025-01-22 20:50:48,Affluent,Belgium,Paid
CUST007781,2022-06-09 05:32:03,Mass Market,Germany,Partner
CUST007782,2025-11-16 16:11:20,Affluent,Germany,Partner
CUST007783,2024-01-28 17:41:09,Mass Market,Netherlands,Organic
CUST007784,2025-04-15 21:31:15,Mass Market,Belgium,Referral
CUST007785,2023-07-22 21:58:31,Affluent,Germany,Paid
CUST007786,2022-08-09 16:36:09,Affluent,France,Paid
CUST007787,2022-10-29 13:14:02,Mass Market,France,Paid
CUST007788,2024-12-15 21:48:47,Affluent,Germany,Organic
CUST007789,2025-04-12 07:39:34,Mass Market,Germany,Organic
CUST007790,2023-03-24 07:24:11,Mass Market,France,Branch
CUST007791,2023-08-21 02:20:04,Affluent,Germany,Partner
CUST007792,2026-04-30 03:07:15,Affluent,Germany,Organic
CUST007793,2025-11-25 07:45:11,Mass Market,France,Organic
CUST007794,2023-11-22 14:27:31,SME,Germany,Organic
CUST007795,2023-02-07 21:55:53,Mass Market,Germany,Branch
CUST007796,2023-05-19 20:43:45,Affluent,Germany,Referral
CUST007797,2024-06-19 04:39:14,Affluent,Belgium,Paid
CUST007798,2024-08-05 15:47:39,Affluent,Netherlands,Branch
CUST007799,2022-11-04 21:08:18,Affluent,Germany,Paid
CUST007800,2022-04-21 01:45:51,SME,Germany,Referral
CUST007801,2024-04-08 03:25:23,Mass Market,Austria,Paid
CUST007802,2025-08-26 08:26:34,Mass Market,France,Referral
CUST007803,2022-09-12 22:10:33,Mass Market,France,Branch
CUST007804,2022-09-28 03:49:37,Affluent,Germany,Paid
CUST007805,2023-02-09 20:23:17,Mass Market,Germany,Organic
CUST007806,2024-10-20 15:17:58,SME,Germany,Organic
CUST007807,2023-04-24 12:25:53,Mass Market,Belgium,Organic
CUST007808,2023-03-18 01:12:22,Affluent,Belgium,Organic
CUST007809,2026-07-23 18:02:20,Mass Market,Germany,Paid
CUST007810,2022-10-16 04:45:07,Affluent,Netherlands,Paid
CUST007811,2022-11-13 11:42:41,SME,Belgium,Organic
CUST007812,2026-04-04 13:44:25,Mass Market,Belgium,Branch
CUST007813,2022-03-13 21:38:03,Mass Market,Germany,Organic
CUST007814,2023-12-12 12:42:49,Mass Market,Germany,Organic
CUST007815,2024-08-02 22:15:48,Affluent,Austria,Organic
CUST007816,2023-02-28 08:03:50,Affluent,Germany,Branch
CUST007817,2024-07-05 16:43:53,Mass Market,Germany,Paid
CUST007818,2024-12-20 07:33:32,Mass Market,Germany,Organic
CUST007819,2023-02-24 00:25:58,Mass Market,France,Organic
CUST007820,2025-09-20 08:00:24,Mass Market,Germany,Paid
CUST007821,2024-01-28 00:49:28,Affluent,France,Branch
CUST007822,2026-05-30 21:46:46,Mass Market,Austria,Paid
CUST007823,2022-05-27 16:44:30,SME,Germany,Paid
CUST007824,2023-06-27 02:58:00,SME,Austria,Paid
CUST007825,2025-04-20 23:07:42,Affluent,Belgium,Organic
CUST007826,2026-02-05 07:10:17,Mass Market,Netherlands,Paid
CUST007827,2023-01-06 16:15:47,Mass Market,France,Paid
CUST007828,2026-06-27 23:29:05,Affluent,Belgium,Partner
CUST007829,2022-11-20 08:10:03,Affluent,France,Organic
CUST007830,2023-11-27 18:09:20,SME,Germany,Organic
CUST007831,2023-06-11 11:26:36,Mass Market,Austria,Partner
CUST007832,2023-12-11 11:13:28,Mass Market,Germany,Referral
CUST007833,2026-02-17 18:18:00,SME,Belgium,Paid
CUST007834,2025-05-09 19:46:21,Affluent,Germany,Referral
CUST007835,2025-08-24 16:36:49,Mass Market,Germany,Referral
CUST007836,2023-03-01 16:30:07,Affluent,Netherlands,Branch
CUST007837,2026-05-03 04:53:37,Mass Market,France,Paid
CUST007838,2023-12-30 05:15:29,Mass Market,Germany,Branch
CUST007839,2024-12-26 01:56:42,Mass Market,Belgium,Partner
CUST007840,2025-03-12 14:05:28,Mass Market,Germany,Partner
CUST007841,2025-01-13 09:42:51,Mass Market,Germany,Partner
CUST007842,2024-10-03 04:54:37,Mass Market,France,Organic
CUST007843,2024-03-13 14:41:02,Mass Market,Germany,Partner
CUST007844,2024-12-18 20:31:23,Mass Market,Germany,Referral
CUST007845,2026-02-22 11:19:00,Mass Market,Germany,Branch
CUST007846,2023-10-14 16:50:25,Mass Market,Germany,Paid
CUST007847,2024-05-04 04:28:41,Affluent,Austria,Branch
CUST007848,2022-10-29 02:04:54,Mass Market,Germany,Organic
CUST007849,2023-08-17 15:51:01,Mass Market,Netherlands,Branch
CUST007850,2025-07-14 20:43:41,Mass Market,France,Partner
CUST007851,2024-12-06 16:58:06,Affluent,Germany,Partner
CUST007852,2022-12-20 00:52:26,Affluent,Austria,Partner
CUST007853,2024-07-02 03:29:08,SME,Germany,Branch
CUST007854,2025-09-19 14:22:50,SME,Germany,Organic
CUST007855,2022-07-27 08:40:01,Mass Market,Netherlands,Paid
CUST007856,2022-04-14 13:52:18,Affluent,Netherlands,Referral
CUST007857,2023-10-19 15:17:07,Mass Market,Germany,Organic
CUST007858,2025-01-02 17:56:10,Affluent,Belgium,Partner
CUST007859,2023-06-08 21:07:19,SME,Austria,Paid
CUST007860,2025-10-04 18:25:23,Affluent,Germany,Referral
CUST007861,2025-11-16 21:44:44,Mass Market,France,Branch
CUST007862,2024-06-09 08:56:06,Mass Market,Germany,Organic
CUST007863,2023-09-26 10:11:38,Mass Market,Germany,Partner
CUST007864,2022-03-11 17:58:51,Mass Market,Germany,Paid
CUST007865,2025-10-05 15:22:06,Affluent,Germany,Partner
CUST007866,2026-02-05 21:53:47,Affluent,France,Organic
CUST007867,2024-01-10 16:12:34,Mass Market,Germany,Organic
CUST007868,2024-05-13 12:50:36,Affluent,Germany,Paid
CUST007869,2025-06-13 20:28:14,Mass Market,Germany,Organic
CUST007870,2025-03-08 15:50:47,Mass Market,Germany,Partner
CUST007871,2022-08-15 04:35:35,Mass Market,France,Organic
CUST007872,2025-01-29 02:33:01,Mass Market,France,Branch
CUST007873,2026-03-27 00:21:50,Affluent,Germany,Referral
CUST007874,2025-06-09 03:30:29,Affluent,Germany,Partner
CUST007875,2024-03-14 11:54:26,Affluent,Germany,Branch
CUST007876,2024-05-24 17:24:51,Mass Market,France,Branch
CUST007877,2023-03-11 09:11:02,Mass Market,Germany,Referral
CUST007878,2025-01-09 18:57:10,Mass Market,Netherlands,Partner
CUST007879,2023-02-08 18:29:41,Mass Market,France,Paid
CUST007880,2023-07-26 14:06:44,Mass Market,Germany,Referral
CUST007881,2023-03-20 05:01:17,Mass Market,Germany,Partner
CUST007882,2023-07-15 15:44:08,Affluent,Germany,Paid
CUST007883,2023-09-06 03:54:27,Mass Market,Germany,Paid
CUST007884,2022-05-19 17:43:03,Affluent,Germany,Organic
CUST007885,2025-04-14 16:37:25,Mass Market,Austria,Referral
CUST007886,2024-01-08 08:11:32,Mass Market,Germany,Referral
CUST007887,2026-05-07 17:40:15,Affluent,Germany,Organic
CUST007888,2022-10-30 10:34:57,Affluent,Belgium,Organic
CUST007889,2025-01-23 15:08:02,Affluent,Austria,Branch
CUST007890,2022-10-27 14:27:20,Affluent,Germany,Organic
CUST007891,2024-07-03 20:41:17,Mass Market,France,Referral
CUST007892,2024-03-31 18:02:28,SME,Germany,Paid
CUST007893,2024-01-21 01:19:58,SME,Netherlands,Paid
CUST007894,2024-12-30 16:19:18,Mass Market,France,Organic
CUST007895,2025-10-16 17:47:15,Mass Market,Germany,Organic
CUST007896,2023-06-14 13:24:49,Mass Market,Germany,Partner
CUST007897,2025-11-21 15:02:39,Affluent,Germany,Paid
CUST007898,2022-11-06 01:43:06,SME,Netherlands,Referral
CUST007899,2023-05-05 23:00:56,Affluent,Germany,Branch
CUST007900,2023-06-04 10:35:00,Mass Market,Germany,Referral
CUST007901,2026-05-14 02:50:51,Mass Market,Germany,Paid
CUST007902,2022-07-18 06:06:13,Mass Market,Netherlands,Paid
CUST007903,2023-10-23 15:11:21,Mass Market,Germany,Organic
CUST007904,2023-12-11 15:48:50,Mass Market,Belgium,Partner
CUST007905,2025-08-30 17:31:57,Mass Market,Germany,Paid
CUST007906,2024-03-23 10:10:35,Mass Market,Germany,Referral
CUST007907,2026-06-05 12:32:53,Mass Market,Germany,Partner
CUST007908,2025-05-22 19:33:31,Affluent,Germany,Organic
CUST007909,2025-03-22 12:23:32,Mass Market,Germany,Paid
CUST007910,2025-06-12 21:08:44,Mass Market,Germany,Partner
CUST007911,2022-09-28 02:42:27,Mass Market,Germany,Referral
CUST007912,2024-01-21 19:31:22,SME,Germany,Paid
CUST007913,2024-09-07 00:30:13,Affluent,Netherlands,Partner
CUST007914,2022-12-15 13:42:43,Mass Market,Germany,Organic
CUST007915,2022-07-18 14:17:18,Affluent,Belgium,Branch
CUST007916,2022-08-16 00:02:18,Affluent,Belgium,Partner
CUST007917,2025-08-12 10:41:30,Mass Market,France,Referral
CUST007918,2025-01-03 07:19:29,Mass Market,Germany,Paid
CUST007919,2023-04-16 08:36:55,Mass Market,France,Branch
CUST007920,2025-05-17 14:37:57,Mass Market,Belgium,Partner
CUST007921,2025-03-08 09:34:49,Mass Market,Germany,Organic
CUST007922,2025-09-27 04:34:52,Mass Market,Germany,Partner
CUST007923,2026-03-02 16:04:42,Mass Market,Germany,Organic
CUST007924,2026-01-15 02:17:23,Mass Market,Germany,Referral
CUST007925,2022-10-30 15:33:47,Mass Market,Germany,Referral
CUST007926,2025-07-10 04:46:41,Mass Market,Germany,Paid
CUST007927,2023-10-19 20:35:57,Mass Market,France,Paid
CUST007928,2023-11-06 00:29:08,Mass Market,Germany,Referral
CUST007929,2024-12-17 23:34:57,Mass Market,Germany,Referral
CUST007930,2024-10-03 20:36:22,Affluent,Austria,Paid
CUST007931,2026-07-30 03:20:28,Mass Market,Germany,Partner
CUST007932,2022-10-20 07:08:04,Mass Market,Germany,Organic
CUST007933,2022-06-12 00:57:13,Mass Market,Germany,Paid
CUST007934,2022-02-18 14:35:08,Mass Market,Germany,Branch
CUST007935,2025-09-23 09:47:28,Mass Market,France,Referral
CUST007936,2023-11-11 19:58:13,Mass Market,Germany,Organic
CUST007937,2024-01-02 05:41:39,Mass Market,Belgium,Paid
CUST007938,2024-12-21 11:27:35,SME,Belgium,Paid
CUST007939,2023-12-29 23:33:32,Mass Market,Germany,Organic
CUST007940,2024-08-17 16:50:17,Mass Market,Netherlands,Branch
CUST007941,2022-04-08 17:39:11,Mass Market,France,Organic
CUST007942,2022-09-19 05:38:54,Affluent,Belgium,Paid
CUST007943,2026-04-08 08:48:26,Mass Market,Germany,Referral
CUST007944,2024-01-24 13:25:35,SME,France,Organic
CUST007945,2022-10-07 20:53:40,Mass Market,Germany,Paid
CUST007946,2023-09-10 18:08:02,Mass Market,Germany,Partner
CUST007947,2023-07-14 18:22:58,Mass Market,Belgium,Paid
CUST007948,2023-04-04 11:11:38,Affluent,Germany,Paid
CUST007949,2025-05-04 08:11:47,SME,Germany,Partner
CUST007950,2022-06-28 12:20:34,Affluent,Germany,Branch
CUST007951,2023-06-02 17:42:59,Mass Market,Belgium,Referral
CUST007952,2024-02-22 09:57:00,Affluent,Germany,Organic
CUST007953,2024-06-22 02:48:58,Mass Market,Germany,Partner
CUST007954,2026-01-12 04:56:11,Mass Market,France,Partner
CUST007955,2026-03-24 15:06:50,Mass Market,Germany,Paid
CUST007956,2023-05-13 06:35:28,SME,Germany,Organic
CUST007957,2024-06-20 16:03:59,Mass Market,France,Partner
CUST007958,2022-02-07 09:03:44,Mass Market,Austria,Paid
CUST007959,2024-10-28 15:53:43,Mass Market,Netherlands,Branch
CUST007960,2022-09-13 15:39:08,Mass Market,Germany,Organic
CUST007961,2022-05-03 11:12:53,Mass Market,Germany,Organic
CUST007962,2025-01-28 02:48:14,Affluent,Netherlands,Branch
CUST007963,2022-10-25 20:10:00,Mass Market,Germany,Branch
CUST007964,2024-03-09 04:08:05,Mass Market,Netherlands,Paid
CUST007965,2022-06-18 18:58:10,Mass Market,Germany,Referral
CUST007966,2025-05-31 18:16:37,Mass Market,Belgium,Referral
CUST007967,2025-07-02 18:24:50,Mass Market,Germany,Organic
CUST007968,2024-08-19 01:53:36,Mass Market,Austria,Partner
CUST007969,2025-10-29 15:50:28,Mass Market,Germany,Referral
CUST007970,2024-01-01 08:00:55,Mass Market,Netherlands,Paid
CUST007971,2022-11-08 18:04:40,SME,Germany,Branch
CUST007972,2022-09-11 00:43:57,Mass Market,France,Branch
CUST007973,2023-01-02 14:56:12,Mass Market,Germany,Paid
CUST007974,2022-12-01 21:55:49,Affluent,Germany,Organic
CUST007975,2023-06-25 09:39:43,Mass Market,Germany,Branch
CUST007976,2024-09-15 06:45:45,Affluent,Germany,Paid
CUST007977,2022-09-06 01:27:34,SME,Austria,Organic
CUST007978,2024-11-05 15:26:15,Affluent,Netherlands,Referral
CUST007979,2023-07-13 14:46:37,Mass Market,Netherlands,Partner
CUST007980,2025-02-22 06:03:46,Affluent,Germany,Organic
CUST007981,2024-05-07 14:34:38,Mass Market,Germany,Organic
CUST007982,2026-02-22 11:34:29,Mass Market,Germany,Referral
CUST007983,2024-01-06 11:23:00,SME,Germany,Branch
CUST007984,2023-05-09 07:22:14,Mass Market,France,Paid
CUST007985,2024-09-12 00:09:43,Affluent,Netherlands,Organic
CUST007986,2025-01-06 10:40:50,Mass Market,Germany,Paid
CUST007987,2024-01-05 09:49:15,Mass Market,Germany,Paid
CUST007988,2024-07-24 20:33:30,Mass Market,Germany,Paid
CUST007989,2024-02-27 06:53:50,Affluent,Germany,Partner
CUST007990,2023-05-27 08:38:12,Mass Market,Germany,Organic
CUST007991,2023-06-09 06:43:59,Affluent,Germany,Referral
CUST007992,2026-02-26 04:45:23,Mass Market,Germany,Referral
CUST007993,2025-02-03 03:49:49,Affluent,Germany,Referral
CUST007994,2022-06-09 15:33:30,Mass Market,Netherlands,Paid
CUST007995,2026-05-28 14:19:56,Affluent,Austria,Partner
CUST007996,2025-04-05 11:10:37,Mass Market,Germany,Paid
CUST007997,2022-03-25 21:00:39,Mass Market,Germany,Paid
CUST007998,2025-05-02 00:06:58,Affluent,Germany,Partner
CUST007999,2024-09-12 20:25:27,Mass Market,Netherlands,Referral
CUST008000,2026-03-11 10:13:22,Mass Market,Germany,Referral
CUST008001,2024-03-29 05:29:38,Affluent,France,Organic
CUST008002,2024-05-17 01:36:07,Affluent,France,Partner
CUST008003,2023-06-11 04:46:19,Affluent,Austria,Organic
CUST008004,2023-06-22 18:03:40,Affluent,Germany,Partner
CUST008005,2024-10-30 03:56:40,SME,Germany,Paid
CUST008006,2025-10-15 23:34:39,Mass Market,Germany,Referral
CUST008007,2026-01-29 04:47:52,Mass Market,Germany,Branch
CUST008008,2025-07-12 19:04:29,Affluent,Germany,Organic
CUST008009,2024-10-16 12:54:43,Affluent,Belgium,Referral
CUST008010,2024-04-16 12:39:53,Mass Market,France,Referral
CUST008011,2023-07-22 19:42:27,Mass Market,Austria,Partner
CUST008012,2025-07-07 20:34:50,Mass Market,Austria,Paid
CUST008013,2023-06-16 22:31:17,Affluent,Germany,Paid
CUST008014,2023-03-24 21:18:43,Mass Market,Belgium,Organic
CUST008015,2025-12-22 01:42:13,Affluent,Netherlands,Organic
CUST008016,2024-09-12 15:42:36,Affluent,Germany,Partner
CUST008017,2023-08-16 06:08:25,Mass Market,France,Organic
CUST008018,2026-05-29 14:31:35,Mass Market,Austria,Paid
CUST008019,2023-06-16 16:04:55,Mass Market,Netherlands,Branch
CUST008020,2024-05-21 19:24:56,Mass Market,Netherlands,Partner
CUST008021,2024-03-19 11:53:37,Mass Market,Germany,Organic
CUST008022,2025-03-19 03:46:53,Mass Market,Belgium,Referral
CUST008023,2026-05-10 03:31:40,Affluent,Germany,Organic
CUST008024,2024-07-06 03:22:44,Mass Market,France,Referral
CUST008025,2025-08-27 14:38:41,Mass Market,France,Organic
CUST008026,2024-09-22 20:22:29,Mass Market,Germany,Organic
CUST008027,2026-01-23 03:06:06,Affluent,Germany,Branch
CUST008028,2023-11-08 11:18:48,Mass Market,France,Organic
CUST008029,2023-10-07 03:11:38,Mass Market,Germany,Organic
CUST008030,2023-12-08 06:51:00,SME,Germany,Organic
CUST008031,2026-07-25 03:45:46,Mass Market,Germany,Paid
CUST008032,2024-10-19 07:54:50,Mass Market,France,Referral
CUST008033,2022-09-13 02:09:09,Mass Market,Germany,Organic
CUST008034,2022-03-10 08:58:35,Affluent,Germany,Organic
CUST008035,2024-05-17 09:13:33,Affluent,Belgium,Referral
CUST008036,2025-09-09 02:59:37,Mass Market,Germany,Organic
CUST008037,2024-03-12 08:16:56,Affluent,Belgium,Organic
CUST008038,2024-07-25 16:06:03,Affluent,Germany,Organic
CUST008039,2024-05-13 07:51:52,Affluent,Germany,Branch
CUST008040,2026-02-28 05:00:50,Affluent,Netherlands,Paid
CUST008041,2024-12-02 15:01:33,Affluent,Germany,Partner
CUST008042,2025-05-07 11:09:39,Mass Market,Austria,Partner
CUST008043,2024-11-14 00:52:54,Mass Market,Germany,Paid
CUST008044,2022-03-25 17:03:24,SME,Belgium,Referral
CUST008045,2023-12-16 15:52:42,Mass Market,Germany,Branch
CUST008046,2022-08-25 13:33:40,Mass Market,Belgium,Partner
CUST008047,2024-05-03 06:21:30,Affluent,Germany,Referral
CUST008048,2022-08-28 08:58:24,Affluent,France,Organic
CUST008049,2024-05-01 13:12:10,Affluent,Germany,Paid
CUST008050,2023-07-29 21:34:34,Affluent,Netherlands,Partner
CUST008051,2022-02-04 01:20:45,Mass Market,Germany,Organic
CUST008052,2022-07-28 18:58:15,Affluent,Germany,Organic
CUST008053,2024-04-21 02:13:19,SME,France,Organic
CUST008054,2022-05-12 18:48:05,Mass Market,Germany,Organic
CUST008055,2025-12-02 04:23:46,Mass Market,Netherlands,Referral
CUST008056,2025-06-22 12:56:26,Affluent,France,Organic
CUST008057,2025-03-31 21:44:51,Mass Market,Germany,Partner
CUST008058,2022-10-15 18:44:30,Mass Market,Netherlands,Organic
CUST008059,2025-08-23 10:11:44,Mass Market,Germany,Partner
CUST008060,2024-11-27 04:56:28,Mass Market,France,Organic
CUST008061,2023-10-15 21:22:53,Mass Market,Germany,Organic
CUST008062,2022-01-01 16:39:22,Affluent,Germany,Paid
CUST008063,2024-06-03 10:38:16,Mass Market,Netherlands,Organic
CUST008064,2025-08-23 18:08:08,Affluent,Austria,Paid
CUST008065,2022-02-25 23:37:43,Mass Market,Austria,Partner
CUST008066,2022-03-29 23:56:57,Mass Market,Netherlands,Branch
CUST008067,2023-10-03 08:56:29,Mass Market,Germany,Partner
CUST008068,2024-05-05 08:26:01,Affluent,Germany,Paid
CUST008069,2024-03-04 05:22:01,SME,Germany,Partner
CUST008070,2023-12-14 14:41:18,Mass Market,France,Paid
CUST008071,2023-03-03 17:01:21,SME,Germany,Partner
CUST008072,2022-04-11 02:14:06,Mass Market,Austria,Partner
CUST008073,2022-02-22 05:38:16,Mass Market,Germany,Paid
CUST008074,2025-02-28 08:41:47,Affluent,Germany,Referral
CUST008075,2025-08-07 03:44:01,Mass Market,Belgium,Paid
CUST008076,2023-12-29 11:12:04,SME,Germany,Organic
CUST008077,2022-05-10 10:38:53,Mass Market,Germany,Partner
CUST008078,2023-11-27 00:20:04,Affluent,France,Referral
CUST008079,2026-07-06 23:51:29,Mass Market,Austria,Referral
CUST008080,2023-02-22 23:28:06,Mass Market,Germany,Organic
CUST008081,2024-04-01 03:27:53,Mass Market,Germany,Partner
CUST008082,2024-06-18 06:03:29,SME,Germany,Branch
CUST008083,2023-07-06 15:42:45,Mass Market,France,Organic
CUST008084,2024-01-03 09:08:19,Mass Market,Germany,Paid
CUST008085,2024-02-28 17:58:42,Mass Market,France,Paid
CUST008086,2024-03-03 12:02:56,Mass Market,Germany,Referral
CUST008087,2025-04-14 23:07:11,Mass Market,Austria,Paid
CUST008088,2024-08-29 05:12:19,Affluent,France,Referral
CUST008089,2022-03-31 06:51:01,Mass Market,France,Organic
CUST008090,2022-01-11 13:47:43,Mass Market,Germany,Organic
CUST008091,2023-11-18 16:23:29,Mass Market,Germany,Organic
CUST008092,2026-02-26 16:01:16,Mass Market,Germany,Organic
CUST008093,2022-03-03 16:29:49,Mass Market,Germany,Referral
CUST008094,2022-04-29 20:35:42,Mass Market,Germany,Organic
CUST008095,2025-02-09 17:22:04,Mass Market,Germany,Organic
CUST008096,2024-01-24 22:42:29,Affluent,Germany,Referral
CUST008097,2023-01-21 14:47:31,Mass Market,Germany,Paid
CUST008098,2022-12-13 17:27:31,Affluent,Germany,Partner
CUST008099,2025-01-16 21:23:29,Mass Market,France,Organic
CUST008100,2024-05-25 18:20:20,Affluent,Netherlands,Branch
CUST008101,2024-12-03 02:51:53,SME,Germany,Paid
CUST008102,2023-04-14 13:04:25,Mass Market,Netherlands,Organic
CUST008103,2024-05-30 02:13:40,Mass Market,Germany,Partner
CUST008104,2025-12-08 22:20:26,Mass Market,Austria,Paid
CUST008105,2023-06-14 07:56:14,Affluent,Germany,Paid
CUST008106,2023-10-25 17:07:38,Mass Market,Germany,Paid
CUST008107,2022-10-01 18:40:22,Mass Market,France,Paid
CUST008108,2024-12-03 23:58:58,Mass Market,Germany,Partner
CUST008109,2022-02-24 08:36:20,Mass Market,Germany,Organic
CUST008110,2023-02-21 03:02:44,Mass Market,Germany,Referral
CUST008111,2025-04-07 05:39:41,Mass Market,Austria,Organic
CUST008112,2026-07-12 18:07:58,Affluent,Belgium,Partner
CUST008113,2023-11-07 17:54:47,Affluent,Germany,Organic
CUST008114,2023-10-29 15:07:02,Mass Market,Belgium,Paid
CUST008115,2024-06-16 00:07:47,Mass Market,Germany,Partner
CUST008116,2024-12-04 17:07:46,Affluent,France,Partner
CUST008117,2024-02-08 08:42:29,Affluent,Germany,Referral
CUST008118,2026-01-18 11:10:13,Affluent,Germany,Paid
CUST008119,2026-05-28 11:42:44,SME,Belgium,Branch
CUST008120,2022-12-01 23:39:51,Mass Market,Belgium,Branch
CUST008121,2025-03-27 20:02:32,Affluent,Belgium,Branch
CUST008122,2023-05-19 03:02:25,Mass Market,France,Paid
CUST008123,2026-07-23 18:14:15,Mass Market,Germany,Organic
CUST008124,2023-02-28 13:04:10,Mass Market,Netherlands,Partner
CUST008125,2023-05-09 08:10:16,Mass Market,Germany,Organic
CUST008126,2025-04-09 04:57:42,Mass Market,Belgium,Referral
CUST008127,2025-08-12 07:07:47,Mass Market,Germany,Organic
CUST008128,2022-08-03 23:49:22,Affluent,Netherlands,Referral
CUST008129,2024-07-17 21:27:00,Mass Market,Netherlands,Organic
CUST008130,2023-08-01 23:10:30,Mass Market,Germany,Referral
CUST008131,2024-10-19 20:43:10,Mass Market,Germany,Partner
CUST008132,2024-07-19 20:28:39,Mass Market,Germany,Organic
CUST008133,2026-07-07 08:19:01,Mass Market,Germany,Paid
CUST008134,2026-04-11 02:11:31,Mass Market,Belgium,Paid
CUST008135,2024-12-29 11:11:54,Mass Market,Germany,Referral
CUST008136,2025-02-09 23:34:59,Affluent,Germany,Paid
CUST008137,2026-02-11 19:43:27,Mass Market,Germany,Partner
CUST008138,2022-11-03 19:05:20,Mass Market,Germany,Paid
CUST008139,2025-04-28 10:54:19,Affluent,Germany,Partner
CUST008140,2025-07-14 21:53:51,Mass Market,Belgium,Organic
CUST008141,2022-08-01 23:45:01,Affluent,Netherlands,Branch
CUST008142,2026-01-13 13:12:37,Mass Market,Belgium,Partner
CUST008143,2025-03-15 10:28:28,Mass Market,Germany,Referral
CUST008144,2023-08-04 09:45:14,Mass Market,Germany,Referral
CUST008145,2024-03-20 18:36:57,Mass Market,Germany,Organic
CUST008146,2024-03-29 14:36:09,SME,Germany,Organic
CUST008147,2026-03-17 05:31:33,Mass Market,Germany,Organic
CUST008148,2026-06-09 13:50:20,Mass Market,Germany,Organic
CUST008149,2025-09-11 00:39:09,Mass Market,France,Organic
CUST008150,2024-12-26 11:50:13,SME,Germany,Referral
CUST008151,2022-06-24 02:43:00,Mass Market,France,Paid
CUST008152,2026-03-10 14:03:12,Mass Market,France,Partner
CUST008153,2022-08-12 21:46:00,SME,Netherlands,Paid
CUST008154,2022-10-06 21:40:47,Mass Market,Germany,Organic
CUST008155,2026-05-04 15:14:32,Mass Market,Netherlands,Paid
CUST008156,2024-04-04 16:55:49,Mass Market,Germany,Organic
CUST008157,2023-01-30 12:55:43,Mass Market,Germany,Branch
CUST008158,2022-05-16 01:12:32,Affluent,Germany,Partner
CUST008159,2023-11-20 20:25:02,Mass Market,Germany,Organic
CUST008160,2025-04-24 23:45:51,SME,Germany,Partner
CUST008161,2026-07-21 21:44:34,Mass Market,Netherlands,Paid
CUST008162,2024-07-12 13:02:42,Mass Market,Netherlands,Organic
CUST008163,2024-10-12 03:00:57,Affluent,Germany,Organic
CUST008164,2025-10-29 14:23:38,Mass Market,Germany,Organic
CUST008165,2026-02-16 20:40:37,Mass Market,Germany,Referral
CUST008166,2023-04-13 19:38:43,Mass Market,Austria,Referral
CUST008167,2026-07-17 10:44:08,Mass Market,Germany,Partner
CUST008168,2024-05-18 00:04:52,Affluent,Germany,Organic
CUST008169,2026-04-05 04:40:06,Mass Market,Germany,Paid
CUST008170,2022-07-16 10:13:29,Mass Market,Netherlands,Paid
CUST008171,2022-06-12 21:35:28,Mass Market,Germany,Organic
CUST008172,2026-01-19 01:37:48,Mass Market,Germany,Partner
CUST008173,2025-01-29 12:50:41,Mass Market,Germany,Organic
CUST008174,2022-10-20 14:35:56,SME,Netherlands,Organic
CUST008175,2026-02-05 07:24:14,Mass Market,Germany,Partner
CUST008176,2022-06-21 03:35:32,Mass Market,Austria,Organic
CUST008177,2025-02-14 19:16:24,Mass Market,Belgium,Partner
CUST008178,2022-12-09 20:16:13,Mass Market,Germany,Referral
CUST008179,2022-04-29 00:58:04,Mass Market,Austria,Partner
CUST008180,2025-09-10 00:27:25,Mass Market,Netherlands,Branch
CUST008181,2025-11-17 20:26:28,Mass Market,Germany,Partner
CUST008182,2022-06-26 22:07:31,Mass Market,Netherlands,Referral
CUST008183,2022-06-05 17:11:52,Affluent,Germany,Partner
CUST008184,2024-10-24 07:44:47,Mass Market,France,Referral
CUST008185,2022-02-18 00:03:25,Mass Market,France,Paid
CUST008186,2025-06-01 14:45:47,Mass Market,Netherlands,Paid
CUST008187,2026-03-11 23:34:44,Mass Market,Belgium,Paid
CUST008188,2025-06-09 19:23:05,Mass Market,Germany,Partner
CUST008189,2023-01-21 17:01:59,Mass Market,France,Paid
CUST008190,2022-11-14 18:45:47,Mass Market,France,Branch
CUST008191,2025-02-11 23:08:35,Mass Market,Belgium,Partner
CUST008192,2022-04-14 00:50:52,Mass Market,Germany,Paid
CUST008193,2024-06-18 00:48:59,Affluent,Germany,Paid
CUST008194,2024-01-21 09:42:09,SME,Germany,Referral
CUST008195,2025-05-29 23:05:29,Affluent,Germany,Referral
CUST008196,2022-12-05 13:19:54,Mass Market,Germany,Partner
CUST008197,2025-06-28 14:37:16,Affluent,Germany,Organic
CUST008198,2025-03-15 04:20:20,Mass Market,Germany,Referral
CUST008199,2023-02-04 03:06:10,Mass Market,Belgium,Branch
CUST008200,2023-08-20 09:22:07,SME,Germany,Referral
CUST008201,2022-04-21 09:02:49,Affluent,Germany,Partner
CUST008202,2024-01-22 07:40:29,Mass Market,Netherlands,Organic
CUST008203,2023-03-12 17:22:13,SME,Germany,Branch
CUST008204,2022-07-09 17:55:24,Mass Market,Netherlands,Organic
CUST008205,2024-08-06 22:39:28,Mass Market,Belgium,Organic
CUST008206,2022-05-24 16:47:08,Mass Market,Germany,Partner
CUST008207,2022-11-07 04:42:52,Mass Market,Germany,Paid
CUST008208,2022-05-19 02:35:26,SME,Germany,Referral
CUST008209,2025-02-09 06:20:11,Mass Market,Germany,Partner
CUST008210,2023-07-20 04:30:56,Mass Market,France,Organic
CUST008211,2022-04-29 23:51:45,Affluent,Germany,Partner
CUST008212,2022-11-17 06:02:20,Affluent,Germany,Referral
CUST008213,2026-06-20 16:41:53,Affluent,Germany,Referral
CUST008214,2023-03-04 14:53:12,SME,Germany,Organic
CUST008215,2025-02-18 12:41:54,Affluent,Germany,Paid
CUST008216,2024-02-23 05:27:48,Mass Market,France,Organic
CUST008217,2022-10-31 20:26:38,Mass Market,Germany,Referral
CUST008218,2023-05-29 22:46:48,SME,Netherlands,Partner
CUST008219,2022-01-24 13:35:23,Mass Market,Belgium,Paid
CUST008220,2025-06-02 23:07:42,Mass Market,Netherlands,Organic
CUST008221,2023-07-14 05:19:36,Mass Market,Germany,Referral
CUST008222,2024-04-14 17:38:12,Mass Market,Germany,Referral
CUST008223,2022-09-13 12:05:26,Mass Market,France,Paid
CUST008224,2025-10-10 01:58:47,Affluent,France,Organic
CUST008225,2023-01-01 04:24:35,Mass Market,Austria,Paid
CUST008226,2024-08-04 19:49:32,Mass Market,Germany,Branch
CUST008227,2025-12-30 05:43:20,Mass Market,Germany,Partner
CUST008228,2025-04-07 11:09:02,Affluent,Germany,Referral
CUST008229,2024-10-05 13:23:47,Mass Market,Austria,Organic
CUST008230,2026-01-24 19:13:23,Mass Market,France,Paid
CUST008231,2022-10-23 00:53:33,Mass Market,Belgium,Organic
CUST008232,2026-05-31 01:26:36,Mass Market,Netherlands,Paid
CUST008233,2024-07-19 17:37:42,Mass Market,Austria,Organic
CUST008234,2023-11-17 06:43:56,Mass Market,Germany,Paid
CUST008235,2023-03-04 15:57:57,Mass Market,Austria,Paid
CUST008236,2025-05-30 12:22:08,Mass Market,Belgium,Referral
CUST008237,2026-06-21 04:59:17,Mass Market,Belgium,Paid
CUST008238,2025-02-27 20:50:50,Mass Market,Austria,Organic
CUST008239,2022-02-24 18:28:55,Affluent,France,Organic
CUST008240,2024-02-24 07:32:03,Affluent,Netherlands,Organic
CUST008241,2025-05-09 10:28:25,Mass Market,France,Partner
CUST008242,2023-10-27 12:18:47,Mass Market,Netherlands,Partner
CUST008243,2025-07-16 10:49:28,Mass Market,Netherlands,Partner
CUST008244,2025-03-28 14:08:38,Mass Market,Netherlands,Referral
CUST008245,2022-04-23 07:06:26,Affluent,Germany,Organic
CUST008246,2024-07-21 22:07:01,Mass Market,Netherlands,Paid
CUST008247,2022-10-15 08:46:25,Mass Market,Belgium,Organic
CUST008248,2024-03-24 11:01:24,Affluent,France,Organic
CUST008249,2023-10-05 13:27:27,Affluent,Germany,Paid
CUST008250,2025-09-11 03:16:02,SME,Belgium,Partner
CUST008251,2025-12-22 13:19:00,Affluent,Netherlands,Referral
CUST008252,2024-02-11 13:49:23,Mass Market,Germany,Paid
CUST008253,2024-06-16 20:44:00,Mass Market,France,Paid
CUST008254,2024-11-12 19:44:49,Mass Market,France,Branch
CUST008255,2024-12-31 16:09:11,Mass Market,France,Referral
CUST008256,2024-11-28 08:04:09,Mass Market,Germany,Partner
CUST008257,2025-08-02 04:44:20,Mass Market,Germany,Paid
CUST008258,2026-06-30 20:49:54,Mass Market,Belgium,Paid
CUST008259,2025-10-16 14:54:40,Affluent,Austria,Partner
CUST008260,2024-03-07 08:20:46,Mass Market,Germany,Organic
CUST008261,2024-04-30 16:51:03,Mass Market,Belgium,Paid
CUST008262,2024-06-02 14:08:47,Affluent,Germany,Organic
CUST008263,2025-04-15 12:08:20,Affluent,Germany,Partner
CUST008264,2023-12-05 22:30:29,Mass Market,Netherlands,Partner
CUST008265,2023-03-17 07:24:07,Mass Market,Germany,Organic
CUST008266,2024-02-05 02:09:04,SME,Germany,Paid
CUST008267,2025-11-29 16:57:50,Mass Market,Austria,Organic
CUST008268,2023-06-05 17:08:52,Mass Market,Germany,Referral
CUST008269,2022-02-04 18:08:01,SME,Germany,Branch
CUST008270,2026-06-21 08:31:59,Mass Market,Germany,Paid
CUST008271,2022-11-24 07:55:22,Mass Market,France,Organic
CUST008272,2024-10-04 22:56:36,Mass Market,France,Branch
CUST008273,2025-08-30 22:25:23,Mass Market,Germany,Referral
CUST008274,2023-04-04 21:45:42,Mass Market,Germany,Referral
CUST008275,2023-07-23 21:52:53,Mass Market,France,Paid
CUST008276,2023-04-14 23:40:01,Mass Market,France,Organic
CUST008277,2022-09-08 12:29:30,Mass Market,Austria,Branch
CUST008278,2022-09-13 17:26:20,Affluent,Germany,Paid
CUST008279,2022-11-09 06:05:41,Affluent,Belgium,Paid
CUST008280,2024-06-06 10:11:34,Mass Market,Austria,Referral
CUST008281,2022-01-27 17:32:20,Affluent,Germany,Partner
CUST008282,2025-11-15 19:34:20,Mass Market,Germany,Organic
CUST008283,2025-02-04 02:58:31,Mass Market,France,Branch
CUST008284,2022-04-29 03:04:18,Mass Market,Belgium,Partner
CUST008285,2025-11-10 00:33:56,Affluent,Germany,Organic
CUST008286,2022-02-20 23:08:16,Mass Market,Germany,Organic
CUST008287,2024-07-26 04:50:22,Mass Market,France,Partner
CUST008288,2024-04-19 13:51:21,Mass Market,Netherlands,Partner
CUST008289,2026-05-18 17:53:18,Mass Market,Germany,Organic
CUST008290,2026-03-31 01:09:42,Mass Market,Germany,Paid
CUST008291,2023-04-12 12:06:19,Mass Market,Germany,Paid
CUST008292,2024-08-27 04:43:38,Affluent,Austria,Paid
CUST008293,2026-05-23 17:35:43,Mass Market,France,Branch
CUST008294,2025-05-03 15:33:37,Mass Market,Germany,Organic
CUST008295,2026-01-24 04:52:12,Affluent,Belgium,Branch
CUST008296,2023-12-29 00:33:19,Affluent,France,Paid
CUST008297,2023-04-19 09:38:39,Affluent,Belgium,Organic
CUST008298,2024-05-03 19:38:47,Mass Market,Germany,Organic
CUST008299,2025-09-27 22:29:30,Mass Market,Germany,Branch
CUST008300,2026-04-02 23:26:42,Affluent,Germany,Organic
CUST008301,2025-02-20 18:28:59,Mass Market,Germany,Organic
CUST008302,2025-03-27 07:27:04,Mass Market,Belgium,Paid
CUST008303,2024-05-05 18:24:31,Mass Market,France,Partner
CUST008304,2023-06-19 09:06:53,Mass Market,Germany,Paid
CUST008305,2023-12-09 02:46:44,Mass Market,Netherlands,Organic
CUST008306,2024-04-12 03:59:53,Mass Market,France,Paid
CUST008307,2025-09-25 12:29:40,Mass Market,Germany,Branch
CUST008308,2024-07-17 13:04:28,Mass Market,Germany,Branch
CUST008309,2025-08-19 00:41:29,Mass Market,Austria,Branch
CUST008310,2022-02-15 17:57:14,Affluent,France,Paid
CUST008311,2025-06-19 14:20:28,Mass Market,Belgium,Organic
CUST008312,2024-04-27 19:35:34,Mass Market,Netherlands,Organic
CUST008313,2026-07-28 02:00:53,Mass Market,Germany,Referral
CUST008314,2024-03-11 01:44:52,Mass Market,Germany,Referral
CUST008315,2022-08-02 03:12:06,SME,France,Partner
CUST008316,2025-09-11 04:12:18,Mass Market,Germany,Paid
CUST008317,2025-03-18 22:50:59,Mass Market,Austria,Paid
CUST008318,2025-12-13 01:31:54,Mass Market,Germany,Paid
CUST008319,2022-06-05 01:50:04,Mass Market,Germany,Paid
CUST008320,2022-12-20 19:11:18,Mass Market,France,Paid
CUST008321,2026-01-06 07:18:13,Affluent,Germany,Organic
CUST008322,2022-03-12 08:02:31,Mass Market,France,Organic
CUST008323,2024-04-29 17:14:03,Affluent,Netherlands,Organic
CUST008324,2023-11-08 17:44:37,Mass Market,Netherlands,Branch
CUST008325,2026-04-20 17:15:19,Mass Market,Belgium,Branch
CUST008326,2025-12-03 11:07:46,Affluent,Germany,Referral
CUST008327,2026-02-08 07:19:08,Mass Market,France,Referral
CUST008328,2023-04-29 09:08:11,Affluent,Belgium,Organic
CUST008329,2024-09-09 07:30:42,Mass Market,Germany,Organic
CUST008330,2025-03-16 10:00:26,Mass Market,Germany,Organic
CUST008331,2026-06-06 14:34:54,Mass Market,Germany,Organic
CUST008332,2026-06-22 14:08:09,Mass Market,Netherlands,Referral
CUST008333,2023-08-18 04:03:50,Affluent,France,Organic
CUST008334,2022-08-03 11:23:04,Mass Market,Germany,Branch
CUST008335,2024-10-26 03:27:14,Mass Market,Germany,Partner
CUST008336,2025-07-30 17:45:56,Affluent,Germany,Organic
CUST008337,2022-08-05 22:53:47,Affluent,Germany,Referral
CUST008338,2022-03-10 04:10:49,Affluent,Germany,Referral
CUST008339,2026-02-08 03:02:31,Affluent,Netherlands,Partner
CUST008340,2026-04-11 03:49:45,Mass Market,Austria,Organic
CUST008341,2022-09-19 06:57:43,Mass Market,Netherlands,Paid
CUST008342,2026-02-20 14:11:07,SME,Belgium,Paid
CUST008343,2026-03-02 04:11:43,Mass Market,Austria,Referral
CUST008344,2026-07-26 16:41:26,Mass Market,Netherlands,Organic
CUST008345,2022-12-28 19:16:12,Affluent,France,Referral
CUST008346,2024-08-25 17:28:28,Mass Market,Netherlands,Organic
CUST008347,2026-07-21 10:24:52,SME,France,Branch
CUST008348,2026-02-18 05:16:01,Mass Market,Germany,Organic
CUST008349,2024-10-08 03:21:22,Affluent,Germany,Referral
CUST008350,2022-11-26 14:00:05,Mass Market,France,Organic
CUST008351,2022-05-22 00:35:30,Mass Market,Belgium,Referral
CUST008352,2023-03-10 07:53:42,Affluent,France,Referral
CUST008353,2022-04-20 03:26:41,Mass Market,Germany,Paid
CUST008354,2022-11-23 11:33:24,Mass Market,France,Organic
CUST008355,2022-05-06 06:27:28,SME,Netherlands,Branch
CUST008356,2025-06-28 10:48:07,SME,Netherlands,Branch
CUST008357,2024-09-13 07:12:58,SME,Germany,Referral
CUST008358,2024-05-15 21:45:49,Mass Market,Germany,Paid
CUST008359,2025-09-15 14:47:39,Mass Market,Germany,Organic
CUST008360,2023-11-18 21:11:41,Mass Market,Belgium,Paid
CUST008361,2023-11-05 18:05:20,Mass Market,Germany,Partner
CUST008362,2022-12-12 23:30:07,Mass Market,Belgium,Organic
CUST008363,2024-01-14 18:22:09,Mass Market,Germany,Organic
CUST008364,2022-10-19 19:00:52,Mass Market,Austria,Branch
CUST008365,2024-09-12 06:56:13,Mass Market,Germany,Partner
CUST008366,2024-06-10 05:51:12,Mass Market,Netherlands,Partner
CUST008367,2023-05-15 23:44:08,Mass Market,Netherlands,Branch
CUST008368,2025-02-24 10:32:28,Mass Market,Netherlands,Paid
CUST008369,2025-10-03 01:14:21,Affluent,Netherlands,Paid
CUST008370,2024-02-28 19:49:02,SME,Germany,Branch
CUST008371,2023-02-23 13:04:43,Mass Market,Germany,Branch
CUST008372,2025-04-08 13:48:05,SME,Germany,Organic
CUST008373,2022-11-10 02:44:26,Affluent,France,Paid
CUST008374,2026-07-26 12:05:07,Mass Market,France,Paid
CUST008375,2023-06-16 09:11:02,Mass Market,Germany,Organic
CUST008376,2023-08-09 16:45:06,Mass Market,Netherlands,Organic
CUST008377,2025-04-30 10:22:02,Mass Market,Germany,Organic
CUST008378,2022-01-21 10:10:55,Mass Market,Germany,Partner
CUST008379,2022-12-06 04:40:07,Mass Market,Germany,Organic
CUST008380,2022-07-30 01:04:54,Affluent,Netherlands,Branch
CUST008381,2023-10-16 20:29:44,Mass Market,Germany,Partner
CUST008382,2024-07-14 11:25:01,Mass Market,Belgium,Paid
CUST008383,2022-10-28 07:23:47,SME,France,Referral
CUST008384,2023-07-30 14:22:35,SME,France,Partner
CUST008385,2025-07-15 02:46:36,Affluent,Germany,Referral
CUST008386,2026-04-21 15:37:17,Affluent,Netherlands,Referral
CUST008387,2022-01-24 20:59:56,SME,Belgium,Referral
CUST008388,2024-11-15 02:09:24,Mass Market,Germany,Referral
CUST008389,2022-02-12 22:37:13,Affluent,Germany,Partner
CUST008390,2024-05-20 00:48:46,Mass Market,Germany,Paid
CUST008391,2026-01-10 11:24:40,Mass Market,Germany,Partner
CUST008392,2025-08-27 07:43:44,Mass Market,Germany,Partner
CUST008393,2023-01-25 02:38:09,Mass Market,Netherlands,Branch
CUST008394,2023-03-09 08:41:39,Mass Market,Germany,Paid
CUST008395,2025-08-03 00:50:02,Mass Market,Belgium,Organic
CUST008396,2025-10-02 14:28:05,Mass Market,Germany,Paid
CUST008397,2023-04-15 16:11:46,Mass Market,France,Paid
CUST008398,2022-01-06 02:50:09,Mass Market,Austria,Paid
CUST008399,2024-01-14 03:08:42,Affluent,Germany,Partner
CUST008400,2024-11-02 02:24:47,Mass Market,Germany,Branch
CUST008401,2024-01-12 22:55:21,Mass Market,France,Organic
CUST008402,2026-04-12 21:56:05,Mass Market,Germany,Branch
CUST008403,2025-09-22 08:10:23,Affluent,Netherlands,Referral
CUST008404,2025-08-10 07:14:38,Mass Market,Belgium,Organic
CUST008405,2022-02-03 22:08:14,Mass Market,Netherlands,Organic
CUST008406,2025-11-28 06:37:58,Mass Market,Austria,Branch
CUST008407,2025-06-16 18:25:53,SME,Germany,Referral
CUST008408,2023-10-26 16:59:52,SME,Germany,Organic
CUST008409,2024-09-12 17:25:37,Affluent,Germany,Partner
CUST008410,2025-10-10 03:03:37,Affluent,France,Organic
CUST008411,2026-02-24 04:52:36,Mass Market,Germany,Partner
CUST008412,2024-07-09 23:46:22,Mass Market,Germany,Organic
CUST008413,2022-03-11 03:05:05,Mass Market,Austria,Paid
CUST008414,2024-10-31 04:46:57,Mass Market,Germany,Paid
CUST008415,2025-02-10 23:47:19,SME,Germany,Paid
CUST008416,2022-04-09 12:09:17,SME,Germany,Organic
CUST008417,2025-09-28 13:01:03,Mass Market,Germany,Partner
CUST008418,2022-12-03 23:51:59,Mass Market,Germany,Referral
CUST008419,2026-01-28 20:30:50,Mass Market,Germany,Partner
CUST008420,2024-07-10 05:06:00,Mass Market,Germany,Branch
CUST008421,2023-06-23 14:19:34,Mass Market,Netherlands,Referral
CUST008422,2022-04-09 07:34:07,Mass Market,Germany,Organic
CUST008423,2022-01-30 20:54:53,Mass Market,Netherlands,Organic
CUST008424,2025-05-24 16:46:38,Mass Market,Netherlands,Partner
CUST008425,2023-09-23 14:42:04,Mass Market,Netherlands,Partner
CUST008426,2025-11-05 13:48:27,Affluent,Belgium,Branch
CUST008427,2023-01-21 10:26:00,Mass Market,Germany,Organic
CUST008428,2026-03-19 20:18:02,Mass Market,Germany,Organic
CUST008429,2026-04-24 07:37:13,Mass Market,Germany,Referral
CUST008430,2022-06-20 03:45:52,Affluent,Germany,Branch
CUST008431,2024-12-17 16:13:03,Mass Market,Belgium,Paid
CUST008432,2026-04-21 05:05:38,Affluent,France,Paid
CUST008433,2023-06-25 05:04:03,Mass Market,Germany,Referral
CUST008434,2022-04-24 01:27:20,Mass Market,Germany,Paid
CUST008435,2026-01-03 19:19:04,Mass Market,Belgium,Referral
CUST008436,2024-03-03 14:55:40,SME,France,Branch
CUST008437,2022-02-15 06:23:16,SME,Germany,Organic
CUST008438,2025-11-05 21:35:34,Affluent,Belgium,Organic
CUST008439,2025-02-09 01:18:42,Affluent,Netherlands,Branch
CUST008440,2022-04-28 13:26:43,Mass Market,Germany,Paid
CUST008441,2023-03-09 12:04:03,Mass Market,Germany,Organic
CUST008442,2022-01-31 11:34:35,Mass Market,France,Paid
CUST008443,2026-05-16 13:06:51,Mass Market,Germany,Partner
CUST008444,2022-02-11 17:06:07,Mass Market,Austria,Organic
CUST008445,2025-08-23 16:00:59,Affluent,Netherlands,Partner
CUST008446,2024-05-04 20:15:07,Affluent,France,Organic
CUST008447,2024-09-01 07:53:00,Affluent,France,Organic
CUST008448,2025-09-18 23:45:14,Mass Market,Austria,Organic
CUST008449,2026-02-05 09:08:57,SME,Germany,Paid
CUST008450,2022-08-02 01:22:38,Affluent,Germany,Referral
CUST008451,2022-01-30 21:23:37,Affluent,Netherlands,Paid
CUST008452,2022-07-28 08:21:36,Mass Market,Germany,Referral
CUST008453,2025-02-15 03:40:13,Mass Market,France,Organic
CUST008454,2024-08-08 14:38:53,Affluent,Germany,Paid
CUST008455,2022-05-21 06:04:16,SME,Germany,Paid
CUST008456,2023-01-27 17:48:49,Mass Market,Germany,Referral
CUST008457,2024-06-17 06:20:32,Mass Market,Netherlands,Partner
CUST008458,2025-05-05 22:01:00,Mass Market,Germany,Referral
CUST008459,2023-07-29 04:11:17,Mass Market,Germany,Paid
CUST008460,2026-05-07 18:58:07,Affluent,Germany,Branch
CUST008461,2026-07-18 00:48:08,Mass Market,Germany,Referral
CUST008462,2025-07-04 19:23:18,Mass Market,France,Branch
CUST008463,2024-01-30 12:43:31,Affluent,Austria,Organic
CUST008464,2026-01-06 15:17:35,Mass Market,Netherlands,Organic
CUST008465,2025-05-02 01:03:30,Mass Market,France,Partner
CUST008466,2024-05-18 17:56:57,Mass Market,Germany,Paid
CUST008467,2024-01-13 00:01:32,Mass Market,Austria,Referral
CUST008468,2025-10-23 15:18:32,SME,Belgium,Organic
CUST008469,2024-07-20 10:11:07,Affluent,Belgium,Partner
CUST008470,2022-11-02 19:32:20,SME,Germany,Organic
CUST008471,2026-07-30 16:28:22,Mass Market,Germany,Paid
CUST008472,2022-04-25 06:39:50,Affluent,Germany,Organic
CUST008473,2025-03-08 01:28:19,Mass Market,Germany,Branch
CUST008474,2025-01-01 18:05:11,Affluent,Germany,Organic
CUST008475,2024-09-07 01:43:32,Mass Market,Belgium,Partner
CUST008476,2022-03-28 20:45:00,Mass Market,Germany,Organic
CUST008477,2024-04-03 14:54:36,Mass Market,Germany,Organic
CUST008478,2026-02-01 05:29:39,Affluent,Belgium,Paid
CUST008479,2023-02-05 12:06:08,Affluent,Austria,Organic
CUST008480,2025-03-02 06:41:05,Mass Market,Germany,Paid
CUST008481,2025-12-06 20:03:58,Mass Market,Germany,Organic
CUST008482,2026-05-12 01:54:38,Affluent,Netherlands,Partner
CUST008483,2024-05-12 23:38:17,Mass Market,Austria,Referral
CUST008484,2023-06-09 19:38:37,Mass Market,France,Referral
CUST008485,2025-03-15 18:15:53,Affluent,Germany,Organic
CUST008486,2024-03-23 20:33:38,Mass Market,France,Paid
CUST008487,2024-11-14 11:46:17,Affluent,Netherlands,Organic
CUST008488,2025-05-25 02:33:03,Mass Market,Germany,Paid
CUST008489,2025-04-02 14:16:55,Affluent,Germany,Referral
CUST008490,2023-02-10 22:14:06,Mass Market,Belgium,Organic
CUST008491,2025-06-17 16:36:25,SME,Netherlands,Organic
CUST008492,2026-04-06 05:48:41,Mass Market,Germany,Referral
CUST008493,2025-01-07 15:06:10,Affluent,Netherlands,Paid
CUST008494,2026-01-31 02:26:59,Affluent,France,Organic
CUST008495,2026-06-25 13:38:01,Mass Market,Germany,Branch
CUST008496,2026-07-21 19:37:14,Mass Market,Germany,Organic
CUST008497,2025-05-30 03:27:13,Mass Market,Germany,Referral
CUST008498,2024-09-25 16:16:04,Mass Market,Austria,Organic
CUST008499,2022-07-17 12:21:17,Mass Market,Germany,Branch
CUST008500,2023-10-08 14:22:48,Mass Market,Belgium,Referral
CUST008501,2024-03-05 18:10:50,Mass Market,France,Organic
CUST008502,2024-09-11 10:11:38,SME,Belgium,Branch
CUST008503,2024-01-05 05:26:40,Mass Market,Austria,Organic
CUST008504,2022-09-03 03:41:36,Mass Market,Austria,Referral
CUST008505,2025-04-11 19:47:44,Mass Market,Belgium,Partner
CUST008506,2023-12-24 05:56:02,Mass Market,Germany,Organic
CUST008507,2022-03-02 10:19:50,Mass Market,Germany,Paid
CUST008508,2023-04-20 20:35:07,Affluent,Germany,Organic
CUST008509,2026-01-10 10:56:48,Mass Market,France,Partner
CUST008510,2022-07-18 16:18:41,Mass Market,Germany,Partner
CUST008511,2023-11-11 01:47:57,Mass Market,Germany,Paid
CUST008512,2024-05-06 03:13:07,Mass Market,Germany,Referral
CUST008513,2022-05-21 00:24:25,Affluent,Netherlands,Branch
CUST008514,2022-10-04 22:31:27,Mass Market,Germany,Paid
CUST008515,2026-04-22 03:13:22,Mass Market,Germany,Partner
CUST008516,2024-09-14 09:05:06,Mass Market,France,Organic
CUST008517,2022-12-18 16:32:04,Mass Market,France,Branch
CUST008518,2022-10-11 17:35:54,Mass Market,Belgium,Referral
CUST008519,2023-12-13 19:54:02,Mass Market,France,Branch
CUST008520,2025-04-24 20:25:01,SME,Netherlands,Referral
CUST008521,2025-05-06 05:17:20,Mass Market,Germany,Paid
CUST008522,2022-11-23 10:39:21,Mass Market,Germany,Organic
CUST008523,2025-04-28 05:57:10,Affluent,Netherlands,Paid
CUST008524,2026-02-07 14:07:42,Mass Market,Germany,Organic
CUST008525,2023-01-14 10:28:49,Mass Market,Belgium,Partner
CUST008526,2022-02-13 19:43:44,Affluent,Austria,Paid
CUST008527,2026-05-23 06:21:14,Affluent,Germany,Partner
CUST008528,2024-05-22 18:42:40,SME,Netherlands,Partner
CUST008529,2025-07-22 05:36:17,Affluent,Germany,Organic
CUST008530,2023-06-20 05:09:50,Mass Market,Germany,Referral
CUST008531,2023-05-16 05:02:24,SME,Germany,Paid
CUST008532,2023-01-12 07:52:14,Mass Market,France,Organic
CUST008533,2022-12-29 20:37:45,Mass Market,Austria,Paid
CUST008534,2024-02-28 12:28:34,Affluent,Germany,Organic
CUST008535,2022-06-26 20:54:09,Affluent,Netherlands,Paid
CUST008536,2025-11-08 20:33:35,Affluent,Germany,Organic
CUST008537,2024-05-04 18:31:10,Mass Market,Germany,Organic
CUST008538,2026-03-11 08:14:37,Affluent,France,Paid
CUST008539,2024-04-19 15:52:41,Mass Market,Netherlands,Paid
CUST008540,2023-05-23 00:45:37,Affluent,Netherlands,Referral
CUST008541,2024-05-10 22:28:44,Affluent,Austria,Organic
CUST008542,2022-09-15 21:29:17,Mass Market,Germany,Paid
CUST008543,2025-10-09 21:11:09,Affluent,France,Organic
CUST008544,2025-04-19 01:47:45,Mass Market,Germany,Organic
CUST008545,2022-09-04 00:56:24,Mass Market,Netherlands,Paid
CUST008546,2024-08-31 02:26:41,SME,Germany,Paid
CUST008547,2024-06-18 12:37:03,Mass Market,Germany,Referral
CUST008548,2022-12-03 02:22:33,Mass Market,Netherlands,Referral
CUST008549,2022-07-24 03:06:21,Mass Market,Germany,Branch
CUST008550,2025-06-25 05:08:57,Mass Market,France,Branch
CUST008551,2023-03-18 11:28:32,Mass Market,Austria,Organic
CUST008552,2024-05-17 15:38:25,Mass Market,Germany,Organic
CUST008553,2023-02-19 04:08:21,Mass Market,France,Paid
CUST008554,2024-12-28 11:26:33,Mass Market,Austria,Partner
CUST008555,2022-03-23 21:48:12,Mass Market,Netherlands,Partner
CUST008556,2023-08-24 19:33:24,Mass Market,Germany,Paid
CUST008557,2024-07-03 16:26:15,Mass Market,Netherlands,Branch
CUST008558,2024-01-05 04:06:24,Affluent,Germany,Paid
CUST008559,2024-10-20 22:03:07,Mass Market,Netherlands,Branch
CUST008560,2022-10-29 12:46:03,Mass Market,France,Branch
CUST008561,2024-01-09 16:43:07,Mass Market,Germany,Paid
CUST008562,2025-06-18 21:28:07,Mass Market,Netherlands,Organic
CUST008563,2023-07-12 18:44:49,Affluent,Germany,Paid
CUST008564,2022-09-20 12:33:01,Mass Market,Belgium,Paid
CUST008565,2025-11-18 10:30:29,Mass Market,Netherlands,Branch
CUST008566,2025-07-25 07:43:35,Affluent,Austria,Branch
CUST008567,2025-02-11 15:32:25,Mass Market,Germany,Organic
CUST008568,2025-08-27 06:27:33,Affluent,Germany,Organic
CUST008569,2025-07-26 04:27:47,Mass Market,Germany,Referral
CUST008570,2025-06-02 07:36:12,Mass Market,Germany,Partner
CUST008571,2024-05-01 18:23:17,Affluent,Germany,Referral
CUST008572,2022-02-02 11:23:51,Mass Market,France,Paid
CUST008573,2024-09-25 07:33:13,Mass Market,Germany,Organic
CUST008574,2023-04-02 16:17:22,SME,Austria,Organic
CUST008575,2025-07-16 22:58:16,Mass Market,Germany,Organic
CUST008576,2024-02-23 01:27:24,Affluent,Germany,Paid
CUST008577,2026-02-22 14:55:48,Mass Market,Netherlands,Organic
CUST008578,2024-09-22 18:00:17,Mass Market,Germany,Paid
CUST008579,2024-07-09 11:47:22,Affluent,Netherlands,Referral
CUST008580,2026-03-17 22:32:39,Mass Market,Netherlands,Organic
CUST008581,2024-03-05 07:21:43,Mass Market,Netherlands,Branch
CUST008582,2023-09-21 00:18:59,Affluent,France,Organic
CUST008583,2023-09-14 04:11:58,Mass Market,Netherlands,Partner
CUST008584,2026-01-03 00:56:08,Mass Market,Austria,Organic
CUST008585,2025-06-18 11:45:11,Affluent,Germany,Referral
CUST008586,2022-10-01 06:05:25,Mass Market,Germany,Organic
CUST008587,2024-04-03 10:36:50,Mass Market,Netherlands,Paid
CUST008588,2023-09-13 18:44:36,Affluent,Germany,Branch
CUST008589,2024-12-17 06:47:52,Mass Market,France,Organic
CUST008590,2022-03-29 09:58:21,SME,France,Referral
CUST008591,2025-04-09 00:19:23,Affluent,Germany,Partner
CUST008592,2025-05-26 10:36:36,Mass Market,Germany,Paid
CUST008593,2023-01-14 20:17:43,Mass Market,Netherlands,Organic
CUST008594,2022-09-09 21:23:37,SME,Germany,Referral
CUST008595,2024-11-15 05:42:52,Affluent,Germany,Branch
CUST008596,2023-03-06 17:41:57,Mass Market,Netherlands,Organic
CUST008597,2026-04-24 07:39:10,Mass Market,Netherlands,Referral
CUST008598,2025-07-20 04:33:35,Mass Market,France,Referral
CUST008599,2026-05-16 18:45:50,Affluent,Germany,Partner
CUST008600,2024-06-13 01:06:44,SME,Germany,Referral
CUST008601,2026-04-19 03:22:33,Affluent,Netherlands,Organic
CUST008602,2022-01-24 08:41:50,Mass Market,Germany,Paid
CUST008603,2023-04-30 18:30:37,Affluent,Belgium,Branch
CUST008604,2022-01-04 17:41:39,Mass Market,Netherlands,Referral
CUST008605,2025-02-06 21:02:17,Mass Market,Germany,Organic
CUST008606,2024-05-03 19:47:23,Mass Market,France,Partner
CUST008607,2023-04-26 23:37:41,Mass Market,Austria,Organic
CUST008608,2023-05-25 21:15:17,Mass Market,Belgium,Organic
CUST008609,2024-12-12 08:39:17,Mass Market,France,Organic
CUST008610,2022-10-29 11:32:15,Mass Market,Germany,Organic
CUST008611,2024-05-10 08:10:30,Affluent,France,Paid
CUST008612,2024-10-22 22:17:51,Mass Market,France,Paid
CUST008613,2023-02-06 05:51:59,Mass Market,France,Referral
CUST008614,2023-01-17 22:41:55,Mass Market,Germany,Branch
CUST008615,2023-08-16 06:28:27,Mass Market,Belgium,Paid
CUST008616,2024-09-17 04:05:18,Mass Market,Germany,Organic
CUST008617,2023-03-02 08:19:54,Affluent,Germany,Branch
CUST008618,2023-09-27 03:11:02,Mass Market,Germany,Organic
CUST008619,2024-06-27 15:20:29,Mass Market,Germany,Paid
CUST008620,2022-11-09 05:45:07,Affluent,Germany,Organic
CUST008621,2024-08-09 05:57:11,Mass Market,Germany,Branch
CUST008622,2022-08-19 21:52:00,Affluent,Germany,Paid
CUST008623,2022-08-27 07:45:05,Mass Market,Germany,Branch
CUST008624,2023-02-01 00:44:32,Affluent,Germany,Branch
CUST008625,2023-04-25 01:06:02,Mass Market,Germany,Branch
CUST008626,2022-02-19 21:06:10,Mass Market,Germany,Referral
CUST008627,2026-05-27 19:21:09,Mass Market,Germany,Referral
CUST008628,2023-05-31 04:31:07,Mass Market,Germany,Branch
CUST008629,2025-09-07 07:43:55,Affluent,Netherlands,Organic
CUST008630,2026-02-17 01:38:16,Mass Market,Germany,Referral
CUST008631,2025-08-31 16:08:38,Mass Market,France,Organic
CUST008632,2025-10-22 00:53:57,Affluent,Germany,Paid
CUST008633,2022-06-17 07:50:15,Affluent,Germany,Paid
CUST008634,2023-09-14 23:46:00,Mass Market,Germany,Branch
CUST008635,2025-06-01 14:55:51,Mass Market,Germany,Paid
CUST008636,2024-08-20 19:03:05,Affluent,France,Partner
CUST008637,2022-01-10 11:05:51,Affluent,Netherlands,Partner
CUST008638,2024-08-06 15:02:40,Affluent,France,Partner
CUST008639,2025-09-07 03:29:21,Affluent,Germany,Organic
CUST008640,2025-10-17 15:34:47,Mass Market,Germany,Partner
CUST008641,2023-10-04 20:38:39,Mass Market,Austria,Partner
CUST008642,2023-01-31 01:50:57,Mass Market,Germany,Branch
CUST008643,2023-06-02 13:49:17,Mass Market,Germany,Branch
CUST008644,2023-05-11 13:26:13,Affluent,Germany,Organic
CUST008645,2023-08-03 11:25:26,Mass Market,Austria,Organic
CUST008646,2023-05-20 14:02:45,Mass Market,Belgium,Partner
CUST008647,2024-02-04 10:21:39,Mass Market,Germany,Paid
CUST008648,2022-03-10 08:01:51,Mass Market,Germany,Referral
CUST008649,2023-04-06 03:12:17,Mass Market,Netherlands,Referral
CUST008650,2023-06-11 03:47:40,Mass Market,Germany,Organic
CUST008651,2022-09-14 09:15:05,Affluent,Germany,Referral
CUST008652,2026-01-07 20:55:26,Mass Market,Germany,Organic
CUST008653,2025-02-03 09:51:55,Mass Market,Germany,Branch
CUST008654,2026-03-05 20:14:25,Mass Market,Germany,Paid
CUST008655,2024-07-27 22:55:35,Mass Market,France,Referral
CUST008656,2022-07-03 07:26:49,SME,Netherlands,Organic
CUST008657,2026-02-21 12:30:31,Mass Market,France,Paid
CUST008658,2024-02-05 20:58:23,Affluent,Germany,Organic
CUST008659,2025-02-18 08:54:40,Mass Market,Germany,Referral
CUST008660,2023-09-30 14:46:07,Mass Market,Belgium,Branch
CUST008661,2024-04-06 10:39:56,Mass Market,Germany,Referral
CUST008662,2023-04-22 00:35:57,Affluent,Germany,Partner
CUST008663,2024-07-16 11:47:06,SME,Germany,Organic
CUST008664,2025-05-11 19:11:56,Mass Market,Germany,Branch
CUST008665,2022-02-03 20:56:36,Mass Market,Germany,Paid
CUST008666,2022-08-07 21:09:05,Mass Market,Germany,Partner
CUST008667,2025-11-09 05:29:48,Mass Market,France,Organic
CUST008668,2024-08-10 10:30:55,Mass Market,Germany,Referral
CUST008669,2026-06-16 23:11:30,Affluent,Netherlands,Paid
CUST008670,2024-10-08 00:17:14,Mass Market,France,Paid
CUST008671,2024-12-28 11:49:41,Affluent,Germany,Organic
CUST008672,2026-02-12 03:36:06,Affluent,Netherlands,Partner
CUST008673,2025-01-09 06:37:38,Mass Market,Austria,Organic
CUST008674,2023-07-06 03:05:06,Mass Market,Germany,Branch
CUST008675,2024-06-01 18:46:32,Affluent,France,Referral
CUST008676,2023-01-29 22:40:54,Mass Market,France,Branch
CUST008677,2023-07-13 21:43:24,Mass Market,France,Paid
CUST008678,2025-02-11 10:20:12,Affluent,Germany,Partner
CUST008679,2022-09-07 02:10:55,Mass Market,Germany,Paid
CUST008680,2025-01-28 13:08:14,Affluent,Germany,Branch
CUST008681,2024-09-03 13:17:37,Mass Market,Germany,Paid
CUST008682,2023-05-31 14:50:24,Mass Market,Germany,Paid
CUST008683,2022-03-17 03:24:31,Mass Market,Belgium,Paid
CUST008684,2025-03-24 03:11:27,Mass Market,Germany,Paid
CUST008685,2025-10-10 13:38:20,Mass Market,Germany,Branch
CUST008686,2025-05-05 16:25:05,Mass Market,Germany,Organic
CUST008687,2023-12-05 18:20:40,Mass Market,Germany,Partner
CUST008688,2024-12-28 17:03:21,Mass Market,Netherlands,Paid
CUST008689,2023-08-23 00:15:40,Mass Market,Belgium,Organic
CUST008690,2023-07-02 00:42:43,Mass Market,Germany,Branch
CUST008691,2022-12-19 13:06:03,Mass Market,Germany,Referral
CUST008692,2026-06-09 18:13:58,Mass Market,Germany,Branch
CUST008693,2025-01-18 21:50:07,Mass Market,Austria,Paid
CUST008694,2022-10-20 11:04:02,Mass Market,Germany,Referral
CUST008695,2025-12-17 08:16:00,Mass Market,Germany,Partner
CUST008696,2022-09-10 23:40:48,Mass Market,Germany,Partner
CUST008697,2024-09-19 15:07:41,Affluent,Germany,Organic
CUST008698,2022-10-04 18:26:53,Mass Market,Germany,Organic
CUST008699,2023-08-27 23:32:34,Mass Market,Austria,Organic
CUST008700,2025-01-06 01:23:26,Affluent,Germany,Referral
CUST008701,2026-07-29 12:45:13,Mass Market,Germany,Referral
CUST008702,2026-07-17 10:46:31,Mass Market,Germany,Partner
CUST008703,2026-02-06 09:11:11,Mass Market,Germany,Organic
CUST008704,2023-01-29 17:08:51,Mass Market,Austria,Referral
CUST008705,2022-06-06 08:14:00,Mass Market,Netherlands,Organic
CUST008706,2026-02-23 04:36:53,Mass Market,Belgium,Branch
CUST008707,2026-03-24 12:05:47,Mass Market,Belgium,Paid
CUST008708,2022-02-02 01:31:33,Mass Market,France,Partner
CUST008709,2024-12-19 06:55:40,Mass Market,France,Organic
CUST008710,2022-03-09 17:08:30,Mass Market,Germany,Paid
CUST008711,2026-04-16 21:51:13,Mass Market,France,Paid
CUST008712,2024-04-08 17:36:09,Mass Market,Netherlands,Paid
CUST008713,2022-07-07 08:19:48,Mass Market,France,Organic
CUST008714,2024-12-30 10:35:00,Mass Market,Germany,Paid
CUST008715,2023-09-10 07:04:40,Mass Market,France,Organic
CUST008716,2024-06-15 17:26:24,Mass Market,Germany,Branch
CUST008717,2026-02-11 21:41:55,SME,France,Paid
CUST008718,2023-02-02 15:51:29,Affluent,Germany,Paid
CUST008719,2024-12-16 22:48:01,Mass Market,France,Partner
CUST008720,2025-10-17 05:55:31,Mass Market,Germany,Referral
CUST008721,2023-12-10 13:24:14,Mass Market,Netherlands,Organic
CUST008722,2026-06-11 01:38:16,SME,Netherlands,Partner
CUST008723,2024-01-20 13:40:43,Mass Market,Germany,Branch
CUST008724,2024-02-07 18:37:15,Mass Market,Germany,Paid
CUST008725,2026-01-18 09:01:37,Affluent,Germany,Organic
CUST008726,2024-11-29 06:10:05,Mass Market,Germany,Organic
CUST008727,2025-12-23 11:27:40,Affluent,Germany,Branch
CUST008728,2025-08-14 13:42:13,Mass Market,Netherlands,Organic
CUST008729,2025-04-06 01:51:32,Mass Market,Netherlands,Organic
CUST008730,2023-02-08 18:28:22,Affluent,Germany,Branch
CUST008731,2023-10-29 20:46:32,Mass Market,Belgium,Referral
CUST008732,2025-12-16 08:39:53,Mass Market,Germany,Paid
CUST008733,2024-10-27 00:08:50,Affluent,Netherlands,Organic
CUST008734,2023-04-14 11:54:06,Affluent,Germany,Partner
CUST008735,2023-07-02 08:00:31,Mass Market,Netherlands,Referral
CUST008736,2025-07-21 04:32:18,SME,Germany,Organic
CUST008737,2022-10-25 22:14:18,Mass Market,Germany,Organic
CUST008738,2022-07-07 10:19:04,Mass Market,Germany,Branch
CUST008739,2025-07-03 06:21:21,Affluent,France,Referral
CUST008740,2023-04-28 04:22:53,Mass Market,Belgium,Paid
CUST008741,2025-07-03 18:28:27,Affluent,France,Branch
CUST008742,2024-06-11 05:06:02,Mass Market,Netherlands,Partner
CUST008743,2026-07-27 08:20:53,Mass Market,Germany,Branch
CUST008744,2024-05-27 16:04:25,Mass Market,Netherlands,Organic
CUST008745,2025-12-21 10:27:33,Mass Market,Belgium,Paid
CUST008746,2025-11-22 22:06:09,Affluent,Germany,Partner
CUST008747,2022-12-21 10:30:14,Mass Market,Germany,Paid
CUST008748,2026-07-24 12:35:40,Mass Market,Germany,Paid
CUST008749,2025-05-31 23:31:02,Mass Market,Germany,Partner
CUST008750,2022-06-29 06:09:24,Mass Market,Germany,Partner
CUST008751,2022-01-11 02:18:03,Mass Market,Netherlands,Organic
CUST008752,2023-03-30 18:15:46,Mass Market,Netherlands,Paid
CUST008753,2022-01-28 03:49:06,Mass Market,Germany,Partner
CUST008754,2023-08-21 21:42:03,Mass Market,Austria,Partner
CUST008755,2026-07-24 22:03:16,Mass Market,Belgium,Paid
CUST008756,2024-03-11 18:02:16,Mass Market,France,Organic
CUST008757,2022-02-09 23:13:33,Mass Market,Austria,Organic
CUST008758,2024-04-05 19:36:36,Mass Market,Belgium,Referral
CUST008759,2023-01-02 08:13:13,Mass Market,Germany,Referral
CUST008760,2025-12-02 13:23:43,Mass Market,Austria,Partner
CUST008761,2022-06-01 10:12:23,Mass Market,Germany,Partner
CUST008762,2025-07-12 09:00:13,Affluent,Germany,Organic
CUST008763,2024-01-16 15:50:36,Mass Market,Germany,Paid
CUST008764,2022-02-01 12:28:34,Affluent,France,Paid
CUST008765,2025-01-30 11:31:55,Mass Market,Austria,Paid
CUST008766,2024-01-31 19:06:47,Mass Market,Germany,Organic
CUST008767,2025-07-14 00:59:01,Affluent,France,Organic
CUST008768,2024-10-30 10:04:01,Mass Market,Germany,Branch
CUST008769,2025-08-09 06:59:37,Mass Market,Belgium,Partner
CUST008770,2024-02-09 18:45:14,Mass Market,Germany,Referral
CUST008771,2022-01-14 06:33:33,Mass Market,France,Partner
CUST008772,2022-08-07 10:31:58,Mass Market,France,Referral
CUST008773,2024-02-07 06:47:26,Affluent,Germany,Organic
CUST008774,2023-10-27 13:50:24,Mass Market,Austria,Organic
CUST008775,2025-08-21 04:12:48,Mass Market,Austria,Partner
CUST008776,2022-11-10 20:39:52,Mass Market,Germany,Paid
CUST008777,2023-10-06 12:13:02,Mass Market,Netherlands,Organic
CUST008778,2025-06-18 13:05:30,Affluent,Belgium,Partner
CUST008779,2022-07-27 11:40:13,Mass Market,Germany,Organic
CUST008780,2023-06-22 09:09:59,Affluent,Germany,Organic
CUST008781,2025-06-11 02:29:18,Mass Market,France,Branch
CUST008782,2024-09-11 18:52:55,Mass Market,France,Partner
CUST008783,2025-07-24 22:21:01,Mass Market,France,Paid
CUST008784,2024-05-12 07:13:14,Affluent,France,Organic
CUST008785,2025-12-07 13:37:41,Mass Market,Netherlands,Branch
CUST008786,2026-01-07 01:23:37,Mass Market,Germany,Branch
CUST008787,2026-06-18 11:05:44,Affluent,Germany,Organic
CUST008788,2022-07-24 00:12:54,Mass Market,Germany,Paid
CUST008789,2024-09-15 11:15:30,Mass Market,Germany,Partner
CUST008790,2022-07-11 01:08:45,Affluent,Netherlands,Organic
CUST008791,2023-01-18 17:03:03,Mass Market,Belgium,Paid
CUST008792,2023-05-18 03:13:39,Mass Market,Germany,Organic
CUST008793,2024-12-16 08:28:43,Mass Market,France,Organic
CUST008794,2023-12-22 23:47:39,Affluent,Germany,Partner
CUST008795,2025-12-16 20:08:35,Mass Market,Germany,Paid
CUST008796,2023-05-15 03:54:12,Affluent,Austria,Partner
CUST008797,2024-10-29 00:11:14,Affluent,Germany,Organic
CUST008798,2025-06-30 01:10:16,Mass Market,Netherlands,Paid
CUST008799,2026-06-28 01:51:08,Mass Market,Germany,Branch
CUST008800,2023-02-15 02:01:39,Affluent,Germany,Paid
CUST008801,2025-05-11 14:02:30,Mass Market,France,Paid
CUST008802,2022-05-22 17:50:27,Mass Market,Netherlands,Paid
CUST008803,2024-06-27 14:48:56,Mass Market,France,Referral
CUST008804,2023-11-23 20:57:31,Affluent,Belgium,Partner
CUST008805,2026-05-22 16:41:25,Mass Market,Belgium,Organic
CUST008806,2025-07-17 02:09:50,Mass Market,France,Organic
CUST008807,2026-03-31 08:43:43,Mass Market,Germany,Partner
CUST008808,2025-11-23 03:20:58,Mass Market,Germany,Referral
CUST008809,2023-11-18 15:23:49,SME,France,Organic
CUST008810,2025-05-11 03:39:43,Mass Market,France,Paid
CUST008811,2022-02-20 22:35:48,Affluent,Germany,Partner
CUST008812,2024-07-21 18:52:35,Affluent,Germany,Paid
CUST008813,2022-03-21 02:03:27,Mass Market,Germany,Partner
CUST008814,2025-04-25 20:21:52,Affluent,Germany,Paid
CUST008815,2026-06-05 08:38:19,SME,Germany,Partner
CUST008816,2025-02-13 06:47:57,Affluent,Belgium,Referral
CUST008817,2025-11-05 09:00:29,Affluent,Netherlands,Branch
CUST008818,2023-01-27 20:39:51,Mass Market,Austria,Partner
CUST008819,2026-07-20 19:28:53,Affluent,France,Paid
CUST008820,2024-07-09 20:51:10,Mass Market,Germany,Partner
CUST008821,2025-02-01 16:22:46,Affluent,France,Referral
CUST008822,2025-07-12 11:00:40,Mass Market,Belgium,Paid
CUST008823,2024-12-05 09:34:59,Mass Market,France,Paid
CUST008824,2023-06-15 05:25:04,Affluent,Germany,Organic
CUST008825,2024-10-19 07:28:20,Mass Market,France,Partner
CUST008826,2024-12-29 10:38:03,Mass Market,Germany,Paid
CUST008827,2025-12-04 11:16:14,Affluent,Germany,Organic
CUST008828,2024-03-16 00:50:47,SME,Germany,Partner
CUST008829,2024-04-19 00:13:04,Mass Market,Germany,Branch
CUST008830,2024-04-21 06:45:30,Affluent,Belgium,Organic
CUST008831,2022-07-11 07:28:34,Affluent,Germany,Paid
CUST008832,2022-05-31 13:43:42,Affluent,Germany,Branch
CUST008833,2022-02-04 03:54:21,Mass Market,Netherlands,Branch
CUST008834,2025-01-18 21:57:44,Mass Market,Belgium,Paid
CUST008835,2023-12-02 07:59:53,Affluent,France,Organic
CUST008836,2025-12-18 10:17:21,Affluent,Germany,Paid
CUST008837,2025-03-20 03:22:38,Mass Market,Germany,Paid
CUST008838,2022-08-25 11:21:16,Mass Market,France,Paid
CUST008839,2022-06-17 07:44:23,Mass Market,Belgium,Partner
CUST008840,2023-09-05 03:05:16,Affluent,Germany,Referral
CUST008841,2026-03-20 19:37:38,Affluent,Belgium,Partner
CUST008842,2022-03-23 08:55:39,Mass Market,France,Branch
CUST008843,2022-11-10 08:01:43,Mass Market,Netherlands,Referral
CUST008844,2022-02-19 13:04:05,Mass Market,Germany,Paid
CUST008845,2023-11-23 15:31:40,Affluent,Belgium,Organic
CUST008846,2026-07-13 17:00:58,Mass Market,France,Referral
CUST008847,2025-02-17 04:05:40,Mass Market,Germany,Partner
CUST008848,2024-04-05 02:01:28,Mass Market,Germany,Paid
CUST008849,2022-08-30 10:23:43,Affluent,Germany,Organic
CUST008850,2023-08-18 10:16:01,Mass Market,Germany,Partner
CUST008851,2024-05-27 00:51:01,Mass Market,Germany,Organic
CUST008852,2023-04-05 14:16:02,Mass Market,Germany,Referral
CUST008853,2025-03-24 20:37:42,SME,Germany,Organic
CUST008854,2026-06-27 13:56:50,Mass Market,France,Partner
CUST008855,2022-12-11 08:02:29,Mass Market,Netherlands,Paid
CUST008856,2023-02-26 18:19:10,Mass Market,France,Paid
CUST008857,2022-07-31 01:29:57,Mass Market,Germany,Referral
CUST008858,2025-04-28 09:13:35,Affluent,Germany,Organic
CUST008859,2024-02-11 23:55:25,Affluent,France,Organic
CUST008860,2023-04-20 10:38:41,Mass Market,Netherlands,Organic
CUST008861,2023-01-02 11:26:59,Affluent,Germany,Organic
CUST008862,2022-04-28 20:36:10,Mass Market,Austria,Paid
CUST008863,2024-03-07 03:13:35,Affluent,Netherlands,Organic
CUST008864,2025-02-16 10:31:26,Mass Market,Belgium,Paid
CUST008865,2023-01-28 23:14:56,Mass Market,France,Partner
CUST008866,2022-01-03 17:26:33,Affluent,Germany,Referral
CUST008867,2024-03-02 09:32:43,Affluent,Austria,Organic
CUST008868,2025-02-03 20:26:10,Affluent,Belgium,Referral
CUST008869,2023-07-31 20:02:36,Mass Market,Belgium,Branch
CUST008870,2023-02-23 15:06:43,Affluent,Belgium,Partner
CUST008871,2022-09-15 23:26:27,Affluent,Belgium,Referral
CUST008872,2025-06-01 11:40:14,Mass Market,Netherlands,Paid
CUST008873,2025-12-11 12:55:53,Mass Market,Germany,Organic
CUST008874,2025-07-11 00:32:04,Mass Market,France,Branch
CUST008875,2024-05-16 09:49:06,Mass Market,France,Branch
CUST008876,2025-04-25 16:58:30,Affluent,Netherlands,Paid
CUST008877,2023-10-26 15:29:29,Mass Market,Germany,Organic
CUST008878,2022-02-10 22:28:17,Mass Market,Germany,Organic
CUST008879,2023-09-07 14:06:51,Mass Market,Austria,Paid
CUST008880,2025-03-22 15:32:35,Affluent,Germany,Branch
CUST008881,2024-12-18 08:30:08,Mass Market,Germany,Organic
CUST008882,2026-07-14 12:33:47,Affluent,Netherlands,Partner
CUST008883,2026-07-26 19:36:13,Mass Market,Germany,Referral
CUST008884,2023-02-10 16:04:14,Mass Market,Germany,Paid
CUST008885,2022-01-16 23:45:20,Affluent,France,Partner
CUST008886,2023-04-04 12:38:43,Mass Market,Austria,Paid
CUST008887,2026-01-04 21:44:38,Affluent,Germany,Organic
CUST008888,2025-09-22 05:11:36,Mass Market,Germany,Paid
CUST008889,2022-06-15 02:46:43,Mass Market,Germany,Organic
CUST008890,2022-09-26 04:24:10,Mass Market,France,Partner
CUST008891,2024-07-31 05:08:24,Affluent,Germany,Paid
CUST008892,2025-01-09 11:54:06,Mass Market,Germany,Referral
CUST008893,2026-07-01 11:07:53,Mass Market,Netherlands,Partner
CUST008894,2025-06-16 09:41:54,Mass Market,Austria,Branch
CUST008895,2022-12-21 05:19:53,SME,Germany,Referral
CUST008896,2022-03-04 03:10:58,Affluent,France,Partner
CUST008897,2024-11-25 09:43:50,Affluent,Netherlands,Paid
CUST008898,2024-07-14 21:21:55,Mass Market,Germany,Paid
CUST008899,2026-03-22 04:09:19,Mass Market,Netherlands,Referral
CUST008900,2024-08-20 20:48:09,Affluent,Germany,Partner
CUST008901,2024-04-18 01:45:53,Affluent,Germany,Partner
CUST008902,2023-05-23 08:33:23,Affluent,Germany,Organic
CUST008903,2022-05-25 05:47:30,Affluent,Germany,Organic
CUST008904,2025-10-13 04:16:29,Affluent,Netherlands,Organic
CUST008905,2022-09-30 02:49:14,Mass Market,France,Organic
CUST008906,2025-03-22 21:45:56,Mass Market,Netherlands,Referral
CUST008907,2023-09-01 22:24:19,SME,Netherlands,Paid
CUST008908,2024-01-01 17:21:22,Mass Market,Germany,Paid
CUST008909,2025-11-19 23:22:37,Mass Market,Austria,Organic
CUST008910,2025-11-08 20:49:09,Mass Market,Belgium,Referral
CUST008911,2022-11-15 18:06:45,Mass Market,Germany,Organic
CUST008912,2023-05-30 07:46:09,Affluent,Netherlands,Organic
CUST008913,2025-10-05 08:06:04,Affluent,Netherlands,Referral
CUST008914,2026-03-14 05:06:28,Mass Market,Germany,Partner
CUST008915,2022-05-13 04:53:16,Mass Market,Germany,Organic
CUST008916,2025-10-25 18:27:49,Mass Market,Germany,Organic
CUST008917,2024-03-28 23:47:02,Affluent,Austria,Paid
CUST008918,2024-09-14 00:02:00,Mass Market,Netherlands,Partner
CUST008919,2022-05-06 22:52:07,Mass Market,Netherlands,Organic
CUST008920,2025-02-11 13:24:48,Mass Market,Belgium,Partner
CUST008921,2025-02-07 10:54:54,Mass Market,Germany,Paid
CUST008922,2025-01-13 01:01:44,Mass Market,Austria,Partner
CUST008923,2025-08-14 21:15:23,Affluent,Germany,Partner
CUST008924,2026-05-01 19:21:25,Mass Market,Netherlands,Referral
CUST008925,2025-11-21 23:07:25,Mass Market,Germany,Organic
CUST008926,2025-05-30 06:40:41,Mass Market,Germany,Organic
CUST008927,2026-06-29 16:05:29,Mass Market,Germany,Organic
CUST008928,2025-02-01 20:04:55,Mass Market,Germany,Organic
CUST008929,2025-01-28 14:38:48,Affluent,Germany,Paid
CUST008930,2024-06-25 07:39:56,Mass Market,Germany,Organic
CUST008931,2025-07-09 20:54:59,Affluent,France,Referral
CUST008932,2022-04-30 08:10:04,Mass Market,Belgium,Referral
CUST008933,2024-04-25 15:04:05,Affluent,Germany,Partner
CUST008934,2023-12-13 03:16:53,Mass Market,Germany,Paid
CUST008935,2026-03-07 02:18:22,Mass Market,France,Partner
CUST008936,2022-05-02 07:42:56,Mass Market,France,Partner
CUST008937,2024-12-12 08:44:10,Mass Market,France,Partner
CUST008938,2022-11-05 04:47:38,Mass Market,Austria,Organic
CUST008939,2026-01-17 07:09:02,Affluent,Germany,Referral
CUST008940,2025-11-25 07:12:12,Mass Market,Germany,Paid
CUST008941,2023-01-29 16:13:06,SME,Belgium,Organic
CUST008942,2025-12-28 11:48:55,Affluent,France,Paid
CUST008943,2024-04-10 13:05:37,Mass Market,France,Organic
CUST008944,2026-06-12 14:02:42,Affluent,Austria,Branch
CUST008945,2025-05-05 06:10:25,Mass Market,Germany,Partner
CUST008946,2022-02-27 14:57:43,Mass Market,Germany,Branch
CUST008947,2022-12-05 22:49:06,Mass Market,Germany,Branch
CUST008948,2023-11-06 19:34:34,Affluent,Belgium,Partner
CUST008949,2022-12-20 08:38:35,Mass Market,Belgium,Referral
CUST008950,2022-08-10 10:10:47,Mass Market,Germany,Branch
CUST008951,2026-06-24 06:53:56,Mass Market,Germany,Organic
CUST008952,2025-12-24 01:45:01,Mass Market,France,Organic
CUST008953,2023-12-28 16:02:40,Mass Market,Germany,Paid
CUST008954,2022-12-26 12:36:22,Mass Market,Belgium,Partner
CUST008955,2022-10-31 23:53:25,Affluent,Germany,Referral
CUST008956,2026-03-12 04:06:20,Mass Market,Belgium,Paid
CUST008957,2023-07-09 04:58:57,Mass Market,Netherlands,Referral
CUST008958,2022-01-22 01:30:59,SME,Germany,Partner
CUST008959,2023-10-27 09:54:36,Affluent,Netherlands,Paid
CUST008960,2024-01-30 15:45:12,Mass Market,Netherlands,Partner
CUST008961,2024-11-07 19:09:54,Mass Market,Germany,Referral
CUST008962,2023-07-21 06:51:07,Mass Market,Germany,Paid
CUST008963,2026-03-24 06:43:56,SME,Belgium,Paid
CUST008964,2024-12-11 23:54:41,Mass Market,France,Partner
CUST008965,2026-07-08 13:53:11,Mass Market,Netherlands,Paid
CUST008966,2023-09-06 15:39:36,Mass Market,Germany,Organic
CUST008967,2024-12-25 15:22:04,Mass Market,Netherlands,Referral
CUST008968,2023-09-03 20:22:49,Mass Market,Netherlands,Organic
CUST008969,2025-03-16 06:29:04,Affluent,Germany,Organic
CUST008970,2025-05-31 18:49:39,Mass Market,Germany,Referral
CUST008971,2023-06-23 02:21:39,Mass Market,Germany,Partner
CUST008972,2026-04-17 18:53:55,Affluent,Netherlands,Paid
CUST008973,2025-12-04 04:03:36,Mass Market,Germany,Paid
CUST008974,2026-02-04 14:24:34,Mass Market,Belgium,Organic
CUST008975,2022-12-31 03:48:41,Mass Market,Germany,Organic
CUST008976,2025-04-15 05:55:37,Affluent,Belgium,Branch
CUST008977,2022-06-27 20:50:33,Mass Market,Germany,Organic
CUST008978,2022-06-26 09:55:02,Affluent,Netherlands,Organic
CUST008979,2026-06-16 06:48:58,Mass Market,France,Referral
CUST008980,2022-09-13 15:32:35,Mass Market,France,Branch
CUST008981,2025-12-15 20:09:24,Mass Market,Austria,Partner
CUST008982,2023-12-22 07:16:00,Mass Market,Germany,Organic
CUST008983,2023-05-23 16:40:19,Mass Market,Germany,Organic
CUST008984,2022-05-03 21:19:40,Affluent,Germany,Branch
CUST008985,2025-02-02 21:15:01,Mass Market,Germany,Partner
CUST008986,2025-04-21 01:34:59,Mass Market,Netherlands,Referral
CUST008987,2024-02-20 20:30:45,SME,Germany,Paid
CUST008988,2025-09-16 05:26:04,Mass Market,Netherlands,Referral
CUST008989,2023-06-25 06:29:19,Mass Market,Germany,Branch
CUST008990,2024-07-11 09:43:32,Mass Market,Austria,Paid
CUST008991,2023-04-25 11:40:31,Mass Market,Germany,Paid
CUST008992,2024-08-31 11:32:13,SME,Austria,Organic
CUST008993,2022-08-16 10:30:33,SME,France,Referral
CUST008994,2024-03-07 03:37:48,Mass Market,Austria,Organic
CUST008995,2024-07-07 11:02:09,SME,France,Organic
CUST008996,2024-07-19 12:56:46,Mass Market,Germany,Partner
CUST008997,2024-01-17 17:01:55,SME,Netherlands,Referral
CUST008998,2024-12-12 01:14:14,Affluent,Germany,Paid
CUST008999,2023-04-19 13:44:21,Mass Market,Germany,Branch
CUST009000,2022-12-27 01:51:08,Mass Market,Germany,Organic
CUST009001,2024-12-18 23:47:40,Affluent,Belgium,Paid
CUST009002,2026-04-19 08:34:08,Mass Market,Netherlands,Partner
CUST009003,2025-06-13 08:03:23,Mass Market,Germany,Partner
CUST009004,2024-12-03 17:23:15,Mass Market,Belgium,Partner
CUST009005,2026-03-21 19:15:53,Mass Market,Germany,Partner
CUST009006,2026-02-13 03:10:30,Mass Market,Germany,Referral
CUST009007,2024-04-26 19:39:51,Mass Market,Germany,Referral
CUST009008,2022-07-02 16:50:00,Affluent,Germany,Branch
CUST009009,2024-11-26 12:32:31,Mass Market,France,Branch
CUST009010,2024-11-07 09:45:48,Mass Market,Germany,Paid
CUST009011,2023-04-09 17:42:52,Mass Market,Germany,Partner
CUST009012,2025-11-21 07:12:13,Mass Market,Germany,Paid
CUST009013,2025-12-25 13:24:26,Mass Market,Belgium,Partner
CUST009014,2023-07-08 07:11:20,Mass Market,France,Organic
CUST009015,2024-03-08 07:21:48,Mass Market,Germany,Paid
CUST009016,2022-11-23 06:42:18,Mass Market,Netherlands,Branch
CUST009017,2022-10-26 04:53:51,Mass Market,Germany,Partner
CUST009018,2023-03-20 02:46:29,Mass Market,Belgium,Organic
CUST009019,2023-09-04 14:18:58,Affluent,Germany,Paid
CUST009020,2023-04-02 08:17:04,Mass Market,Germany,Paid
CUST009021,2022-09-11 12:47:54,Affluent,Germany,Referral
CUST009022,2024-01-18 17:12:00,Mass Market,Germany,Organic
CUST009023,2024-11-08 14:22:32,Mass Market,Germany,Partner
CUST009024,2023-06-30 00:16:02,Mass Market,Netherlands,Partner
CUST009025,2024-06-11 02:15:54,Mass Market,Germany,Partner
CUST009026,2023-03-30 13:41:09,Mass Market,Germany,Organic
CUST009027,2025-03-22 20:30:55,Affluent,France,Referral
CUST009028,2024-12-20 07:30:05,Affluent,Netherlands,Referral
CUST009029,2026-05-25 05:19:12,Mass Market,Belgium,Paid
CUST009030,2022-03-30 16:04:58,SME,Germany,Organic
CUST009031,2025-11-27 10:48:12,Mass Market,Belgium,Partner
CUST009032,2023-07-24 02:07:03,Mass Market,Netherlands,Paid
CUST009033,2022-04-21 10:16:51,Affluent,France,Paid
CUST009034,2025-02-27 06:22:00,Mass Market,Germany,Paid
CUST009035,2022-10-15 02:47:27,Mass Market,Germany,Paid
CUST009036,2022-10-22 00:29:55,Mass Market,Germany,Referral
CUST009037,2026-06-26 23:31:20,Mass Market,Netherlands,Branch
CUST009038,2023-01-05 09:23:35,Mass Market,Netherlands,Partner
CUST009039,2024-07-03 20:34:16,Mass Market,Germany,Organic
CUST009040,2022-12-02 12:21:01,Mass Market,Germany,Paid
CUST009041,2022-07-27 07:28:16,Affluent,Belgium,Organic
CUST009042,2022-01-02 13:09:46,SME,Germany,Partner
CUST009043,2024-03-03 03:21:08,Mass Market,France,Partner
CUST009044,2023-12-27 15:33:43,Mass Market,Austria,Branch
CUST009045,2022-03-07 03:20:17,Mass Market,Germany,Paid
CUST009046,2023-08-08 12:25:23,Mass Market,France,Organic
CUST009047,2023-04-02 08:31:43,Mass Market,Netherlands,Partner
CUST009048,2024-08-13 05:56:37,Mass Market,Germany,Paid
CUST009049,2026-07-22 07:28:18,Affluent,Germany,Organic
CUST009050,2025-03-02 10:08:48,Mass Market,Belgium,Paid
CUST009051,2026-03-16 13:24:11,Mass Market,Germany,Organic
CUST009052,2022-11-18 09:37:44,Mass Market,Germany,Organic
CUST009053,2022-12-26 14:33:43,Affluent,Germany,Paid
CUST009054,2025-06-09 08:25:42,Mass Market,Netherlands,Referral
CUST009055,2023-06-03 07:46:39,Affluent,Germany,Branch
CUST009056,2025-11-20 03:27:10,Affluent,Germany,Organic
CUST009057,2024-02-15 07:32:14,Mass Market,Germany,Paid
CUST009058,2022-12-02 18:33:00,Mass Market,Germany,Referral
CUST009059,2025-11-12 20:37:36,Mass Market,Netherlands,Branch
CUST009060,2025-09-04 00:34:34,Mass Market,Belgium,Referral
CUST009061,2024-01-27 03:30:43,Mass Market,Germany,Paid
CUST009062,2022-07-31 01:48:58,Mass Market,Netherlands,Referral
CUST009063,2025-02-12 16:37:18,Affluent,Netherlands,Partner
CUST009064,2022-07-28 01:53:00,Mass Market,Netherlands,Organic
CUST009065,2025-01-14 00:32:00,Mass Market,France,Organic
CUST009066,2023-11-28 18:37:54,Mass Market,Germany,Branch
CUST009067,2025-08-16 10:29:35,Mass Market,France,Branch
CUST009068,2025-12-25 19:11:16,Mass Market,France,Paid
CUST009069,2023-11-13 03:02:23,Mass Market,France,Partner
CUST009070,2026-01-14 20:18:24,Mass Market,Germany,Paid
CUST009071,2022-07-05 10:09:58,Mass Market,Germany,Partner
CUST009072,2022-06-29 12:22:36,Mass Market,Germany,Paid
CUST009073,2026-07-20 04:43:25,Affluent,Germany,Paid
CUST009074,2024-08-18 05:24:05,Mass Market,Germany,Paid
CUST009075,2024-01-24 14:13:20,Affluent,Germany,Paid
CUST009076,2022-09-18 06:56:03,Mass Market,Germany,Branch
CUST009077,2025-10-05 21:42:29,Affluent,Germany,Branch
CUST009078,2026-03-13 06:38:00,Mass Market,Austria,Organic
CUST009079,2023-11-13 17:31:47,Mass Market,Germany,Organic
CUST009080,2024-01-31 08:58:55,Mass Market,Germany,Organic
CUST009081,2022-10-01 00:49:11,Affluent,Netherlands,Organic
CUST009082,2022-05-19 21:56:44,Mass Market,Germany,Paid
CUST009083,2024-01-03 02:03:50,Mass Market,Germany,Paid
CUST009084,2024-08-26 12:18:44,Affluent,France,Organic
CUST009085,2022-06-24 09:59:54,Mass Market,Germany,Branch
CUST009086,2023-11-15 00:57:24,Mass Market,France,Referral
CUST009087,2024-12-08 16:38:37,Affluent,Germany,Organic
CUST009088,2025-09-17 19:44:42,Mass Market,Germany,Partner
CUST009089,2026-04-19 03:37:18,SME,Germany,Paid
CUST009090,2023-07-24 01:20:33,Affluent,Germany,Partner
CUST009091,2023-10-17 23:13:06,SME,France,Paid
CUST009092,2026-01-02 19:52:29,Affluent,Germany,Organic
CUST009093,2025-03-05 03:32:27,Mass Market,Germany,Paid
CUST009094,2023-04-03 15:02:59,Mass Market,Germany,Branch
CUST009095,2025-02-19 13:23:12,Mass Market,France,Referral
CUST009096,2022-09-21 08:52:03,Affluent,France,Partner
CUST009097,2024-01-21 19:07:16,Mass Market,Netherlands,Referral
CUST009098,2023-05-28 10:26:40,Affluent,France,Referral
CUST009099,2026-07-18 16:41:16,Mass Market,Austria,Branch
CUST009100,2022-02-28 09:06:03,Mass Market,Germany,Organic
CUST009101,2025-12-03 12:18:46,Mass Market,Netherlands,Organic
CUST009102,2023-04-16 05:50:17,Affluent,Germany,Referral
CUST009103,2022-03-02 13:35:02,Mass Market,Germany,Branch
CUST009104,2025-01-08 17:12:01,Mass Market,Netherlands,Partner
CUST009105,2025-02-07 16:07:56,Mass Market,Austria,Branch
CUST009106,2022-08-26 21:31:52,Mass Market,Netherlands,Partner
CUST009107,2022-03-06 01:55:56,SME,Germany,Organic
CUST009108,2022-07-06 04:51:13,Mass Market,Germany,Branch
CUST009109,2023-11-15 15:07:38,Mass Market,Germany,Referral
CUST009110,2022-08-10 08:21:25,Mass Market,France,Paid
CUST009111,2022-05-10 15:59:36,Mass Market,Germany,Referral
CUST009112,2025-08-12 01:38:50,Mass Market,Germany,Paid
CUST009113,2026-01-02 09:22:11,Mass Market,Germany,Partner
CUST009114,2025-04-13 13:48:36,Mass Market,Austria,Paid
CUST009115,2026-04-28 13:27:04,Mass Market,Germany,Paid
CUST009116,2026-04-20 09:27:32,Mass Market,Germany,Partner
CUST009117,2022-03-19 20:24:21,Affluent,Germany,Organic
CUST009118,2023-07-26 18:15:12,Mass Market,Germany,Organic
CUST009119,2025-06-24 20:09:37,Mass Market,Germany,Organic
CUST009120,2023-07-22 21:03:43,Mass Market,Netherlands,Partner
CUST009121,2025-05-17 12:25:31,Affluent,Germany,Paid
CUST009122,2025-07-18 15:09:26,Mass Market,Germany,Paid
CUST009123,2026-07-25 19:58:52,Affluent,Germany,Paid
CUST009124,2023-07-06 12:54:42,Affluent,Germany,Organic
CUST009125,2023-08-05 15:21:14,SME,France,Referral
CUST009126,2022-02-10 14:03:27,Affluent,Germany,Partner
CUST009127,2023-04-23 08:54:17,Mass Market,France,Partner
CUST009128,2023-04-15 01:04:42,SME,Germany,Organic
CUST009129,2024-01-28 13:16:45,Affluent,Germany,Partner
CUST009130,2023-12-06 05:06:43,Mass Market,Germany,Paid
CUST009131,2025-12-03 04:38:55,Mass Market,France,Referral
CUST009132,2025-07-17 18:39:17,SME,Germany,Organic
CUST009133,2025-05-03 05:00:20,Mass Market,Germany,Referral
CUST009134,2022-01-09 17:10:36,Affluent,Netherlands,Branch
CUST009135,2024-02-28 13:19:13,Mass Market,Germany,Referral
CUST009136,2025-05-04 21:20:19,Affluent,Germany,Branch
CUST009137,2023-02-13 21:49:03,Mass Market,Germany,Organic
CUST009138,2023-12-12 08:26:41,Affluent,Germany,Paid
CUST009139,2025-04-30 13:41:15,Mass Market,Germany,Organic
CUST009140,2025-08-21 11:17:55,Affluent,France,Paid
CUST009141,2025-11-29 18:27:14,Mass Market,France,Partner
CUST009142,2023-12-20 15:31:18,Mass Market,France,Referral
CUST009143,2023-10-31 17:14:34,Mass Market,Germany,Branch
CUST009144,2023-10-02 21:16:23,Mass Market,Germany,Branch
CUST009145,2025-01-22 20:59:48,SME,Netherlands,Organic
CUST009146,2023-12-03 11:38:51,Mass Market,Germany,Branch
CUST009147,2023-11-01 03:42:28,Mass Market,France,Branch
CUST009148,2022-10-09 08:36:26,Affluent,France,Partner
CUST009149,2024-03-11 00:59:04,Mass Market,Germany,Organic
CUST009150,2023-02-01 17:54:38,Mass Market,Germany,Organic
CUST009151,2024-05-27 15:36:13,Mass Market,France,Paid
CUST009152,2026-01-25 20:13:30,Mass Market,France,Organic
CUST009153,2025-07-21 00:19:31,Affluent,Germany,Organic
CUST009154,2024-03-10 07:21:44,Mass Market,Germany,Organic
CUST009155,2026-06-23 09:21:36,Mass Market,Germany,Paid
CUST009156,2026-06-27 22:28:45,Mass Market,France,Partner
CUST009157,2024-01-13 23:31:31,Affluent,Germany,Organic
CUST009158,2025-06-30 13:51:20,Mass Market,Belgium,Referral
CUST009159,2023-07-27 08:24:59,Affluent,Austria,Organic
CUST009160,2026-01-09 02:16:17,Mass Market,Austria,Paid
CUST009161,2023-09-17 15:27:35,Mass Market,Germany,Paid
CUST009162,2023-03-08 20:17:06,Affluent,Germany,Partner
CUST009163,2022-08-12 20:42:02,Mass Market,Belgium,Paid
CUST009164,2025-11-09 21:21:40,Mass Market,France,Partner
CUST009165,2023-05-12 11:33:27,Mass Market,Germany,Paid
CUST009166,2025-09-21 20:52:30,Affluent,Belgium,Organic
CUST009167,2022-05-25 12:57:42,Mass Market,France,Paid
CUST009168,2024-04-17 11:27:22,Mass Market,Netherlands,Organic
CUST009169,2023-12-17 10:32:27,Mass Market,Austria,Branch
CUST009170,2024-01-04 16:56:52,SME,Austria,Partner
CUST009171,2022-10-07 19:42:44,Mass Market,Germany,Organic
CUST009172,2022-05-04 12:04:08,Mass Market,Germany,Referral
CUST009173,2023-08-03 04:36:35,Mass Market,France,Partner
CUST009174,2024-02-26 05:30:49,Mass Market,France,Paid
CUST009175,2025-08-19 20:41:16,Mass Market,France,Branch
CUST009176,2024-02-13 05:22:36,Affluent,Germany,Paid
CUST009177,2023-02-16 04:35:05,Mass Market,France,Organic
CUST009178,2023-03-15 21:11:44,Mass Market,France,Referral
CUST009179,2024-10-20 02:06:26,Mass Market,Austria,Branch
CUST009180,2023-12-30 10:03:47,Mass Market,Belgium,Organic
CUST009181,2026-02-15 18:36:28,Mass Market,Germany,Organic
CUST009182,2024-01-06 07:08:33,Mass Market,France,Partner
CUST009183,2024-08-05 21:44:03,Mass Market,France,Referral
CUST009184,2022-04-17 20:21:28,Affluent,Germany,Organic
CUST009185,2022-11-21 00:30:35,Mass Market,Germany,Branch
CUST009186,2025-11-22 11:29:26,Mass Market,Netherlands,Organic
CUST009187,2023-07-31 10:46:40,SME,Netherlands,Referral
CUST009188,2023-12-05 22:22:01,Mass Market,Germany,Referral
CUST009189,2024-09-14 02:20:07,Mass Market,Belgium,Organic
CUST009190,2022-04-07 17:39:31,Mass Market,Austria,Paid
CUST009191,2024-04-27 01:17:30,SME,Netherlands,Organic
CUST009192,2023-08-02 19:22:23,Mass Market,Austria,Partner
CUST009193,2022-09-06 11:49:00,Mass Market,Germany,Paid
CUST009194,2023-12-01 11:01:54,Mass Market,Belgium,Referral
CUST009195,2024-01-18 01:02:37,Mass Market,Austria,Paid
CUST009196,2022-11-08 12:54:44,Mass Market,France,Paid
CUST009197,2024-06-27 00:10:49,Mass Market,Germany,Organic
CUST009198,2025-06-01 14:43:25,Affluent,Germany,Organic
CUST009199,2023-03-23 23:31:37,Affluent,Germany,Paid
CUST009200,2026-06-05 00:56:29,Mass Market,Netherlands,Branch
CUST009201,2024-10-21 00:12:49,Mass Market,Germany,Referral
CUST009202,2025-07-16 14:16:14,Mass Market,Netherlands,Paid
CUST009203,2022-04-28 07:23:04,Mass Market,Netherlands,Branch
CUST009204,2025-07-07 05:00:40,Mass Market,Germany,Organic
CUST009205,2023-07-17 19:22:01,Mass Market,Germany,Branch
CUST009206,2025-04-02 08:38:03,Affluent,Netherlands,Organic
CUST009207,2025-09-06 18:01:14,Mass Market,Germany,Organic
CUST009208,2023-02-23 16:00:24,Mass Market,Austria,Referral
CUST009209,2023-03-10 12:34:49,Affluent,Belgium,Paid
CUST009210,2022-04-10 12:21:48,Mass Market,Germany,Branch
CUST009211,2024-10-08 20:32:11,Affluent,France,Referral
CUST009212,2025-07-18 04:23:34,Affluent,Belgium,Organic
CUST009213,2023-11-17 13:40:20,Mass Market,Belgium,Organic
CUST009214,2022-09-27 04:06:51,Mass Market,France,Paid
CUST009215,2023-06-14 02:54:45,Mass Market,Austria,Partner
CUST009216,2023-11-05 13:19:50,Affluent,France,Paid
CUST009217,2026-03-12 18:31:56,Mass Market,Germany,Organic
CUST009218,2022-07-27 08:38:49,SME,France,Organic
CUST009219,2023-07-28 22:24:22,Mass Market,Netherlands,Paid
CUST009220,2024-12-02 20:09:06,Affluent,Austria,Organic
CUST009221,2023-01-31 17:19:50,Mass Market,Germany,Paid
CUST009222,2026-01-19 06:39:53,SME,Germany,Organic
CUST009223,2026-03-01 08:26:35,Mass Market,France,Referral
CUST009224,2023-09-28 12:59:42,Mass Market,Belgium,Partner
CUST009225,2025-06-01 05:15:18,Affluent,Netherlands,Organic
CUST009226,2025-06-17 21:35:39,Mass Market,Germany,Referral
CUST009227,2025-02-13 23:15:32,Mass Market,Belgium,Paid
CUST009228,2022-11-08 19:19:28,Affluent,France,Paid
CUST009229,2022-03-24 19:44:17,Affluent,Belgium,Organic
CUST009230,2023-08-04 13:20:07,Mass Market,Belgium,Paid
CUST009231,2022-08-08 08:59:33,Mass Market,Germany,Referral
CUST009232,2023-05-04 18:26:15,Mass Market,Austria,Organic
CUST009233,2024-12-03 07:18:21,Mass Market,Germany,Partner
CUST009234,2024-09-11 11:27:05,Mass Market,Austria,Organic
CUST009235,2022-12-17 04:07:15,Mass Market,Germany,Paid
CUST009236,2022-01-30 14:41:12,Mass Market,Netherlands,Paid
CUST009237,2023-01-13 06:24:03,Mass Market,Germany,Organic
CUST009238,2024-01-31 10:18:42,Affluent,Germany,Organic
CUST009239,2025-07-26 17:16:13,Mass Market,Austria,Paid
CUST009240,2023-09-03 12:25:52,Mass Market,Germany,Paid
CUST009241,2023-04-24 01:35:46,SME,Germany,Branch
CUST009242,2024-07-10 20:33:50,Affluent,Belgium,Partner
CUST009243,2022-04-30 16:39:18,Mass Market,Germany,Branch
CUST009244,2023-01-12 22:49:14,SME,France,Branch
CUST009245,2022-03-02 21:56:28,Mass Market,Austria,Organic
CUST009246,2024-05-28 19:56:21,Mass Market,Germany,Referral
CUST009247,2024-01-11 23:50:46,Mass Market,Germany,Branch
CUST009248,2024-09-01 00:35:12,Mass Market,France,Paid
CUST009249,2023-10-23 15:24:31,Mass Market,Netherlands,Partner
CUST009250,2025-12-23 18:37:35,Mass Market,Germany,Paid
CUST009251,2026-03-16 07:33:58,Affluent,France,Organic
CUST009252,2022-07-05 06:21:31,Mass Market,Germany,Organic
CUST009253,2026-03-19 10:39:22,Mass Market,Germany,Organic
CUST009254,2022-11-25 20:05:13,Mass Market,Germany,Paid
CUST009255,2023-02-20 08:10:56,Mass Market,Belgium,Partner
CUST009256,2024-06-04 19:50:20,SME,Germany,Organic
CUST009257,2022-02-19 03:56:35,Affluent,Germany,Organic
CUST009258,2023-09-01 18:56:25,Affluent,Austria,Organic
CUST009259,2022-11-22 08:40:08,Affluent,Germany,Branch
CUST009260,2024-03-17 19:15:46,Mass Market,Austria,Referral
CUST009261,2025-09-24 03:41:36,Mass Market,Belgium,Organic
CUST009262,2026-03-26 03:16:26,Mass Market,Germany,Referral
CUST009263,2022-12-21 18:30:40,Affluent,Germany,Referral
CUST009264,2024-06-30 01:24:44,Mass Market,Germany,Referral
CUST009265,2024-03-04 05:24:12,Mass Market,Germany,Referral
CUST009266,2023-11-26 01:57:35,Mass Market,Germany,Paid
CUST009267,2024-11-23 20:47:56,Mass Market,Germany,Organic
CUST009268,2026-07-13 08:14:40,Mass Market,Germany,Referral
CUST009269,2023-11-09 13:29:25,Mass Market,Netherlands,Referral
CUST009270,2022-04-20 00:58:27,Mass Market,Germany,Organic
CUST009271,2026-03-12 11:58:22,Mass Market,Germany,Partner
CUST009272,2026-04-08 11:50:54,Affluent,Germany,Partner
CUST009273,2023-06-23 23:56:23,Affluent,Germany,Paid
CUST009274,2025-12-13 05:56:28,Mass Market,Netherlands,Partner
CUST009275,2024-04-22 06:44:03,Affluent,Netherlands,Organic
CUST009276,2024-03-15 13:31:31,Affluent,Germany,Paid
CUST009277,2026-03-22 12:35:05,Mass Market,France,Organic
CUST009278,2025-10-17 18:17:36,SME,Germany,Organic
CUST009279,2024-04-28 05:53:47,Affluent,Belgium,Paid
CUST009280,2022-09-28 00:41:54,Mass Market,Germany,Paid
CUST009281,2025-02-05 00:43:31,Mass Market,Netherlands,Paid
CUST009282,2023-04-01 14:25:19,Mass Market,Germany,Organic
CUST009283,2024-06-17 07:59:49,Mass Market,Germany,Paid
CUST009284,2025-01-06 12:59:57,SME,France,Organic
CUST009285,2022-05-23 03:42:46,Mass Market,Germany,Organic
CUST009286,2024-08-10 10:43:05,Mass Market,France,Referral
CUST009287,2022-12-25 09:15:13,SME,France,Partner
CUST009288,2024-07-05 22:50:17,Affluent,Germany,Paid
CUST009289,2025-04-01 03:19:17,Mass Market,Austria,Partner
CUST009290,2022-03-16 01:14:00,Affluent,Germany,Paid
CUST009291,2024-12-12 21:55:02,Mass Market,Belgium,Organic
CUST009292,2023-03-11 07:00:16,Mass Market,Germany,Paid
CUST009293,2023-10-27 08:12:50,Mass Market,Germany,Referral
CUST009294,2024-12-19 10:56:54,SME,Germany,Partner
CUST009295,2022-01-08 08:36:00,Mass Market,France,Referral
CUST009296,2022-01-29 01:47:14,Mass Market,Netherlands,Branch
CUST009297,2024-01-17 16:24:30,Mass Market,France,Organic
CUST009298,2026-05-08 00:19:21,Affluent,Germany,Branch
CUST009299,2022-01-11 03:06:00,Mass Market,Germany,Partner
CUST009300,2025-08-11 20:15:40,Mass Market,Netherlands,Partner
CUST009301,2022-05-06 09:32:21,SME,Belgium,Paid
CUST009302,2024-03-28 11:52:05,Affluent,Germany,Paid
CUST009303,2023-12-21 23:30:50,Mass Market,Belgium,Organic
CUST009304,2024-02-22 15:32:12,Mass Market,France,Organic
CUST009305,2022-05-17 23:16:51,Mass Market,France,Paid
CUST009306,2025-06-13 21:45:43,Mass Market,France,Organic
CUST009307,2023-04-06 21:54:09,Mass Market,Germany,Organic
CUST009308,2025-07-13 04:46:36,Affluent,Germany,Organic
CUST009309,2024-12-31 23:33:27,Mass Market,Netherlands,Branch
CUST009310,2024-07-10 18:10:12,Affluent,Austria,Organic
CUST009311,2023-06-01 00:06:59,Mass Market,Germany,Branch
CUST009312,2024-12-26 14:05:41,Affluent,Germany,Paid
CUST009313,2026-03-24 11:14:40,Mass Market,Germany,Organic
CUST009314,2026-03-13 01:22:04,Mass Market,Germany,Organic
CUST009315,2024-09-05 15:18:57,Mass Market,France,Organic
CUST009316,2023-10-28 03:05:40,Mass Market,Germany,Paid
CUST009317,2026-06-05 17:39:17,Mass Market,Germany,Organic
CUST009318,2026-05-08 13:01:26,Mass Market,Netherlands,Referral
CUST009319,2025-12-22 07:47:52,Affluent,Germany,Paid
CUST009320,2022-09-30 02:06:30,Mass Market,Germany,Paid
CUST009321,2023-06-18 04:45:35,Mass Market,Netherlands,Paid
CUST009322,2025-04-04 06:03:23,Mass Market,Germany,Partner
CUST009323,2025-06-07 07:47:53,Affluent,Germany,Branch
CUST009324,2023-08-09 16:26:50,Mass Market,Germany,Paid
CUST009325,2022-08-17 18:47:08,Mass Market,Germany,Paid
CUST009326,2022-08-17 21:56:07,Mass Market,Belgium,Branch
CUST009327,2025-02-18 13:40:46,Mass Market,France,Branch
CUST009328,2024-01-30 08:54:51,Mass Market,Germany,Referral
CUST009329,2024-04-01 02:07:53,Mass Market,Germany,Referral
CUST009330,2025-09-25 06:58:30,Mass Market,Germany,Paid
CUST009331,2022-01-29 03:11:28,Affluent,Belgium,Paid
CUST009332,2025-06-15 13:49:02,Mass Market,Netherlands,Paid
CUST009333,2023-04-04 12:17:39,Mass Market,France,Partner
CUST009334,2026-04-06 23:34:45,Mass Market,Germany,Referral
CUST009335,2026-05-17 09:34:39,Affluent,Austria,Paid
CUST009336,2024-04-19 13:43:22,Affluent,Netherlands,Paid
CUST009337,2023-06-13 01:41:08,Mass Market,Germany,Referral
CUST009338,2023-01-25 21:06:28,Affluent,Germany,Organic
CUST009339,2022-10-31 09:24:15,Mass Market,Germany,Partner
CUST009340,2026-07-29 16:09:16,Mass Market,France,Referral
CUST009341,2022-11-10 13:15:42,Mass Market,Germany,Organic
CUST009342,2024-01-17 15:43:53,Affluent,Germany,Organic
CUST009343,2024-03-12 05:52:11,Mass Market,France,Organic
CUST009344,2025-02-09 14:10:00,Mass Market,France,Organic
CUST009345,2025-11-09 21:49:43,Mass Market,Germany,Paid
CUST009346,2024-07-21 23:16:32,Mass Market,Germany,Partner
CUST009347,2025-06-21 09:05:41,SME,Germany,Paid
CUST009348,2024-08-05 11:59:06,Mass Market,Germany,Partner
CUST009349,2024-01-01 09:59:50,SME,Netherlands,Organic
CUST009350,2022-09-21 18:11:25,Mass Market,France,Referral
CUST009351,2022-12-15 23:47:32,Affluent,Austria,Paid
CUST009352,2023-12-25 00:04:05,SME,Netherlands,Partner
CUST009353,2022-03-19 00:29:32,Mass Market,Netherlands,Organic
CUST009354,2023-06-13 22:57:49,Mass Market,Germany,Referral
CUST009355,2024-02-13 12:25:46,Mass Market,Germany,Paid
CUST009356,2024-03-01 05:55:02,Mass Market,Belgium,Branch
CUST009357,2025-09-24 07:18:18,Mass Market,France,Paid
CUST009358,2026-06-06 22:14:18,SME,Belgium,Referral
CUST009359,2025-05-05 00:40:44,Mass Market,France,Paid
CUST009360,2022-05-13 23:37:00,Mass Market,Germany,Organic
CUST009361,2023-11-15 04:19:53,Mass Market,Germany,Partner
CUST009362,2025-05-05 09:51:54,Mass Market,Germany,Organic
CUST009363,2024-09-21 08:13:43,Mass Market,France,Referral
CUST009364,2024-02-05 09:57:38,Mass Market,Austria,Paid
CUST009365,2023-12-31 09:42:01,Affluent,Belgium,Referral
CUST009366,2023-11-10 18:19:40,Mass Market,Germany,Paid
CUST009367,2024-08-26 02:45:30,Mass Market,Germany,Paid
CUST009368,2022-10-26 22:07:36,Mass Market,Germany,Referral
CUST009369,2024-05-15 06:27:01,Mass Market,Germany,Partner
CUST009370,2022-12-11 05:03:38,Mass Market,Austria,Partner
CUST009371,2025-02-12 13:49:39,Mass Market,Netherlands,Partner
CUST009372,2025-12-16 20:37:51,Mass Market,France,Partner
CUST009373,2024-04-28 21:20:25,Affluent,Belgium,Referral
CUST009374,2023-10-11 00:48:25,Mass Market,Germany,Paid
CUST009375,2026-04-22 16:50:17,Mass Market,Austria,Organic
CUST009376,2025-01-08 00:07:43,SME,France,Referral
CUST009377,2023-12-17 15:54:53,SME,Germany,Paid
CUST009378,2022-02-18 03:03:11,Mass Market,Netherlands,Branch
CUST009379,2022-01-27 14:41:21,SME,Germany,Branch
CUST009380,2023-01-06 07:48:49,Affluent,France,Referral
CUST009381,2025-04-21 04:19:54,Mass Market,Germany,Paid
CUST009382,2024-04-17 00:21:07,Mass Market,Germany,Referral
CUST009383,2026-07-30 22:21:58,Mass Market,France,Paid
CUST009384,2024-06-22 20:04:02,Mass Market,Germany,Organic
CUST009385,2026-02-19 00:24:49,SME,Germany,Referral
CUST009386,2024-07-12 14:05:48,Mass Market,Belgium,Referral
CUST009387,2023-08-22 21:05:47,Mass Market,Germany,Organic
CUST009388,2025-04-09 17:32:47,Mass Market,France,Referral
CUST009389,2024-01-22 10:35:02,Mass Market,France,Branch
CUST009390,2023-04-05 05:04:50,Affluent,Germany,Paid
CUST009391,2024-03-02 05:35:03,Mass Market,Austria,Organic
CUST009392,2025-01-16 17:15:17,Mass Market,Germany,Referral
CUST009393,2023-09-20 22:26:08,Mass Market,Germany,Organic
CUST009394,2025-03-23 03:24:25,Affluent,Germany,Organic
CUST009395,2026-06-28 18:09:11,Affluent,France,Paid
CUST009396,2023-11-19 15:52:26,Mass Market,Germany,Referral
CUST009397,2023-05-09 15:11:08,Mass Market,Germany,Referral
CUST009398,2023-11-04 10:14:29,Mass Market,France,Partner
CUST009399,2025-11-02 13:46:13,Mass Market,France,Referral
CUST009400,2022-10-27 03:53:37,Mass Market,Germany,Partner
CUST009401,2026-06-16 23:43:23,Mass Market,Germany,Partner
CUST009402,2023-11-24 04:29:07,Affluent,Germany,Organic
CUST009403,2025-11-08 04:18:25,Mass Market,Germany,Paid
CUST009404,2025-08-08 13:21:50,Mass Market,France,Paid
CUST009405,2025-08-03 03:25:08,SME,Germany,Organic
CUST009406,2026-02-28 19:16:07,Mass Market,Germany,Paid
CUST009407,2022-11-06 01:45:58,Affluent,Germany,Organic
CUST009408,2024-09-19 12:30:36,Mass Market,France,Organic
CUST009409,2022-06-15 12:50:51,Affluent,France,Paid
CUST009410,2023-05-16 13:07:59,Mass Market,Germany,Organic
CUST009411,2022-03-09 20:42:17,Affluent,France,Organic
CUST009412,2025-02-14 18:55:18,Affluent,France,Referral
CUST009413,2024-10-13 02:54:21,Mass Market,Germany,Referral
CUST009414,2025-05-22 12:35:13,Mass Market,Germany,Partner
CUST009415,2022-10-22 15:39:56,Mass Market,Germany,Organic
CUST009416,2023-07-10 11:02:03,Mass Market,Belgium,Partner
CUST009417,2025-02-04 20:12:59,SME,Germany,Partner
CUST009418,2025-10-13 23:42:45,Mass Market,Germany,Organic
CUST009419,2026-01-20 20:25:19,Affluent,France,Organic
CUST009420,2022-05-04 05:15:58,Mass Market,France,Paid
CUST009421,2023-11-05 00:41:58,Mass Market,Netherlands,Paid
CUST009422,2022-01-18 23:31:30,SME,Germany,Organic
CUST009423,2025-09-30 13:28:56,Mass Market,Germany,Organic
CUST009424,2022-07-25 14:34:16,Mass Market,France,Paid
CUST009425,2025-10-06 15:07:46,Mass Market,Netherlands,Paid
CUST009426,2022-09-18 20:18:10,Mass Market,Austria,Paid
CUST009427,2026-01-09 13:39:51,Mass Market,France,Branch
CUST009428,2023-12-12 13:39:56,Mass Market,Germany,Organic
CUST009429,2024-12-17 08:12:17,Mass Market,Germany,Referral
CUST009430,2023-04-05 16:27:32,Affluent,Austria,Paid
CUST009431,2025-03-01 00:16:27,Mass Market,France,Referral
CUST009432,2023-12-19 09:55:34,Mass Market,Germany,Referral
CUST009433,2023-04-01 21:20:02,Mass Market,Germany,Partner
CUST009434,2023-10-23 04:10:31,Mass Market,France,Partner
CUST009435,2022-01-11 06:31:27,Affluent,Germany,Partner
CUST009436,2023-05-20 01:03:13,Mass Market,Netherlands,Referral
CUST009437,2024-09-15 21:38:06,Mass Market,France,Organic
CUST009438,2022-08-19 13:38:03,Mass Market,Germany,Paid
CUST009439,2022-07-18 05:07:56,Mass Market,Austria,Referral
CUST009440,2025-01-01 16:34:32,Mass Market,Austria,Paid
CUST009441,2023-12-18 00:04:18,Mass Market,Germany,Organic
CUST009442,2022-08-17 09:39:41,Mass Market,Germany,Branch
CUST009443,2025-06-04 09:10:15,Mass Market,Belgium,Branch
CUST009444,2025-07-20 12:13:56,Mass Market,Germany,Paid
CUST009445,2022-02-28 02:56:32,Mass Market,Austria,Paid
CUST009446,2022-12-04 05:20:11,Mass Market,Germany,Organic
CUST009447,2023-09-12 05:13:22,Mass Market,Netherlands,Paid
CUST009448,2025-05-07 20:28:04,Mass Market,France,Branch
CUST009449,2022-05-04 18:41:23,Mass Market,Germany,Organic
CUST009450,2025-09-08 22:33:33,Mass Market,Netherlands,Paid
CUST009451,2023-06-19 02:34:58,Mass Market,Germany,Branch
CUST009452,2022-07-29 13:04:55,Mass Market,Germany,Paid
CUST009453,2025-12-14 13:22:27,Mass Market,Germany,Branch
CUST009454,2022-05-26 00:56:03,Mass Market,Germany,Paid
CUST009455,2022-08-05 15:42:07,Mass Market,Germany,Organic
CUST009456,2026-05-07 16:27:22,Mass Market,Germany,Branch
CUST009457,2024-05-18 17:09:25,Mass Market,Germany,Organic
CUST009458,2024-02-14 05:08:32,Mass Market,Germany,Partner
CUST009459,2024-11-19 18:05:23,Mass Market,Germany,Organic
CUST009460,2024-10-22 20:54:14,Mass Market,Belgium,Referral
CUST009461,2022-02-08 21:23:41,Affluent,Germany,Organic
CUST009462,2024-07-11 12:01:17,SME,Netherlands,Referral
CUST009463,2023-04-12 00:04:55,Mass Market,Germany,Branch
CUST009464,2025-09-12 10:09:26,Mass Market,Germany,Organic
CUST009465,2024-04-25 00:35:49,Mass Market,Germany,Paid
CUST009466,2022-07-26 22:35:50,Affluent,Germany,Partner
CUST009467,2026-01-21 18:10:06,Mass Market,France,Branch
CUST009468,2023-04-21 07:45:55,Mass Market,Netherlands,Paid
CUST009469,2023-03-30 20:19:15,Affluent,Germany,Branch
CUST009470,2026-04-15 10:53:48,Mass Market,Germany,Branch
CUST009471,2025-07-20 02:52:38,Mass Market,Belgium,Partner
CUST009472,2025-12-08 02:46:16,Mass Market,Germany,Paid
CUST009473,2025-01-12 05:16:49,Mass Market,Netherlands,Paid
CUST009474,2026-03-03 07:55:55,Affluent,France,Partner
CUST009475,2022-07-12 17:35:07,Mass Market,Germany,Partner
CUST009476,2024-09-30 03:46:55,Mass Market,Germany,Organic
CUST009477,2023-05-06 12:33:32,Mass Market,Germany,Partner
CUST009478,2023-10-29 03:58:40,Mass Market,France,Referral
CUST009479,2023-02-02 17:00:28,Affluent,Austria,Paid
CUST009480,2022-12-09 19:44:42,Affluent,Germany,Partner
CUST009481,2024-01-10 21:44:49,SME,Austria,Paid
CUST009482,2026-03-16 09:08:21,Affluent,Germany,Organic
CUST009483,2024-11-28 06:41:32,Mass Market,Germany,Organic
CUST009484,2023-08-08 02:47:51,Mass Market,France,Paid
CUST009485,2023-12-26 16:16:04,Mass Market,Austria,Partner
CUST009486,2024-06-04 21:10:09,Mass Market,Germany,Referral
CUST009487,2023-02-13 20:45:49,Mass Market,Netherlands,Organic
CUST009488,2024-05-21 11:00:19,Mass Market,Germany,Paid
CUST009489,2025-03-09 12:13:23,Mass Market,Belgium,Referral
CUST009490,2023-02-11 13:50:18,Affluent,Netherlands,Organic
CUST009491,2024-09-04 05:39:21,Mass Market,France,Branch
CUST009492,2025-03-30 09:25:56,Mass Market,France,Partner
CUST009493,2024-05-18 07:01:42,Affluent,Germany,Branch
CUST009494,2023-05-04 03:51:31,Mass Market,Austria,Referral
CUST009495,2024-07-15 23:44:58,Mass Market,France,Branch
CUST009496,2023-01-07 00:25:44,Mass Market,Germany,Partner
CUST009497,2024-08-18 20:40:12,Affluent,Belgium,Organic
CUST009498,2025-02-11 16:20:15,Affluent,France,Referral
CUST009499,2023-06-22 12:59:01,Mass Market,France,Organic
CUST009500,2023-10-10 21:37:17,Mass Market,France,Partner
CUST009501,2026-01-26 04:05:57,Mass Market,Germany,Paid
CUST009502,2023-08-31 17:14:11,Mass Market,Germany,Referral
CUST009503,2024-09-27 05:51:56,Affluent,Germany,Referral
CUST009504,2022-09-08 08:32:03,Mass Market,Belgium,Referral
CUST009505,2026-03-29 05:39:15,Affluent,France,Organic
CUST009506,2024-09-24 21:53:18,SME,Belgium,Branch
CUST009507,2025-06-25 07:51:40,Mass Market,Germany,Referral
CUST009508,2024-10-04 15:43:02,Affluent,Austria,Paid
CUST009509,2023-08-18 09:03:13,Mass Market,Germany,Organic
CUST009510,2023-07-23 23:35:03,Mass Market,Germany,Paid
CUST009511,2025-03-18 10:07:31,Affluent,Austria,Organic
CUST009512,2025-12-08 16:03:47,Mass Market,France,Partner
CUST009513,2022-08-02 10:08:24,SME,Austria,Organic
CUST009514,2025-11-14 14:32:04,Mass Market,France,Paid
CUST009515,2025-10-19 18:22:46,Mass Market,Germany,Partner
CUST009516,2022-07-02 08:07:52,Affluent,Germany,Paid
CUST009517,2022-06-30 20:24:02,Mass Market,Belgium,Branch
CUST009518,2025-03-08 02:30:01,Mass Market,Germany,Organic
CUST009519,2025-11-10 04:04:17,Mass Market,Netherlands,Paid
CUST009520,2023-10-21 11:48:03,Mass Market,Germany,Branch
CUST009521,2024-12-07 03:25:32,Mass Market,Germany,Paid
CUST009522,2026-07-30 12:33:27,Affluent,Belgium,Paid
CUST009523,2023-06-24 17:12:08,Mass Market,Austria,Branch
CUST009524,2023-01-12 05:44:53,Affluent,Germany,Paid
CUST009525,2026-07-16 23:40:16,Affluent,Germany,Referral
CUST009526,2023-04-15 00:52:31,Mass Market,Germany,Branch
CUST009527,2024-03-01 04:11:46,Mass Market,Germany,Organic
CUST009528,2024-01-10 04:50:28,Mass Market,Belgium,Referral
CUST009529,2024-05-24 20:01:02,Affluent,Germany,Partner
CUST009530,2023-03-26 07:00:05,Mass Market,Germany,Branch
CUST009531,2025-02-09 07:53:56,Mass Market,Netherlands,Partner
CUST009532,2025-03-03 00:18:35,SME,Netherlands,Referral
CUST009533,2022-12-02 08:00:57,Mass Market,Germany,Paid
CUST009534,2024-03-15 01:52:50,Mass Market,Belgium,Partner
CUST009535,2022-04-06 21:45:44,SME,Germany,Referral
CUST009536,2023-01-05 07:25:33,Mass Market,Germany,Branch
CUST009537,2026-07-09 15:05:51,Mass Market,Belgium,Organic
CUST009538,2024-04-26 15:46:43,Mass Market,Germany,Organic
CUST009539,2024-11-07 04:52:35,Affluent,Austria,Branch
CUST009540,2026-01-26 01:16:31,Affluent,France,Partner
CUST009541,2025-08-17 21:15:09,Affluent,Belgium,Organic
CUST009542,2025-04-05 13:13:22,SME,Germany,Paid
CUST009543,2024-04-14 01:00:25,Mass Market,Germany,Branch
CUST009544,2024-11-23 15:52:13,Mass Market,Belgium,Branch
CUST009545,2023-04-28 08:37:52,Mass Market,Belgium,Paid
CUST009546,2026-01-28 18:35:26,Affluent,Belgium,Referral
CUST009547,2022-10-28 18:29:02,SME,Germany,Paid
CUST009548,2026-01-18 05:11:38,Mass Market,France,Paid
CUST009549,2026-01-08 15:44:53,Affluent,Germany,Referral
CUST009550,2022-08-26 21:21:46,Mass Market,Germany,Organic
CUST009551,2025-04-02 09:34:44,Mass Market,France,Paid
CUST009552,2026-07-13 17:24:25,Mass Market,Netherlands,Organic
CUST009553,2024-08-14 15:46:08,SME,Germany,Organic
CUST009554,2023-07-24 01:21:03,Mass Market,Germany,Paid
CUST009555,2026-01-10 09:57:12,Mass Market,Netherlands,Branch
CUST009556,2024-05-06 23:51:07,SME,Austria,Paid
CUST009557,2022-07-23 11:11:16,Mass Market,Germany,Partner
CUST009558,2023-02-21 18:52:23,Mass Market,Belgium,Organic
CUST009559,2025-02-15 02:55:48,Affluent,Belgium,Referral
CUST009560,2024-02-01 08:56:12,Mass Market,Germany,Partner
CUST009561,2025-08-28 23:37:01,Mass Market,Netherlands,Branch
CUST009562,2022-07-21 14:31:53,Mass Market,Austria,Paid
CUST009563,2023-01-02 06:42:55,Affluent,Netherlands,Paid
CUST009564,2024-02-18 11:56:17,Mass Market,Germany,Organic
CUST009565,2022-03-08 02:02:04,Mass Market,France,Organic
CUST009566,2023-10-10 17:18:12,Affluent,Netherlands,Partner
CUST009567,2026-03-02 10:33:44,Mass Market,France,Referral
CUST009568,2026-04-23 15:24:52,Affluent,Germany,Organic
CUST009569,2023-06-26 16:39:04,Affluent,Germany,Partner
CUST009570,2022-04-19 11:07:38,SME,Netherlands,Partner
CUST009571,2025-09-24 12:23:52,Mass Market,Germany,Paid
CUST009572,2023-09-17 04:28:45,Mass Market,Austria,Referral
CUST009573,2025-06-06 00:55:47,Mass Market,Germany,Partner
CUST009574,2022-07-19 05:56:16,SME,Belgium,Branch
CUST009575,2025-01-21 18:26:56,SME,Germany,Referral
CUST009576,2024-09-07 10:35:41,Mass Market,Belgium,Branch
CUST009577,2026-03-19 21:49:48,Mass Market,Belgium,Paid
CUST009578,2022-06-20 10:14:31,Mass Market,Germany,Referral
CUST009579,2023-11-14 01:11:53,Mass Market,Germany,Branch
CUST009580,2026-07-14 04:23:09,Affluent,Belgium,Organic
CUST009581,2023-10-14 12:43:31,Affluent,Netherlands,Paid
CUST009582,2025-01-05 05:55:22,Mass Market,France,Referral
CUST009583,2022-09-27 02:29:53,SME,Germany,Paid
CUST009584,2025-05-02 21:26:34,Mass Market,Belgium,Paid
CUST009585,2024-08-14 18:05:18,Mass Market,Netherlands,Referral
CUST009586,2026-01-10 23:40:10,Mass Market,Germany,Referral
CUST009587,2025-01-10 06:38:49,Mass Market,Germany,Organic
CUST009588,2024-03-04 04:00:22,Affluent,Germany,Paid
CUST009589,2022-11-14 18:26:38,Mass Market,Netherlands,Paid
CUST009590,2023-07-25 17:49:33,Mass Market,Belgium,Organic
CUST009591,2025-11-20 23:44:39,Mass Market,Germany,Organic
CUST009592,2022-12-28 08:08:40,Mass Market,Germany,Referral
CUST009593,2025-01-02 08:06:41,Mass Market,Germany,Referral
CUST009594,2024-03-21 20:29:05,Mass Market,Germany,Branch
CUST009595,2023-06-21 12:06:53,Mass Market,Austria,Branch
CUST009596,2025-04-13 06:20:52,Mass Market,Netherlands,Branch
CUST009597,2023-08-29 11:53:36,Affluent,Germany,Organic
CUST009598,2023-04-25 08:22:39,Mass Market,Germany,Paid
CUST009599,2024-06-03 21:52:03,Mass Market,Germany,Organic
CUST009600,2025-06-20 21:38:54,Mass Market,Netherlands,Partner
CUST009601,2025-12-15 20:12:45,Mass Market,Germany,Branch
CUST009602,2024-11-19 00:07:25,Mass Market,Germany,Organic
CUST009603,2025-01-11 20:06:53,Mass Market,Austria,Paid
CUST009604,2025-08-09 19:18:37,Affluent,France,Paid
CUST009605,2023-03-27 04:17:34,Mass Market,Netherlands,Organic
CUST009606,2023-02-24 12:30:05,Mass Market,Germany,Referral
CUST009607,2024-03-20 05:20:10,SME,Germany,Paid
CUST009608,2024-11-21 01:53:50,Mass Market,Belgium,Paid
CUST009609,2024-12-16 02:31:36,Mass Market,Netherlands,Branch
CUST009610,2022-09-15 01:05:21,Mass Market,Netherlands,Organic
CUST009611,2025-07-29 04:19:51,Mass Market,France,Paid
CUST009612,2023-09-01 06:26:43,Mass Market,Germany,Referral
CUST009613,2026-01-06 19:54:01,Affluent,France,Paid
CUST009614,2025-04-26 03:07:18,Mass Market,Germany,Partner
CUST009615,2026-07-02 11:32:20,Affluent,Germany,Paid
CUST009616,2024-11-22 03:35:20,SME,Germany,Organic
CUST009617,2024-05-31 23:20:24,Mass Market,Germany,Organic
CUST009618,2022-11-11 02:28:30,Mass Market,Germany,Referral
CUST009619,2023-10-29 13:37:16,Mass Market,Germany,Organic
CUST009620,2025-12-06 03:34:29,Mass Market,Germany,Branch
CUST009621,2023-10-01 18:05:02,Affluent,Belgium,Organic
CUST009622,2022-03-31 04:52:05,Mass Market,Austria,Branch
CUST009623,2023-02-14 20:40:56,SME,Germany,Branch
CUST009624,2024-09-22 04:48:54,Mass Market,Germany,Organic
CUST009625,2024-11-17 20:55:01,Mass Market,Belgium,Partner
CUST009626,2026-07-03 22:44:56,Mass Market,Germany,Referral
CUST009627,2026-04-11 09:44:41,Mass Market,Netherlands,Partner
CUST009628,2024-06-07 16:13:18,Mass Market,Germany,Branch
CUST009629,2024-07-16 03:28:28,Mass Market,France,Organic
CUST009630,2025-08-31 17:21:31,Mass Market,Germany,Branch
CUST009631,2022-03-23 08:05:49,Mass Market,Netherlands,Partner
CUST009632,2024-09-22 03:25:19,SME,Germany,Paid
CUST009633,2024-03-03 12:45:05,Mass Market,Germany,Paid
CUST009634,2025-08-02 07:46:04,Mass Market,Germany,Paid
CUST009635,2025-08-31 04:41:22,Affluent,Germany,Paid
CUST009636,2025-01-01 03:40:53,Affluent,Austria,Organic
CUST009637,2025-01-03 23:25:59,Affluent,Germany,Referral
CUST009638,2025-03-01 13:44:43,SME,Germany,Paid
CUST009639,2024-08-27 23:39:05,Mass Market,France,Paid
CUST009640,2023-01-16 21:36:21,Mass Market,Germany,Branch
CUST009641,2023-04-21 17:22:51,Mass Market,Belgium,Branch
CUST009642,2025-05-25 07:47:22,Mass Market,Belgium,Referral
CUST009643,2024-10-30 21:51:09,Affluent,Germany,Organic
CUST009644,2023-02-02 18:50:52,Mass Market,France,Branch
CUST009645,2026-01-07 18:41:26,Affluent,France,Organic
CUST009646,2026-06-28 15:07:58,Affluent,Germany,Paid
CUST009647,2024-11-12 19:23:08,Mass Market,France,Branch
CUST009648,2023-01-16 20:38:39,Mass Market,Germany,Organic
CUST009649,2026-04-18 19:18:46,SME,Germany,Organic
CUST009650,2023-01-31 17:39:20,Affluent,France,Partner
CUST009651,2023-12-25 01:55:22,Affluent,France,Paid
CUST009652,2025-12-06 16:50:05,Affluent,Netherlands,Paid
CUST009653,2024-05-20 13:48:05,Mass Market,Germany,Referral
CUST009654,2023-02-11 06:32:11,Mass Market,Netherlands,Branch
CUST009655,2022-05-14 22:20:05,Mass Market,Germany,Branch
CUST009656,2023-08-27 10:18:26,Mass Market,France,Organic
CUST009657,2025-01-28 17:36:42,Mass Market,Germany,Partner
CUST009658,2025-04-09 21:04:49,Mass Market,France,Referral
CUST009659,2023-01-08 18:11:36,SME,Germany,Organic
CUST009660,2022-09-23 10:15:46,Mass Market,Germany,Paid
CUST009661,2025-03-18 19:53:09,Affluent,Germany,Organic
CUST009662,2022-09-23 23:13:52,Mass Market,Germany,Organic
CUST009663,2022-04-18 10:23:21,Mass Market,Germany,Organic
CUST009664,2024-03-24 04:35:26,Mass Market,Germany,Partner
CUST009665,2024-08-12 13:32:46,Affluent,Germany,Partner
CUST009666,2023-02-12 11:03:48,Affluent,France,Organic
CUST009667,2022-12-20 03:51:00,Mass Market,Austria,Partner
CUST009668,2023-01-30 00:28:56,Mass Market,Belgium,Organic
CUST009669,2023-07-28 04:55:45,Mass Market,Austria,Organic
CUST009670,2022-01-16 10:44:21,Mass Market,Austria,Branch
CUST009671,2022-01-20 15:44:51,Mass Market,Germany,Paid
CUST009672,2023-09-12 09:24:04,Mass Market,Germany,Referral
CUST009673,2022-02-03 06:41:43,Affluent,Germany,Paid
CUST009674,2023-06-17 02:45:29,Affluent,Germany,Organic
CUST009675,2024-08-29 06:50:36,Mass Market,Belgium,Branch
CUST009676,2022-02-22 02:13:13,Affluent,Belgium,Organic
CUST009677,2024-10-30 00:04:33,Mass Market,France,Paid
CUST009678,2024-11-04 16:50:41,SME,Belgium,Partner
CUST009679,2024-08-16 14:43:42,Mass Market,Netherlands,Partner
CUST009680,2024-11-13 18:25:08,Mass Market,Germany,Branch
CUST009681,2025-09-15 01:02:27,Affluent,Germany,Branch
CUST009682,2022-04-29 09:04:52,Mass Market,Austria,Organic
CUST009683,2022-10-10 06:42:49,Affluent,France,Organic
CUST009684,2023-06-15 02:14:37,SME,Germany,Partner
CUST009685,2025-02-24 12:41:24,Mass Market,Germany,Organic
CUST009686,2025-12-30 07:56:25,Mass Market,Netherlands,Paid
CUST009687,2026-03-17 00:10:18,Mass Market,Netherlands,Paid
CUST009688,2024-08-31 09:12:00,Mass Market,France,Branch
CUST009689,2023-11-17 17:03:16,Mass Market,Austria,Branch
CUST009690,2023-11-20 19:43:18,SME,Germany,Organic
CUST009691,2022-04-11 00:36:14,Mass Market,Austria,Organic
CUST009692,2024-02-17 15:36:36,Mass Market,France,Branch
CUST009693,2024-05-07 11:27:51,Mass Market,Netherlands,Organic
CUST009694,2022-12-15 05:51:34,SME,Belgium,Organic
CUST009695,2025-07-08 00:22:29,SME,Belgium,Organic
CUST009696,2025-09-19 11:10:51,Mass Market,Germany,Paid
CUST009697,2023-05-20 23:24:28,Mass Market,Belgium,Organic
CUST009698,2026-03-09 05:10:50,Affluent,France,Paid
CUST009699,2022-06-29 01:42:25,Mass Market,Germany,Organic
CUST009700,2026-03-03 15:07:36,SME,France,Referral
CUST009701,2025-07-08 05:33:57,Affluent,Germany,Organic
CUST009702,2023-01-10 10:02:21,Affluent,France,Referral
CUST009703,2024-12-23 01:50:22,Mass Market,Germany,Partner
CUST009704,2023-06-04 13:23:07,Affluent,Germany,Paid
CUST009705,2025-08-30 03:41:39,SME,Germany,Branch
CUST009706,2022-09-26 13:28:14,Mass Market,Netherlands,Paid
CUST009707,2023-02-14 11:47:31,Affluent,Germany,Organic
CUST009708,2023-05-29 15:22:01,Mass Market,France,Partner
CUST009709,2022-11-30 20:42:47,SME,France,Organic
CUST009710,2023-07-11 10:48:50,Mass Market,Germany,Organic
CUST009711,2024-10-04 12:30:22,Mass Market,Germany,Branch
CUST009712,2024-11-24 13:16:01,Mass Market,Germany,Branch
CUST009713,2024-07-15 04:14:16,Mass Market,Belgium,Paid
CUST009714,2022-11-14 02:07:47,Mass Market,Austria,Paid
CUST009715,2022-12-05 11:41:00,Affluent,Germany,Partner
CUST009716,2026-03-18 05:33:35,Mass Market,Germany,Organic
CUST009717,2023-02-25 05:39:02,SME,France,Organic
CUST009718,2022-06-22 09:10:31,Mass Market,Germany,Partner
CUST009719,2024-01-30 01:37:48,Mass Market,Germany,Paid
CUST009720,2022-01-12 12:00:02,SME,Germany,Organic
CUST009721,2023-07-27 21:59:55,Mass Market,France,Partner
CUST009722,2025-11-30 11:14:17,Affluent,Germany,Partner
CUST009723,2023-03-24 01:50:44,SME,Belgium,Paid
CUST009724,2025-03-22 16:52:29,Mass Market,Germany,Branch
CUST009725,2024-03-29 23:13:58,Affluent,Germany,Referral
CUST009726,2023-08-18 03:52:51,Mass Market,Austria,Partner
CUST009727,2025-01-11 03:41:35,Mass Market,Germany,Organic
CUST009728,2024-09-22 16:12:43,Mass Market,Germany,Partner
CUST009729,2023-06-17 02:04:53,Affluent,Germany,Partner
CUST009730,2023-01-09 18:22:39,Mass Market,Netherlands,Partner
CUST009731,2026-03-13 22:10:38,Mass Market,France,Partner
CUST009732,2022-10-09 13:08:23,SME,France,Organic
CUST009733,2026-05-24 06:46:36,Mass Market,Germany,Paid
CUST009734,2024-02-27 18:16:20,SME,Germany,Branch
CUST009735,2026-07-25 13:19:49,Mass Market,Germany,Organic
CUST009736,2023-08-14 12:43:16,Mass Market,Germany,Partner
CUST009737,2024-08-03 12:40:01,Mass Market,Germany,Branch
CUST009738,2024-10-25 15:57:05,Mass Market,Germany,Organic
CUST009739,2023-07-21 07:18:24,Mass Market,Netherlands,Branch
CUST009740,2022-12-31 17:53:25,Affluent,France,Branch
CUST009741,2024-05-20 00:08:37,Affluent,France,Partner
CUST009742,2025-01-13 09:57:45,Mass Market,France,Partner
CUST009743,2023-03-14 02:23:00,Mass Market,Germany,Referral
CUST009744,2025-07-06 04:37:08,Mass Market,France,Organic
CUST009745,2024-12-04 04:49:58,Mass Market,Germany,Partner
CUST009746,2022-10-06 14:46:30,Mass Market,Netherlands,Paid
CUST009747,2026-04-19 10:05:00,Mass Market,Germany,Referral
CUST009748,2022-03-15 07:56:42,Affluent,France,Paid
CUST009749,2024-12-29 00:48:26,SME,Belgium,Referral
CUST009750,2024-01-05 23:45:43,Affluent,Germany,Organic
CUST009751,2024-12-29 04:03:32,Mass Market,Germany,Organic
CUST009752,2025-07-18 04:02:18,Mass Market,Belgium,Referral
CUST009753,2025-02-22 23:58:45,Mass Market,Germany,Paid
CUST009754,2024-12-24 02:29:35,Mass Market,Germany,Paid
CUST009755,2025-11-06 23:03:22,Mass Market,Germany,Partner
CUST009756,2025-03-19 13:06:34,SME,Germany,Organic
CUST009757,2025-09-22 13:51:10,Mass Market,France,Paid
CUST009758,2023-11-05 13:08:13,Mass Market,Belgium,Paid
CUST009759,2022-12-06 02:53:19,Mass Market,Netherlands,Branch
CUST009760,2023-01-28 19:53:41,SME,Germany,Organic
CUST009761,2024-10-20 10:38:16,Mass Market,Netherlands,Paid
CUST009762,2024-06-08 03:13:17,Affluent,Belgium,Branch
CUST009763,2022-12-08 16:47:11,Mass Market,Germany,Referral
CUST009764,2026-06-06 17:54:14,Mass Market,France,Partner
CUST009765,2025-04-29 06:06:18,Affluent,Germany,Paid
CUST009766,2025-06-16 07:46:21,Mass Market,Germany,Referral
CUST009767,2022-11-26 07:52:11,Affluent,Netherlands,Branch
CUST009768,2022-04-18 09:05:57,Mass Market,Netherlands,Branch
CUST009769,2023-05-02 23:48:44,Mass Market,Belgium,Partner
CUST009770,2025-12-03 16:48:38,Mass Market,Germany,Partner
CUST009771,2024-04-26 22:37:43,Affluent,Germany,Referral
CUST009772,2025-08-04 21:25:29,Affluent,Germany,Referral
CUST009773,2024-03-24 18:41:46,Mass Market,Germany,Referral
CUST009774,2024-03-30 14:10:10,Mass Market,Germany,Organic
CUST009775,2024-10-01 14:53:01,Mass Market,France,Referral
CUST009776,2026-05-23 07:53:28,Mass Market,France,Paid
CUST009777,2024-01-02 09:46:36,Mass Market,Germany,Organic
CUST009778,2024-09-23 02:41:36,Mass Market,Germany,Organic
CUST009779,2026-03-18 08:37:29,SME,Germany,Organic
CUST009780,2023-09-15 11:55:58,Mass Market,Netherlands,Paid
CUST009781,2025-11-05 08:52:31,Mass Market,Germany,Organic
CUST009782,2024-06-13 14:36:33,Affluent,Germany,Partner
CUST009783,2026-01-09 21:03:52,Mass Market,Germany,Branch
CUST009784,2024-02-22 04:24:20,Affluent,Germany,Organic
CUST009785,2024-11-18 13:14:27,Mass Market,Germany,Organic
CUST009786,2023-06-25 12:42:53,Mass Market,Belgium,Organic
CUST009787,2024-11-27 17:35:51,Mass Market,Germany,Referral
CUST009788,2023-06-30 11:39:18,Mass Market,Germany,Organic
CUST009789,2024-10-15 13:55:29,Affluent,Germany,Organic
CUST009790,2025-08-11 19:42:20,Mass Market,Germany,Organic
CUST009791,2023-12-29 03:01:52,Mass Market,Belgium,Organic
CUST009792,2023-12-19 16:18:14,Mass Market,France,Partner
CUST009793,2023-06-23 13:28:10,Mass Market,Germany,Partner
CUST009794,2025-05-06 08:10:36,Mass Market,France,Paid
CUST009795,2024-09-16 19:53:30,Affluent,Germany,Paid
CUST009796,2024-05-13 11:48:21,Mass Market,Germany,Partner
CUST009797,2022-02-12 16:32:29,Mass Market,Germany,Branch
CUST009798,2022-07-04 02:08:26,Mass Market,Belgium,Referral
CUST009799,2022-01-13 11:12:42,Mass Market,Netherlands,Referral
CUST009800,2025-11-22 14:45:47,Mass Market,Germany,Branch
CUST009801,2025-11-24 22:40:59,Affluent,Netherlands,Paid
CUST009802,2022-04-24 13:46:49,Affluent,Germany,Organic
CUST009803,2022-03-19 14:54:14,Mass Market,Germany,Referral
CUST009804,2025-07-30 13:23:49,Mass Market,Germany,Organic
CUST009805,2024-05-27 10:58:47,Mass Market,Germany,Paid
CUST009806,2023-06-01 12:35:23,Affluent,Germany,Referral
CUST009807,2024-10-25 06:13:44,Mass Market,Belgium,Partner
CUST009808,2023-01-31 08:58:07,Mass Market,Germany,Paid
CUST009809,2022-11-28 08:12:54,SME,Germany,Paid
CUST009810,2023-09-07 10:08:36,Mass Market,Germany,Organic
CUST009811,2026-02-06 15:53:13,Affluent,Germany,Organic
CUST009812,2025-07-06 16:15:15,Mass Market,Germany,Paid
CUST009813,2022-11-14 20:09:47,Mass Market,Germany,Organic
CUST009814,2024-07-28 04:44:46,Mass Market,Germany,Branch
CUST009815,2026-01-18 21:49:02,Mass Market,Germany,Paid
CUST009816,2026-05-11 02:31:04,Mass Market,Germany,Branch
CUST009817,2025-06-29 17:16:24,Mass Market,France,Branch
CUST009818,2022-08-04 10:55:57,Affluent,Austria,Paid
CUST009819,2023-02-07 12:31:59,Mass Market,Germany,Paid
CUST009820,2023-01-01 12:18:40,Mass Market,Netherlands,Branch
CUST009821,2022-09-10 01:03:42,Mass Market,France,Organic
CUST009822,2022-10-21 03:29:31,Mass Market,France,Paid
CUST009823,2023-06-13 17:47:10,Affluent,France,Organic
CUST009824,2024-07-17 19:31:53,Mass Market,Germany,Referral
CUST009825,2023-10-28 08:57:37,SME,Austria,Referral
CUST009826,2023-12-05 14:30:20,Mass Market,Germany,Partner
CUST009827,2023-02-15 22:50:50,Mass Market,Germany,Paid
CUST009828,2022-09-10 12:50:21,Affluent,France,Partner
CUST009829,2026-07-29 03:31:12,Mass Market,Belgium,Partner
CUST009830,2024-09-28 12:31:42,Mass Market,Germany,Partner
CUST009831,2023-01-19 23:29:20,Mass Market,Austria,Branch
CUST009832,2025-09-16 07:14:21,Affluent,France,Organic
CUST009833,2025-10-20 19:42:51,Mass Market,France,Organic
CUST009834,2026-06-05 10:56:29,Mass Market,Netherlands,Organic
CUST009835,2026-06-27 23:15:22,Mass Market,Netherlands,Partner
CUST009836,2025-09-10 18:03:26,Mass Market,France,Branch
CUST009837,2023-01-13 01:48:19,SME,Netherlands,Paid
CUST009838,2026-02-02 03:38:25,Mass Market,Germany,Paid
CUST009839,2023-12-07 01:31:05,Mass Market,Austria,Branch
CUST009840,2024-03-28 11:21:04,Mass Market,Belgium,Organic
CUST009841,2024-07-22 22:03:31,Mass Market,France,Referral
CUST009842,2025-07-13 18:26:35,SME,Germany,Branch
CUST009843,2022-07-21 02:49:30,Mass Market,Germany,Referral
CUST009844,2024-06-20 15:09:15,Affluent,Germany,Paid
CUST009845,2025-09-27 17:21:20,Mass Market,Germany,Partner
CUST009846,2024-07-06 02:20:54,Mass Market,France,Organic
CUST009847,2023-04-05 06:34:51,Mass Market,Belgium,Organic
CUST009848,2022-04-05 02:34:49,Mass Market,France,Organic
CUST009849,2024-07-07 09:06:09,Mass Market,Germany,Organic
CUST009850,2025-03-22 00:03:54,Mass Market,Austria,Branch
CUST009851,2024-07-07 23:42:19,SME,Belgium,Partner
CUST009852,2026-06-26 11:29:37,Affluent,France,Paid
CUST009853,2024-10-04 14:45:50,Mass Market,Germany,Partner
CUST009854,2024-04-29 18:11:46,Mass Market,France,Partner
CUST009855,2022-04-03 18:32:29,Affluent,Germany,Organic
CUST009856,2024-07-22 23:23:36,Mass Market,Germany,Organic
CUST009857,2022-10-09 22:20:01,Mass Market,France,Paid
CUST009858,2025-04-26 18:14:22,Affluent,France,Referral
CUST009859,2022-09-27 12:19:20,Mass Market,Germany,Organic
CUST009860,2026-02-24 23:54:29,Mass Market,Austria,Referral
CUST009861,2023-05-21 00:42:46,Mass Market,Belgium,Partner
CUST009862,2023-12-27 14:54:38,Mass Market,France,Paid
CUST009863,2022-12-19 06:57:56,Mass Market,Germany,Organic
CUST009864,2026-03-22 10:51:31,Affluent,Germany,Paid
CUST009865,2023-04-20 07:48:00,SME,France,Paid
CUST009866,2024-05-07 15:50:10,Mass Market,Netherlands,Organic
CUST009867,2026-06-29 21:35:50,Affluent,Germany,Referral
CUST009868,2024-11-08 14:49:24,SME,Germany,Paid
CUST009869,2022-03-11 14:57:59,Mass Market,Germany,Organic
CUST009870,2023-08-21 17:17:07,SME,Germany,Paid
CUST009871,2023-10-09 19:39:59,SME,France,Organic
CUST009872,2023-04-07 21:12:18,Affluent,Germany,Branch
CUST009873,2023-02-08 06:03:43,SME,Germany,Organic
CUST009874,2024-04-21 07:29:36,Mass Market,Germany,Paid
CUST009875,2023-09-23 09:55:18,Mass Market,Belgium,Referral
CUST009876,2023-05-08 02:35:32,Affluent,Germany,Organic
CUST009877,2023-11-22 12:09:41,Affluent,Germany,Paid
CUST009878,2023-07-29 13:49:25,Mass Market,France,Partner
CUST009879,2023-01-18 10:51:08,Mass Market,Austria,Branch
CUST009880,2024-01-27 23:59:13,Mass Market,Germany,Partner
CUST009881,2026-04-25 12:40:09,Affluent,Germany,Organic
CUST009882,2024-09-26 02:45:01,Mass Market,France,Paid
CUST009883,2026-07-04 18:33:09,Mass Market,Germany,Paid
CUST009884,2024-10-22 22:59:31,Mass Market,Belgium,Paid
CUST009885,2023-01-09 09:29:19,Mass Market,Netherlands,Branch
CUST009886,2023-10-29 05:56:48,SME,Germany,Organic
CUST009887,2024-03-26 21:30:27,Mass Market,Belgium,Paid
CUST009888,2024-03-04 20:04:32,Mass Market,France,Paid
CUST009889,2022-09-07 23:36:25,Mass Market,Germany,Organic
CUST009890,2022-06-26 22:59:17,Affluent,Germany,Paid
CUST009891,2023-08-09 04:46:09,Mass Market,France,Organic
CUST009892,2026-03-09 15:30:11,Mass Market,Belgium,Referral
CUST009893,2025-04-14 08:14:40,Mass Market,Germany,Organic
CUST009894,2025-11-08 08:28:37,Affluent,Germany,Paid
CUST009895,2022-10-19 16:49:00,Affluent,Austria,Partner
CUST009896,2023-11-24 15:57:37,Affluent,Germany,Paid
CUST009897,2024-08-30 00:27:54,Mass Market,Germany,Paid
CUST009898,2023-12-28 04:14:25,SME,Germany,Paid
CUST009899,2023-11-28 17:22:43,Affluent,France,Referral
CUST009900,2023-08-25 13:42:50,Mass Market,Netherlands,Paid
CUST009901,2022-03-28 05:47:02,SME,Germany,Paid
CUST009902,2025-12-04 06:37:12,Affluent,Germany,Partner
CUST009903,2026-04-10 02:26:35,Affluent,France,Paid
CUST009904,2022-05-16 04:13:26,Affluent,France,Partner
CUST009905,2023-11-23 13:04:00,Mass Market,Germany,Organic
CUST009906,2024-05-15 19:38:09,Mass Market,Germany,Paid
CUST009907,2025-08-03 17:24:14,Mass Market,France,Branch
CUST009908,2026-07-08 20:10:41,Mass Market,Germany,Partner
CUST009909,2023-11-28 01:49:39,Mass Market,Germany,Paid
CUST009910,2025-06-06 04:47:20,Mass Market,Belgium,Referral
CUST009911,2026-04-17 06:23:41,SME,Belgium,Paid
CUST009912,2025-10-20 06:11:21,Mass Market,Germany,Paid
CUST009913,2023-05-01 15:59:36,Affluent,Belgium,Organic
CUST009914,2025-09-28 20:15:45,Mass Market,France,Organic
CUST009915,2023-11-21 05:59:29,Mass Market,Austria,Organic
CUST009916,2022-01-30 07:06:09,Mass Market,Austria,Referral
CUST009917,2025-06-22 19:42:15,Mass Market,France,Paid
CUST009918,2025-10-28 19:00:23,Mass Market,Germany,Branch
CUST009919,2023-07-29 14:40:55,Mass Market,Germany,Organic
CUST009920,2024-01-24 23:05:47,Mass Market,France,Organic
CUST009921,2023-09-02 04:55:13,Mass Market,Germany,Partner
CUST009922,2022-07-15 16:02:13,Mass Market,France,Organic
CUST009923,2026-07-22 08:15:51,Mass Market,Germany,Paid
CUST009924,2022-02-07 19:26:18,Mass Market,Belgium,Organic
CUST009925,2024-07-17 23:41:58,Mass Market,Austria,Organic
CUST009926,2022-01-25 23:05:43,Mass Market,Germany,Paid
CUST009927,2025-02-26 15:27:31,Affluent,France,Partner
CUST009928,2026-02-15 05:14:57,Mass Market,Netherlands,Organic
CUST009929,2024-12-11 20:51:09,Affluent,France,Organic
CUST009930,2024-10-10 12:21:32,Affluent,Austria,Organic
CUST009931,2025-10-16 06:56:24,Mass Market,Germany,Organic
CUST009932,2026-06-17 22:04:52,Mass Market,Germany,Branch
CUST009933,2025-12-11 23:19:03,Mass Market,Germany,Partner
CUST009934,2023-01-22 22:34:13,Mass Market,Germany,Organic
CUST009935,2024-07-30 18:20:31,Mass Market,Germany,Paid
CUST009936,2025-10-01 01:12:13,Mass Market,Netherlands,Organic
CUST009937,2023-05-08 11:56:46,SME,France,Organic
CUST009938,2025-02-02 22:19:13,Mass Market,Germany,Branch
CUST009939,2022-02-08 02:55:41,Mass Market,Germany,Organic
CUST009940,2026-01-06 21:36:19,SME,Germany,Referral
CUST009941,2024-10-24 06:46:25,Mass Market,Germany,Referral
CUST009942,2025-05-27 11:38:32,Mass Market,France,Referral
CUST009943,2023-01-01 19:08:00,Mass Market,Germany,Paid
CUST009944,2024-01-24 07:15:40,Mass Market,Netherlands,Organic
CUST009945,2025-12-06 15:38:54,SME,Austria,Referral
CUST009946,2022-10-03 09:19:40,Mass Market,France,Referral
CUST009947,2025-10-07 03:51:34,Mass Market,Netherlands,Paid
CUST009948,2023-04-27 16:09:26,Mass Market,Austria,Organic
CUST009949,2024-08-20 05:59:14,Mass Market,Germany,Organic
CUST009950,2024-05-02 16:50:08,Mass Market,Germany,Organic
CUST009951,2025-02-21 19:34:51,Mass Market,Germany,Organic
CUST009952,2025-10-30 22:20:38,Mass Market,Germany,Paid
CUST009953,2023-08-07 11:46:25,Mass Market,Germany,Referral
CUST009954,2022-10-15 04:06:36,Affluent,France,Partner
CUST009955,2023-12-08 23:15:13,Affluent,Germany,Partner
CUST009956,2024-10-20 12:21:00,Affluent,Germany,Referral
CUST009957,2025-06-08 17:44:49,Mass Market,Germany,Partner
CUST009958,2025-06-13 15:10:32,Affluent,Germany,Paid
CUST009959,2023-07-23 09:56:27,SME,France,Referral
CUST009960,2026-04-15 01:42:53,Mass Market,Germany,Paid
CUST009961,2022-05-20 01:23:52,Mass Market,Germany,Branch
CUST009962,2022-07-15 03:05:08,Mass Market,Germany,Organic
CUST009963,2022-02-11 09:59:10,SME,Netherlands,Partner
CUST009964,2026-03-29 22:14:36,SME,Germany,Paid
CUST009965,2022-10-29 03:49:20,Affluent,France,Paid
CUST009966,2024-10-02 15:41:21,Mass Market,Netherlands,Paid
CUST009967,2025-09-21 06:10:56,SME,Germany,Organic
CUST009968,2025-07-05 22:12:04,Mass Market,Germany,Referral
CUST009969,2026-05-06 11:13:34,Mass Market,France,Paid
CUST009970,2022-03-31 21:52:17,Mass Market,Germany,Paid
CUST009971,2023-11-12 15:04:11,Affluent,Netherlands,Referral
CUST009972,2024-04-26 06:42:47,Affluent,Netherlands,Partner
CUST009973,2025-03-09 23:02:09,Mass Market,Germany,Referral
CUST009974,2024-11-07 00:53:00,Mass Market,Germany,Organic
CUST009975,2024-07-25 05:39:41,Mass Market,Netherlands,Organic
CUST009976,2023-05-29 00:37:41,Mass Market,France,Organic
CUST009977,2022-06-28 00:37:00,Affluent,Germany,Branch
CUST009978,2023-12-23 17:15:34,Mass Market,Netherlands,Referral
CUST009979,2023-03-11 03:32:06,Mass Market,Germany,Referral
CUST009980,2024-07-15 18:52:32,Mass Market,Belgium,Partner
CUST009981,2025-08-25 19:05:55,Affluent,Belgium,Organic
CUST009982,2024-07-12 20:38:37,Affluent,Germany,Paid
CUST009983,2024-09-01 20:20:55,Mass Market,Germany,Partner
CUST009984,2022-03-11 23:49:09,Mass Market,Germany,Organic
CUST009985,2024-12-13 20:28:16,SME,Netherlands,Partner
CUST009986,2024-01-05 19:31:27,Mass Market,Germany,Referral
CUST009987,2022-07-26 19:43:44,Mass Market,Germany,Paid
CUST009988,2022-12-24 12:05:41,Mass Market,France,Partner
CUST009989,2025-07-29 09:40:47,SME,Germany,Paid
CUST009990,2026-03-13 17:08:24,Affluent,Germany,Organic
CUST009991,2024-04-28 21:54:54,Mass Market,Netherlands,Organic
CUST009992,2026-06-21 20:12:06,Mass Market,France,Paid
CUST009993,2022-10-29 00:35:34,Mass Market,France,Partner
CUST009994,2023-05-17 00:13:50,Mass Market,Germany,Paid
CUST009995,2026-04-05 01:41:23,Mass Market,France,Organic
CUST009996,2022-10-20 21:50:22,Mass Market,France,Organic
CUST009997,2025-01-07 11:39:19,Mass Market,Germany,Partner
CUST009998,2023-01-03 00:15:45,Mass Market,Austria,Paid
CUST009999,2023-07-08 17:29:36,Mass Market,Germany,Partner
CUST010000,2024-03-09 19:14:32,Mass Market,Germany,Organic
CUST010001,2023-08-25 21:35:38,Affluent,Belgium,Referral
CUST010002,2026-01-02 04:09:38,Mass Market,Germany,Paid
CUST010003,2026-06-15 12:04:42,Affluent,Austria,Organic
CUST010004,2024-04-16 01:27:11,Affluent,Germany,Paid
CUST010005,2024-05-28 03:54:37,SME,Germany,Referral
CUST010006,2022-04-03 14:46:21,Mass Market,Germany,Branch
CUST010007,2023-01-27 14:05:27,Mass Market,Germany,Branch
CUST010008,2022-03-08 16:31:46,Mass Market,Belgium,Paid
CUST010009,2025-12-03 07:36:56,Mass Market,Austria,Partner
CUST010010,2023-01-16 04:44:37,Mass Market,France,Partner
CUST010011,2023-07-24 12:58:04,Mass Market,Germany,Paid
CUST010012,2025-11-10 02:43:32,Mass Market,Germany,Organic
CUST010013,2025-04-07 14:54:29,Affluent,Germany,Partner
CUST010014,2024-11-05 02:46:18,Mass Market,Germany,Branch
CUST010015,2022-03-06 07:47:54,SME,Germany,Organic
CUST010016,2024-07-30 06:22:21,Affluent,Germany,Paid
CUST010017,2024-07-26 19:29:11,Mass Market,Germany,Organic
CUST010018,2023-06-18 07:36:42,Mass Market,Netherlands,Paid
CUST010019,2025-05-30 12:28:57,Mass Market,Germany,Paid
CUST010020,2026-04-03 23:58:57,Affluent,Germany,Paid
CUST010021,2023-03-10 02:35:31,Affluent,Germany,Paid
CUST010022,2023-07-08 17:31:14,Mass Market,France,Referral
CUST010023,2023-06-23 22:39:28,Mass Market,France,Organic
CUST010024,2025-10-28 00:38:57,Mass Market,Germany,Referral
CUST010025,2022-05-11 00:46:06,SME,Belgium,Referral
CUST010026,2026-02-06 22:48:58,SME,France,Partner
CUST010027,2025-07-19 20:36:19,Affluent,Germany,Paid
CUST010028,2024-03-19 03:16:02,Mass Market,Germany,Branch
CUST010029,2024-09-02 15:30:35,Mass Market,Austria,Paid
CUST010030,2026-02-04 06:02:23,Mass Market,Germany,Organic
CUST010031,2025-07-11 04:00:47,Mass Market,Germany,Organic
CUST010032,2023-04-08 19:33:44,Mass Market,France,Branch
CUST010033,2022-03-26 06:27:32,Affluent,Germany,Organic
CUST010034,2025-01-05 21:36:59,SME,Netherlands,Paid
CUST010035,2022-09-01 18:58:22,Mass Market,Netherlands,Partner
CUST010036,2022-05-28 01:48:33,Mass Market,Netherlands,Partner
CUST010037,2026-07-01 09:30:10,Mass Market,France,Partner
CUST010038,2024-03-03 10:01:55,SME,France,Paid
CUST010039,2024-12-24 05:10:05,Affluent,Germany,Partner
CUST010040,2022-12-30 09:05:25,Mass Market,Belgium,Organic
CUST010041,2022-06-20 00:56:45,Mass Market,Germany,Organic
CUST010042,2022-04-15 22:33:53,Mass Market,Germany,Organic
CUST010043,2023-08-16 11:58:01,Mass Market,Austria,Paid
CUST010044,2022-01-07 05:29:49,Mass Market,Austria,Organic
CUST010045,2023-12-04 08:00:11,Mass Market,Germany,Paid
CUST010046,2023-06-27 23:39:10,Mass Market,Germany,Organic
CUST010047,2024-05-30 20:45:05,Mass Market,Germany,Paid
CUST010048,2024-09-12 16:41:01,Mass Market,France,Organic
CUST010049,2023-05-31 16:44:24,Affluent,Germany,Paid
CUST010050,2024-02-01 03:29:00,Mass Market,Germany,Referral
CUST010051,2022-05-11 13:53:21,Mass Market,Germany,Paid
CUST010052,2023-05-20 13:23:54,SME,Belgium,Partner
CUST010053,2026-06-24 12:54:03,Mass Market,Austria,Paid
CUST010054,2026-07-16 06:52:29,Mass Market,Austria,Organic
CUST010055,2024-03-23 06:32:30,Mass Market,Netherlands,Paid
CUST010056,2026-04-20 21:15:38,Affluent,Germany,Paid
CUST010057,2024-04-18 04:15:24,Mass Market,Germany,Referral
CUST010058,2022-07-30 02:12:57,Mass Market,Germany,Organic
CUST010059,2025-12-22 03:14:06,Mass Market,Germany,Branch
CUST010060,2023-11-26 01:25:50,Affluent,France,Partner
CUST010061,2024-10-20 23:33:30,Mass Market,Germany,Paid
CUST010062,2024-12-20 20:55:47,Mass Market,Belgium,Branch
CUST010063,2023-05-31 00:52:00,Mass Market,Germany,Organic
CUST010064,2025-05-11 09:31:07,Mass Market,Germany,Referral
CUST010065,2024-04-18 04:27:59,Mass Market,Netherlands,Organic
CUST010066,2023-09-05 13:46:54,Mass Market,France,Paid
CUST010067,2023-05-14 02:43:08,Mass Market,Germany,Organic
CUST010068,2025-06-01 18:47:47,Mass Market,France,Referral
CUST010069,2023-02-21 21:33:40,Affluent,France,Paid
CUST010070,2022-07-27 13:53:30,Mass Market,Germany,Partner
CUST010071,2026-01-14 06:41:07,Mass Market,Germany,Branch
CUST010072,2023-07-09 18:58:37,SME,Belgium,Organic
CUST010073,2024-12-07 19:21:31,Affluent,Germany,Branch
CUST010074,2025-04-12 21:01:49,Mass Market,Germany,Paid
CUST010075,2025-11-02 16:51:32,Affluent,Germany,Referral
CUST010076,2024-11-12 03:23:56,Mass Market,France,Paid
CUST010077,2025-03-29 16:16:09,Affluent,Austria,Referral
CUST010078,2025-10-31 19:34:17,Mass Market,Germany,Branch
CUST010079,2026-04-27 07:14:08,Mass Market,Belgium,Paid
CUST010080,2022-03-20 08:16:42,SME,Belgium,Partner
CUST010081,2025-05-27 17:17:22,Mass Market,Germany,Branch
CUST010082,2022-10-19 13:59:27,Affluent,Netherlands,Referral
CUST010083,2026-01-30 05:11:16,Mass Market,Austria,Branch
CUST010084,2022-03-23 01:59:26,Mass Market,Austria,Referral
CUST010085,2023-02-17 14:30:03,SME,France,Paid
CUST010086,2022-11-18 05:09:34,Mass Market,Germany,Referral
CUST010087,2024-10-05 21:55:43,Affluent,Germany,Partner
CUST010088,2022-01-08 03:51:38,Affluent,Germany,Organic
CUST010089,2022-01-29 11:10:35,Mass Market,France,Organic
CUST010090,2024-04-23 00:57:03,Mass Market,Germany,Organic
CUST010091,2026-06-13 14:57:46,Mass Market,France,Referral
CUST010092,2024-06-02 08:12:00,Mass Market,Netherlands,Referral
CUST010093,2024-01-16 14:14:05,Mass Market,Germany,Referral
CUST010094,2025-01-04 23:52:53,Mass Market,Belgium,Organic
CUST010095,2024-07-11 14:58:32,Affluent,Germany,Organic
CUST010096,2023-10-06 13:46:00,Mass Market,Germany,Organic
CUST010097,2024-09-11 01:18:19,Affluent,Netherlands,Partner
CUST010098,2022-01-06 08:43:05,Mass Market,Germany,Referral
CUST010099,2023-02-13 18:48:34,Mass Market,Germany,Referral
CUST010100,2025-01-31 17:54:15,Mass Market,Austria,Organic
CUST010101,2023-07-26 01:45:28,Mass Market,Belgium,Referral
CUST010102,2022-04-01 18:35:33,Mass Market,Netherlands,Partner
CUST010103,2022-07-28 01:34:03,Mass Market,Germany,Branch
CUST010104,2025-12-19 05:41:13,Affluent,Germany,Referral
CUST010105,2023-07-06 01:16:21,Affluent,Germany,Paid
CUST010106,2022-02-07 21:03:33,Mass Market,Germany,Referral
CUST010107,2025-05-03 13:30:42,Affluent,Austria,Paid
CUST010108,2024-06-05 22:54:20,SME,Germany,Referral
CUST010109,2024-01-25 17:13:40,Mass Market,Netherlands,Referral
CUST010110,2026-02-05 07:15:53,SME,Germany,Referral
CUST010111,2023-06-09 13:07:57,Mass Market,France,Organic
CUST010112,2024-08-15 04:51:42,Mass Market,Germany,Referral
CUST010113,2025-05-30 11:22:16,Mass Market,Germany,Organic
CUST010114,2024-10-14 06:32:49,Affluent,Germany,Referral
CUST010115,2022-12-14 17:34:05,Affluent,Austria,Branch
CUST010116,2025-02-13 15:40:48,SME,France,Organic
CUST010117,2025-05-27 23:09:01,SME,France,Partner
CUST010118,2022-07-24 16:01:20,Mass Market,Germany,Partner
CUST010119,2022-10-04 15:07:03,Mass Market,Netherlands,Referral
CUST010120,2025-02-02 11:28:28,Mass Market,France,Organic
CUST010121,2022-07-18 22:26:21,Mass Market,Germany,Branch
CUST010122,2026-01-11 22:52:50,Mass Market,France,Branch
CUST010123,2022-07-03 04:43:22,SME,Belgium,Partner
CUST010124,2026-06-17 21:32:00,Mass Market,Austria,Paid
CUST010125,2025-01-27 18:30:46,Mass Market,Austria,Partner
CUST010126,2024-01-11 18:47:26,SME,Germany,Organic
CUST010127,2023-03-25 18:08:56,Affluent,Germany,Referral
CUST010128,2023-07-31 00:17:26,Mass Market,Germany,Organic
CUST010129,2025-06-05 12:21:14,Mass Market,Germany,Paid
CUST010130,2025-06-13 12:48:29,Affluent,Germany,Organic
CUST010131,2022-12-15 21:03:07,Mass Market,Germany,Partner
CUST010132,2024-06-26 16:27:33,Mass Market,France,Partner
CUST010133,2026-07-19 04:33:39,Mass Market,France,Partner
CUST010134,2023-03-07 05:07:16,Mass Market,France,Organic
CUST010135,2025-03-05 08:56:06,Mass Market,Austria,Paid
CUST010136,2022-10-15 20:21:05,Mass Market,Germany,Paid
CUST010137,2025-10-26 14:07:06,Mass Market,Germany,Partner
CUST010138,2022-10-12 15:00:05,Mass Market,France,Organic
CUST010139,2023-05-13 14:49:45,Mass Market,France,Partner
CUST010140,2024-02-07 17:51:22,Mass Market,Germany,Paid
CUST010141,2023-09-12 17:42:09,Mass Market,Belgium,Branch
CUST010142,2022-10-12 10:45:07,Mass Market,Germany,Paid
CUST010143,2024-12-07 17:31:06,SME,France,Organic
CUST010144,2022-02-02 23:16:54,Mass Market,Austria,Organic
CUST010145,2026-07-03 10:46:49,Mass Market,Germany,Organic
CUST010146,2022-03-29 02:13:06,Mass Market,France,Organic
CUST010147,2023-07-13 05:13:40,Affluent,Germany,Referral
CUST010148,2026-04-04 18:24:25,Mass Market,Germany,Partner
CUST010149,2022-09-17 07:08:12,Mass Market,Germany,Organic
CUST010150,2022-05-02 23:47:33,Affluent,France,Referral
CUST010151,2025-05-28 19:53:42,Affluent,France,Organic
CUST010152,2022-05-03 08:35:41,Mass Market,Austria,Referral
CUST010153,2026-02-13 03:06:53,Mass Market,France,Organic
CUST010154,2024-01-25 09:17:23,SME,Germany,Paid
CUST010155,2025-12-24 12:32:48,SME,Belgium,Referral
CUST010156,2023-02-14 19:23:02,Affluent,Germany,Organic
CUST010157,2022-08-24 23:31:09,Affluent,Netherlands,Organic
CUST010158,2026-05-29 14:58:44,Affluent,Germany,Referral
CUST010159,2025-06-28 08:32:18,SME,Netherlands,Partner
CUST010160,2026-03-04 04:02:23,Mass Market,Austria,Branch
CUST010161,2023-06-19 20:27:44,SME,Germany,Partner
CUST010162,2023-11-08 17:32:13,Affluent,France,Organic
CUST010163,2024-08-23 02:46:57,Mass Market,France,Partner
CUST010164,2024-01-21 06:41:54,Mass Market,Germany,Referral
CUST010165,2023-02-10 17:37:24,Mass Market,Germany,Organic
CUST010166,2023-09-20 04:33:38,Affluent,France,Organic
CUST010167,2024-10-14 20:12:28,Mass Market,Germany,Partner
CUST010168,2022-03-05 07:29:29,Mass Market,Germany,Referral
CUST010169,2023-07-16 16:43:04,Mass Market,Netherlands,Paid
CUST010170,2023-05-05 15:21:28,Mass Market,France,Referral
CUST010171,2022-04-28 13:52:25,Mass Market,Germany,Organic
CUST010172,2022-07-25 02:38:27,Mass Market,Austria,Paid
CUST010173,2024-04-08 18:37:44,Mass Market,Belgium,Referral
CUST010174,2022-06-21 03:54:59,Mass Market,Austria,Organic
CUST010175,2023-07-31 16:19:43,Mass Market,Germany,Paid
CUST010176,2024-07-26 18:15:11,Mass Market,Germany,Partner
CUST010177,2026-01-01 01:35:15,Mass Market,Germany,Paid
CUST010178,2022-06-15 03:14:10,SME,Austria,Referral
CUST010179,2023-12-28 17:23:13,Affluent,Belgium,Branch
CUST010180,2022-06-22 02:25:41,Affluent,Netherlands,Partner
CUST010181,2023-12-18 13:46:28,Mass Market,Germany,Referral
CUST010182,2024-03-14 10:03:15,Mass Market,Germany,Branch
CUST010183,2025-08-29 08:53:56,Affluent,Netherlands,Partner
CUST010184,2024-01-10 11:54:24,Mass Market,Germany,Referral
CUST010185,2026-04-14 04:18:11,Mass Market,France,Organic
CUST010186,2022-08-19 03:00:31,Mass Market,France,Referral
CUST010187,2022-03-30 21:10:44,Mass Market,Netherlands,Organic
CUST010188,2022-01-08 10:31:49,Mass Market,Germany,Organic
CUST010189,2023-08-20 11:30:19,Mass Market,Netherlands,Partner
CUST010190,2022-11-19 15:40:42,Mass Market,Germany,Organic
CUST010191,2022-06-03 03:05:29,Mass Market,Germany,Organic
CUST010192,2023-01-30 09:53:03,Mass Market,Germany,Partner
CUST010193,2026-06-19 04:16:04,Affluent,Germany,Organic
CUST010194,2025-08-31 00:22:10,SME,Germany,Branch
CUST010195,2022-02-01 01:18:06,Mass Market,Germany,Branch
CUST010196,2026-03-11 14:42:36,Mass Market,Germany,Referral
CUST010197,2022-12-10 04:27:59,Mass Market,Germany,Organic
CUST010198,2023-11-10 17:44:12,Mass Market,Germany,Partner
CUST010199,2023-07-02 19:23:23,Affluent,Netherlands,Organic
CUST010200,2023-11-09 04:54:44,Affluent,Germany,Partner
CUST010201,2025-06-25 22:19:58,Mass Market,Germany,Organic
CUST010202,2025-04-06 06:26:56,Affluent,Germany,Paid
CUST010203,2024-09-20 05:32:52,Mass Market,Germany,Organic
CUST010204,2024-11-14 05:07:35,Mass Market,France,Branch
CUST010205,2022-11-04 21:10:38,SME,Belgium,Organic
CUST010206,2023-10-24 13:24:58,Mass Market,Germany,Paid
CUST010207,2022-06-30 01:20:56,Mass Market,Germany,Organic
CUST010208,2025-03-23 08:59:46,Affluent,Germany,Paid
CUST010209,2024-01-02 16:29:23,Mass Market,Germany,Branch
CUST010210,2024-12-01 12:41:45,Mass Market,Belgium,Organic
CUST010211,2024-08-02 09:25:57,Mass Market,France,Organic
CUST010212,2023-04-03 12:19:30,Mass Market,Netherlands,Organic
CUST010213,2022-08-20 22:03:31,Mass Market,Belgium,Partner
CUST010214,2026-06-15 18:10:56,Mass Market,France,Partner
CUST010215,2023-05-06 08:28:43,Mass Market,Germany,Referral
CUST010216,2022-07-03 04:34:59,Mass Market,Netherlands,Referral
CUST010217,2026-02-17 20:14:11,Mass Market,Netherlands,Organic
CUST010218,2023-03-13 21:22:27,Affluent,Germany,Branch
CUST010219,2026-07-08 21:54:39,Mass Market,France,Referral
CUST010220,2024-02-10 09:25:41,Mass Market,Germany,Partner
CUST010221,2025-12-11 22:56:19,Affluent,Germany,Paid
CUST010222,2024-12-27 22:08:07,Mass Market,France,Referral
CUST010223,2022-03-15 10:58:35,Mass Market,Germany,Partner
CUST010224,2024-05-01 16:47:50,Mass Market,Germany,Paid
CUST010225,2023-11-29 02:38:23,Mass Market,Germany,Organic
CUST010226,2022-12-03 20:02:56,SME,France,Partner
CUST010227,2024-07-08 13:53:33,Mass Market,Belgium,Partner
CUST010228,2022-06-22 02:44:17,Affluent,France,Organic
CUST010229,2025-03-13 13:22:23,Mass Market,Netherlands,Branch
CUST010230,2025-10-06 04:01:04,Mass Market,Germany,Organic
CUST010231,2022-06-04 17:41:46,Mass Market,France,Organic
CUST010232,2024-03-12 09:32:17,Mass Market,Germany,Paid
CUST010233,2024-12-31 08:50:33,Mass Market,Germany,Partner
CUST010234,2022-04-14 21:31:16,Mass Market,France,Organic
CUST010235,2023-10-13 22:55:34,Mass Market,Germany,Partner
CUST010236,2023-03-08 13:53:58,Affluent,Belgium,Paid
CUST010237,2022-03-07 15:18:23,Affluent,Germany,Organic
CUST010238,2025-09-06 08:16:02,Mass Market,France,Organic
CUST010239,2024-01-14 11:47:52,SME,Germany,Paid
CUST010240,2025-06-10 21:16:26,Mass Market,Netherlands,Paid
CUST010241,2024-09-08 14:09:24,Mass Market,France,Organic
CUST010242,2026-01-04 08:46:11,Mass Market,Germany,Paid
CUST010243,2026-07-25 23:51:46,Mass Market,Austria,Paid
CUST010244,2024-10-03 16:34:48,Mass Market,France,Branch
CUST010245,2023-08-12 19:50:33,Mass Market,Germany,Partner
CUST010246,2023-12-09 02:22:09,Affluent,France,Organic
CUST010247,2025-10-12 01:52:42,Mass Market,Germany,Paid
CUST010248,2023-12-15 08:00:33,Affluent,Netherlands,Organic
CUST010249,2024-05-19 00:04:08,Mass Market,Germany,Paid
CUST010250,2022-11-21 08:50:01,Mass Market,Netherlands,Paid
CUST010251,2026-07-14 09:20:03,Mass Market,Germany,Branch
CUST010252,2024-12-24 03:15:38,Mass Market,Netherlands,Paid
CUST010253,2023-07-07 02:37:14,Mass Market,Belgium,Referral
CUST010254,2024-09-05 05:38:20,Affluent,Austria,Partner
CUST010255,2023-11-02 16:53:55,Mass Market,Netherlands,Paid
CUST010256,2022-09-16 22:23:56,Mass Market,Netherlands,Organic
CUST010257,2026-01-02 13:53:47,Affluent,Germany,Organic
CUST010258,2026-01-20 19:52:53,Mass Market,Germany,Referral
CUST010259,2025-10-27 22:36:34,SME,France,Branch
CUST010260,2023-09-09 01:53:31,Mass Market,France,Paid
CUST010261,2023-03-05 16:53:37,Mass Market,Germany,Paid
CUST010262,2022-03-25 03:55:01,Mass Market,France,Organic
CUST010263,2025-05-08 03:10:12,Mass Market,Germany,Paid
CUST010264,2023-07-03 05:12:20,Mass Market,France,Referral
CUST010265,2026-01-31 19:00:49,Mass Market,Germany,Organic
CUST010266,2025-12-25 09:36:36,SME,Belgium,Organic
CUST010267,2022-08-03 07:37:38,Affluent,Germany,Partner
CUST010268,2026-03-14 03:38:01,Mass Market,Germany,Paid
CUST010269,2022-08-23 13:28:58,Mass Market,France,Organic
CUST010270,2024-03-30 22:42:27,Affluent,Germany,Paid
CUST010271,2026-05-19 00:00:32,Mass Market,Germany,Partner
CUST010272,2025-01-04 00:28:45,Mass Market,France,Branch
CUST010273,2026-01-03 09:42:11,Mass Market,Belgium,Branch
CUST010274,2024-09-23 04:18:58,Mass Market,Netherlands,Partner
CUST010275,2025-10-11 18:51:29,Mass Market,Germany,Referral
CUST010276,2025-11-25 17:51:19,Affluent,Germany,Partner
CUST010277,2025-12-08 10:26:43,Mass Market,France,Paid
CUST010278,2023-11-20 05:22:54,Affluent,France,Organic
CUST010279,2023-10-01 11:53:47,Affluent,Austria,Organic
CUST010280,2026-07-05 14:54:54,Mass Market,Germany,Paid
CUST010281,2025-06-18 19:35:08,Affluent,France,Branch
CUST010282,2026-03-14 17:36:08,Mass Market,Austria,Partner
CUST010283,2024-08-23 07:27:34,Affluent,Germany,Branch
CUST010284,2026-04-03 07:53:37,Mass Market,Austria,Organic
CUST010285,2025-04-18 07:28:46,Mass Market,Germany,Organic
CUST010286,2025-05-26 13:39:14,Mass Market,Netherlands,Branch
CUST010287,2022-10-25 06:12:03,Affluent,Germany,Paid
CUST010288,2024-08-05 19:58:40,Mass Market,Belgium,Paid
CUST010289,2025-05-07 21:22:29,Affluent,Belgium,Organic
CUST010290,2025-06-26 09:24:17,Mass Market,Germany,Referral
CUST010291,2026-05-21 02:16:09,Mass Market,Netherlands,Organic
CUST010292,2023-07-01 15:39:01,Mass Market,Germany,Branch
CUST010293,2023-05-22 01:16:25,Mass Market,Germany,Organic
CUST010294,2026-06-09 23:17:23,Mass Market,France,Organic
CUST010295,2026-07-07 20:40:53,Mass Market,France,Referral
CUST010296,2022-10-28 18:15:12,Affluent,Germany,Paid
CUST010297,2023-09-25 15:28:21,Affluent,Germany,Organic
CUST010298,2026-05-05 04:57:12,Mass Market,Germany,Partner
CUST010299,2022-11-30 22:30:16,Mass Market,Germany,Organic
CUST010300,2025-08-02 10:49:35,Mass Market,Germany,Organic
CUST010301,2022-07-07 17:49:18,Affluent,Germany,Organic
CUST010302,2022-10-26 03:17:14,Affluent,Belgium,Paid
CUST010303,2025-08-05 10:57:05,Affluent,Germany,Organic
CUST010304,2024-10-12 16:27:06,Affluent,Belgium,Referral
CUST010305,2024-07-16 16:02:01,Mass Market,Germany,Referral
CUST010306,2025-12-03 05:06:00,Mass Market,Germany,Organic
CUST010307,2023-05-29 12:33:52,Affluent,Germany,Paid
CUST010308,2024-04-21 12:17:44,Mass Market,Germany,Partner
CUST010309,2024-10-14 07:53:47,Mass Market,France,Partner
CUST010310,2025-05-22 01:26:17,Mass Market,Germany,Paid
CUST010311,2023-07-10 06:33:23,Affluent,Germany,Partner
CUST010312,2024-11-25 10:30:13,Mass Market,Germany,Organic
CUST010313,2024-01-20 15:42:00,SME,Netherlands,Paid
CUST010314,2024-06-25 03:41:30,Mass Market,Germany,Organic
CUST010315,2025-12-13 08:59:09,Mass Market,Germany,Branch
CUST010316,2023-10-21 04:32:22,Mass Market,Germany,Paid
CUST010317,2025-01-22 04:11:03,Affluent,France,Partner
CUST010318,2026-04-25 00:14:42,Mass Market,Austria,Paid
CUST010319,2025-06-28 17:39:39,SME,Germany,Organic
CUST010320,2026-07-12 03:29:07,Mass Market,Germany,Organic
CUST010321,2024-09-02 14:25:45,Affluent,Germany,Organic
CUST010322,2023-04-17 10:08:59,Affluent,Austria,Partner
CUST010323,2026-07-16 14:49:15,Mass Market,Germany,Partner
CUST010324,2024-12-13 17:33:53,Affluent,Netherlands,Organic
CUST010325,2023-02-08 15:18:11,Mass Market,Netherlands,Paid
CUST010326,2023-06-15 08:10:22,Affluent,Germany,Paid
CUST010327,2023-03-15 13:13:10,Affluent,Netherlands,Partner
CUST010328,2025-10-25 18:59:47,Mass Market,France,Paid
CUST010329,2022-06-04 18:12:18,Mass Market,Germany,Branch
CUST010330,2025-05-22 02:56:37,SME,Germany,Paid
CUST010331,2024-07-15 07:41:40,SME,Germany,Paid
CUST010332,2022-05-03 20:18:30,Mass Market,Germany,Partner
CUST010333,2024-10-22 12:52:45,SME,Netherlands,Referral
CUST010334,2025-06-13 06:27:28,Mass Market,France,Paid
CUST010335,2025-04-28 19:23:09,Mass Market,Netherlands,Organic
CUST010336,2024-06-02 16:12:49,Mass Market,Germany,Organic
CUST010337,2023-07-15 20:46:26,Mass Market,Germany,Paid
CUST010338,2022-10-01 22:43:46,Mass Market,Germany,Referral
CUST010339,2022-01-21 11:50:27,Mass Market,Netherlands,Partner
CUST010340,2023-08-25 04:09:33,Mass Market,Germany,Organic
CUST010341,2024-11-23 02:06:24,Mass Market,Germany,Organic
CUST010342,2022-03-04 23:04:28,Affluent,France,Partner
CUST010343,2026-07-28 19:39:09,Affluent,Netherlands,Partner
CUST010344,2024-09-06 17:03:19,SME,Germany,Referral
CUST010345,2023-05-08 11:40:35,Mass Market,France,Partner
CUST010346,2026-05-28 15:24:45,Affluent,Germany,Organic
CUST010347,2022-11-04 12:55:18,Mass Market,Netherlands,Referral
CUST010348,2026-05-21 02:30:21,Mass Market,Netherlands,Paid
CUST010349,2023-04-17 02:44:40,Affluent,Netherlands,Partner
CUST010350,2023-09-27 21:50:39,Mass Market,Germany,Paid
CUST010351,2023-12-13 07:04:19,Affluent,France,Referral
CUST010352,2026-07-22 08:49:24,Mass Market,Germany,Organic
CUST010353,2023-02-24 12:38:02,Mass Market,Germany,Organic
CUST010354,2026-06-15 15:22:48,Mass Market,Austria,Organic
CUST010355,2023-08-04 02:48:42,Mass Market,Germany,Referral
CUST010356,2023-04-22 19:51:54,Mass Market,France,Partner
CUST010357,2025-03-05 22:45:23,Mass Market,Germany,Organic
CUST010358,2023-07-31 21:16:58,Mass Market,Germany,Organic
CUST010359,2022-08-13 03:50:17,Affluent,France,Organic
CUST010360,2024-06-22 13:59:12,Mass Market,Germany,Partner
CUST010361,2022-03-08 22:22:28,Mass Market,France,Paid
CUST010362,2022-05-12 12:10:39,Mass Market,Austria,Partner
CUST010363,2026-03-15 19:11:48,Mass Market,Netherlands,Partner
CUST010364,2022-03-01 23:08:16,Mass Market,Austria,Referral
CUST010365,2023-11-12 07:31:11,Mass Market,Germany,Paid
CUST010366,2025-07-01 05:30:53,Affluent,Austria,Referral
CUST010367,2023-07-03 15:44:34,Mass Market,Germany,Paid
CUST010368,2024-04-07 06:14:36,Affluent,Germany,Partner
CUST010369,2022-05-25 14:26:16,Mass Market,Germany,Partner
CUST010370,2025-08-21 07:11:56,Mass Market,Germany,Branch
CUST010371,2024-11-26 08:30:14,Mass Market,Netherlands,Paid
CUST010372,2025-11-24 23:10:54,Mass Market,Germany,Partner
CUST010373,2025-12-15 07:34:03,Mass Market,France,Partner
CUST010374,2023-08-10 13:05:57,Mass Market,Germany,Branch
CUST010375,2022-03-10 19:23:44,Mass Market,Germany,Organic
CUST010376,2023-08-03 02:19:29,Mass Market,Belgium,Partner
CUST010377,2022-08-31 21:29:36,Mass Market,Germany,Organic
CUST010378,2024-06-10 16:07:35,Affluent,Germany,Branch
CUST010379,2022-09-02 18:19:51,Affluent,Netherlands,Referral
CUST010380,2026-03-22 10:03:34,Mass Market,Belgium,Partner
CUST010381,2024-10-04 00:05:07,Mass Market,Germany,Paid
CUST010382,2023-02-28 01:44:00,Mass Market,Germany,Partner
CUST010383,2026-03-21 07:08:15,Affluent,Austria,Partner
CUST010384,2025-07-10 22:01:32,Mass Market,Germany,Organic
CUST010385,2024-01-02 22:46:08,Mass Market,Germany,Referral
CUST010386,2022-09-02 23:02:17,SME,Germany,Paid
CUST010387,2023-07-29 20:15:54,Mass Market,Germany,Organic
CUST010388,2024-09-03 11:03:42,Mass Market,Austria,Partner
CUST010389,2025-07-04 11:39:18,Affluent,Austria,Organic
CUST010390,2023-03-14 22:36:55,SME,Germany,Partner
CUST010391,2025-05-26 13:48:40,Mass Market,France,Paid
CUST010392,2023-04-18 21:40:05,Mass Market,Belgium,Partner
CUST010393,2023-02-17 13:49:49,Mass Market,France,Organic
CUST010394,2024-01-18 09:56:33,Mass Market,France,Partner
CUST010395,2022-09-26 21:38:24,Mass Market,Austria,Partner
CUST010396,2023-11-08 14:01:03,Mass Market,Germany,Referral
CUST010397,2023-08-22 06:12:03,Mass Market,Germany,Paid
CUST010398,2023-04-14 05:30:53,Affluent,Netherlands,Partner
CUST010399,2025-07-20 19:24:46,SME,Netherlands,Paid
CUST010400,2023-07-09 15:35:10,Affluent,Germany,Organic
CUST010401,2025-03-08 03:30:13,Mass Market,Germany,Organic
CUST010402,2025-04-19 07:45:20,Mass Market,France,Paid
CUST010403,2025-01-18 07:22:39,Mass Market,Germany,Referral
CUST010404,2023-03-27 07:38:56,Mass Market,Belgium,Paid
CUST010405,2025-10-18 19:18:33,Mass Market,Belgium,Referral
CUST010406,2023-01-31 12:20:29,Affluent,Germany,Partner
CUST010407,2023-04-09 08:41:06,Mass Market,France,Paid
CUST010408,2026-01-02 23:32:19,Mass Market,France,Organic
CUST010409,2023-07-22 22:49:42,Mass Market,Germany,Paid
CUST010410,2022-03-12 18:59:50,SME,Germany,Paid
CUST010411,2024-10-24 03:35:52,Mass Market,Germany,Organic
CUST010412,2025-12-23 13:01:49,Mass Market,Belgium,Referral
CUST010413,2025-03-30 22:52:29,Mass Market,Belgium,Branch
CUST010414,2024-08-31 19:44:25,Affluent,Germany,Organic
CUST010415,2025-11-20 13:51:13,Mass Market,Belgium,Organic
CUST010416,2023-05-14 11:03:04,Mass Market,France,Partner
CUST010417,2023-09-22 23:27:33,Affluent,Germany,Branch
CUST010418,2022-04-27 01:32:47,Affluent,Germany,Branch
CUST010419,2025-03-13 16:19:27,Mass Market,Belgium,Branch
CUST010420,2025-04-24 12:58:35,Affluent,Germany,Paid
CUST010421,2025-06-10 07:18:16,Mass Market,France,Branch
CUST010422,2025-06-05 21:20:21,Mass Market,France,Paid
CUST010423,2022-08-01 23:38:57,Mass Market,France,Organic
CUST010424,2025-06-30 06:53:15,Mass Market,Germany,Partner
CUST010425,2022-12-07 17:19:22,Mass Market,Germany,Partner
CUST010426,2024-03-07 16:12:52,Affluent,Belgium,Referral
CUST010427,2026-03-07 21:32:02,Affluent,Germany,Partner
CUST010428,2023-11-25 13:29:42,Mass Market,Germany,Referral
CUST010429,2025-06-13 06:43:29,Affluent,Germany,Paid
CUST010430,2024-06-05 17:43:43,SME,Netherlands,Organic
CUST010431,2025-01-04 18:26:44,Mass Market,Germany,Referral
CUST010432,2024-11-13 12:25:59,Affluent,Netherlands,Paid
CUST010433,2024-12-24 09:04:39,SME,Germany,Organic
CUST010434,2025-07-27 02:46:16,Affluent,France,Paid
CUST010435,2026-02-21 02:03:56,Mass Market,Belgium,Referral
CUST010436,2023-05-10 08:29:27,Affluent,France,Branch
CUST010437,2026-04-02 03:06:31,Affluent,France,Referral
CUST010438,2024-11-15 18:51:15,Mass Market,France,Partner
CUST010439,2024-09-22 21:44:17,Mass Market,Netherlands,Referral
CUST010440,2023-07-02 23:08:11,Mass Market,Germany,Organic
CUST010441,2023-11-28 16:06:36,Mass Market,France,Partner
CUST010442,2024-12-25 12:25:15,Mass Market,Germany,Partner
CUST010443,2023-09-01 03:55:01,Mass Market,Germany,Branch
CUST010444,2023-04-26 08:09:01,Affluent,Germany,Organic
CUST010445,2025-10-01 11:59:44,Affluent,Germany,Branch
CUST010446,2023-11-26 14:19:43,Mass Market,Germany,Partner
CUST010447,2024-12-13 18:43:23,Mass Market,Netherlands,Organic
CUST010448,2022-02-22 03:33:49,Mass Market,France,Paid
CUST010449,2022-05-10 04:31:52,Mass Market,Germany,Organic
CUST010450,2025-11-19 03:27:37,Mass Market,Germany,Partner
CUST010451,2022-08-26 17:38:25,Mass Market,France,Paid
CUST010452,2025-08-23 13:56:50,SME,Germany,Referral
CUST010453,2026-02-14 02:39:34,Mass Market,Netherlands,Partner
CUST010454,2024-03-15 21:27:41,Mass Market,Germany,Referral
CUST010455,2026-01-18 21:08:30,Affluent,Belgium,Paid
CUST010456,2023-12-16 07:45:43,Mass Market,Germany,Referral
CUST010457,2026-05-11 11:07:56,Mass Market,France,Referral
CUST010458,2023-02-01 10:57:54,Mass Market,Germany,Partner
CUST010459,2023-10-13 06:20:17,Mass Market,Germany,Organic
CUST010460,2025-08-03 22:47:45,Mass Market,Austria,Branch
CUST010461,2022-03-15 02:19:32,Affluent,Belgium,Referral
CUST010462,2022-02-09 04:14:53,Mass Market,Germany,Referral
CUST010463,2023-06-12 20:17:07,Affluent,Germany,Organic
CUST010464,2024-09-23 15:01:39,Mass Market,Belgium,Referral
CUST010465,2024-03-30 11:24:38,Affluent,Germany,Organic
CUST010466,2026-07-26 00:40:25,Mass Market,Austria,Paid
CUST010467,2025-10-08 09:43:16,Mass Market,Germany,Partner
CUST010468,2022-02-20 12:38:10,Mass Market,Germany,Paid
CUST010469,2024-09-16 10:14:19,Mass Market,Germany,Organic
CUST010470,2024-09-25 17:53:44,Mass Market,France,Paid
CUST010471,2022-04-25 01:43:49,Mass Market,Germany,Organic
CUST010472,2024-12-23 03:43:05,Mass Market,Germany,Partner
CUST010473,2024-05-21 02:42:09,Mass Market,Belgium,Organic
CUST010474,2025-02-13 22:50:33,Mass Market,Germany,Paid
CUST010475,2023-05-13 10:09:41,Mass Market,France,Partner
CUST010476,2023-03-04 09:49:48,Mass Market,Germany,Branch
CUST010477,2025-05-15 12:32:50,Mass Market,France,Paid
CUST010478,2025-04-21 11:31:54,Mass Market,Germany,Paid
CUST010479,2022-09-28 09:25:55,Mass Market,France,Branch
CUST010480,2022-12-28 19:40:54,Mass Market,Netherlands,Branch
CUST010481,2024-09-07 09:27:36,Mass Market,Belgium,Partner
CUST010482,2025-10-18 03:38:49,SME,Belgium,Paid
CUST010483,2022-12-04 09:41:13,Affluent,Germany,Organic
CUST010484,2023-01-02 08:42:50,Mass Market,Germany,Partner
CUST010485,2025-09-12 14:31:29,Mass Market,Germany,Referral
CUST010486,2025-03-10 21:25:10,Mass Market,Netherlands,Branch
CUST010487,2026-02-17 14:55:18,Mass Market,Germany,Organic
CUST010488,2025-08-02 20:48:58,Mass Market,Netherlands,Organic
CUST010489,2026-05-13 21:08:13,Mass Market,Austria,Branch
CUST010490,2022-11-12 22:00:54,Mass Market,Germany,Referral
CUST010491,2023-03-31 16:19:15,Mass Market,Germany,Partner
CUST010492,2023-02-02 21:55:18,Affluent,France,Organic
CUST010493,2022-04-03 16:28:46,Mass Market,Germany,Partner
CUST010494,2025-07-26 15:52:29,Affluent,Germany,Paid
CUST010495,2025-01-11 10:52:29,SME,Germany,Paid
CUST010496,2022-05-24 18:58:00,Mass Market,Belgium,Organic
CUST010497,2022-11-28 06:41:12,Affluent,France,Paid
CUST010498,2022-11-15 22:51:19,Affluent,Germany,Paid
CUST010499,2023-11-05 16:46:51,Mass Market,Germany,Organic
CUST010500,2024-02-01 15:32:39,Mass Market,Netherlands,Paid
CUST010501,2023-04-29 04:40:42,Affluent,Germany,Organic
CUST010502,2026-04-05 06:20:25,Mass Market,Belgium,Paid
CUST010503,2022-12-22 17:56:32,Mass Market,France,Branch
CUST010504,2024-07-28 11:02:01,Mass Market,Austria,Referral
CUST010505,2024-01-03 07:17:25,Mass Market,Netherlands,Organic
CUST010506,2023-10-11 04:44:12,Mass Market,Belgium,Partner
CUST010507,2025-10-12 17:17:50,SME,Netherlands,Organic
CUST010508,2026-06-24 20:02:24,Mass Market,France,Paid
CUST010509,2022-01-10 19:46:48,Mass Market,Germany,Organic
CUST010510,2024-02-15 07:48:26,Mass Market,Netherlands,Branch
CUST010511,2022-07-19 05:29:18,Mass Market,France,Organic
CUST010512,2023-12-27 04:55:01,Affluent,Germany,Branch
CUST010513,2024-10-28 16:18:52,Mass Market,France,Partner
CUST010514,2023-11-20 06:27:47,Mass Market,Germany,Paid
CUST010515,2023-06-01 19:23:43,Mass Market,Germany,Referral
CUST010516,2023-05-17 09:04:14,SME,Germany,Paid
CUST010517,2023-06-29 13:28:52,Affluent,Germany,Partner
CUST010518,2023-09-18 07:19:40,Mass Market,Germany,Referral
CUST010519,2025-02-24 01:31:31,Mass Market,Belgium,Organic
CUST010520,2022-06-10 12:27:18,Mass Market,France,Organic
CUST010521,2022-03-10 06:39:03,Affluent,Belgium,Referral
CUST010522,2024-05-13 23:55:01,Affluent,Austria,Organic
CUST010523,2025-02-13 23:56:29,Mass Market,Germany,Branch
CUST010524,2023-03-09 13:48:27,Affluent,France,Paid
CUST010525,2022-12-03 09:56:02,Mass Market,Germany,Paid
CUST010526,2024-11-10 14:22:53,Mass Market,Belgium,Paid
CUST010527,2023-10-05 09:29:55,Mass Market,Germany,Paid
CUST010528,2025-05-15 16:55:21,Mass Market,Germany,Branch
CUST010529,2022-09-03 00:18:57,Mass Market,Germany,Organic
CUST010530,2022-07-22 12:00:14,Mass Market,France,Partner
CUST010531,2023-10-19 05:46:12,Affluent,Germany,Organic
CUST010532,2025-05-04 11:22:28,SME,Germany,Organic
CUST010533,2024-04-26 05:52:22,Mass Market,Belgium,Organic
CUST010534,2023-08-16 23:37:08,Mass Market,Germany,Partner
CUST010535,2022-09-24 23:32:57,Affluent,France,Partner
CUST010536,2022-10-01 05:34:49,Mass Market,France,Organic
CUST010537,2025-06-17 18:38:59,Affluent,Germany,Branch
CUST010538,2023-01-14 17:12:57,Mass Market,Germany,Paid
CUST010539,2024-04-20 02:11:24,Mass Market,Germany,Referral
CUST010540,2025-09-29 21:14:06,Affluent,Austria,Organic
CUST010541,2026-02-10 04:19:31,Mass Market,France,Partner
CUST010542,2023-03-24 12:12:30,Mass Market,Germany,Paid
CUST010543,2022-07-03 06:47:03,Mass Market,Belgium,Paid
CUST010544,2025-07-19 07:15:56,Affluent,Germany,Referral
CUST010545,2023-07-08 18:22:11,SME,Germany,Partner
CUST010546,2024-09-19 10:39:38,Mass Market,Germany,Paid
CUST010547,2022-11-12 13:27:35,Mass Market,Netherlands,Referral
CUST010548,2025-03-17 12:58:28,Mass Market,Germany,Paid
CUST010549,2025-05-01 01:26:16,Mass Market,France,Organic
CUST010550,2023-05-16 13:04:32,Mass Market,Germany,Partner
CUST010551,2024-02-23 09:46:29,Mass Market,Netherlands,Branch
CUST010552,2023-07-13 13:29:05,Mass Market,Netherlands,Organic
CUST010553,2022-02-22 07:05:36,Mass Market,Germany,Partner
CUST010554,2022-08-01 20:42:01,Mass Market,Germany,Referral
CUST010555,2026-05-25 00:34:09,Mass Market,France,Partner
CUST010556,2024-02-02 11:43:37,Mass Market,Germany,Paid
CUST010557,2022-09-05 01:03:00,Mass Market,Germany,Organic
CUST010558,2022-03-16 00:27:39,Mass Market,France,Organic
CUST010559,2023-08-14 21:30:54,Mass Market,Germany,Paid
CUST010560,2026-07-02 06:36:28,Mass Market,Netherlands,Partner
CUST010561,2023-10-06 09:02:20,Mass Market,Germany,Paid
CUST010562,2026-07-30 02:20:10,Mass Market,Germany,Paid
CUST010563,2024-03-29 07:50:34,Mass Market,France,Partner
CUST010564,2025-07-01 08:03:27,Mass Market,Netherlands,Organic
CUST010565,2025-08-06 06:17:51,Mass Market,Germany,Referral
CUST010566,2022-01-11 04:23:26,Mass Market,Germany,Partner
CUST010567,2026-04-09 02:14:18,Mass Market,Germany,Partner
CUST010568,2022-08-10 18:02:57,Mass Market,Germany,Paid
CUST010569,2024-12-16 02:15:54,Mass Market,Austria,Paid
CUST010570,2026-03-25 11:37:40,Affluent,Germany,Paid
CUST010571,2026-05-09 11:38:17,Mass Market,France,Referral
CUST010572,2023-05-11 12:56:44,Affluent,Germany,Partner
CUST010573,2025-09-28 16:12:26,Mass Market,Germany,Referral
CUST010574,2024-12-16 16:02:14,Affluent,Netherlands,Organic
CUST010575,2026-04-01 08:17:31,Affluent,France,Referral
CUST010576,2022-09-03 07:34:08,Mass Market,Germany,Paid
CUST010577,2024-10-01 20:57:00,Mass Market,Germany,Organic
CUST010578,2022-02-10 22:43:52,Mass Market,Germany,Organic
CUST010579,2023-08-21 10:05:41,Mass Market,Germany,Referral
CUST010580,2022-01-20 01:47:10,Mass Market,Netherlands,Partner
CUST010581,2024-01-11 13:15:19,SME,Germany,Referral
CUST010582,2025-09-18 03:16:32,Affluent,Germany,Partner
CUST010583,2025-01-05 05:31:13,SME,Germany,Referral
CUST010584,2023-06-14 19:28:49,Affluent,Belgium,Partner
CUST010585,2023-12-15 19:55:17,Affluent,Germany,Partner
CUST010586,2023-09-07 08:48:35,Affluent,France,Organic
CUST010587,2025-05-08 08:33:55,Mass Market,Germany,Partner
CUST010588,2023-03-22 02:26:42,Affluent,Germany,Partner
CUST010589,2022-06-03 13:40:37,Mass Market,Germany,Organic
CUST010590,2024-04-27 06:01:30,Mass Market,Netherlands,Organic
CUST010591,2025-10-19 17:42:15,Mass Market,Germany,Paid
CUST010592,2024-03-08 18:33:38,Mass Market,Austria,Organic
CUST010593,2022-12-08 09:40:54,SME,Germany,Partner
CUST010594,2022-03-19 00:21:24,Mass Market,Belgium,Paid
CUST010595,2026-04-28 06:43:46,Mass Market,Germany,Branch
CUST010596,2025-06-25 22:22:17,Mass Market,Germany,Paid
CUST010597,2022-09-18 01:44:30,Mass Market,Netherlands,Partner
CUST010598,2022-05-04 14:38:51,Mass Market,Germany,Partner
CUST010599,2022-08-04 23:06:03,Mass Market,Germany,Partner
CUST010600,2023-09-22 13:28:17,Mass Market,Netherlands,Paid
CUST010601,2025-09-19 10:57:52,Mass Market,France,Paid
CUST010602,2022-09-25 07:24:15,Mass Market,Belgium,Organic
CUST010603,2025-09-30 20:52:00,Mass Market,Germany,Partner
CUST010604,2022-01-04 03:49:17,Mass Market,France,Paid
CUST010605,2025-05-20 04:56:16,Affluent,France,Paid
CUST010606,2023-04-18 04:45:18,Affluent,France,Branch
CUST010607,2026-05-26 00:09:59,Affluent,France,Partner
CUST010608,2024-03-06 14:43:39,Mass Market,Netherlands,Organic
CUST010609,2023-03-29 08:12:51,Mass Market,Belgium,Paid
CUST010610,2023-02-11 04:06:23,SME,Germany,Partner
CUST010611,2025-10-14 03:45:38,SME,Germany,Referral
CUST010612,2023-11-05 19:30:40,Mass Market,Germany,Referral
CUST010613,2023-08-12 14:40:56,Mass Market,Germany,Paid
CUST010614,2025-05-15 00:53:32,Mass Market,France,Branch
CUST010615,2024-06-17 12:43:55,Mass Market,Germany,Organic
CUST010616,2025-01-14 22:24:00,SME,Germany,Organic
CUST010617,2024-01-16 01:02:16,SME,Belgium,Organic
CUST010618,2022-04-18 00:15:34,SME,Belgium,Paid
CUST010619,2022-01-10 18:44:58,Mass Market,France,Paid
CUST010620,2022-03-07 09:12:36,Mass Market,Germany,Organic
CUST010621,2024-08-18 12:01:08,Affluent,Germany,Organic
CUST010622,2024-05-08 18:44:14,Mass Market,Germany,Organic
CUST010623,2025-06-03 19:54:58,Mass Market,Germany,Branch
CUST010624,2026-02-04 20:01:50,Mass Market,Germany,Referral
CUST010625,2022-10-19 20:26:16,Mass Market,Netherlands,Partner
CUST010626,2026-05-20 14:04:42,Mass Market,Germany,Referral
CUST010627,2026-04-07 17:29:11,Affluent,Germany,Partner
CUST010628,2024-10-26 20:19:35,Mass Market,France,Organic
CUST010629,2024-06-05 19:52:21,Mass Market,Germany,Branch
CUST010630,2022-10-23 09:00:37,Mass Market,Germany,Paid
CUST010631,2022-10-26 00:39:20,Mass Market,Germany,Paid
CUST010632,2022-02-01 04:54:29,Mass Market,Germany,Branch
CUST010633,2024-12-16 00:35:02,Mass Market,Germany,Organic
CUST010634,2023-12-26 05:10:39,Affluent,Germany,Paid
CUST010635,2022-11-17 21:28:27,Mass Market,Germany,Referral
CUST010636,2022-08-12 19:02:19,Mass Market,Netherlands,Paid
CUST010637,2022-04-17 05:27:58,Mass Market,Netherlands,Paid
CUST010638,2024-12-07 16:21:11,Mass Market,Germany,Branch
CUST010639,2025-02-19 20:19:48,Mass Market,Belgium,Branch
CUST010640,2024-11-22 02:16:27,Mass Market,Germany,Branch
CUST010641,2022-07-05 01:57:51,Mass Market,Germany,Organic
CUST010642,2022-03-11 03:37:07,Mass Market,Germany,Referral
CUST010643,2022-06-27 14:17:37,Mass Market,Germany,Partner
CUST010644,2025-06-10 16:07:47,Mass Market,Germany,Partner
CUST010645,2025-05-22 04:27:19,Mass Market,Austria,Organic
CUST010646,2023-05-08 22:58:48,Mass Market,Germany,Partner
CUST010647,2022-04-03 07:09:18,Mass Market,Germany,Organic
CUST010648,2023-06-19 14:17:13,Mass Market,Germany,Branch
CUST010649,2025-09-15 22:25:03,Affluent,Belgium,Partner
CUST010650,2022-08-28 19:01:57,Mass Market,Germany,Partner
CUST010651,2025-08-24 03:51:26,Affluent,Belgium,Organic
CUST010652,2024-02-14 16:38:50,Mass Market,Germany,Paid
CUST010653,2022-08-25 09:50:07,Mass Market,Netherlands,Paid
CUST010654,2026-04-11 11:15:08,Mass Market,Germany,Referral
CUST010655,2024-05-16 17:34:42,Mass Market,Germany,Partner
CUST010656,2025-01-27 20:00:26,SME,Germany,Organic
CUST010657,2022-06-11 13:23:15,SME,Germany,Paid
CUST010658,2023-09-14 09:18:03,Affluent,Germany,Organic
CUST010659,2024-11-23 15:49:04,Mass Market,Germany,Paid
CUST010660,2024-12-15 00:44:45,Affluent,France,Paid
CUST010661,2022-04-16 05:15:19,Mass Market,France,Organic
CUST010662,2024-10-07 08:19:37,Affluent,Germany,Organic
CUST010663,2026-04-29 04:07:40,Mass Market,France,Partner
CUST010664,2025-08-07 20:00:49,Affluent,Netherlands,Paid
CUST010665,2022-12-14 07:49:08,Mass Market,Austria,Organic
CUST010666,2026-03-06 20:55:12,Mass Market,Germany,Partner
CUST010667,2025-02-15 19:11:48,SME,Germany,Paid
CUST010668,2022-04-06 05:06:00,Mass Market,Austria,Organic
CUST010669,2022-08-03 12:04:41,Affluent,Austria,Organic
CUST010670,2026-03-21 08:17:42,Mass Market,Austria,Paid
CUST010671,2022-12-17 10:41:10,Mass Market,France,Referral
CUST010672,2022-06-11 18:46:37,Affluent,France,Organic
CUST010673,2024-01-24 23:42:27,Mass Market,Austria,Branch
CUST010674,2024-05-28 19:31:13,Affluent,Germany,Paid
CUST010675,2024-08-16 05:12:07,Mass Market,Germany,Referral
CUST010676,2025-01-06 14:55:36,Mass Market,Austria,Branch
CUST010677,2026-07-29 02:23:02,Mass Market,Belgium,Organic
CUST010678,2025-06-23 10:50:56,Mass Market,Germany,Partner
CUST010679,2022-02-13 08:22:03,Affluent,Germany,Paid
CUST010680,2022-05-29 02:17:21,Affluent,Belgium,Organic
CUST010681,2022-01-01 12:37:01,Mass Market,Germany,Referral
CUST010682,2023-10-23 20:01:53,Mass Market,France,Organic
CUST010683,2023-08-09 19:31:50,Mass Market,Germany,Referral
CUST010684,2026-04-10 21:08:40,Mass Market,Germany,Referral
CUST010685,2023-09-05 05:07:21,Affluent,Netherlands,Partner
CUST010686,2022-02-21 06:04:47,Mass Market,Austria,Partner
CUST010687,2026-01-17 18:37:14,Mass Market,Germany,Referral
CUST010688,2023-03-12 04:12:31,Mass Market,Germany,Organic
CUST010689,2026-03-06 20:06:44,Mass Market,Germany,Referral
CUST010690,2025-07-18 21:02:28,Affluent,Germany,Organic
CUST010691,2026-01-12 05:42:22,Mass Market,Austria,Organic
CUST010692,2025-10-02 13:42:39,Mass Market,Germany,Paid
CUST010693,2022-08-28 09:28:36,Mass Market,Austria,Paid
CUST010694,2024-11-12 23:22:37,Mass Market,Belgium,Organic
CUST010695,2023-11-21 00:56:34,Mass Market,Germany,Partner
CUST010696,2024-11-17 07:34:15,Affluent,Germany,Partner
CUST010697,2025-06-01 02:52:47,Mass Market,Austria,Branch
CUST010698,2024-04-17 14:22:02,Mass Market,Germany,Referral
CUST010699,2023-06-07 16:27:24,Mass Market,Belgium,Referral
CUST010700,2026-03-13 02:37:08,Affluent,Germany,Branch
CUST010701,2025-01-13 22:24:56,Mass Market,Germany,Referral
CUST010702,2026-01-20 15:03:06,Mass Market,Germany,Organic
CUST010703,2023-02-01 12:04:07,Affluent,Germany,Organic
CUST010704,2025-11-02 13:38:41,Mass Market,France,Paid
CUST010705,2023-06-25 18:10:04,Affluent,France,Paid
CUST010706,2024-02-09 22:23:44,Affluent,Germany,Branch
CUST010707,2025-12-09 15:19:15,Affluent,France,Paid
CUST010708,2023-08-17 02:07:24,Mass Market,Germany,Referral
CUST010709,2023-02-23 20:25:35,Mass Market,Austria,Paid
CUST010710,2026-03-11 19:08:57,Affluent,Belgium,Branch
CUST010711,2023-06-05 02:53:39,Mass Market,France,Organic
CUST010712,2023-05-28 01:35:01,Mass Market,Austria,Paid
CUST010713,2023-01-16 16:03:04,Mass Market,Germany,Branch
CUST010714,2022-02-09 08:08:09,Mass Market,Germany,Paid
CUST010715,2024-07-13 10:03:37,Mass Market,Germany,Referral
CUST010716,2023-03-03 04:39:48,SME,Belgium,Paid
CUST010717,2025-11-20 15:59:06,Mass Market,Germany,Referral
CUST010718,2022-10-14 06:06:42,Mass Market,Belgium,Partner
CUST010719,2024-11-28 04:14:40,SME,Germany,Referral
CUST010720,2024-04-27 09:57:08,Mass Market,Germany,Paid
CUST010721,2024-10-20 03:21:03,Mass Market,France,Partner
CUST010722,2022-07-08 11:04:13,Mass Market,France,Paid
CUST010723,2024-02-20 01:51:03,Mass Market,Germany,Partner
CUST010724,2024-11-12 18:05:21,Mass Market,Belgium,Partner
CUST010725,2023-07-25 01:17:43,Mass Market,France,Organic
CUST010726,2026-01-02 19:56:59,Mass Market,Germany,Referral
CUST010727,2024-06-04 09:09:18,Mass Market,Netherlands,Paid
CUST010728,2023-08-30 03:09:27,Mass Market,Germany,Organic
CUST010729,2022-02-21 12:44:53,Mass Market,Belgium,Partner
CUST010730,2024-03-07 20:40:13,Mass Market,Germany,Partner
CUST010731,2023-10-31 20:12:10,Mass Market,France,Partner
CUST010732,2025-12-28 04:08:01,Mass Market,Germany,Branch
CUST010733,2025-08-07 03:16:35,Affluent,Germany,Paid
CUST010734,2022-09-23 19:09:15,Mass Market,France,Branch
CUST010735,2024-09-15 23:13:02,Affluent,Germany,Partner
CUST010736,2024-01-30 18:26:45,Mass Market,France,Paid
CUST010737,2022-06-19 02:40:29,Mass Market,France,Partner
CUST010738,2025-01-18 09:45:55,Mass Market,Germany,Organic
CUST010739,2024-06-17 04:14:46,Mass Market,Germany,Branch
CUST010740,2022-05-27 05:30:20,Mass Market,Netherlands,Paid
CUST010741,2024-02-22 15:19:48,Affluent,Germany,Organic
CUST010742,2025-05-08 08:21:22,Affluent,Germany,Partner
CUST010743,2023-07-01 22:21:38,SME,Germany,Organic
CUST010744,2023-08-20 17:18:01,SME,Germany,Organic
CUST010745,2022-07-04 04:31:27,Mass Market,France,Organic
CUST010746,2022-12-08 15:41:28,Mass Market,Belgium,Branch
CUST010747,2026-06-29 10:03:35,Mass Market,France,Organic
CUST010748,2024-11-03 23:25:38,Mass Market,France,Paid
CUST010749,2022-10-22 08:15:58,Affluent,Germany,Paid
CUST010750,2024-03-18 03:51:37,Mass Market,France,Branch
CUST010751,2022-11-19 06:23:12,Mass Market,Netherlands,Branch
CUST010752,2024-01-11 06:17:31,Mass Market,Germany,Branch
CUST010753,2022-09-01 09:56:32,Affluent,Netherlands,Paid
CUST010754,2024-10-31 15:16:38,Mass Market,Germany,Paid
CUST010755,2024-08-11 08:42:22,Affluent,Germany,Referral
CUST010756,2024-11-25 02:27:56,Mass Market,Germany,Organic
CUST010757,2024-01-12 19:34:21,Mass Market,Germany,Organic
CUST010758,2023-04-24 03:41:37,Mass Market,Germany,Branch
CUST010759,2023-02-22 06:13:50,Affluent,Germany,Organic
CUST010760,2022-12-26 17:20:47,Affluent,Germany,Paid
CUST010761,2023-12-19 23:54:05,Mass Market,Germany,Organic
CUST010762,2024-01-25 20:14:55,Mass Market,Germany,Organic
CUST010763,2025-01-31 03:05:05,Mass Market,Germany,Branch
CUST010764,2022-03-29 16:05:41,Mass Market,Belgium,Organic
CUST010765,2023-04-17 00:04:44,Mass Market,France,Paid
CUST010766,2025-11-26 14:07:25,Mass Market,Germany,Organic
CUST010767,2026-03-11 06:58:56,Mass Market,Germany,Paid
CUST010768,2026-04-06 11:23:38,Affluent,Germany,Referral
CUST010769,2023-05-28 05:03:42,Affluent,Germany,Partner
CUST010770,2022-08-18 06:47:21,Affluent,Germany,Partner
CUST010771,2022-11-28 08:31:41,SME,Germany,Paid
CUST010772,2022-08-09 11:51:28,SME,Germany,Organic
CUST010773,2026-05-16 00:53:54,Mass Market,France,Paid
CUST010774,2026-01-17 00:34:24,Mass Market,Germany,Branch
CUST010775,2025-09-17 06:10:34,Mass Market,Germany,Referral
CUST010776,2025-05-05 05:29:06,Affluent,Germany,Organic
CUST010777,2023-07-28 17:25:35,Mass Market,Belgium,Referral
CUST010778,2024-03-06 08:24:13,Mass Market,France,Referral
CUST010779,2025-11-07 20:58:38,Mass Market,France,Referral
CUST010780,2025-09-23 14:55:48,Mass Market,Belgium,Referral
CUST010781,2024-05-17 10:58:41,Mass Market,France,Branch
CUST010782,2025-11-01 09:40:38,Affluent,Germany,Organic
CUST010783,2023-08-03 18:29:03,Mass Market,Netherlands,Paid
CUST010784,2025-11-04 19:56:01,Affluent,Germany,Branch
CUST010785,2023-09-22 09:10:26,Mass Market,France,Partner
CUST010786,2025-06-11 14:52:47,Affluent,Germany,Partner
CUST010787,2024-01-28 21:26:54,Mass Market,Germany,Paid
CUST010788,2023-05-14 01:07:18,Mass Market,Germany,Organic
CUST010789,2023-01-01 21:23:15,SME,Germany,Branch
CUST010790,2024-10-11 08:47:43,SME,France,Paid
CUST010791,2024-03-12 23:46:39,Affluent,Germany,Partner
CUST010792,2023-09-10 14:53:27,Affluent,Germany,Organic
CUST010793,2025-05-27 13:23:18,Mass Market,Germany,Branch
CUST010794,2022-01-02 18:12:48,Mass Market,Netherlands,Organic
CUST010795,2022-06-04 03:32:20,Mass Market,Netherlands,Branch
CUST010796,2026-05-28 03:44:31,Affluent,France,Organic
CUST010797,2025-01-14 10:07:39,Affluent,Germany,Branch
CUST010798,2022-01-25 15:15:08,SME,Germany,Paid
CUST010799,2024-09-27 13:54:12,Affluent,Germany,Referral
CUST010800,2023-12-28 23:30:30,Mass Market,Germany,Partner
CUST010801,2024-09-30 00:26:35,Mass Market,Germany,Organic
CUST010802,2022-03-10 13:15:57,Mass Market,Belgium,Organic
CUST010803,2024-07-09 16:08:25,Mass Market,Germany,Referral
CUST010804,2024-08-24 04:42:45,Affluent,Germany,Partner
CUST010805,2023-04-30 23:02:23,Mass Market,France,Paid
CUST010806,2022-04-02 03:28:44,Affluent,Germany,Organic
CUST010807,2026-06-13 11:24:24,Mass Market,Germany,Referral
CUST010808,2025-04-01 02:15:15,Mass Market,France,Partner
CUST010809,2024-11-05 10:18:36,Affluent,Netherlands,Partner
CUST010810,2025-07-06 13:45:31,Mass Market,Netherlands,Paid
CUST010811,2025-01-26 18:43:56,Affluent,Belgium,Paid
CUST010812,2022-08-13 16:57:21,Mass Market,Germany,Paid
CUST010813,2024-01-31 09:55:25,Mass Market,France,Organic
CUST010814,2026-01-25 20:32:29,Mass Market,Belgium,Branch
CUST010815,2023-04-27 07:18:08,Mass Market,Germany,Paid
CUST010816,2026-06-14 12:47:13,Affluent,Netherlands,Paid
CUST010817,2022-04-18 14:11:45,SME,Austria,Paid
CUST010818,2023-07-07 23:15:18,Affluent,France,Paid
CUST010819,2023-08-09 14:02:14,Mass Market,Germany,Partner
CUST010820,2024-10-29 07:43:56,SME,Germany,Partner
CUST010821,2022-10-22 10:26:15,Mass Market,France,Referral
CUST010822,2023-01-19 02:57:46,Mass Market,Belgium,Organic
CUST010823,2025-01-12 00:16:40,Affluent,Germany,Referral
CUST010824,2023-04-21 21:41:27,Affluent,Germany,Branch
CUST010825,2026-01-09 16:40:04,SME,Germany,Branch
CUST010826,2023-05-22 04:56:48,Affluent,Germany,Organic
CUST010827,2024-07-25 05:37:07,Mass Market,Netherlands,Paid
CUST010828,2023-07-11 13:54:50,Mass Market,Germany,Branch
CUST010829,2023-07-31 15:01:56,Mass Market,Germany,Referral
CUST010830,2025-01-25 20:23:12,Mass Market,France,Organic
CUST010831,2023-05-06 02:31:17,Mass Market,Germany,Referral
CUST010832,2022-09-07 13:57:50,Mass Market,France,Referral
CUST010833,2023-03-10 05:48:05,Mass Market,Germany,Referral
CUST010834,2026-04-04 00:27:54,Mass Market,Germany,Paid
CUST010835,2023-03-10 14:07:13,Affluent,Belgium,Partner
CUST010836,2023-09-01 08:26:37,Mass Market,Germany,Partner
CUST010837,2024-11-17 09:11:41,Mass Market,Germany,Paid
CUST010838,2022-06-19 04:55:52,Mass Market,Germany,Referral
CUST010839,2023-03-25 20:42:25,Mass Market,France,Organic
CUST010840,2022-10-20 01:43:11,Mass Market,Germany,Organic
CUST010841,2026-03-26 12:49:45,Mass Market,France,Referral
CUST010842,2026-04-09 13:14:04,SME,Germany,Paid
CUST010843,2025-06-17 14:05:52,Affluent,Belgium,Organic
CUST010844,2023-02-18 04:24:10,Mass Market,France,Referral
CUST010845,2024-10-27 15:30:07,Mass Market,Netherlands,Referral
CUST010846,2025-01-12 07:31:21,Mass Market,Netherlands,Referral
CUST010847,2025-12-24 14:25:22,Mass Market,Netherlands,Paid
CUST010848,2022-09-19 02:35:53,Mass Market,Germany,Partner
CUST010849,2025-05-16 00:24:09,SME,Germany,Organic
CUST010850,2022-11-21 12:54:45,Mass Market,Belgium,Organic
CUST010851,2024-08-08 20:31:07,Mass Market,Belgium,Organic
CUST010852,2026-01-10 02:04:16,Affluent,Belgium,Paid
CUST010853,2022-04-14 18:52:16,Mass Market,Austria,Partner
CUST010854,2022-09-05 12:16:37,Mass Market,France,Organic
CUST010855,2025-09-21 13:17:53,Mass Market,Germany,Referral
CUST010856,2022-02-01 08:25:24,Mass Market,Netherlands,Branch
CUST010857,2025-02-19 12:45:20,Mass Market,Germany,Organic
CUST010858,2024-04-18 01:29:07,SME,Netherlands,Referral
CUST010859,2023-08-03 12:30:33,Mass Market,Netherlands,Partner
CUST010860,2025-12-13 11:30:05,Affluent,France,Paid
CUST010861,2025-11-20 11:01:51,Mass Market,Germany,Paid
CUST010862,2023-06-30 01:22:07,Affluent,France,Referral
CUST010863,2022-01-08 09:40:05,Mass Market,Belgium,Organic
CUST010864,2022-08-03 06:53:44,Mass Market,Germany,Partner
CUST010865,2022-06-29 12:19:30,Mass Market,Germany,Organic
CUST010866,2026-07-01 06:57:31,Mass Market,France,Organic
CUST010867,2024-09-25 00:03:43,Mass Market,Belgium,Partner
CUST010868,2025-02-05 12:10:03,Mass Market,France,Organic
CUST010869,2023-01-22 01:44:52,Affluent,France,Referral
CUST010870,2025-11-23 08:30:49,Mass Market,Germany,Partner
CUST010871,2025-04-23 07:16:49,Mass Market,Germany,Organic
CUST010872,2025-06-11 13:48:16,Affluent,Belgium,Referral
CUST010873,2024-02-22 21:40:00,Mass Market,Germany,Paid
CUST010874,2025-03-13 11:03:57,Mass Market,Germany,Partner
CUST010875,2024-06-28 15:41:48,Affluent,Germany,Organic
CUST010876,2023-10-05 23:47:12,Affluent,Germany,Organic
CUST010877,2024-09-20 23:50:33,Mass Market,Germany,Referral
CUST010878,2023-06-27 07:06:54,Mass Market,Netherlands,Branch
CUST010879,2026-05-13 03:49:25,Mass Market,Germany,Paid
CUST010880,2025-04-13 18:06:52,Mass Market,France,Paid
CUST010881,2025-05-20 13:57:22,Affluent,Germany,Partner
CUST010882,2025-04-13 08:15:34,SME,Belgium,Organic
CUST010883,2024-01-20 15:08:48,Mass Market,Germany,Referral
CUST010884,2026-05-09 09:12:38,Mass Market,Germany,Organic
CUST010885,2022-12-14 13:04:16,Affluent,Germany,Organic
CUST010886,2024-08-08 19:10:52,Mass Market,Austria,Organic
CUST010887,2022-04-27 01:27:06,Affluent,France,Paid
CUST010888,2023-05-08 14:33:20,Mass Market,France,Referral
CUST010889,2024-08-18 15:26:50,Mass Market,Germany,Partner
CUST010890,2024-03-29 11:48:41,Mass Market,Germany,Organic
CUST010891,2026-04-23 14:54:39,SME,Austria,Organic
CUST010892,2024-10-23 03:06:28,Mass Market,Germany,Organic
CUST010893,2023-11-19 23:37:28,Affluent,Netherlands,Partner
CUST010894,2023-12-15 11:48:48,Mass Market,Netherlands,Partner
CUST010895,2024-10-19 14:01:14,Mass Market,France,Organic
CUST010896,2025-08-15 18:35:23,Mass Market,Germany,Referral
CUST010897,2023-04-08 08:37:50,Mass Market,Germany,Partner
CUST010898,2024-09-04 11:21:32,Mass Market,Germany,Branch
CUST010899,2024-08-18 22:29:20,Mass Market,Austria,Partner
CUST010900,2022-01-16 18:38:12,Mass Market,Belgium,Paid
CUST010901,2026-03-07 03:42:24,Mass Market,Germany,Organic
CUST010902,2024-08-10 18:32:06,Affluent,Belgium,Branch
CUST010903,2023-02-09 18:05:02,SME,Germany,Organic
CUST010904,2024-11-25 09:15:09,Mass Market,Germany,Paid
CUST010905,2025-02-07 07:18:04,Mass Market,Germany,Paid
CUST010906,2026-03-11 07:36:12,SME,Belgium,Partner
CUST010907,2022-02-26 23:20:06,Mass Market,Germany,Partner
CUST010908,2023-11-23 17:49:23,Affluent,Germany,Partner
CUST010909,2022-10-29 05:16:53,Mass Market,Germany,Organic
CUST010910,2024-08-18 12:14:17,Affluent,Germany,Partner
CUST010911,2024-04-18 16:31:23,Mass Market,Germany,Branch
CUST010912,2024-03-05 04:41:51,Mass Market,Germany,Organic
CUST010913,2026-06-30 22:44:57,Mass Market,Netherlands,Organic
CUST010914,2024-06-07 22:18:32,Mass Market,Austria,Branch
CUST010915,2023-11-19 05:07:35,Mass Market,Germany,Paid
CUST010916,2022-04-23 12:46:39,SME,Austria,Paid
CUST010917,2023-04-30 05:24:11,Mass Market,Netherlands,Paid
CUST010918,2026-02-09 06:11:56,Mass Market,Belgium,Partner
CUST010919,2024-01-26 04:38:02,Mass Market,Germany,Partner
CUST010920,2026-03-03 05:01:34,Mass Market,Belgium,Referral
CUST010921,2024-06-09 13:16:32,Mass Market,France,Paid
CUST010922,2024-07-05 08:32:09,Mass Market,Germany,Organic
CUST010923,2023-12-20 18:01:21,Affluent,Netherlands,Paid
CUST010924,2024-07-19 13:27:35,Affluent,Germany,Paid
CUST010925,2022-04-22 11:56:54,Mass Market,Netherlands,Partner
CUST010926,2022-04-07 05:36:30,Affluent,France,Partner
CUST010927,2024-03-06 11:52:26,Mass Market,Germany,Branch
CUST010928,2024-09-26 18:33:29,Mass Market,Germany,Organic
CUST010929,2024-07-10 01:11:37,SME,Belgium,Organic
CUST010930,2023-12-19 13:00:10,Affluent,Germany,Referral
CUST010931,2023-05-07 14:38:51,Mass Market,Belgium,Partner
CUST010932,2025-03-31 12:30:10,Mass Market,France,Organic
CUST010933,2024-10-08 01:51:41,Mass Market,Germany,Branch
CUST010934,2022-03-20 19:01:43,Mass Market,France,Partner
CUST010935,2024-01-27 09:12:56,Mass Market,Austria,Paid
CUST010936,2025-04-03 14:30:03,Mass Market,Austria,Referral
CUST010937,2025-08-04 03:19:31,Affluent,Germany,Partner
CUST010938,2023-04-25 16:28:31,Affluent,Germany,Paid
CUST010939,2026-03-27 13:16:08,Mass Market,Germany,Organic
CUST010940,2024-12-25 15:37:53,Affluent,Netherlands,Paid
CUST010941,2024-01-02 18:53:54,Affluent,Germany,Paid
CUST010942,2024-11-14 13:18:40,Mass Market,Germany,Partner
CUST010943,2025-12-28 04:34:05,Mass Market,Germany,Paid
CUST010944,2023-01-15 06:41:42,Affluent,Austria,Organic
CUST010945,2022-09-09 09:57:45,SME,Germany,Partner
CUST010946,2024-01-07 10:28:18,Mass Market,Netherlands,Organic
CUST010947,2022-05-21 07:44:01,Mass Market,Germany,Referral
CUST010948,2025-10-29 04:17:29,Affluent,France,Partner
CUST010949,2026-06-11 13:53:45,SME,France,Partner
CUST010950,2024-10-09 13:10:53,Mass Market,Belgium,Paid
CUST010951,2026-06-27 07:24:25,Mass Market,Netherlands,Organic
CUST010952,2022-04-25 22:19:50,Affluent,Germany,Partner
CUST010953,2024-11-23 14:43:52,Mass Market,Germany,Organic
CUST010954,2024-01-11 13:02:44,Mass Market,Germany,Partner
CUST010955,2023-04-09 18:08:18,Mass Market,Germany,Organic
CUST010956,2023-06-06 06:45:54,Mass Market,Austria,Partner
CUST010957,2024-06-30 12:57:42,Affluent,Germany,Organic
CUST010958,2024-12-08 19:57:28,Mass Market,Belgium,Organic
CUST010959,2022-10-02 05:22:15,Affluent,Germany,Paid
CUST010960,2024-10-24 13:13:18,Mass Market,Belgium,Partner
CUST010961,2026-03-30 04:16:26,Affluent,Belgium,Organic
CUST010962,2022-01-18 09:15:18,Mass Market,France,Paid
CUST010963,2026-01-08 14:46:52,Mass Market,Germany,Referral
CUST010964,2024-10-13 01:36:19,SME,Belgium,Paid
CUST010965,2025-05-13 16:02:48,Affluent,Belgium,Partner
CUST010966,2024-10-29 22:33:32,Mass Market,Germany,Organic
CUST010967,2025-07-09 07:35:55,Mass Market,Austria,Organic
CUST010968,2022-05-16 21:57:04,Mass Market,Belgium,Organic
CUST010969,2022-04-09 14:34:46,SME,Germany,Branch
CUST010970,2024-12-09 10:45:15,Mass Market,Germany,Organic
CUST010971,2023-05-23 17:12:17,SME,Germany,Organic
CUST010972,2023-02-03 09:20:07,Mass Market,Germany,Organic
CUST010973,2023-12-06 08:51:55,Affluent,Belgium,Referral
CUST010974,2025-04-27 13:24:38,Mass Market,Belgium,Paid
CUST010975,2022-10-28 13:52:44,Mass Market,Germany,Referral
CUST010976,2026-06-16 04:21:56,SME,France,Paid
CUST010977,2023-12-05 11:12:31,Mass Market,France,Referral
CUST010978,2022-09-09 18:27:51,SME,Germany,Branch
CUST010979,2022-04-29 22:17:09,Mass Market,Netherlands,Paid
CUST010980,2022-07-09 07:10:59,Mass Market,France,Branch
CUST010981,2023-12-02 12:08:41,SME,Germany,Branch
CUST010982,2025-01-23 01:23:00,Mass Market,Germany,Organic
CUST010983,2024-05-07 21:31:30,Mass Market,Belgium,Partner
CUST010984,2023-03-16 00:30:27,Mass Market,Germany,Partner
CUST010985,2022-06-30 10:56:22,Mass Market,Germany,Referral
CUST010986,2025-04-04 11:17:37,Affluent,Austria,Partner
CUST010987,2024-03-30 18:18:51,Mass Market,Belgium,Partner
CUST010988,2022-03-22 10:29:56,Mass Market,France,Organic
CUST010989,2022-10-30 23:07:21,Mass Market,Germany,Referral
CUST010990,2024-07-29 20:08:53,Mass Market,France,Organic
CUST010991,2022-10-09 12:57:19,SME,France,Partner
CUST010992,2023-10-17 12:03:07,Affluent,Germany,Organic
CUST010993,2022-07-28 04:49:40,Mass Market,Germany,Referral
CUST010994,2025-08-25 12:52:04,Mass Market,Germany,Referral
CUST010995,2024-11-20 01:04:21,Mass Market,Germany,Organic
CUST010996,2025-08-03 18:24:32,Affluent,Austria,Referral
CUST010997,2022-03-29 16:44:49,Mass Market,Netherlands,Referral
CUST010998,2023-09-20 22:27:26,Mass Market,Germany,Organic
CUST010999,2023-03-24 10:54:20,Mass Market,Germany,Paid
CUST011000,2024-11-07 04:16:04,SME,France,Organic
CUST011001,2025-10-05 12:58:26,Mass Market,Germany,Organic
CUST011002,2023-01-16 11:04:51,Mass Market,Germany,Referral
CUST011003,2025-07-10 23:54:20,Affluent,Austria,Organic
CUST011004,2024-08-28 10:33:55,SME,Belgium,Partner
CUST011005,2025-10-09 19:49:07,Mass Market,Austria,Organic
CUST011006,2022-05-16 20:59:22,Affluent,Germany,Organic
CUST011007,2026-07-15 19:44:19,Mass Market,Belgium,Partner
CUST011008,2023-12-28 15:48:02,Mass Market,Netherlands,Paid
CUST011009,2023-04-14 07:07:40,Mass Market,Germany,Referral
CUST011010,2022-11-02 12:29:47,Affluent,Germany,Organic
CUST011011,2026-07-05 18:30:45,Affluent,Germany,Partner
CUST011012,2026-01-17 00:19:12,Mass Market,Germany,Partner
CUST011013,2022-08-08 08:27:50,Mass Market,Belgium,Partner
CUST011014,2024-01-14 20:58:48,Affluent,France,Partner
CUST011015,2025-05-11 11:22:18,Mass Market,Austria,Organic
CUST011016,2024-09-14 18:34:08,Mass Market,France,Referral
CUST011017,2022-11-13 01:34:57,Affluent,Germany,Partner
CUST011018,2023-08-26 13:24:11,Mass Market,Germany,Referral
CUST011019,2023-09-08 12:36:47,Mass Market,Germany,Organic
CUST011020,2023-04-28 18:36:00,Mass Market,Belgium,Organic
CUST011021,2026-05-26 07:02:01,Mass Market,Germany,Paid
CUST011022,2022-12-06 06:45:54,Mass Market,Germany,Paid
CUST011023,2025-03-27 10:50:57,Affluent,Germany,Organic
CUST011024,2026-03-05 15:34:58,Affluent,Netherlands,Organic
CUST011025,2025-08-21 22:16:25,Mass Market,Germany,Organic
CUST011026,2025-08-29 16:57:46,Affluent,Germany,Organic
CUST011027,2022-09-23 12:45:07,Mass Market,Netherlands,Organic
CUST011028,2022-08-11 19:30:11,Affluent,Germany,Referral
CUST011029,2025-08-02 01:00:10,Mass Market,France,Branch
CUST011030,2025-06-02 12:34:32,Mass Market,France,Paid
CUST011031,2023-12-01 18:48:10,Mass Market,Germany,Organic
CUST011032,2024-05-25 04:45:00,Mass Market,Germany,Paid
CUST011033,2022-01-26 17:50:13,SME,Germany,Referral
CUST011034,2023-05-02 14:22:48,Mass Market,Germany,Branch
CUST011035,2024-06-02 10:19:25,Mass Market,France,Organic
CUST011036,2022-07-30 05:02:39,Mass Market,Germany,Organic
CUST011037,2022-08-06 10:30:12,Mass Market,Germany,Paid
CUST011038,2022-03-17 14:20:52,Mass Market,France,Paid
CUST011039,2022-12-18 00:14:38,Mass Market,Netherlands,Organic
CUST011040,2026-07-19 02:10:43,Mass Market,Belgium,Partner
CUST011041,2025-03-09 18:43:54,Affluent,Belgium,Organic
CUST011042,2026-05-05 11:33:45,Mass Market,Germany,Organic
CUST011043,2023-03-06 22:35:44,Mass Market,Germany,Partner
CUST011044,2024-09-28 06:38:22,Mass Market,France,Referral
CUST011045,2026-01-31 05:41:23,Affluent,Netherlands,Organic
CUST011046,2023-08-12 14:16:53,Affluent,Germany,Referral
CUST011047,2025-01-03 18:54:29,Mass Market,Austria,Organic
CUST011048,2025-03-04 10:03:42,Mass Market,France,Paid
CUST011049,2025-10-23 13:52:18,Mass Market,Germany,Organic
CUST011050,2026-06-09 23:15:34,Mass Market,Netherlands,Organic
CUST011051,2024-10-25 14:19:32,Affluent,Germany,Organic
CUST011052,2024-08-31 23:54:45,Affluent,Austria,Partner
CUST011053,2025-12-23 17:11:46,Mass Market,Germany,Referral
CUST011054,2025-02-18 12:32:53,Affluent,France,Organic
CUST011055,2023-08-28 17:40:57,Affluent,France,Organic
CUST011056,2024-11-19 14:12:45,Affluent,Germany,Paid
CUST011057,2024-07-07 03:54:47,Affluent,Netherlands,Paid
CUST011058,2023-01-18 11:32:52,Mass Market,Germany,Referral
CUST011059,2024-05-12 13:38:59,SME,Germany,Organic
CUST011060,2024-11-08 14:28:41,Mass Market,Germany,Partner
CUST011061,2026-02-20 03:18:48,Mass Market,Netherlands,Paid
CUST011062,2024-08-28 13:11:28,Mass Market,Belgium,Referral
CUST011063,2022-10-03 17:43:31,Affluent,Germany,Paid
CUST011064,2026-07-10 08:13:25,Mass Market,Netherlands,Organic
CUST011065,2024-08-24 12:25:20,Mass Market,Belgium,Organic
CUST011066,2023-04-26 00:56:49,Affluent,Germany,Partner
CUST011067,2025-06-15 09:48:53,Mass Market,Austria,Paid
CUST011068,2023-10-06 05:21:02,Mass Market,Germany,Partner
CUST011069,2023-09-11 17:21:24,Mass Market,Belgium,Organic
CUST011070,2025-11-04 12:57:30,Affluent,France,Organic
CUST011071,2025-12-21 14:18:41,Mass Market,Austria,Partner
CUST011072,2024-05-26 00:05:22,Mass Market,Germany,Organic
CUST011073,2023-09-16 16:20:11,Mass Market,Germany,Branch
CUST011074,2025-12-14 09:32:23,SME,Belgium,Referral
CUST011075,2022-10-17 18:32:02,Affluent,Netherlands,Organic
CUST011076,2025-06-03 07:30:24,Mass Market,France,Partner
CUST011077,2024-09-03 12:41:32,Affluent,France,Organic
CUST011078,2025-11-28 23:35:39,Affluent,France,Branch
CUST011079,2023-12-05 04:33:11,Affluent,Germany,Partner
CUST011080,2025-10-23 03:33:25,Mass Market,Germany,Paid
CUST011081,2022-01-26 09:32:54,Mass Market,Germany,Partner
CUST011082,2025-06-21 19:45:34,Affluent,Germany,Organic
CUST011083,2022-04-27 18:28:58,Mass Market,Belgium,Organic
CUST011084,2024-12-10 02:20:11,Mass Market,Germany,Organic
CUST011085,2022-11-23 12:04:57,Mass Market,Germany,Paid
CUST011086,2026-05-30 22:03:34,Mass Market,Germany,Organic
CUST011087,2025-07-10 07:40:21,Mass Market,Belgium,Branch
CUST011088,2022-06-24 22:03:43,Mass Market,Germany,Paid
CUST011089,2026-01-31 11:45:42,Mass Market,Germany,Referral
CUST011090,2023-02-26 05:55:31,Affluent,Netherlands,Organic
CUST011091,2024-07-01 07:28:37,Mass Market,Germany,Referral
CUST011092,2022-05-23 13:53:02,Mass Market,Netherlands,Partner
CUST011093,2022-06-26 12:07:51,Mass Market,Germany,Partner
CUST011094,2023-02-08 11:28:08,Mass Market,Netherlands,Referral
CUST011095,2024-06-12 13:09:49,Affluent,Germany,Paid
CUST011096,2025-12-01 13:44:09,Mass Market,Germany,Partner
CUST011097,2022-10-04 02:44:08,Affluent,Germany,Branch
CUST011098,2025-06-07 03:02:17,SME,France,Organic
CUST011099,2022-01-10 19:57:29,Mass Market,Belgium,Organic
CUST011100,2023-05-02 17:11:13,Mass Market,Germany,Branch
CUST011101,2022-10-20 14:50:25,Mass Market,France,Branch
CUST011102,2022-07-27 03:28:56,Mass Market,Germany,Paid
CUST011103,2024-09-04 07:48:22,Mass Market,Netherlands,Referral
CUST011104,2026-02-14 22:33:18,Mass Market,Austria,Branch
CUST011105,2025-01-20 04:26:22,Mass Market,Germany,Paid
CUST011106,2025-11-29 00:52:23,Mass Market,Germany,Organic
CUST011107,2024-09-15 21:26:09,Mass Market,Netherlands,Paid
CUST011108,2022-03-31 19:29:24,Mass Market,Belgium,Paid
CUST011109,2025-10-09 04:24:35,Mass Market,France,Organic
CUST011110,2022-03-15 22:01:47,Affluent,Germany,Branch
CUST011111,2022-06-12 12:56:55,Mass Market,Netherlands,Partner
CUST011112,2025-10-26 02:49:29,Mass Market,Germany,Referral
CUST011113,2022-04-16 19:26:44,Mass Market,Austria,Partner
CUST011114,2026-05-24 04:34:45,Affluent,Belgium,Organic
CUST011115,2025-06-22 09:08:12,Affluent,Belgium,Partner
CUST011116,2025-01-17 01:44:57,Mass Market,Belgium,Partner
CUST011117,2024-06-15 17:04:21,Mass Market,Austria,Partner
CUST011118,2022-05-30 09:01:54,Mass Market,Germany,Organic
CUST011119,2023-11-25 02:58:59,Mass Market,Belgium,Referral
CUST011120,2025-09-12 13:40:20,Mass Market,Germany,Organic
CUST011121,2026-02-20 06:10:55,Mass Market,Germany,Paid
CUST011122,2024-01-18 08:28:30,SME,Germany,Partner
CUST011123,2025-11-04 07:34:25,Mass Market,Germany,Branch
CUST011124,2025-07-22 11:12:17,Mass Market,Germany,Paid
CUST011125,2022-04-07 08:18:52,Mass Market,Germany,Organic
CUST011126,2024-11-02 22:23:17,Mass Market,Germany,Branch
CUST011127,2024-10-27 02:20:55,SME,Germany,Branch
CUST011128,2024-06-26 16:39:01,SME,Germany,Organic
CUST011129,2025-07-15 05:32:46,Mass Market,France,Referral
CUST011130,2026-01-27 05:47:59,Affluent,France,Branch
CUST011131,2024-07-09 10:05:09,Mass Market,Netherlands,Organic
CUST011132,2023-06-20 16:30:06,Mass Market,Netherlands,Referral
CUST011133,2026-07-02 14:02:40,Mass Market,France,Organic
CUST011134,2026-05-31 04:28:30,Mass Market,Germany,Referral
CUST011135,2025-02-21 01:42:51,Mass Market,Germany,Organic
CUST011136,2024-12-07 03:27:53,Mass Market,Germany,Partner
CUST011137,2022-06-24 03:03:02,Mass Market,Germany,Referral
CUST011138,2023-11-03 12:02:45,SME,Belgium,Organic
CUST011139,2022-11-28 13:18:09,Mass Market,Germany,Referral
CUST011140,2024-05-10 21:39:44,Mass Market,Austria,Organic
CUST011141,2025-10-13 11:35:03,SME,Germany,Organic
CUST011142,2023-01-11 09:56:59,Mass Market,Netherlands,Branch
CUST011143,2026-07-25 13:51:06,Mass Market,Germany,Branch
CUST011144,2022-08-05 13:46:52,Mass Market,Belgium,Referral
CUST011145,2022-06-14 10:09:29,Mass Market,Belgium,Branch
CUST011146,2026-06-18 07:37:00,Mass Market,Germany,Organic
CUST011147,2022-06-17 18:00:53,Mass Market,Germany,Paid
CUST011148,2025-05-14 05:27:11,Mass Market,France,Referral
CUST011149,2025-06-30 09:11:44,Mass Market,Germany,Branch
CUST011150,2023-07-06 22:35:52,Affluent,Germany,Paid
CUST011151,2023-05-31 18:51:17,Affluent,Austria,Paid
CUST011152,2022-04-25 15:10:49,Mass Market,France,Partner
CUST011153,2025-01-28 23:39:56,SME,Germany,Organic
CUST011154,2026-01-26 02:25:40,Affluent,Germany,Referral
CUST011155,2026-07-26 03:01:15,SME,Germany,Organic
CUST011156,2025-08-31 08:27:00,Affluent,Netherlands,Paid
CUST011157,2025-07-19 04:29:59,Mass Market,Germany,Organic
CUST011158,2026-01-13 23:22:05,Mass Market,Germany,Referral
CUST011159,2025-07-11 05:29:37,Affluent,Germany,Branch
CUST011160,2024-12-23 15:48:06,Mass Market,Austria,Paid
CUST011161,2026-07-24 17:41:24,Affluent,Germany,Branch
CUST011162,2023-06-24 06:44:29,Affluent,Netherlands,Paid
CUST011163,2023-11-22 03:17:50,Mass Market,Germany,Organic
CUST011164,2026-02-24 08:32:08,Mass Market,Netherlands,Referral
CUST011165,2023-06-05 00:45:36,SME,Germany,Organic
CUST011166,2023-05-15 11:10:39,Mass Market,Belgium,Organic
CUST011167,2022-09-12 06:51:23,Affluent,Austria,Partner
CUST011168,2023-04-06 15:41:56,SME,Germany,Organic
CUST011169,2024-09-19 13:43:05,Mass Market,Germany,Branch
CUST011170,2026-01-22 01:28:33,Mass Market,Austria,Paid
CUST011171,2022-08-16 19:58:31,Mass Market,Germany,Organic
CUST011172,2025-02-12 08:02:56,Affluent,Belgium,Paid
CUST011173,2025-07-05 07:40:45,Mass Market,Belgium,Organic
CUST011174,2026-02-06 13:31:45,Mass Market,Germany,Partner
CUST011175,2025-06-08 01:55:34,Mass Market,Germany,Organic
CUST011176,2022-09-18 16:00:24,Mass Market,Germany,Referral
CUST011177,2024-03-28 11:06:02,Mass Market,France,Organic
CUST011178,2026-05-12 05:45:57,Mass Market,Germany,Organic
CUST011179,2026-02-27 20:45:42,Affluent,Netherlands,Partner
CUST011180,2024-10-21 12:07:02,Mass Market,France,Paid
CUST011181,2026-05-30 10:53:00,Affluent,Netherlands,Paid
CUST011182,2025-01-21 22:54:36,SME,Germany,Partner
CUST011183,2022-04-19 11:56:11,Mass Market,Germany,Organic
CUST011184,2026-03-09 07:25:22,Mass Market,Germany,Paid
CUST011185,2022-10-09 03:21:45,Mass Market,Germany,Branch
CUST011186,2023-09-29 14:51:19,Mass Market,Germany,Organic
CUST011187,2023-02-03 02:32:41,Mass Market,Belgium,Partner
CUST011188,2025-04-18 03:06:19,Mass Market,Germany,Paid
CUST011189,2022-02-20 03:16:24,Mass Market,Germany,Referral
CUST011190,2024-12-06 15:35:18,Mass Market,France,Organic
CUST011191,2025-12-16 05:53:53,Mass Market,Netherlands,Organic
CUST011192,2025-08-10 02:56:27,Mass Market,Germany,Paid
CUST011193,2023-05-29 06:55:48,Mass Market,Germany,Partner
CUST011194,2026-02-08 16:31:13,Mass Market,Germany,Organic
CUST011195,2023-08-29 07:58:36,Mass Market,Germany,Referral
CUST011196,2025-02-11 01:28:55,Mass Market,Germany,Paid
CUST011197,2024-04-27 03:42:27,Mass Market,Germany,Branch
CUST011198,2022-04-24 02:14:24,Mass Market,France,Branch
CUST011199,2022-01-05 21:48:01,Mass Market,Belgium,Referral
CUST011200,2022-11-03 05:03:20,Mass Market,Germany,Referral
CUST011201,2026-04-12 17:46:11,SME,Germany,Partner
CUST011202,2026-05-15 01:14:11,Mass Market,Belgium,Referral
CUST011203,2023-11-17 16:42:32,Mass Market,France,Organic
CUST011204,2026-06-08 14:00:22,Mass Market,Netherlands,Referral
CUST011205,2022-03-24 16:33:58,Affluent,Belgium,Partner
CUST011206,2026-06-06 12:21:41,SME,France,Referral
CUST011207,2023-01-22 02:12:22,Mass Market,Netherlands,Paid
CUST011208,2022-03-03 12:41:10,Mass Market,Germany,Partner
CUST011209,2025-06-21 03:41:58,Mass Market,Austria,Paid
CUST011210,2023-10-02 10:52:48,Affluent,Netherlands,Paid
CUST011211,2023-05-04 18:41:56,Mass Market,Germany,Paid
CUST011212,2025-06-24 04:08:46,Affluent,France,Referral
CUST011213,2023-07-11 21:04:19,Mass Market,Germany,Organic
CUST011214,2025-06-12 19:48:05,Mass Market,France,Branch
CUST011215,2022-11-23 10:46:41,Mass Market,Germany,Referral
CUST011216,2022-05-24 15:21:09,Mass Market,France,Referral
CUST011217,2023-06-28 06:25:57,Mass Market,Germany,Branch
CUST011218,2024-10-16 01:34:12,Affluent,France,Paid
CUST011219,2023-01-12 03:55:00,Mass Market,France,Branch
CUST011220,2022-08-27 21:04:19,Mass Market,Germany,Paid
CUST011221,2025-06-06 13:54:08,Affluent,Germany,Organic
CUST011222,2024-04-04 15:30:14,SME,Germany,Organic
CUST011223,2023-12-23 09:29:52,Affluent,France,Organic
CUST011224,2023-02-05 18:06:28,Affluent,Austria,Organic
CUST011225,2022-01-30 14:04:32,Mass Market,Germany,Paid
CUST011226,2022-03-30 21:15:05,Affluent,France,Branch
CUST011227,2025-02-13 11:03:35,Mass Market,Austria,Organic
CUST011228,2022-05-14 19:01:10,SME,Netherlands,Branch
CUST011229,2023-02-17 20:43:19,Affluent,Germany,Referral
CUST011230,2026-03-04 00:18:44,Mass Market,Germany,Referral
CUST011231,2023-07-30 03:03:53,Mass Market,Belgium,Referral
CUST011232,2025-05-30 01:09:11,Affluent,Germany,Branch
CUST011233,2023-07-29 00:50:52,Mass Market,Germany,Organic
CUST011234,2026-04-08 00:13:57,Mass Market,France,Paid
CUST011235,2025-10-06 03:40:55,SME,Germany,Paid
CUST011236,2024-02-25 19:45:21,Mass Market,France,Organic
CUST011237,2025-02-18 07:57:10,Mass Market,Austria,Paid
CUST011238,2026-04-29 01:08:46,Mass Market,Austria,Paid
CUST011239,2023-08-23 06:10:04,Mass Market,France,Branch
CUST011240,2025-10-30 13:22:30,Mass Market,Belgium,Organic
CUST011241,2024-10-27 11:10:16,Affluent,Netherlands,Branch
CUST011242,2024-12-12 05:50:42,Mass Market,Austria,Organic
CUST011243,2023-08-11 19:22:30,Affluent,Belgium,Partner
CUST011244,2025-10-24 13:31:20,Affluent,Belgium,Paid
CUST011245,2025-06-01 18:27:08,Mass Market,Germany,Branch
CUST011246,2025-09-25 04:01:47,Affluent,Germany,Partner
CUST011247,2025-09-01 19:15:41,Affluent,Germany,Organic
CUST011248,2022-09-21 12:29:54,Mass Market,France,Branch
CUST011249,2026-01-04 09:53:30,Mass Market,Austria,Organic
CUST011250,2025-11-08 13:29:42,Mass Market,Austria,Branch
CUST011251,2023-02-10 23:06:56,Mass Market,Belgium,Organic
CUST011252,2026-06-30 07:44:37,Mass Market,Belgium,Organic
CUST011253,2024-05-31 04:20:26,Mass Market,Germany,Organic
CUST011254,2023-06-23 05:42:42,SME,Germany,Partner
CUST011255,2023-01-09 14:23:08,Affluent,France,Referral
CUST011256,2023-09-02 19:20:27,Affluent,Germany,Partner
CUST011257,2022-03-04 19:02:24,SME,Netherlands,Organic
CUST011258,2025-02-28 20:37:38,Mass Market,France,Paid
CUST011259,2025-03-29 11:36:49,Mass Market,Germany,Paid
CUST011260,2025-01-21 12:35:39,Mass Market,France,Paid
CUST011261,2024-07-06 21:31:13,Mass Market,France,Paid
CUST011262,2023-08-30 12:11:23,Mass Market,Netherlands,Paid
CUST011263,2025-04-25 09:45:13,Affluent,Belgium,Partner
CUST011264,2025-12-27 22:50:11,Mass Market,Germany,Partner
CUST011265,2022-05-27 12:07:55,Mass Market,Netherlands,Organic
CUST011266,2023-10-03 04:14:16,Mass Market,Germany,Branch
CUST011267,2026-07-23 12:28:28,Mass Market,Germany,Referral
CUST011268,2025-12-12 05:05:50,Mass Market,Germany,Referral
CUST011269,2026-07-21 13:13:09,Mass Market,Netherlands,Referral
CUST011270,2022-11-03 11:13:08,Affluent,Belgium,Paid
CUST011271,2024-02-17 11:30:46,SME,Germany,Branch
CUST011272,2022-08-06 22:52:12,Mass Market,Netherlands,Paid
CUST011273,2025-12-19 01:12:14,Mass Market,Belgium,Paid
CUST011274,2024-05-17 11:06:47,Mass Market,Austria,Referral
CUST011275,2023-02-12 05:55:08,Mass Market,Germany,Referral
CUST011276,2022-06-01 00:31:20,Mass Market,Germany,Paid
CUST011277,2025-05-18 05:03:17,Mass Market,Germany,Referral
CUST011278,2025-09-19 09:40:18,Mass Market,Belgium,Partner
CUST011279,2026-01-10 01:34:30,Mass Market,Germany,Paid
CUST011280,2026-06-13 03:27:02,Mass Market,Germany,Branch
CUST011281,2025-09-24 02:55:40,Affluent,Austria,Paid
CUST011282,2025-08-07 17:18:32,Mass Market,Germany,Referral
CUST011283,2025-09-19 06:52:12,Mass Market,France,Referral
CUST011284,2026-07-28 19:49:31,Mass Market,Austria,Organic
CUST011285,2024-02-14 04:19:57,Affluent,Germany,Referral
CUST011286,2025-06-22 08:10:23,Mass Market,Germany,Organic
CUST011287,2025-10-03 00:33:23,Mass Market,Germany,Referral
CUST011288,2022-07-14 10:07:24,Mass Market,France,Referral
CUST011289,2025-02-28 20:36:09,Affluent,Germany,Referral
CUST011290,2023-07-21 12:42:13,Affluent,Germany,Branch
CUST011291,2022-08-10 11:00:34,Mass Market,Germany,Partner
CUST011292,2022-10-12 20:21:43,Mass Market,France,Paid
CUST011293,2022-07-10 21:59:30,Mass Market,Belgium,Partner
CUST011294,2026-02-10 00:42:57,Mass Market,France,Partner
CUST011295,2025-07-14 15:41:29,Mass Market,Netherlands,Paid
CUST011296,2022-06-20 19:01:56,Mass Market,Austria,Organic
CUST011297,2024-11-11 18:37:22,Mass Market,Netherlands,Paid
CUST011298,2025-01-09 05:42:52,SME,France,Branch
CUST011299,2024-05-18 09:31:29,Mass Market,Germany,Partner
CUST011300,2024-10-10 09:57:29,Mass Market,Germany,Branch
CUST011301,2026-02-25 22:36:04,SME,Germany,Paid
CUST011302,2024-05-17 12:31:53,Affluent,Germany,Branch
CUST011303,2025-01-07 20:02:30,Mass Market,Austria,Referral
CUST011304,2024-08-12 21:01:57,Mass Market,Germany,Paid
CUST011305,2023-10-25 08:34:35,Mass Market,Germany,Paid
CUST011306,2026-01-29 12:13:40,Affluent,Belgium,Branch
CUST011307,2023-11-24 02:15:20,Mass Market,Austria,Branch
CUST011308,2025-08-30 12:26:32,SME,Netherlands,Paid
CUST011309,2024-10-08 23:14:44,Mass Market,Germany,Referral
CUST011310,2025-02-19 05:55:47,Mass Market,France,Branch
CUST011311,2025-06-25 04:19:35,Mass Market,Germany,Organic
CUST011312,2025-05-15 11:43:05,Mass Market,France,Paid
CUST011313,2024-08-01 14:22:10,Mass Market,France,Referral
CUST011314,2024-10-26 02:10:48,Affluent,Netherlands,Organic
CUST011315,2024-04-30 15:33:24,Mass Market,Germany,Referral
CUST011316,2023-07-22 00:40:30,SME,Austria,Organic
CUST011317,2026-01-09 11:44:10,Mass Market,Germany,Paid
CUST011318,2025-03-25 04:51:21,Mass Market,Germany,Paid
CUST011319,2025-07-15 01:36:34,Mass Market,Belgium,Referral
CUST011320,2025-10-20 08:09:28,Mass Market,Germany,Organic
CUST011321,2023-09-07 05:27:54,Mass Market,Germany,Paid
CUST011322,2022-04-15 14:04:41,Affluent,Germany,Organic
CUST011323,2023-07-19 10:04:27,Mass Market,Germany,Organic
CUST011324,2025-06-16 06:43:08,Mass Market,Germany,Referral
CUST011325,2025-09-25 21:14:55,Mass Market,Netherlands,Organic
CUST011326,2024-05-09 00:10:45,Mass Market,Germany,Organic
CUST011327,2025-07-25 19:15:03,Mass Market,Austria,Organic
CUST011328,2022-05-05 21:17:07,Mass Market,Netherlands,Paid
CUST011329,2024-12-12 23:30:11,Mass Market,Belgium,Organic
CUST011330,2025-02-09 07:18:51,SME,Belgium,Partner
CUST011331,2024-04-29 02:36:16,Mass Market,Netherlands,Partner
CUST011332,2025-04-13 01:19:29,Mass Market,Germany,Organic
CUST011333,2024-04-01 17:35:56,Mass Market,Belgium,Organic
CUST011334,2024-05-25 12:06:39,Mass Market,Germany,Paid
CUST011335,2024-10-06 19:57:43,Affluent,Germany,Referral
CUST011336,2025-08-20 05:33:55,Affluent,France,Organic
CUST011337,2023-02-20 20:03:05,Affluent,Germany,Referral
CUST011338,2023-05-18 00:21:21,Affluent,France,Branch
CUST011339,2023-12-02 07:20:43,Mass Market,Austria,Organic
CUST011340,2022-12-04 14:07:58,Mass Market,France,Paid
CUST011341,2023-07-13 19:43:40,Mass Market,Germany,Referral
CUST011342,2023-08-10 10:15:07,SME,Germany,Branch
CUST011343,2023-06-10 09:42:20,Affluent,Germany,Organic
CUST011344,2023-11-17 14:30:25,Mass Market,Germany,Partner
CUST011345,2024-04-23 23:54:47,Mass Market,France,Referral
CUST011346,2025-03-09 14:25:24,Mass Market,Netherlands,Paid
CUST011347,2023-05-22 12:22:13,SME,France,Partner
CUST011348,2025-11-14 17:01:26,Mass Market,France,Paid
CUST011349,2024-03-12 14:27:52,Mass Market,Germany,Branch
CUST011350,2025-04-20 09:00:18,Mass Market,Germany,Paid
CUST011351,2022-10-18 21:46:21,Mass Market,France,Paid
CUST011352,2024-01-29 08:37:26,Mass Market,Germany,Partner
CUST011353,2023-09-05 07:33:33,Mass Market,Germany,Organic
CUST011354,2024-04-09 12:23:08,Affluent,France,Paid
CUST011355,2022-09-22 20:49:31,Mass Market,Germany,Organic
CUST011356,2024-03-02 20:57:38,Affluent,Germany,Partner
CUST011357,2025-02-22 04:52:07,Mass Market,Germany,Paid
CUST011358,2025-05-02 23:26:47,Mass Market,Germany,Referral
CUST011359,2023-02-19 22:38:28,Mass Market,Netherlands,Referral
CUST011360,2023-07-30 21:17:40,Mass Market,Germany,Paid
CUST011361,2024-05-28 10:43:36,Mass Market,Belgium,Partner
CUST011362,2024-05-16 01:24:27,Mass Market,Germany,Paid
CUST011363,2025-08-16 22:32:52,Mass Market,Germany,Paid
CUST011364,2023-10-15 13:33:11,Mass Market,Germany,Organic
CUST011365,2025-01-26 19:27:04,Affluent,Austria,Organic
CUST011366,2026-01-17 15:17:31,Mass Market,France,Referral
CUST011367,2023-05-14 21:09:05,Mass Market,Netherlands,Branch
CUST011368,2025-10-08 00:13:47,Mass Market,Belgium,Paid
CUST011369,2023-07-11 13:16:37,Mass Market,Germany,Organic
CUST011370,2023-07-14 02:30:17,Affluent,France,Organic
CUST011371,2024-12-28 10:12:07,Mass Market,France,Organic
CUST011372,2024-11-05 15:01:53,SME,Belgium,Referral
CUST011373,2024-07-07 17:02:30,Affluent,Germany,Paid
CUST011374,2023-01-22 14:39:26,Mass Market,Austria,Branch
CUST011375,2022-06-11 04:04:40,Mass Market,France,Paid
CUST011376,2026-02-28 18:09:08,Mass Market,Belgium,Partner
CUST011377,2026-01-01 07:32:04,Affluent,Germany,Partner
CUST011378,2026-01-22 12:19:53,Mass Market,Germany,Organic
CUST011379,2024-05-07 02:08:39,Mass Market,Germany,Partner
CUST011380,2026-01-18 22:44:56,Mass Market,Belgium,Referral
CUST011381,2024-03-02 11:01:50,Affluent,Germany,Organic
CUST011382,2022-05-07 05:43:20,Affluent,Netherlands,Organic
CUST011383,2022-11-28 18:58:25,Mass Market,Germany,Paid
CUST011384,2023-04-01 18:59:12,Mass Market,Germany,Branch
CUST011385,2023-09-23 08:00:28,Affluent,Germany,Branch
CUST011386,2026-04-20 02:20:54,SME,Netherlands,Organic
CUST011387,2023-07-11 11:35:45,Mass Market,Germany,Referral
CUST011388,2024-10-21 07:06:04,Mass Market,Netherlands,Referral
CUST011389,2023-03-29 16:04:53,Mass Market,Netherlands,Referral
CUST011390,2024-12-11 13:17:03,Mass Market,Austria,Organic
CUST011391,2024-08-06 16:53:27,Mass Market,France,Branch
CUST011392,2022-09-09 12:25:12,Mass Market,France,Referral
CUST011393,2024-02-12 22:11:08,Affluent,France,Partner
CUST011394,2022-06-26 05:19:07,Mass Market,Germany,Organic
CUST011395,2026-01-26 17:43:28,Mass Market,Germany,Organic
CUST011396,2025-03-23 07:22:21,Mass Market,Belgium,Paid
CUST011397,2026-04-23 22:15:03,Mass Market,Germany,Referral
CUST011398,2026-01-04 00:55:41,Mass Market,Germany,Referral
CUST011399,2023-01-02 23:01:47,Mass Market,France,Branch
CUST011400,2025-03-28 11:35:51,Mass Market,Belgium,Paid
CUST011401,2022-06-17 09:01:50,Mass Market,Germany,Branch
CUST011402,2026-05-26 02:57:13,Affluent,Belgium,Branch
CUST011403,2025-08-06 02:01:30,Affluent,Germany,Organic
CUST011404,2025-02-11 18:21:23,Mass Market,Germany,Organic
CUST011405,2026-07-22 09:47:54,Mass Market,Austria,Referral
CUST011406,2025-11-17 00:43:19,Mass Market,Germany,Partner
CUST011407,2025-12-14 22:32:36,Affluent,France,Organic
CUST011408,2022-06-17 09:53:38,Affluent,Austria,Referral
CUST011409,2022-02-09 14:55:45,Mass Market,Germany,Paid
CUST011410,2026-05-26 23:24:02,Mass Market,Germany,Partner
CUST011411,2023-02-25 02:42:13,Mass Market,Austria,Branch
CUST011412,2023-12-14 22:35:58,Mass Market,France,Organic
CUST011413,2024-11-07 18:18:38,Mass Market,Austria,Organic
CUST011414,2025-10-04 08:14:05,Mass Market,Belgium,Partner
CUST011415,2025-11-08 09:34:40,Mass Market,France,Partner
CUST011416,2024-08-30 02:41:56,Mass Market,Germany,Paid
CUST011417,2025-01-10 17:42:08,Mass Market,Germany,Paid
CUST011418,2024-05-08 22:29:51,Mass Market,Germany,Paid
CUST011419,2024-01-16 22:54:37,Affluent,Germany,Referral
CUST011420,2024-07-16 00:57:53,Mass Market,Belgium,Partner
CUST011421,2026-04-14 19:35:02,Mass Market,Austria,Organic
CUST011422,2023-02-27 02:21:50,Affluent,Austria,Organic
CUST011423,2024-02-26 03:51:28,Mass Market,Austria,Paid
CUST011424,2024-10-02 22:32:40,Mass Market,Germany,Organic
CUST011425,2024-08-11 06:47:19,Mass Market,Germany,Organic
CUST011426,2022-02-21 06:36:16,Mass Market,Germany,Referral
CUST011427,2023-04-26 10:11:43,SME,France,Referral
CUST011428,2024-12-16 03:09:30,Mass Market,Austria,Organic
CUST011429,2025-05-12 23:21:38,Mass Market,Belgium,Referral
CUST011430,2026-07-16 13:40:24,Mass Market,Belgium,Partner
CUST011431,2025-01-30 07:11:52,SME,Germany,Partner
CUST011432,2024-08-27 04:53:31,Affluent,Germany,Branch
CUST011433,2023-07-10 07:12:42,Mass Market,Germany,Paid
CUST011434,2023-09-12 08:11:53,Mass Market,France,Partner
CUST011435,2025-10-13 12:16:41,Mass Market,Germany,Paid
CUST011436,2024-02-23 16:09:12,Affluent,Netherlands,Branch
CUST011437,2025-04-11 09:20:58,Mass Market,Germany,Organic
CUST011438,2022-07-27 12:52:11,Mass Market,Netherlands,Partner
CUST011439,2022-08-03 12:18:53,Mass Market,Belgium,Organic
CUST011440,2022-12-27 06:34:35,Affluent,Germany,Paid
CUST011441,2022-11-23 06:44:50,Mass Market,France,Paid
CUST011442,2024-10-11 21:18:47,Mass Market,Belgium,Referral
CUST011443,2024-12-01 05:53:11,SME,Austria,Organic
CUST011444,2024-07-21 19:26:44,Mass Market,Germany,Paid
CUST011445,2023-04-29 21:41:26,Mass Market,France,Organic
CUST011446,2024-08-22 04:39:29,Mass Market,Germany,Paid
CUST011447,2022-07-19 16:36:18,Mass Market,Germany,Organic
CUST011448,2024-03-01 13:56:29,Mass Market,Germany,Paid
CUST011449,2022-09-17 02:35:44,Mass Market,France,Paid
CUST011450,2022-05-09 07:46:12,Mass Market,Germany,Branch
CUST011451,2022-10-04 21:53:10,Mass Market,France,Paid
CUST011452,2022-07-05 19:38:04,Affluent,Germany,Organic
CUST011453,2024-03-09 20:47:36,Mass Market,Germany,Referral
CUST011454,2024-07-01 14:45:06,Affluent,Netherlands,Organic
CUST011455,2024-10-12 13:09:48,Mass Market,Germany,Referral
CUST011456,2024-01-06 04:54:02,Mass Market,Germany,Paid
CUST011457,2022-10-22 22:40:13,Mass Market,Germany,Organic
CUST011458,2022-02-04 22:15:38,Mass Market,Germany,Branch
CUST011459,2025-04-06 07:03:50,Mass Market,Germany,Paid
CUST011460,2026-07-02 03:46:03,Mass Market,Netherlands,Referral
CUST011461,2023-04-15 20:28:26,Mass Market,France,Paid
CUST011462,2022-12-09 06:21:19,Affluent,Germany,Paid
CUST011463,2023-06-05 22:12:17,Mass Market,Germany,Paid
CUST011464,2022-12-25 10:58:36,SME,Belgium,Paid
CUST011465,2023-01-09 16:33:09,Mass Market,Germany,Referral
CUST011466,2024-04-06 20:43:31,Mass Market,Germany,Organic
CUST011467,2025-08-05 20:45:06,Mass Market,Germany,Paid
CUST011468,2025-04-05 22:57:58,Affluent,Netherlands,Organic
CUST011469,2026-05-24 19:24:34,Mass Market,Netherlands,Partner
CUST011470,2023-08-21 12:01:52,SME,Germany,Organic
CUST011471,2024-04-03 11:02:02,Affluent,Germany,Paid
CUST011472,2023-09-28 21:02:53,Mass Market,Netherlands,Paid
CUST011473,2022-03-12 06:36:20,Affluent,Germany,Referral
CUST011474,2023-10-12 13:30:37,SME,Germany,Branch
CUST011475,2023-03-12 16:07:31,Affluent,Belgium,Organic
CUST011476,2024-03-11 10:11:58,Mass Market,Germany,Paid
CUST011477,2022-09-22 06:14:31,Affluent,Germany,Paid
CUST011478,2025-05-25 01:03:35,Mass Market,France,Partner
CUST011479,2025-11-10 02:21:53,Affluent,France,Paid
CUST011480,2026-05-26 11:26:24,SME,Germany,Organic
CUST011481,2022-05-22 21:01:14,Mass Market,Germany,Partner
CUST011482,2022-07-16 16:22:56,Mass Market,Germany,Organic
CUST011483,2026-06-04 22:45:30,Mass Market,Germany,Organic
CUST011484,2025-11-19 05:18:11,SME,Germany,Branch
CUST011485,2024-09-10 23:52:50,Affluent,Germany,Referral
CUST011486,2023-06-22 14:32:52,Affluent,Germany,Partner
CUST011487,2024-05-15 15:51:43,SME,Germany,Organic
CUST011488,2024-06-14 14:38:01,Mass Market,Germany,Paid
CUST011489,2025-11-17 18:29:08,Affluent,France,Paid
CUST011490,2024-06-04 03:40:46,Mass Market,France,Partner
CUST011491,2022-02-16 01:25:51,Mass Market,Austria,Referral
CUST011492,2025-07-23 09:35:07,Mass Market,France,Paid
CUST011493,2023-05-14 09:03:05,Mass Market,Netherlands,Paid
CUST011494,2022-07-14 23:05:13,Mass Market,Germany,Organic
CUST011495,2022-08-26 18:32:18,Affluent,Netherlands,Partner
CUST011496,2025-11-06 18:44:36,Mass Market,Germany,Paid
CUST011497,2024-01-19 06:59:56,Affluent,Belgium,Partner
CUST011498,2024-06-03 18:46:59,Mass Market,Austria,Partner
CUST011499,2026-05-26 03:44:42,Affluent,Germany,Organic
CUST011500,2022-04-13 05:00:02,Mass Market,Austria,Branch
CUST011501,2022-12-11 07:56:37,Affluent,France,Referral
CUST011502,2025-10-25 04:27:24,Mass Market,Netherlands,Partner
CUST011503,2024-06-22 02:47:43,Mass Market,Germany,Organic
CUST011504,2022-02-15 16:03:39,Mass Market,Germany,Organic
CUST011505,2025-03-21 05:26:35,Mass Market,Netherlands,Organic
CUST011506,2022-08-20 08:32:20,Mass Market,Germany,Paid
CUST011507,2025-07-31 17:53:24,Mass Market,France,Organic
CUST011508,2025-08-26 23:06:08,Mass Market,Germany,Referral
CUST011509,2025-10-10 09:49:11,Affluent,Germany,Paid
CUST011510,2024-02-17 06:20:54,Mass Market,Netherlands,Paid
CUST011511,2023-03-24 19:14:00,Mass Market,Netherlands,Branch
CUST011512,2026-01-13 16:21:57,Mass Market,Belgium,Partner
CUST011513,2024-07-23 06:11:33,Mass Market,Netherlands,Paid
CUST011514,2024-11-28 10:30:21,Mass Market,France,Branch
CUST011515,2022-08-17 06:15:09,Mass Market,Austria,Paid
CUST011516,2024-11-08 12:57:42,Mass Market,France,Partner
CUST011517,2024-08-27 21:58:27,Mass Market,France,Paid
CUST011518,2023-05-04 14:48:37,Mass Market,Belgium,Partner
CUST011519,2025-07-06 04:18:27,Mass Market,Netherlands,Referral
CUST011520,2022-08-12 12:19:55,Affluent,Netherlands,Partner
CUST011521,2025-04-17 19:17:15,Mass Market,France,Organic
CUST011522,2026-05-27 01:55:32,Affluent,France,Branch
CUST011523,2024-08-06 10:52:26,Mass Market,France,Paid
CUST011524,2022-06-25 05:19:17,Mass Market,Netherlands,Referral
CUST011525,2024-07-14 03:09:32,Mass Market,France,Organic
CUST011526,2024-06-03 12:08:14,SME,Germany,Paid
CUST011527,2024-07-12 06:08:22,Mass Market,Germany,Branch
CUST011528,2023-04-01 17:37:56,Mass Market,Germany,Partner
CUST011529,2024-11-12 19:35:39,Affluent,Germany,Organic
CUST011530,2023-03-18 15:26:11,Mass Market,Germany,Partner
CUST011531,2024-07-21 18:03:07,Mass Market,Germany,Organic
CUST011532,2024-09-21 03:33:20,Mass Market,Germany,Paid
CUST011533,2024-12-15 21:37:02,Mass Market,Belgium,Organic
CUST011534,2025-08-27 03:30:00,Affluent,France,Organic
CUST011535,2026-01-15 14:23:09,Mass Market,Netherlands,Organic
CUST011536,2025-07-23 10:39:29,Mass Market,Germany,Partner
CUST011537,2025-08-23 16:38:39,Mass Market,Germany,Referral
CUST011538,2025-12-23 15:16:27,SME,Germany,Organic
CUST011539,2023-02-10 10:05:09,Mass Market,Germany,Partner
CUST011540,2023-05-05 17:36:03,Mass Market,Germany,Paid
CUST011541,2024-06-10 06:25:01,Affluent,France,Branch
CUST011542,2024-02-18 17:40:17,Mass Market,Germany,Referral
CUST011543,2025-03-19 22:52:21,Affluent,Netherlands,Branch
CUST011544,2022-01-16 14:34:39,Affluent,Germany,Referral
CUST011545,2022-08-21 09:06:42,Mass Market,Germany,Partner
CUST011546,2025-06-02 17:54:09,Affluent,Belgium,Organic
CUST011547,2025-10-06 07:52:08,SME,Germany,Referral
CUST011548,2023-05-21 12:25:27,Mass Market,Germany,Referral
CUST011549,2023-06-04 21:21:27,Mass Market,France,Organic
CUST011550,2024-03-08 17:46:36,Affluent,France,Organic
CUST011551,2022-10-11 01:40:54,Mass Market,France,Paid
CUST011552,2024-04-16 18:27:43,Mass Market,Austria,Organic
CUST011553,2025-10-02 00:51:48,Mass Market,Germany,Branch
CUST011554,2025-05-04 19:08:08,Affluent,Germany,Organic
CUST011555,2025-09-28 11:29:58,Affluent,Belgium,Organic
CUST011556,2024-12-12 11:12:08,SME,France,Organic
CUST011557,2023-02-22 16:49:39,Mass Market,Austria,Partner
CUST011558,2022-03-18 19:21:35,SME,Netherlands,Referral
CUST011559,2022-07-10 16:11:03,Mass Market,Germany,Partner
CUST011560,2026-07-18 09:22:59,Mass Market,France,Organic
CUST011561,2024-12-06 22:43:51,Mass Market,Germany,Branch
CUST011562,2023-02-19 06:53:32,Mass Market,Germany,Paid
CUST011563,2025-11-29 01:13:44,Mass Market,Germany,Organic
CUST011564,2023-06-02 08:57:17,Mass Market,Germany,Organic
CUST011565,2024-09-25 15:36:08,Mass Market,France,Paid
CUST011566,2023-02-21 21:20:38,Affluent,France,Paid
CUST011567,2022-06-08 15:43:50,Mass Market,Austria,Partner
CUST011568,2023-03-24 07:33:07,Affluent,Germany,Organic
CUST011569,2023-01-17 12:06:45,Mass Market,Germany,Referral
CUST011570,2024-07-13 01:11:41,Mass Market,Germany,Paid
CUST011571,2022-02-04 14:21:17,Mass Market,France,Organic
CUST011572,2023-02-05 23:07:03,Mass Market,Germany,Partner
CUST011573,2024-08-07 07:30:20,SME,Germany,Partner
CUST011574,2023-10-21 09:15:18,SME,France,Branch
CUST011575,2024-11-29 06:55:33,Mass Market,Germany,Paid
CUST011576,2025-01-01 04:10:51,Mass Market,France,Organic
CUST011577,2026-06-03 02:35:03,Mass Market,Germany,Branch
CUST011578,2025-10-29 20:03:34,Affluent,Germany,Paid
CUST011579,2023-01-17 14:08:29,Mass Market,Belgium,Partner
CUST011580,2025-03-04 06:19:51,SME,Germany,Organic
CUST011581,2024-11-14 17:47:06,SME,Germany,Paid
CUST011582,2024-09-20 16:59:13,Mass Market,Austria,Branch
CUST011583,2025-08-28 21:30:06,Mass Market,Germany,Branch
CUST011584,2022-09-05 00:03:06,Mass Market,Germany,Branch
CUST011585,2023-09-20 07:04:22,Mass Market,Germany,Referral
CUST011586,2025-09-26 13:05:12,Mass Market,France,Paid
CUST011587,2026-01-31 16:46:15,Affluent,France,Partner
CUST011588,2022-03-04 07:46:00,Mass Market,France,Organic
CUST011589,2024-02-28 07:04:29,Affluent,Austria,Referral
CUST011590,2022-10-08 19:39:35,Mass Market,Germany,Referral
CUST011591,2022-04-06 09:39:36,Mass Market,Germany,Partner
CUST011592,2024-06-18 14:50:55,SME,Austria,Paid
CUST011593,2025-01-20 22:35:23,Affluent,Germany,Organic
CUST011594,2024-06-07 06:23:21,Mass Market,Austria,Referral
CUST011595,2023-09-08 21:59:41,Mass Market,Austria,Branch
CUST011596,2025-07-13 15:03:06,Mass Market,Austria,Paid
CUST011597,2024-12-26 05:24:05,Mass Market,Germany,Organic
CUST011598,2026-02-27 21:22:40,SME,France,Branch
CUST011599,2023-08-04 05:39:29,Mass Market,Belgium,Partner
CUST011600,2023-02-04 13:17:42,Mass Market,Germany,Partner
CUST011601,2024-02-01 23:57:50,Affluent,France,Branch
CUST011602,2024-04-27 11:41:27,Mass Market,Germany,Partner
CUST011603,2024-02-05 17:03:33,Affluent,Germany,Partner
CUST011604,2025-10-23 18:49:17,Mass Market,Belgium,Partner
CUST011605,2022-03-18 05:03:37,Mass Market,Austria,Paid
CUST011606,2024-06-01 10:16:30,Mass Market,Germany,Organic
CUST011607,2023-12-21 08:07:48,Mass Market,Germany,Organic
CUST011608,2022-12-19 13:33:27,SME,France,Partner
CUST011609,2024-12-07 20:37:50,Mass Market,Germany,Organic
CUST011610,2025-09-01 19:52:30,Mass Market,France,Branch
CUST011611,2024-07-01 23:59:04,Mass Market,Netherlands,Paid
CUST011612,2022-05-23 00:56:04,Mass Market,Germany,Partner
CUST011613,2022-05-06 20:59:13,Mass Market,Netherlands,Organic
CUST011614,2023-12-06 23:11:30,Mass Market,Germany,Paid
CUST011615,2025-01-21 23:45:02,Mass Market,Germany,Paid
CUST011616,2023-06-09 04:30:10,Affluent,Netherlands,Referral
CUST011617,2023-06-01 10:02:40,Mass Market,Germany,Organic
CUST011618,2025-12-09 02:29:48,Mass Market,Germany,Paid
CUST011619,2022-01-25 03:14:23,Mass Market,France,Referral
CUST011620,2022-05-14 07:34:54,Affluent,Germany,Partner
CUST011621,2022-09-18 03:44:18,Mass Market,Germany,Referral
CUST011622,2026-07-03 13:30:48,Mass Market,Belgium,Referral
CUST011623,2024-04-11 22:04:26,Mass Market,Germany,Partner
CUST011624,2022-09-22 15:46:53,Mass Market,Germany,Paid
CUST011625,2023-06-03 23:47:51,Mass Market,Germany,Paid
CUST011626,2026-06-09 20:50:49,Mass Market,Netherlands,Organic
CUST011627,2025-03-07 00:12:05,Affluent,Germany,Organic
CUST011628,2023-01-10 00:22:11,Mass Market,Belgium,Partner
CUST011629,2023-02-07 08:56:33,SME,Germany,Branch
CUST011630,2022-05-06 07:49:01,Mass Market,Netherlands,Partner
CUST011631,2025-07-16 02:45:52,Mass Market,Netherlands,Paid
CUST011632,2022-08-18 17:44:26,Mass Market,Netherlands,Referral
CUST011633,2023-04-24 23:45:22,Mass Market,Netherlands,Paid
CUST011634,2023-08-06 11:29:52,Affluent,Germany,Organic
CUST011635,2024-11-04 02:01:07,Mass Market,Germany,Organic
CUST011636,2024-10-10 18:22:35,Affluent,Germany,Referral
CUST011637,2025-08-29 06:57:17,Mass Market,Germany,Partner
CUST011638,2023-05-13 00:52:09,Mass Market,Germany,Partner
CUST011639,2023-10-07 15:35:46,Mass Market,France,Partner
CUST011640,2023-10-12 18:53:17,Mass Market,Germany,Partner
CUST011641,2022-03-20 06:11:19,Mass Market,Austria,Paid
CUST011642,2025-05-18 05:19:58,SME,Netherlands,Partner
CUST011643,2024-06-14 06:21:28,Mass Market,Germany,Organic
CUST011644,2024-03-06 08:05:44,Mass Market,Germany,Organic
CUST011645,2026-07-23 07:46:29,Affluent,France,Paid
CUST011646,2022-10-27 00:44:16,Mass Market,Germany,Organic
CUST011647,2026-06-09 03:42:20,Affluent,Germany,Referral
CUST011648,2025-02-11 13:58:30,Mass Market,France,Organic
CUST011649,2023-01-05 13:10:42,Affluent,France,Paid
CUST011650,2025-02-08 11:38:31,Mass Market,Germany,Paid
CUST011651,2025-06-17 12:35:22,SME,Germany,Partner
CUST011652,2023-08-30 01:25:34,Mass Market,Germany,Organic
CUST011653,2023-07-31 18:13:37,Affluent,Germany,Referral
CUST011654,2025-10-28 10:21:10,Mass Market,Germany,Paid
CUST011655,2022-09-25 23:24:50,Affluent,Netherlands,Organic
CUST011656,2022-01-23 07:18:36,Affluent,France,Organic
CUST011657,2025-01-18 09:49:30,Affluent,Germany,Branch
CUST011658,2026-02-24 17:44:33,Mass Market,Austria,Paid
CUST011659,2024-04-17 10:51:37,Mass Market,France,Paid
CUST011660,2022-08-14 16:20:35,Affluent,Germany,Organic
CUST011661,2024-06-20 14:14:37,Mass Market,Belgium,Paid
CUST011662,2023-02-26 03:34:43,Mass Market,Netherlands,Paid
CUST011663,2025-10-15 09:36:45,Mass Market,Germany,Organic
CUST011664,2024-10-20 10:35:19,Mass Market,Germany,Referral
CUST011665,2023-07-17 16:49:28,Mass Market,Netherlands,Branch
CUST011666,2024-11-10 06:11:34,Mass Market,Germany,Paid
CUST011667,2025-01-20 09:10:42,Mass Market,Germany,Organic
CUST011668,2025-02-08 20:29:25,Mass Market,Netherlands,Paid
CUST011669,2023-09-05 06:31:52,Affluent,Netherlands,Branch
CUST011670,2024-08-12 02:13:50,Mass Market,France,Partner
CUST011671,2022-03-13 10:25:28,Affluent,Germany,Organic
CUST011672,2023-11-06 17:35:14,Mass Market,Germany,Partner
CUST011673,2023-09-25 00:59:24,Mass Market,Belgium,Paid
CUST011674,2024-06-12 23:24:05,Mass Market,Netherlands,Organic
CUST011675,2026-05-08 10:58:58,Mass Market,Netherlands,Branch
CUST011676,2026-05-14 07:32:16,Mass Market,Germany,Organic
CUST011677,2024-03-19 00:21:24,Mass Market,Austria,Paid
CUST011678,2024-12-16 08:24:38,Mass Market,Germany,Partner
CUST011679,2022-06-30 23:04:15,Mass Market,Germany,Partner
CUST011680,2024-03-17 08:13:10,Mass Market,Belgium,Organic
CUST011681,2025-02-15 15:13:36,Affluent,Germany,Partner
CUST011682,2026-05-30 18:29:11,Mass Market,France,Partner
CUST011683,2024-02-19 13:20:44,Mass Market,France,Referral
CUST011684,2026-02-27 02:01:36,Mass Market,Belgium,Organic
CUST011685,2026-06-25 09:55:19,Affluent,Germany,Organic
CUST011686,2024-08-14 07:38:40,Mass Market,Germany,Branch
CUST011687,2022-06-02 22:50:50,Mass Market,France,Partner
CUST011688,2023-09-22 03:23:37,Affluent,Belgium,Paid
CUST011689,2025-07-02 14:33:35,Mass Market,Austria,Partner
CUST011690,2024-08-28 21:26:00,Affluent,Germany,Organic
CUST011691,2026-04-15 12:35:29,Mass Market,Netherlands,Branch
CUST011692,2025-09-26 05:40:53,SME,Germany,Partner
CUST011693,2022-04-16 17:12:52,Mass Market,Germany,Referral
CUST011694,2025-12-10 23:43:55,Mass Market,Germany,Partner
CUST011695,2023-08-21 12:37:21,Mass Market,Germany,Referral
CUST011696,2025-10-01 02:34:02,Mass Market,Germany,Paid
CUST011697,2024-04-29 00:19:19,Mass Market,Germany,Organic
CUST011698,2024-02-01 13:21:21,Mass Market,Germany,Paid
CUST011699,2022-05-02 03:09:20,Mass Market,Belgium,Branch
CUST011700,2022-07-18 17:32:00,Affluent,Germany,Partner
CUST011701,2024-09-22 08:03:38,Mass Market,Netherlands,Paid
CUST011702,2024-08-09 15:47:28,Affluent,Belgium,Organic
CUST011703,2024-07-16 19:30:16,Mass Market,Germany,Partner
CUST011704,2022-09-19 13:10:33,Mass Market,Netherlands,Partner
CUST011705,2024-05-02 14:52:18,Affluent,Germany,Paid
CUST011706,2022-04-12 22:08:09,Affluent,Germany,Referral
CUST011707,2022-08-29 23:47:26,Affluent,Netherlands,Organic
CUST011708,2024-04-13 18:32:34,Mass Market,France,Paid
CUST011709,2024-10-28 13:14:31,Mass Market,Germany,Paid
CUST011710,2024-12-31 18:49:32,Affluent,Belgium,Organic
CUST011711,2026-06-30 19:40:24,Mass Market,Netherlands,Paid
CUST011712,2025-11-29 03:13:23,Mass Market,Germany,Referral
CUST011713,2023-09-27 23:43:11,Mass Market,Germany,Organic
CUST011714,2025-08-01 21:37:30,Mass Market,Belgium,Organic
CUST011715,2022-06-09 22:03:42,Affluent,Austria,Paid
CUST011716,2025-12-04 07:20:50,Affluent,France,Paid
CUST011717,2023-10-09 11:14:52,Affluent,Netherlands,Referral
CUST011718,2025-06-24 20:02:22,Mass Market,Germany,Referral
CUST011719,2026-06-11 21:32:00,Mass Market,Germany,Partner
CUST011720,2025-03-21 19:35:25,Mass Market,Belgium,Organic
CUST011721,2026-03-19 15:33:08,Mass Market,France,Organic
CUST011722,2022-01-17 22:48:01,Mass Market,France,Paid
CUST011723,2022-10-13 03:59:23,SME,France,Partner
CUST011724,2024-11-12 20:14:00,Mass Market,Germany,Organic
CUST011725,2024-06-22 20:43:27,Mass Market,Germany,Referral
CUST011726,2022-07-21 10:41:37,Mass Market,France,Branch
CUST011727,2025-04-16 02:41:22,Mass Market,Germany,Referral
CUST011728,2022-04-09 02:11:40,Mass Market,Germany,Paid
CUST011729,2026-07-15 13:31:34,Mass Market,Germany,Referral
CUST011730,2022-09-19 12:30:24,Mass Market,Germany,Organic
CUST011731,2024-01-15 19:48:28,Mass Market,Belgium,Branch
CUST011732,2025-10-08 13:04:04,Affluent,Germany,Paid
CUST011733,2024-05-09 11:24:43,Affluent,Germany,Partner
CUST011734,2025-05-28 17:11:18,Affluent,Netherlands,Organic
CUST011735,2025-03-22 11:57:14,Mass Market,Belgium,Partner
CUST011736,2026-05-06 08:20:20,Mass Market,Netherlands,Organic
CUST011737,2024-02-15 17:23:51,Mass Market,Austria,Organic
CUST011738,2026-06-25 20:21:33,SME,France,Paid
CUST011739,2024-05-14 00:40:25,Mass Market,Netherlands,Organic
CUST011740,2026-02-02 13:41:59,Mass Market,Germany,Organic
CUST011741,2025-05-09 23:23:45,SME,Germany,Branch
CUST011742,2022-08-11 06:03:23,SME,Germany,Organic
CUST011743,2024-12-12 03:38:51,Mass Market,Netherlands,Partner
CUST011744,2026-01-08 15:44:33,Affluent,France,Organic
CUST011745,2022-08-03 15:27:13,Mass Market,Netherlands,Partner
CUST011746,2025-11-03 04:49:51,Mass Market,France,Branch
CUST011747,2022-06-26 07:04:45,Mass Market,Netherlands,Paid
CUST011748,2025-12-27 10:56:00,SME,Germany,Branch
CUST011749,2025-08-12 01:19:15,Mass Market,Germany,Partner
CUST011750,2022-09-11 14:50:25,Affluent,France,Partner
CUST011751,2025-04-29 15:31:18,Mass Market,Germany,Organic
CUST011752,2022-07-15 06:37:20,Mass Market,Belgium,Branch
CUST011753,2024-08-07 18:01:11,Mass Market,Germany,Referral
CUST011754,2026-03-25 14:36:09,Affluent,Germany,Organic
CUST011755,2022-12-11 08:54:37,SME,France,Organic
CUST011756,2022-10-18 15:18:56,Affluent,Germany,Paid
CUST011757,2023-12-09 01:20:26,Affluent,France,Organic
CUST011758,2023-09-09 08:03:10,Mass Market,Germany,Paid
CUST011759,2022-03-23 01:03:35,SME,Germany,Branch
CUST011760,2024-02-02 09:45:36,Mass Market,Netherlands,Referral
CUST011761,2023-03-10 23:12:14,Mass Market,Germany,Paid
CUST011762,2022-07-28 01:37:47,Mass Market,France,Organic
CUST011763,2023-04-07 12:45:11,Mass Market,Germany,Partner
CUST011764,2022-02-04 12:00:45,Mass Market,France,Branch
CUST011765,2026-03-10 22:45:01,Mass Market,Germany,Referral
CUST011766,2026-07-21 02:51:44,Mass Market,Germany,Referral
CUST011767,2023-09-07 15:59:09,SME,Netherlands,Referral
CUST011768,2026-01-05 18:30:06,SME,France,Paid
CUST011769,2024-02-11 08:53:45,Mass Market,Austria,Organic
CUST011770,2026-03-06 10:17:47,SME,Netherlands,Referral
CUST011771,2022-10-17 11:25:16,Mass Market,France,Partner
CUST011772,2023-04-21 18:56:48,Mass Market,Germany,Referral
CUST011773,2025-05-21 23:44:34,Affluent,Netherlands,Referral
CUST011774,2023-01-04 00:14:09,Mass Market,France,Organic
CUST011775,2025-10-08 22:58:27,Affluent,Belgium,Organic
CUST011776,2023-12-14 01:10:23,Mass Market,France,Referral
CUST011777,2023-11-07 07:33:25,Mass Market,Germany,Paid
CUST011778,2024-01-28 22:47:58,Mass Market,Netherlands,Organic
CUST011779,2025-08-27 00:44:00,SME,Netherlands,Partner
CUST011780,2022-01-10 08:41:39,Mass Market,Germany,Organic
CUST011781,2025-10-04 23:04:26,Mass Market,France,Partner
CUST011782,2026-07-25 10:15:17,Mass Market,France,Partner
CUST011783,2025-07-31 22:28:09,Mass Market,France,Partner
CUST011784,2023-10-12 04:02:41,Mass Market,Belgium,Branch
CUST011785,2025-10-14 23:58:49,Affluent,Germany,Organic
CUST011786,2023-10-19 16:20:52,Mass Market,Germany,Branch
CUST011787,2024-08-15 10:58:26,Mass Market,Germany,Referral
CUST011788,2022-06-10 15:22:59,Mass Market,Belgium,Referral
CUST011789,2023-06-15 13:32:41,Mass Market,Germany,Referral
CUST011790,2023-03-22 00:32:29,Affluent,France,Organic
CUST011791,2023-12-29 08:33:02,Affluent,Netherlands,Paid
CUST011792,2024-04-19 13:35:04,Mass Market,Netherlands,Organic
CUST011793,2025-04-12 23:33:53,Mass Market,Germany,Partner
CUST011794,2023-12-24 01:11:47,Mass Market,Germany,Organic
CUST011795,2022-09-09 08:35:24,Affluent,Austria,Organic
CUST011796,2024-06-30 07:09:15,SME,France,Branch
CUST011797,2022-04-02 10:33:14,Affluent,Germany,Branch
CUST011798,2025-11-20 15:18:22,Mass Market,Germany,Partner
CUST011799,2025-07-12 09:16:25,Mass Market,Netherlands,Paid
CUST011800,2023-01-12 14:31:23,SME,Belgium,Referral
CUST011801,2023-03-17 03:12:29,Mass Market,France,Branch
CUST011802,2022-02-16 06:06:29,Mass Market,Germany,Organic
CUST011803,2023-09-02 07:00:51,SME,Netherlands,Organic
CUST011804,2022-03-05 21:54:38,Affluent,Germany,Branch
CUST011805,2026-04-15 13:47:22,Mass Market,Belgium,Organic
CUST011806,2022-08-13 07:55:32,Mass Market,Germany,Partner
CUST011807,2025-01-07 11:21:02,SME,Germany,Partner
CUST011808,2024-08-11 20:20:28,Mass Market,Germany,Paid
CUST011809,2023-02-01 00:41:27,Affluent,Germany,Organic
CUST011810,2025-09-13 06:50:24,Mass Market,Germany,Partner
CUST011811,2022-07-02 00:55:06,Affluent,Netherlands,Partner
CUST011812,2026-01-22 17:44:55,Affluent,Germany,Branch
CUST011813,2025-05-22 20:31:55,Mass Market,France,Paid
CUST011814,2024-11-27 21:49:21,Mass Market,Germany,Branch
CUST011815,2026-01-10 18:58:29,Mass Market,Germany,Organic
CUST011816,2023-11-06 01:19:56,Affluent,Germany,Organic
CUST011817,2023-04-16 21:33:34,Mass Market,France,Branch
CUST011818,2022-09-16 08:21:58,Mass Market,Germany,Organic
CUST011819,2026-03-26 13:06:36,Affluent,Netherlands,Organic
CUST011820,2023-11-03 04:06:54,SME,Germany,Organic
CUST011821,2025-10-18 17:48:32,Affluent,Germany,Partner
CUST011822,2023-07-10 19:09:16,Mass Market,Germany,Referral
CUST011823,2026-05-16 18:12:20,SME,France,Branch
CUST011824,2025-12-25 16:23:54,Affluent,Germany,Organic
CUST011825,2024-03-24 19:04:30,Mass Market,Germany,Paid
CUST011826,2025-08-20 13:12:05,SME,Germany,Paid
CUST011827,2023-01-14 04:47:20,Mass Market,Germany,Branch
CUST011828,2022-02-09 14:28:08,SME,Germany,Partner
CUST011829,2023-04-28 21:00:33,Affluent,France,Paid
CUST011830,2024-09-14 11:07:53,Mass Market,France,Organic
CUST011831,2022-08-17 04:16:29,Mass Market,Germany,Paid
CUST011832,2023-07-12 10:22:35,Mass Market,Germany,Partner
CUST011833,2026-03-16 20:59:48,Mass Market,Germany,Paid
CUST011834,2022-05-06 12:42:10,Mass Market,Austria,Partner
CUST011835,2022-03-26 04:16:41,Affluent,Netherlands,Paid
CUST011836,2023-12-10 16:22:34,Mass Market,Germany,Organic
CUST011837,2022-01-22 11:29:39,Mass Market,Austria,Partner
CUST011838,2022-02-16 12:19:57,Mass Market,Germany,Partner
CUST011839,2022-11-02 22:58:47,Mass Market,Germany,Organic
CUST011840,2022-06-20 23:19:30,Mass Market,Austria,Partner
CUST011841,2025-09-17 18:45:09,Mass Market,Netherlands,Referral
CUST011842,2022-07-25 03:52:31,Mass Market,France,Partner
CUST011843,2024-05-25 05:40:30,Mass Market,France,Partner
CUST011844,2025-03-25 05:43:37,Affluent,Austria,Partner
CUST011845,2024-11-12 09:50:21,Mass Market,Germany,Paid
CUST011846,2024-12-29 06:26:11,Mass Market,Germany,Organic
CUST011847,2023-08-22 03:03:23,Affluent,Germany,Paid
CUST011848,2026-01-26 03:37:39,SME,Austria,Organic
CUST011849,2022-04-25 19:54:36,Mass Market,Germany,Partner
CUST011850,2022-06-29 10:23:06,Affluent,Germany,Partner
CUST011851,2025-12-02 11:54:53,Affluent,Germany,Organic
CUST011852,2022-04-25 06:43:27,Affluent,Germany,Branch
CUST011853,2022-11-17 20:20:00,Mass Market,France,Branch
CUST011854,2022-10-17 13:05:21,Mass Market,Germany,Organic
CUST011855,2022-02-25 06:35:58,Mass Market,Belgium,Paid
CUST011856,2022-07-15 15:11:28,Affluent,Netherlands,Organic
CUST011857,2024-08-15 13:28:17,Affluent,Germany,Branch
CUST011858,2025-01-10 12:34:06,Mass Market,Belgium,Partner
CUST011859,2022-05-20 06:13:47,Mass Market,Germany,Partner
CUST011860,2026-04-25 16:01:56,Mass Market,France,Branch
CUST011861,2022-06-10 02:43:53,Mass Market,France,Partner
CUST011862,2025-02-22 16:15:33,Affluent,Germany,Referral
CUST011863,2025-08-31 05:31:46,Mass Market,Germany,Organic
CUST011864,2024-05-20 17:56:23,Mass Market,France,Organic
CUST011865,2024-04-01 23:18:34,Mass Market,Germany,Paid
CUST011866,2022-07-02 08:14:34,Affluent,France,Branch
CUST011867,2023-02-08 19:15:04,Affluent,Germany,Organic
CUST011868,2025-11-23 04:13:50,Mass Market,Germany,Paid
CUST011869,2023-08-06 21:40:51,Mass Market,Austria,Referral
CUST011870,2022-02-27 14:23:35,Affluent,Germany,Organic
CUST011871,2025-05-04 06:58:55,SME,Austria,Partner
CUST011872,2025-02-17 01:42:10,Mass Market,Netherlands,Organic
CUST011873,2022-04-21 22:39:32,Mass Market,France,Organic
CUST011874,2022-03-27 09:27:39,Mass Market,Germany,Paid
CUST011875,2022-07-14 18:08:02,Mass Market,Belgium,Referral
CUST011876,2022-03-27 02:41:55,Mass Market,Belgium,Organic
CUST011877,2024-10-27 09:21:46,SME,Netherlands,Paid
CUST011878,2022-08-10 17:51:54,Mass Market,Netherlands,Partner
CUST011879,2024-10-11 20:33:42,Affluent,Germany,Paid
CUST011880,2022-10-22 12:06:56,Mass Market,Germany,Paid
CUST011881,2026-06-14 22:57:45,Mass Market,Austria,Paid
CUST011882,2025-04-28 17:46:22,Mass Market,Germany,Branch
CUST011883,2023-09-19 05:55:17,Mass Market,Germany,Referral
CUST011884,2023-12-18 19:20:05,Affluent,Germany,Organic
CUST011885,2022-04-19 19:26:06,Mass Market,Netherlands,Partner
CUST011886,2022-04-02 18:19:37,Mass Market,Netherlands,Paid
CUST011887,2024-06-17 18:18:07,SME,France,Paid
CUST011888,2022-02-08 01:13:40,Mass Market,Germany,Paid
CUST011889,2024-12-03 07:34:51,Mass Market,Germany,Referral
CUST011890,2023-10-02 10:17:53,Affluent,Germany,Referral
CUST011891,2022-08-22 09:58:50,Mass Market,Austria,Partner
CUST011892,2024-06-14 16:04:29,Mass Market,Germany,Organic
CUST011893,2024-07-13 09:14:42,Mass Market,Austria,Partner
CUST011894,2025-06-01 19:31:35,Mass Market,Germany,Paid
CUST011895,2022-11-27 15:59:56,Mass Market,Belgium,Paid
CUST011896,2024-07-04 05:05:43,SME,France,Branch
CUST011897,2025-11-13 09:19:39,Mass Market,Belgium,Branch
CUST011898,2023-03-28 10:11:15,SME,France,Branch
CUST011899,2025-10-28 09:21:37,Mass Market,Netherlands,Referral
CUST011900,2025-04-24 10:40:29,Mass Market,Netherlands,Partner
CUST011901,2023-12-20 08:09:22,Mass Market,Germany,Paid
CUST011902,2026-01-16 16:41:31,Mass Market,Austria,Branch
CUST011903,2026-06-05 09:28:14,Mass Market,France,Paid
CUST011904,2023-02-01 00:19:44,Affluent,Germany,Organic
CUST011905,2026-06-27 04:21:57,Affluent,Germany,Organic
CUST011906,2022-01-05 00:50:03,Affluent,France,Referral
CUST011907,2022-08-05 02:35:15,Mass Market,Belgium,Paid
CUST011908,2022-03-14 04:32:30,Affluent,Netherlands,Referral
CUST011909,2023-09-07 19:37:10,Mass Market,Germany,Partner
CUST011910,2026-04-16 15:13:33,Affluent,France,Organic
CUST011911,2024-09-30 17:41:59,Affluent,Germany,Referral
CUST011912,2024-10-27 22:05:14,Mass Market,Germany,Referral
CUST011913,2022-05-22 20:22:17,Mass Market,Belgium,Organic
CUST011914,2024-05-12 22:57:21,SME,Germany,Organic
CUST011915,2023-10-02 19:12:00,Mass Market,Germany,Partner
CUST011916,2024-03-12 14:14:27,Affluent,Germany,Organic
CUST011917,2023-03-13 16:18:48,SME,Germany,Paid
CUST011918,2022-12-04 00:30:48,Mass Market,Germany,Branch
CUST011919,2026-05-11 19:52:16,Mass Market,Germany,Organic
CUST011920,2024-07-22 16:07:24,Mass Market,Germany,Paid
CUST011921,2023-11-20 04:06:57,Affluent,Belgium,Organic
CUST011922,2022-05-04 09:46:53,Mass Market,Germany,Paid
CUST011923,2025-06-29 04:27:22,Mass Market,Belgium,Paid
CUST011924,2024-03-01 03:37:32,Mass Market,France,Organic
CUST011925,2023-10-09 13:42:46,SME,Germany,Referral
CUST011926,2025-01-20 03:16:34,Affluent,Germany,Referral
CUST011927,2022-08-09 09:21:17,Mass Market,Germany,Paid
CUST011928,2024-06-10 12:09:21,SME,Netherlands,Branch
CUST011929,2025-12-14 04:32:40,Mass Market,Netherlands,Organic
CUST011930,2024-02-15 18:37:36,SME,Germany,Paid
CUST011931,2022-01-01 16:43:48,Mass Market,Germany,Referral
CUST011932,2023-01-20 10:15:10,Mass Market,Germany,Partner
CUST011933,2022-04-04 12:47:43,Affluent,France,Branch
CUST011934,2024-04-16 07:39:05,Mass Market,Germany,Partner
CUST011935,2023-09-02 06:01:02,Mass Market,France,Branch
CUST011936,2022-08-10 09:57:39,Affluent,France,Organic
CUST011937,2025-02-22 11:51:11,Mass Market,France,Organic
CUST011938,2022-10-23 06:57:08,Mass Market,Germany,Paid
CUST011939,2023-07-26 07:54:35,Mass Market,Germany,Referral
CUST011940,2026-07-10 10:26:16,Mass Market,Germany,Organic
CUST011941,2022-04-21 21:00:02,Mass Market,Belgium,Organic
CUST011942,2023-02-19 03:57:20,Mass Market,Germany,Branch
CUST011943,2023-06-16 10:17:05,Mass Market,Germany,Partner
CUST011944,2024-04-30 14:30:30,Affluent,Germany,Paid
CUST011945,2023-02-14 14:35:30,Mass Market,France,Organic
CUST011946,2026-06-10 21:15:37,Mass Market,France,Referral
CUST011947,2022-01-10 01:29:08,Mass Market,Netherlands,Branch
CUST011948,2026-05-05 03:38:42,Mass Market,France,Referral
CUST011949,2024-06-13 04:31:52,Mass Market,Belgium,Organic
CUST011950,2022-03-06 00:14:19,Mass Market,Belgium,Paid
CUST011951,2022-07-15 00:46:02,Mass Market,Germany,Paid
CUST011952,2022-06-22 07:17:32,Mass Market,Germany,Branch
CUST011953,2023-04-26 16:39:03,Mass Market,Austria,Referral
CUST011954,2023-07-11 21:08:28,Mass Market,Netherlands,Referral
CUST011955,2024-12-08 01:39:55,Affluent,Austria,Paid
CUST011956,2023-06-05 07:50:13,Affluent,Germany,Organic
CUST011957,2025-04-27 09:26:32,SME,Austria,Referral
CUST011958,2023-05-07 05:27:50,Mass Market,Germany,Partner
CUST011959,2023-03-17 11:56:50,Mass Market,France,Organic
CUST011960,2023-04-06 09:43:29,Mass Market,Germany,Referral
CUST011961,2023-07-05 09:53:01,Mass Market,Germany,Organic
CUST011962,2025-11-01 16:49:23,Mass Market,Germany,Referral
CUST011963,2023-02-17 19:58:26,Mass Market,Germany,Partner
CUST011964,2023-04-02 21:22:07,Mass Market,Germany,Organic
CUST011965,2026-05-19 22:01:32,Affluent,Austria,Referral
CUST011966,2024-12-29 01:25:44,Mass Market,Austria,Paid
CUST011967,2022-11-15 13:10:32,Mass Market,Belgium,Paid
CUST011968,2025-12-22 14:16:42,Mass Market,Austria,Branch
CUST011969,2022-11-03 06:40:16,Mass Market,Belgium,Branch
CUST011970,2022-09-29 01:21:47,Mass Market,Austria,Paid
CUST011971,2024-01-15 02:22:34,Mass Market,Germany,Partner
CUST011972,2025-03-01 19:24:58,Mass Market,Germany,Paid
CUST011973,2022-11-13 12:29:08,Mass Market,Belgium,Referral
CUST011974,2025-06-13 13:43:53,SME,Germany,Paid
CUST011975,2022-09-20 00:23:48,Mass Market,Netherlands,Paid
CUST011976,2025-07-31 02:31:42,Mass Market,France,Organic
CUST011977,2022-06-10 07:27:14,Mass Market,Germany,Branch
CUST011978,2024-02-16 12:46:52,Mass Market,Germany,Branch
CUST011979,2024-12-06 08:47:30,Mass Market,Netherlands,Organic
CUST011980,2023-03-21 01:10:34,SME,France,Partner
CUST011981,2024-10-20 09:38:12,Mass Market,Germany,Paid
CUST011982,2025-02-25 10:07:10,Mass Market,France,Organic
CUST011983,2024-12-23 01:44:11,SME,Germany,Organic
CUST011984,2023-10-26 14:36:59,Mass Market,Germany,Referral
CUST011985,2025-07-16 22:58:57,Mass Market,France,Organic
CUST011986,2025-05-08 08:10:41,Mass Market,Germany,Paid
CUST011987,2023-06-30 16:05:39,Mass Market,Austria,Branch
CUST011988,2025-05-11 06:38:46,SME,Germany,Organic
CUST011989,2026-03-16 14:30:27,Mass Market,Austria,Paid
CUST011990,2025-09-27 12:49:25,Affluent,Belgium,Branch
CUST011991,2025-05-10 22:02:04,Mass Market,Belgium,Referral
CUST011992,2025-07-05 14:47:48,Affluent,Netherlands,Organic
CUST011993,2025-09-07 11:20:46,Affluent,France,Organic
CUST011994,2023-04-29 09:46:31,Affluent,France,Referral
CUST011995,2025-04-20 10:46:10,Affluent,France,Organic
CUST011996,2022-11-30 10:31:28,Affluent,Germany,Partner
CUST011997,2023-08-23 08:06:29,Mass Market,Germany,Organic
CUST011998,2026-04-12 12:43:04,Mass Market,Germany,Referral
CUST011999,2023-04-19 05:31:39,Mass Market,Netherlands,Paid
CUST012000,2025-11-11 12:52:38,Mass Market,Germany,Paid
